date,value,pct_1d,pct_1w,pct_1m,pct_3m,pct_6m,pct_1y,normalized,pct_ytd
2000-08-30,273.9,,,,,,,100.0,-93.6738
2000-08-31,278.3,1.6064,,,,,,101.6064,-93.5722
2000-09-01,277.0,-0.4671,,,,,,101.1318,-93.6022
2000-09-05,275.8,-0.4332,,,,,,100.6937,-93.6299
2000-09-06,274.2,-0.5801,,,,,,100.1095,-93.6669
2000-09-07,274.0,-0.0729,0.0365,,,,,100.0365,-93.6715
2000-09-08,273.3,-0.2555,-1.7966,,,,,99.7809,-93.6876
2000-09-11,273.1,-0.0732,-1.4079,,,,,99.7079,-93.6923
2000-09-12,272.9,-0.0732,-1.0515,,,,,99.6349,-93.6969
2000-09-13,272.8,-0.0366,-0.5106,,,,,99.5984,-93.6992
2000-09-14,272.4,-0.1466,-0.5839,,,,,99.4524,-93.7084
2000-09-15,272.3,-0.0367,-0.3659,,,,,99.4158,-93.7107
2000-09-18,271.4,-0.3305,-0.6225,,,,,99.0873,-93.7315
2000-09-19,271.9,0.1842,-0.3664,,,,,99.2698,-93.72
2000-09-20,269.0,-1.0666,-1.393,,,,,98.211,-93.787
2000-09-21,270.3,0.4833,-0.7709,,,,,98.6856,-93.7569
2000-09-22,271.8,0.5549,-0.1836,,,,,99.2333,-93.7223
2000-09-25,274.1,0.8462,0.9948,,,,,100.073,-93.6692
2000-09-26,273.9,-0.073,0.7356,,,,,100.0,-93.6738
2000-09-27,278.4,1.6429,3.4944,,,,,101.6429,-93.5698
2000-09-28,275.6,-1.0057,1.9608,,,,,100.6207,-93.6345
2000-09-29,273.6,-0.7257,0.6623,-0.1095,,,,99.8905,-93.6807
2000-10-02,273.1,-0.1827,-0.3648,-1.8685,,,,99.7079,-93.6923
2000-10-03,271.6,-0.5492,-0.8397,-1.9495,,,,99.1603,-93.7269
2000-10-04,270.3,-0.4787,-2.9095,-1.9942,,,,98.6856,-93.7569
2000-10-05,270.6,0.111,-1.8142,-1.3129,,,,98.7952,-93.75
2000-10-06,269.3,-0.4804,-1.5716,-1.7153,,,,98.3206,-93.78
2000-10-09,270.1,0.2971,-1.0985,-1.1709,,,,98.6126,-93.7615
2000-10-10,272.4,0.8515,0.2945,-0.2563,,,,99.4524,-93.7084
2000-10-11,270.5,-0.6975,0.074,-0.8794,,,,98.7587,-93.7523
2000-10-12,276.4,2.1811,2.1434,1.3197,,,,100.9127,-93.616
2000-10-13,272.4,-1.4472,1.1511,0.0,,,,99.4524,-93.7084
2000-10-16,271.5,-0.3304,0.5183,-0.2938,,,,99.1238,-93.7292
2000-10-17,271.1,-0.1473,-0.4772,-0.1105,,,,98.9777,-93.7385
2000-10-18,270.3,-0.2951,-0.0739,-0.5885,,,,98.6856,-93.7569
2000-10-19,270.1,-0.074,-2.2793,0.4089,,,,98.6126,-93.7615
2000-10-20,271.2,0.4073,-0.4405,0.333,,,,99.0142,-93.7361
2000-10-23,270.1,-0.4056,-0.5157,-0.6255,,,,98.6126,-93.7615
2000-10-24,270.1,0.0,-0.3689,-1.4593,,,,98.6126,-93.7615
2000-10-25,266.2,-1.4439,-1.5168,-2.8112,,,,97.1888,-93.8516
2000-10-26,264.9,-0.4884,-1.9252,-4.8491,,,,96.7141,-93.8817
2000-10-27,264.4,-0.1888,-2.5074,-4.0639,,,,96.5316,-93.8932
2000-10-30,264.3,-0.0378,-2.1474,-3.3991,,,,96.4951,-93.8955
2000-10-31,264.9,0.227,-1.9252,-3.0026,,,,96.7141,-93.8817
2000-11-01,263.9,-0.3775,-0.864,-2.8351,,,,96.349,-93.9047
2000-11-02,264.4,0.1895,-0.1888,-2.1828,,,,96.5316,-93.8932
2000-11-03,264.6,0.0756,0.0756,-2.2173,,,,96.6046,-93.8886
2000-11-06,264.5,-0.0378,0.0757,-1.7824,,,,96.5681,-93.8909
2000-11-07,264.3,-0.0756,-0.2265,-2.1474,,,,96.4951,-93.8955
2000-11-08,265.0,0.2649,0.4168,-2.7166,,,,96.7506,-93.8793
2000-11-09,265.8,0.3019,0.5295,-1.7375,,,,97.0427,-93.8609
2000-11-10,264.5,-0.4891,-0.0378,-4.3054,,,,96.5681,-93.8909
2000-11-13,264.3,-0.0756,-0.0756,-2.9736,,,,96.4951,-93.8955
2000-11-14,264.9,0.227,0.227,-2.4309,,,,96.7141,-93.8817
2000-11-15,265.1,0.0755,0.0377,-2.2132,,,,96.7872,-93.877
2000-11-16,265.8,0.264,0.0,-1.6648,,,,97.0427,-93.8609
2000-11-17,265.7,-0.0376,0.4537,-1.629,,,,97.0062,-93.8632
2000-11-20,266.3,0.2258,0.7567,-1.8068,,,,97.2253,-93.8493
2000-11-21,265.7,-0.2253,0.302,-1.629,,,,97.0062,-93.8632
2000-11-22,266.3,0.2258,0.4527,-1.4069,,,,97.2253,-93.8493
2000-11-27,270.1,1.427,1.6178,1.4651,,,,98.6126,-93.7615
2000-11-28,269.8,-0.1111,1.5431,1.8498,,,,98.5031,-93.7685
2000-11-29,266.4,-1.2602,0.0376,0.7564,,,,97.2618,-93.847
2000-11-30,270.1,1.3889,1.656,2.1945,-1.3874,,,98.6126,-93.7615
2000-12-01,268.7,-0.5183,0.9012,1.4345,-3.4495,,,98.1015,-93.7939
2000-12-04,270.7,0.7443,0.2221,2.5767,-2.2744,,,98.8317,-93.7477
2000-12-05,270.4,-0.1108,0.2224,2.2693,-1.9579,,,98.7222,-93.7546
2000-12-06,274.3,1.4423,2.9655,3.6659,0.0365,,,100.146,-93.6645
2000-12-07,273.2,-0.401,1.1477,3.2892,-0.292,,,99.7444,-93.6899
2000-12-08,272.2,-0.366,1.3026,2.989,-0.4025,,,99.3793,-93.713
2000-12-11,270.2,-0.7348,-0.1847,1.9623,-1.0619,,,98.6491,-93.7592
2000-12-12,270.3,0.037,-0.037,1.693,-0.9527,,,98.6856,-93.7569
2000-12-13,268.6,-0.6289,-2.078,1.5501,-1.5396,,,98.065,-93.7962
2000-12-14,269.0,0.1489,-1.5373,1.7783,-1.2482,,,98.211,-93.787
2000-12-15,270.4,0.5204,-0.6613,2.0763,-0.6978,,,98.7222,-93.7546
2000-12-18,269.7,-0.2589,-0.185,1.7352,-0.6264,,,98.4666,-93.7708
2000-12-19,269.7,0.0,-0.222,1.4673,-0.8091,,,98.4666,-93.7708
2000-12-20,272.5,1.0382,1.452,2.5593,1.3011,,,99.4889,-93.7061
2000-12-21,273.7,0.4404,1.7472,2.7788,1.2579,,,99.927,-93.6784
2000-12-22,273.7,0.0,1.2204,3.0109,0.6991,,,99.927,-93.6784
2000-12-26,274.1,0.1461,1.6314,2.929,0.0,,,100.073,-93.6692
2000-12-27,275.2,0.4013,2.0393,1.8882,0.4746,,,100.4746,-93.6438
2000-12-28,271.7,-1.2718,-0.2936,0.7042,-2.4066,,,99.1968,-93.7246
2000-12-29,272.0,0.1104,-0.6211,2.1021,-1.3062,,,99.3063,-93.7177
2001-01-02,268.4,-1.3235,-1.9364,-0.6294,-1.9006,,,97.992,-93.8008
2001-01-03,268.0,-0.149,-2.2255,-0.2605,-1.8675,,,97.8459,-93.8101
2001-01-04,267.3,-0.2612,-2.8706,-1.256,-1.5832,,,97.5904,-93.8262
2001-01-05,268.0,0.2619,-1.3618,-0.8876,-0.8509,,,97.8459,-93.8101
2001-01-08,268.0,0.0,-1.4706,-2.2968,-0.9608,,,97.8459,-93.8101
2001-01-09,267.5,-0.1866,-0.3353,-2.0864,-0.6684,,,97.6634,-93.8216
2001-01-10,264.7,-1.0467,-1.2313,-2.7553,-1.9993,,,96.6411,-93.8863
2001-01-11,264.0,-0.2645,-1.2346,-2.2946,-3.0837,,,96.3855,-93.9024
2001-01-12,263.9,-0.0379,-1.5299,-2.3677,-2.4399,,,96.349,-93.9047
2001-01-16,263.3,-0.2274,-1.7537,-1.9732,-4.7395,,,96.13,-93.9186
2001-01-17,263.2,-0.038,-1.6075,-2.1561,-3.3774,,,96.0935,-93.9209
2001-01-18,264.2,0.3799,-0.1889,-2.2929,-2.6888,,,96.4586,-93.8978
2001-01-19,264.3,0.0378,0.1136,-2.0022,-2.5083,,,96.4951,-93.8955
2001-01-22,266.4,0.7946,0.9473,-1.2236,-1.4428,,,97.2618,-93.847
2001-01-23,266.1,-0.1126,1.0634,-2.3486,-1.4809,,,97.1522,-93.8539
2001-01-24,264.3,-0.6764,0.4179,-3.4344,-2.5443,,,96.4951,-93.8955
2001-01-25,264.5,0.0757,0.1135,-3.3613,-2.0733,,,96.5681,-93.8909
2001-01-26,262.8,-0.6427,-0.5675,-4.1226,-2.7027,,,95.9474,-93.9302
2001-01-29,262.8,0.0,-1.3514,-4.5058,-1.2772,,,95.9474,-93.9302
2001-01-30,265.5,1.0274,-0.2255,-2.2819,0.2265,,,96.9332,-93.8678
2001-01-31,265.6,0.0377,0.4919,-2.3529,0.4539,,,96.9697,-93.8655
2001-02-01,268.5,1.0919,1.5123,0.0373,1.5891,,,98.0285,-93.7985
2001-02-02,267.1,-0.5214,1.6362,-0.3358,0.8305,,,97.5173,-93.8308
2001-02-05,265.2,-0.7113,0.9133,-0.7856,0.4926,,,96.8237,-93.8747
2001-02-06,263.3,-0.7164,-0.8286,-1.7537,-0.416,,,96.13,-93.9186
2001-02-07,262.8,-0.1899,-1.0542,-1.9403,-0.6803,,,95.9474,-93.9302
2001-02-08,260.1,-1.0274,-3.1285,-2.7664,-1.6635,,,94.9617,-93.9925
2001-02-09,259.9,-0.0769,-2.6956,-1.8134,-1.6648,,,94.8886,-93.9971
2001-02-12,260.7,0.3078,-1.6968,-1.25,-1.6226,,,95.1807,-93.9787
2001-02-13,260.3,-0.1534,-1.1394,-1.3642,-2.0692,,,95.0347,-93.9879
2001-02-14,259.4,-0.3458,-1.2938,-1.4812,-1.9282,,,94.7061,-94.0087
2001-02-15,255.1,-1.6577,-1.9223,-3.0775,-3.4809,,,93.1362,-94.108
2001-02-16,258.2,1.2152,-0.6541,-2.271,-2.5292,,,94.268,-94.0364
2001-02-20,256.1,-0.8133,-1.7645,-3.1025,-3.3949,,,93.5013,-94.0849
2001-02-21,258.2,0.82,-0.8068,-3.0781,-2.8593,,,94.268,-94.0364
2001-02-22,258.5,0.1162,-0.347,-2.8561,-2.7098,,,94.3775,-94.0295
2001-02-23,260.9,0.9284,2.2736,-1.2864,-2.0278,,,95.2537,-93.974
2001-02-26,265.8,1.8781,2.9434,0.4915,0.0376,,,97.0427,-93.8609
2001-02-27,267.4,0.602,4.4123,1.7504,0.4131,,,97.6269,-93.8239
2001-02-28,266.8,-0.2244,3.3307,1.5221,-1.2218,,,97.4078,-93.8378
2001-03-01,265.2,-0.5997,2.5919,-0.113,-1.705,,,96.8237,-93.8747
2001-03-02,262.1,-1.1689,0.46,-1.3178,-1.6141,,,95.6919,-93.9463
2001-03-05,262.5,0.1526,-1.2415,-2.2346,-2.8138,-4.1621,,95.8379,-93.9371
2001-03-06,259.9,-0.9905,-2.8048,-2.6956,-3.275,-6.6116,,94.8886,-93.9971
2001-03-07,261.4,0.5771,-2.024,-1.4329,-3.4355,-5.6318,,95.4363,-93.9625
2001-03-08,265.4,1.5302,0.0754,0.7976,-1.8491,-3.7708,,96.8967,-93.8701
2001-03-09,270.8,2.0347,3.3193,3.0441,-1.276,-1.24,,98.8682,-93.7454
2001-03-12,271.6,0.2954,3.4667,4.4214,-0.5857,-0.8759,,99.1603,-93.7269
2001-03-13,266.8,-1.7673,2.6549,2.6549,-1.9838,-2.3783,,97.4078,-93.8378
2001-03-14,262.5,-1.6117,0.4208,0.6904,-2.8497,-3.8814,,95.8379,-93.9371
2001-03-15,260.0,-0.9524,-2.0347,-0.1152,-3.8106,-4.727,,94.9252,-93.9948
2001-03-16,258.1,-0.7308,-4.6898,-0.5012,-3.9092,-5.3886,,94.2315,-94.0387
2001-03-19,259.8,0.6587,-4.3446,1.8424,-3.4201,-4.6256,,94.8521,-93.9994
2001-03-20,260.5,0.2694,-2.3613,0.8908,-3.6612,-4.3335,,95.1077,-93.9833
2001-03-21,261.9,0.5374,-0.2286,2.2647,-2.8921,-3.5004,,95.6188,-93.9509
2001-03-22,261.1,-0.3055,0.4231,1.1232,-3.1887,-3.972,,95.3268,-93.9694
2001-03-23,261.5,0.1532,1.3173,1.1605,-4.0367,-2.7881,,95.4728,-93.9602
2001-03-26,261.9,0.153,0.8083,0.3833,-4.3113,-3.1077,,95.6188,-93.9509
2001-03-27,261.0,-0.3436,0.1919,-1.8059,-4.6401,-3.9735,,95.2903,-93.9717
2001-03-28,259.7,-0.4981,-0.84,-2.8796,-5.2536,-5.2536,,94.8156,-94.0018
2001-03-29,258.8,-0.3466,-0.8809,-2.9985,-5.9593,-5.513,,94.487,-94.0225
2001-03-30,257.9,-0.3478,-1.3767,-2.7526,-5.0791,-7.3635,,94.1585,-94.0433
2001-04-02,255.6,-0.8918,-2.4055,-2.48,-6.0294,-7.2569,,93.3187,-94.0965
2001-04-03,256.8,0.4695,-1.6092,-2.1714,-4.3219,-6.1404,,93.7568,-94.0687
2001-04-04,258.4,0.6231,-0.5006,-0.5771,-3.5821,-5.3826,,94.341,-94.0318
2001-04-05,258.1,-0.1161,-0.2705,-1.2624,-3.4418,-4.9705,,94.2315,-94.0387
2001-04-06,260.0,0.7361,0.8143,-2.0347,-2.9851,-3.8106,,94.9252,-93.9948
2001-04-09,258.3,-0.6539,1.0563,-4.616,-3.6194,-4.5455,,94.3045,-94.0341
2001-04-10,257.3,-0.3871,0.1947,-5.2651,-3.8131,-4.456,,93.9394,-94.0572
2001-04-11,258.7,0.5441,0.1161,-3.036,-2.2667,-4.2207,,94.4505,-94.0249
2001-04-12,260.1,0.5412,0.7749,-0.9143,-1.4773,-4.5154,,94.9617,-93.9925
2001-04-16,263.3,1.2303,1.2692,1.2692,-0.2274,-2.6617,,96.13,-93.9186
2001-04-17,261.1,-0.8355,1.084,1.1623,-0.8355,-5.5355,,95.3268,-93.9694
2001-04-18,261.3,0.0766,1.5546,0.5774,-0.7219,-4.0749,,95.3998,-93.9648
2001-04-19,265.3,1.5308,2.5512,1.8426,0.4163,-2.2836,,96.8602,-93.8724
2001-04-20,264.8,-0.1885,1.807,1.1073,0.1892,-2.3239,,96.6776,-93.884
2001-04-23,263.7,-0.4154,0.1519,0.9958,-1.0135,-2.4417,,96.276,-93.9094
2001-04-24,264.1,0.1517,1.149,0.9943,-0.7516,-2.2214,,96.4221,-93.9001
2001-04-25,262.4,-0.6437,0.421,0.1909,-0.7189,-3.2448,,95.8014,-93.9394
2001-04-26,264.4,0.7622,-0.3392,1.3027,-0.0378,-2.1103,,96.5316,-93.8932
2001-04-27,263.9,-0.1891,-0.3399,1.6172,0.4186,-2.2955,,96.349,-93.9047
2001-04-30,264.0,0.0379,0.1138,2.0093,0.4566,-0.8265,,96.3855,-93.9024
2001-05-01,264.4,0.1515,0.1136,2.5204,-0.4143,-0.1888,,96.5316,-93.8932
2001-05-02,265.4,0.3782,1.1433,3.8341,-0.0753,0.3782,,96.8967,-93.8701
2001-05-03,266.3,0.3391,0.7186,3.6994,-0.8194,0.7567,,97.2253,-93.8493
2001-05-04,266.1,-0.0751,0.8337,2.9799,-0.3744,0.453,,97.1522,-93.8539
2001-05-07,266.1,0.0,0.7955,3.0996,0.3394,0.8337,,97.1522,-93.8539
2001-05-08,265.1,-0.3758,0.2648,1.9615,0.6836,0.2648,,96.7872,-93.877
2001-05-09,270.0,1.8484,1.7332,4.5296,2.7397,2.0408,,98.5761,-93.7639
2001-05-10,269.1,-0.3333,1.0515,4.5861,3.4602,1.7391,,98.2475,-93.7846
2001-05-11,267.9,-0.4459,0.6764,3.5562,3.0781,1.3621,,97.8094,-93.8124
2001-05-14,268.3,0.1493,0.8267,3.1526,2.9152,1.2453,,97.9555,-93.8031
2001-05-15,268.1,-0.0745,1.1316,1.823,2.9965,0.8653,,97.8824,-93.8077
2001-05-16,272.0,1.4547,0.7407,4.1746,4.8574,2.8355,,99.3063,-93.7177
2001-05-17,273.6,0.5882,1.6722,4.7072,7.2521,3.5187,,99.8905,-93.6807
2001-05-18,287.4,5.0439,7.2788,8.3302,11.3091,8.4938,,104.9288,-93.362
2001-05-21,285.4,-0.6959,6.3735,7.7795,11.4408,7.6575,,104.1986,-93.4082
2001-05-22,285.1,-0.1051,6.3409,8.1153,10.4183,7.2611,,104.0891,-93.4151
2001-05-23,283.6,-0.5261,4.2647,7.3836,9.7099,6.7369,,103.5414,-93.4497
2001-05-24,279.1,-1.5867,2.0102,6.3643,6.9759,4.8066,,101.8985,-93.5537
2001-05-25,277.9,-0.43,-3.3055,5.1059,4.5523,4.5916,,101.4604,-93.5814
2001-05-29,273.8,-1.4754,-4.0645,3.7514,2.3934,2.8164,,99.9635,-93.6761
2001-05-30,265.7,-2.9584,-6.8046,0.6439,-0.4123,-1.629,,97.0062,-93.8632
2001-05-31,265.3,-0.1506,-6.4528,0.3404,0.0377,-1.6679,,96.8602,-93.8724
2001-06-01,266.4,0.4146,-4.5503,0.3768,1.6406,0.0,,97.2618,-93.847
2001-06-04,264.9,-0.5631,-4.6779,-0.5257,0.9143,-1.9252,,96.7141,-93.8817
2001-06-05,265.7,0.302,-2.9584,-0.1503,2.2316,-1.1165,,97.0062,-93.8632
2001-06-06,265.7,0.0,0.0,-0.1503,1.645,-1.8471,,97.0062,-93.8632
2001-06-07,266.0,0.1129,0.2639,0.3395,0.2261,-1.6272,,97.1157,-93.8562
2001-06-08,273.4,2.782,2.6276,1.2593,0.9601,-0.3281,,99.8175,-93.6853
2001-06-11,267.9,-2.0117,1.1325,-0.4459,-1.3623,-1.94,,97.8094,-93.8124
2001-06-12,271.5,1.3438,2.1829,1.3438,1.7616,-0.2572,,99.1238,-93.7292
2001-06-13,272.0,0.1842,2.3711,1.3791,3.619,0.6662,,99.3063,-93.7177
2001-06-14,275.3,1.2132,3.4962,2.6856,5.8846,1.8498,,100.5111,-93.6414
2001-06-15,271.2,-1.4893,-0.8047,-0.2941,5.0756,0.968,,99.0142,-93.7361
2001-06-18,272.4,0.4425,1.6797,-0.4386,4.8499,1.2639,,99.4524,-93.7084
2001-06-19,273.4,0.3671,0.6998,-4.8713,4.952,1.1095,,99.8175,-93.6853
2001-06-20,272.4,-0.3658,0.1471,-4.555,4.0092,1.0011,,99.4524,-93.7084
2001-06-21,272.6,0.0734,-0.9807,-4.3844,4.4044,1.0753,,99.5254,-93.7038
2001-06-22,272.3,-0.1101,0.4056,-3.9845,4.13,-0.0734,,99.4158,-93.7107
2001-06-25,273.7,0.5141,0.4772,-1.9348,4.5055,0.0,,99.927,-93.6784
2001-06-26,276.2,0.9134,1.0241,-0.6117,5.8238,0.9134,,100.8397,-93.6207
2001-06-27,272.1,-1.4844,-0.1101,-0.6209,4.7747,-0.7297,,99.3428,-93.7154
2001-06-28,269.3,-1.029,-1.2106,1.3549,4.0572,-2.1439,,98.3206,-93.78
2001-06-29,270.6,0.4827,-0.6243,1.9977,4.9244,-0.4049,,98.7952,-93.75
2001-07-02,269.4,-0.4435,-1.5711,1.1261,5.3991,-0.9559,,98.3571,-93.7777
2001-07-03,267.6,-0.6681,-3.1137,1.0193,4.2056,-0.2981,,97.6999,-93.8193
2001-07-05,265.1,-0.9342,-2.5726,-0.2258,2.5929,-1.0821,,96.7872,-93.877
2001-07-06,265.9,0.3018,-1.2625,0.0753,3.0221,-0.5238,,97.0792,-93.8586
2001-07-09,266.5,0.2257,-1.5152,0.188,2.5,-0.5597,,97.2983,-93.8447
2001-07-10,266.2,-0.1126,-1.1878,-2.6335,3.0585,-0.6716,,97.1888,-93.8516
2001-07-11,268.3,0.7889,0.2616,0.1493,4.2752,0.2991,,97.9555,-93.8031
2001-07-12,266.6,-0.6336,0.5658,-1.8048,3.0537,0.7178,,97.3348,-93.8424
2001-07-13,267.1,0.1875,0.4513,-1.8015,2.6913,1.1742,,97.5173,-93.8308
2001-07-16,266.9,-0.0749,0.1501,-3.0512,1.3673,1.1368,,97.4443,-93.8355
2001-07-17,268.1,0.4496,0.7137,-1.1431,2.681,1.823,,97.8824,-93.8077
2001-07-18,270.4,0.8579,0.7827,-0.7342,3.4826,2.7356,,98.7222,-93.7546
2001-07-19,269.4,-0.3698,1.0503,-1.4631,1.5454,1.9682,,98.3571,-93.7777
2001-07-20,269.9,0.1856,1.0483,-0.9178,1.926,2.1188,,98.5396,-93.7662
2001-07-23,268.8,-0.4076,0.7119,-1.394,1.934,0.9009,,98.138,-93.7916
2001-07-24,269.7,0.3348,0.5968,-0.9548,2.1204,1.3529,,98.4666,-93.7708
2001-07-25,267.7,-0.7416,-0.9985,-2.1922,2.0198,1.2864,,97.7364,-93.817
2001-07-26,266.2,-0.5603,-1.1878,-3.6206,0.6808,0.6427,,97.1888,-93.8516
2001-07-27,267.4,0.4508,-0.9263,-1.7273,1.3263,1.7504,,97.6269,-93.8239
2001-07-30,264.6,-1.0471,-1.5625,-1.7453,0.2273,0.6849,,96.6046,-93.8886
2001-07-31,266.2,0.6047,-1.2977,-1.626,0.6808,0.2637,,97.1888,-93.8516
2001-08-01,267.4,0.4508,-0.1121,-0.7424,0.7536,0.6777,,97.6269,-93.8239
2001-08-02,267.4,0.0,0.4508,-0.0747,0.4131,-0.4097,,97.6269,-93.8239
2001-08-03,267.9,0.187,0.187,1.0562,0.6764,0.2995,,97.8094,-93.8124
2001-08-06,267.1,-0.2986,0.9448,0.4513,0.3758,0.7164,,97.5173,-93.8308
2001-08-07,267.2,0.0374,0.3757,0.2627,0.7922,1.4812,,97.5539,-93.8285
2001-08-08,267.9,0.262,0.187,0.6386,-0.7778,1.9406,,97.8094,-93.8124
2001-08-09,273.4,2.053,2.2438,1.9009,1.5979,5.1134,,99.8175,-93.6853
2001-08-10,273.9,0.1829,2.2396,2.7382,2.2396,5.3867,,100.0,-93.6738
2001-08-13,275.7,0.6572,3.2198,3.2198,2.7581,5.7537,,100.6572,-93.6322
2001-08-14,276.3,0.2176,3.4057,3.5219,3.0586,6.1468,,100.8762,-93.6183
2001-08-15,275.7,-0.2171,2.9115,2.8348,1.3603,6.2837,,100.6572,-93.6322
2001-08-16,275.2,-0.1814,0.6584,1.7752,0.5848,7.8793,,100.4746,-93.6438
2001-08-17,279.3,1.4898,1.9715,3.6748,-2.8184,8.1719,,101.9715,-93.5491
2001-08-20,276.1,-1.1457,0.1451,2.2972,-3.2586,7.8094,,100.8032,-93.623
2001-08-21,275.0,-0.3984,-0.4705,2.3066,-3.5426,6.5066,,100.4016,-93.6484
2001-08-22,274.9,-0.0364,-0.2902,1.9281,-3.0677,6.3443,,100.3651,-93.6507
2001-08-23,275.3,0.1455,0.0363,2.839,-1.3615,5.5194,,100.5111,-93.6414
2001-08-24,272.5,-1.0171,-2.4347,2.3666,-1.9431,2.5207,,99.4889,-93.7061
2001-08-27,272.6,0.0367,-1.2677,1.9447,-0.4383,1.9447,,99.5254,-93.7038
2001-08-28,272.3,-0.1101,-0.9818,2.91,2.484,2.0615,,99.4158,-93.7107
2001-08-29,273.7,0.5141,-0.4365,2.8174,3.1662,3.2051,,99.927,-93.6784
2001-08-30,275.4,0.6211,0.0363,2.9918,3.3784,5.0744,,100.5476,-93.6391
2001-08-31,274.4,-0.3631,0.6972,2.6178,3.5863,4.5333,0.1825,100.1825,-93.6622
2001-09-04,271.6,-1.0204,-0.3668,1.3811,2.2205,4.5017,-2.4075,99.1603,-93.7269
2001-09-05,272.0,0.1473,-0.1102,1.8345,2.3711,4.0551,-1.8051,99.3063,-93.7177
2001-09-06,273.0,0.3676,-0.2558,2.1707,2.6316,2.8636,-1.0152,99.6714,-93.6946
2001-09-07,273.1,0.0366,-0.8351,1.941,-0.1097,0.8493,-0.4012,99.7079,-93.6923
2001-09-10,271.6,-0.5492,-1.0204,-0.6584,1.3811,0.0,-0.8759,99.1603,-93.7269
2001-09-14,290.2,6.8483,6.8483,5.9511,6.8877,8.7706,6.1837,105.9511,-93.2973
2001-09-17,289.8,-0.1378,6.5441,5.1142,6.5441,10.4,6.115,105.805,-93.3065
2001-09-18,288.1,-0.5866,5.5311,4.2707,4.6495,10.8077,5.5698,105.1844,-93.3458
2001-09-19,291.5,1.1801,6.7375,5.7309,7.4852,12.9407,6.8548,106.4257,-93.2673
2001-09-20,289.0,-0.8576,6.4065,5.0145,6.094,11.2394,6.094,105.513,-93.325
2001-09-21,291.9,1.0035,0.5858,4.5113,6.7666,12.0537,7.1979,106.5717,-93.258
2001-09-24,289.7,-0.7537,-0.0345,4.9258,6.351,10.6147,6.7428,105.7685,-93.3089
2001-09-25,290.5,0.2761,0.833,5.6364,6.5664,11.2601,6.8408,106.0606,-93.2904
2001-09-26,293.3,0.9639,0.6175,6.6933,7.7121,12.1606,9.0335,107.0829,-93.2257
2001-09-27,291.7,-0.5455,0.9343,5.9571,6.5765,11.3784,7.9171,106.4987,-93.2627
2001-09-28,292.4,0.24,0.1713,7.3028,5.8653,12.0306,7.5791,106.7543,-93.2465
2001-10-01,292.2,-0.0684,0.863,7.19,7.387,12.5144,6.6034,106.6813,-93.2511
2001-10-02,289.9,-0.7871,-0.2065,6.4635,7.6495,12.017,5.8415,105.8415,-93.3042
2001-10-03,290.5,0.207,-0.9546,6.1381,7.354,12.6406,4.3463,106.0606,-93.2904
2001-10-04,290.5,0.0,-0.4114,5.4829,7.8322,13.6541,5.4064,106.0606,-93.2904
2001-10-05,291.4,0.3098,-0.342,6.1953,8.8939,13.4735,6.5058,106.3892,-93.2696
2001-10-08,292.4,0.3432,0.0684,7.6583,10.298,13.1579,7.067,106.7543,-93.2465
2001-10-09,288.9,-1.197,-0.3449,6.2132,8.6499,11.9334,6.3697,105.4765,-93.3273
2001-10-10,285.7,-1.1076,-1.6523,4.652,7.2045,9.8846,5.6974,104.3081,-93.4012
2001-10-11,281.8,-1.3651,-2.9948,3.1856,5.8602,9.0979,4.1389,102.8843,-93.4913
2001-10-12,284.9,1.1001,-2.2306,4.8969,6.1871,10.7268,5.7928,104.0161,-93.4197
2001-10-15,282.1,-0.9828,-3.5226,-2.7912,5.814,9.0452,4.4428,102.9938,-93.4844
2001-10-16,282.3,0.0709,-2.2845,-2.588,5.6907,8.5352,3.6344,103.0668,-93.4798
2001-10-17,283.4,0.3897,-0.805,-1.6314,6.1821,7.6339,4.7689,103.4684,-93.4544
2001-10-18,279.2,-1.482,-0.9226,-4.2195,4.1402,6.9322,1.013,101.935,-93.5514
2001-10-19,280.1,0.3223,-1.6848,-3.0796,3.5873,7.1948,2.8267,102.2636,-93.5306
2001-10-22,275.5,-1.6423,-2.3396,-5.6184,2.2643,3.8447,1.4733,100.5842,-93.6368
2001-10-23,276.1,0.2178,-2.1962,-4.6945,2.2972,4.2674,1.8443,100.8032,-93.623
2001-10-24,275.9,-0.0724,-2.6464,-5.0258,2.6414,4.6265,2.0718,100.7302,-93.6276
2001-10-25,277.8,0.6887,-0.5014,-5.2847,3.0033,5.1874,2.8508,101.4239,-93.5837
2001-10-26,277.9,0.036,-0.7854,-4.7309,3.8102,5.907,2.4705,101.4604,-93.5814
2001-10-29,279.1,0.4318,1.3067,-4.5486,4.846,5.5598,3.3321,101.8985,-93.5537
2001-10-30,280.6,0.5374,1.6298,-3.9699,4.9364,6.3282,3.8874,102.4462,-93.519
2001-10-31,279.5,-0.392,1.3048,-3.5874,5.6311,5.8712,4.9962,102.0445,-93.5444
2001-11-01,279.7,0.0716,0.684,-3.7177,5.0714,5.7867,5.587,102.1176,-93.5398
2001-11-02,279.8,0.0357,0.6837,-3.6833,4.6372,5.4258,5.8245,102.1541,-93.5375
2001-11-05,278.5,-0.4646,-0.215,-4.4269,4.1511,4.5813,5.3727,101.6794,-93.5675
2001-11-06,279.7,0.4309,-0.3207,-4.3434,4.4046,5.1109,5.587,102.1176,-93.5398
2001-11-07,281.0,0.4648,0.5367,-2.7345,5.204,5.5994,6.4797,102.5922,-93.5098
2001-11-08,276.8,-1.4947,-1.0368,-3.1152,3.5928,4.4134,4.6899,101.0588,-93.6068
2001-11-09,277.4,0.2168,-0.8578,-1.5614,3.5461,2.7407,4.8375,101.2778,-93.5929
2001-11-12,278.3,0.3244,-0.0718,-2.3166,1.7922,3.4188,5.2174,101.6064,-93.5722
2001-11-13,277.8,-0.1797,-0.6793,-1.5243,1.4239,3.6954,5.1078,101.4239,-93.5837
2001-11-14,277.8,0.0,-1.1388,-1.594,0.7617,3.5408,4.8302,101.4239,-93.5837
2001-11-15,275.1,-0.9719,-0.6142,-2.9287,-0.4343,2.611,3.4989,100.4381,-93.6461
2001-11-16,274.7,-0.1454,-0.9733,-1.6117,-0.3627,0.9927,3.8563,100.2921,-93.6553
2001-11-19,272.7,-0.7281,-2.0122,-2.6419,-0.9084,-0.3289,3.1782,99.5619,-93.7015
2001-11-20,273.0,0.11,-1.7279,-0.9074,-2.2556,-5.0104,3.0578,99.6714,-93.6946
2001-11-21,272.9,-0.0366,-1.7639,-1.159,-1.159,-4.3798,2.9423,99.6349,-93.6969
2001-11-26,272.3,-0.2199,-1.0178,-1.3048,-0.9818,-4.4897,2.4454,99.4158,-93.7107
2001-11-27,273.2,0.3305,-0.5461,-1.6559,-0.6184,-3.6671,2.8227,99.7444,-93.6899
2001-11-28,274.1,0.3294,0.5134,-1.3674,-0.4359,-1.7915,2.929,100.073,-93.6692
2001-11-29,273.5,-0.2189,0.1832,-2.0065,0.367,-1.5833,2.9356,99.854,-93.683
2001-11-30,273.9,0.1463,0.3664,-2.3877,0.4769,0.0365,2.8539,100.0,-93.6738
2001-12-03,276.9,1.0953,1.6893,-0.9302,1.6893,4.2153,2.5176,101.0953,-93.6045
2001-12-04,275.4,-0.5417,0.8053,-1.5374,0.6211,3.807,2.0756,100.5476,-93.6391
2001-12-05,273.7,-0.6173,-0.1459,-2.1801,-0.6173,2.7402,2.7402,99.927,-93.6784
2001-12-06,274.2,0.1827,0.2559,-1.544,-0.0729,3.5108,1.518,100.1095,-93.6669
2001-12-07,273.9,-0.1094,0.0,-2.0737,0.8468,3.0862,1.9352,100.0,-93.6738
2001-12-10,272.2,-0.6207,-1.6974,-3.1317,0.0735,2.4464,0.5541,99.3793,-93.713
2001-12-11,272.2,0.0,-1.1619,-1.6618,-0.293,2.3308,0.6657,99.3793,-93.713
2001-12-12,273.8,0.5878,0.0365,-1.2978,0.2563,0.1463,-0.1823,99.9635,-93.6761
2001-12-13,273.9,0.0365,-0.1094,-1.581,0.8468,2.2396,0.2562,100.0,-93.6738
2001-12-14,278.0,1.4969,1.4969,0.072,-4.204,2.3941,2.1308,101.4969,-93.5791
2001-12-17,277.7,-0.1079,2.0206,-0.036,-4.1753,2.0956,2.7757,101.3874,-93.586
2001-12-18,280.4,0.9723,3.0125,1.9266,-2.6727,1.8525,3.7366,102.3731,-93.5237
2001-12-19,275.5,-1.7475,0.6209,0.2912,-5.4889,1.5855,2.5689,100.5842,-93.6368
2001-12-20,276.0,0.1815,0.7667,1.2101,-4.4983,1.3216,2.6022,100.7667,-93.6253
2001-12-21,278.0,0.7246,0.0,1.8315,-4.7619,1.6825,2.8107,101.4969,-93.5791
2001-12-26,279.7,0.6115,0.7202,2.4918,-3.4518,2.6799,3.7078,102.1176,-93.5398
2001-12-27,277.4,-0.8223,-1.0699,1.8729,-4.5095,1.7608,2.855,101.2778,-93.5929
2001-12-28,276.5,-0.3244,0.363,1.2079,-5.7279,1.5424,1.4679,100.9493,-93.6137
2001-12-31,278.7,0.7957,0.9783,1.6782,-4.4566,1.8268,1.8268,101.7525,-93.5629
2002-01-02,278.9,0.0718,0.3237,1.9744,-4.617,0.9775,1.8999,101.8255,-93.5583
2002-01-03,278.2,-0.251,-0.5363,1.5699,-4.7912,2.2418,1.4958,101.5699,-93.5745
2002-01-04,278.9,0.2516,0.5407,0.7223,-3.7944,3.5648,1.3445,101.8255,-93.5583
2002-01-07,278.6,-0.1076,0.7595,1.162,-4.0964,2.9564,2.5396,101.716,-93.5652
2002-01-08,278.9,0.1077,0.0718,1.8999,-3.9931,3.5264,2.5368,101.8255,-93.5583
2002-01-09,283.4,1.6135,1.6135,3.3552,-2.7454,5.9043,5.5887,103.4684,-93.4544
2002-01-10,287.1,1.3056,3.1991,4.8193,-1.8126,8.2988,7.1269,104.8193,-93.3689
2002-01-11,287.4,0.1045,3.0477,5.5841,-0.5192,8.0857,7.5196,104.9288,-93.362
2002-01-14,285.4,-0.6959,2.4408,4.8494,-0.105,7.0919,6.4925,104.1986,-93.4082
2002-01-15,284.4,-0.3504,1.972,3.8714,0.9226,6.837,6.1194,103.8335,-93.4313
2002-01-16,287.3,1.0197,1.3761,4.8923,0.8424,7.0816,7.4019,104.8923,-93.3643
2002-01-17,284.4,-1.0094,-0.9404,2.3022,0.8153,6.6767,7.4424,103.8335,-93.4313
2002-01-18,283.1,-0.4571,-1.4962,1.9445,0.2834,5.9903,7.2349,103.3589,-93.4613
2002-01-22,281.5,-0.5652,-1.3665,0.3923,-0.6704,5.4702,6.6692,102.7747,-93.4982
2002-01-23,278.6,-1.0302,-2.0394,1.1252,-0.2149,3.9164,5.8109,101.716,-93.5652
2002-01-24,278.1,-0.1795,-3.2022,0.7609,-0.714,2.8476,5.6611,101.5334,-93.5768
2002-01-25,278.8,0.2517,-1.9691,0.2878,1.1978,3.4892,5.5261,101.789,-93.5606
2002-01-28,278.3,-0.1793,-1.6955,-0.5005,0.7968,3.1123,5.297,101.6064,-93.5722
2002-01-29,281.4,1.1139,-0.0355,1.442,1.9935,4.6875,5.6306,102.7382,-93.5006
2002-01-30,281.9,0.1777,1.1845,1.953,1.4759,4.5235,5.9376,102.9208,-93.489
2002-01-31,282.1,0.071,1.4383,1.2199,1.5113,5.3792,6.7348,102.9938,-93.4844
2002-02-01,286.0,1.3825,2.5825,2.5457,2.4722,7.438,8.1285,104.4177,-93.3943
2002-02-04,289.3,1.1538,3.9526,3.9899,3.1005,8.19,10.0837,105.6225,-93.3181
2002-02-05,298.2,3.0764,5.9702,6.92,6.6905,12.6984,13.4703,108.8719,-93.1125
2002-02-06,297.5,-0.2347,5.5339,6.7839,6.364,11.7581,12.0527,108.6163,-93.1287
2002-02-07,299.7,0.7395,6.2389,7.4579,7.1122,12.0793,12.8389,109.4195,-93.0779
2002-02-08,303.5,1.2679,6.1189,7.0925,8.9767,13.5004,13.0354,110.8069,-92.9901
2002-02-11,300.1,-1.1203,3.7332,4.528,7.2935,12.0194,12.3549,109.5655,-93.0686
2002-02-12,300.7,0.1999,0.8384,4.6277,7.0107,12.5796,13.3861,109.7846,-93.0548
2002-02-13,299.4,-0.4323,0.6387,4.9054,8.1647,12.0509,13.7106,109.31,-93.0848
2002-02-14,299.7,0.1002,0.0,5.3798,8.0389,11.8701,14.0411,109.4195,-93.0779
2002-02-15,298.4,-0.4338,-1.6804,3.8636,7.2224,9.1441,14.7251,108.9449,-93.1079
2002-02-19,293.2,-1.7426,-2.2992,3.0942,5.5436,7.0464,12.8126,107.0464,-93.228
2002-02-20,292.3,-0.307,-2.7935,3.2497,5.2196,6.021,12.1212,106.7178,-93.2488
2002-02-21,293.2,0.3079,-2.0708,4.1563,6.5794,6.1165,12.6393,107.0464,-93.228
2002-02-22,293.2,0.0,-2.1688,5.2405,6.7346,6.3475,13.0301,107.0464,-93.228
2002-02-25,292.7,-0.1705,-1.9102,5.2499,7.3341,6.359,14.7393,106.8638,-93.2396
2002-02-26,298.0,1.8107,1.6371,6.8867,9.1575,6.6953,15.4144,108.7988,-93.1171
2002-02-27,296.3,-0.5705,1.3685,6.4678,8.5746,7.3162,15.697,108.1782,-93.1564
2002-02-28,296.7,0.135,1.1937,5.4371,8.9607,7.8909,14.9109,108.3242,-93.1472
2002-03-01,298.0,0.4381,1.6371,5.7112,9.0776,8.4031,15.2805,108.7988,-93.1171
2002-03-04,296.7,-0.4362,1.3666,5.1755,8.2452,7.7733,13.7217,108.3242,-93.1472
2002-03-05,294.0,-0.91,-1.3423,2.7972,7.4954,7.8899,10.6095,107.3384,-93.2095
2002-03-06,293.5,-0.1701,-0.945,1.4518,7.1559,7.6669,9.7607,107.1559,-93.2211
2002-03-07,290.1,-1.1584,-2.2245,-2.7163,4.7671,6.5369,8.7331,105.9146,-93.2996
2002-03-08,290.1,0.0,-2.651,-2.4874,5.3377,5.992,9.3891,105.9146,-93.2996
2002-03-11,291.1,0.3447,-1.8874,-2.8695,6.3573,5.7008,11.0645,106.2797,-93.2765
2002-03-12,293.6,0.8588,-0.1361,-3.2619,7.0751,6.9971,11.8476,107.1924,-93.2188
2002-03-13,293.6,0.0,0.0341,-2.1659,7.1924,8.1001,12.9665,107.1924,-93.2188
2002-03-14,291.0,-0.8856,0.3102,-3.2258,6.9067,6.9853,11.3236,106.2432,-93.2788
2002-03-15,289.9,-0.378,-0.0689,-3.173,6.5026,6.1905,9.2313,105.8415,-93.3042
2002-03-18,292.1,0.7589,0.3435,-2.5359,6.6837,6.9572,7.8656,106.6448,-93.2534
2002-03-19,292.8,0.2396,-0.2725,-1.8767,6.9003,7.8056,7.8056,106.9003,-93.2373
2002-03-20,292.1,-0.2391,-0.5109,-0.3752,5.0719,0.6547,9.4828,106.6448,-93.2534
2002-03-21,292.8,0.2396,0.6186,0.1711,5.4375,1.0352,11.5429,106.9003,-93.2373
2002-03-22,297.3,1.5369,2.5526,1.3984,6.0271,3.1933,14.3461,108.5433,-93.1333
2002-03-25,297.4,0.0336,1.8144,1.4325,7.9492,2.024,15.2267,108.5798,-93.131
2002-03-26,296.6,-0.269,1.2978,1.3324,7.4638,2.6298,14.1647,108.2877,-93.1495
2002-03-27,302.2,1.8881,3.4577,1.4094,8.705,3.5286,16.0077,110.3322,-93.0201
2002-03-28,302.6,0.1324,3.347,2.1262,8.1873,4.4529,15.5403,110.4783,-93.0109
2002-04-01,303.2,0.1983,1.9845,2.1908,9.3007,4.3718,16.1241,110.6973,-92.997
2002-04-02,305.9,0.8905,2.8581,2.651,10.6329,4.2959,16.979,111.6831,-92.9347
2002-04-03,302.6,-1.0788,2.0229,1.9885,8.5755,3.7367,15.5403,110.4783,-93.0109
2002-04-04,301.1,-0.4957,-0.364,2.415,7.9598,2.9754,15.364,109.9306,-93.0455
2002-04-05,300.1,-0.3321,-0.8262,2.2487,7.872,2.7036,15.5564,109.5655,-93.0686
2002-04-08,300.5,0.1333,-0.8905,3.585,7.7447,3.6564,16.1128,109.7116,-93.0594
2002-04-09,298.8,-0.5657,-2.321,2.999,7.2505,2.8571,15.8589,109.0909,-93.0987
2002-04-10,301.7,0.9706,-0.2974,3.6414,8.175,3.8554,18.036,110.1497,-93.0317
2002-04-11,302.2,0.1657,0.3653,2.9292,6.6337,3.7063,17.6791,110.3322,-93.0201
2002-04-12,302.1,-0.0331,0.6664,2.8951,5.2247,3.3174,16.9118,110.2957,-93.0225
2002-04-15,300.0,-0.6951,-0.1664,3.0928,4.3841,3.8422,16.234,109.529,-93.071
2002-04-16,298.8,-0.4,0.0,3.07,4.6952,4.5852,14.9231,109.0909,-93.0987
2002-04-17,302.1,1.1044,0.1326,3.4235,6.2236,7.2037,16.957,110.2957,-93.0225
2002-04-18,304.5,0.7944,0.7611,3.9959,5.9868,6.8796,18.3444,111.172,-92.967
2002-04-19,302.3,-0.7225,0.0662,3.4919,6.294,7.1606,16.8535,110.3687,-93.0178
2002-04-22,303.0,0.2316,1.0,3.4836,7.0293,7.3326,16.4937,110.6243,-93.0017
2002-04-23,304.0,0.33,1.7403,2.2536,7.9929,7.2689,15.4577,110.9894,-92.9786
2002-04-24,304.3,0.0987,0.7282,2.3201,9.2247,8.99,16.5454,111.0989,-92.9716
2002-04-25,308.1,1.2488,1.1823,3.8773,10.7875,9.9964,17.9105,112.4863,-92.8839
2002-04-26,311.6,1.136,3.0764,3.1105,11.7647,13.1035,17.4519,113.7642,-92.803
2002-04-29,311.2,-0.1284,2.7063,2.842,11.8218,12.7128,17.5227,113.6181,-92.8123
2002-04-30,308.9,-0.7391,1.6118,1.8799,9.7726,11.9609,17.1407,112.7784,-92.8654
2002-05-01,309.1,0.0647,1.5774,1.0461,9.6488,11.2671,17.039,112.8514,-92.8608
2002-05-02,308.3,-0.2588,0.0649,1.8837,9.2875,10.9392,17.4924,112.5593,-92.8793
2002-05-03,312.2,1.265,0.1926,3.6865,9.1608,11.8596,18.0787,113.9832,-92.7892
2002-05-06,311.2,-0.3203,0.0,3.6988,7.57,10.9052,17.9235,113.6181,-92.8123
2002-05-07,311.6,0.1285,0.8741,3.6938,4.4936,11.4848,18.0303,113.7642,-92.803
2002-05-08,308.2,-1.0911,-0.2912,3.1459,3.5966,10.1895,16.5658,112.5228,-92.8816
2002-05-09,309.5,0.4218,0.3892,2.5853,3.2699,10.6147,16.6164,112.9974,-92.8515
2002-05-10,311.0,0.4847,-0.3844,2.912,2.4712,11.6697,16.7856,113.5451,-92.8169
2002-05-13,310.6,-0.1286,-0.1928,2.8136,3.4988,11.0475,16.723,113.3991,-92.8261
2002-05-14,307.3,-1.0625,-1.38,2.4333,2.1949,9.3594,15.4829,112.1942,-92.9023
2002-05-15,308.7,0.4556,0.1622,3.3133,3.1062,11.5246,16.4466,112.7054,-92.87
2002-05-16,309.8,0.3563,0.0969,2.5488,3.37,11.6799,14.7407,113.107,-92.8446
2002-05-17,310.6,0.2582,-0.1286,2.0033,4.0885,11.6062,15.4218,113.3991,-92.8261
2002-05-20,315.7,1.642,1.642,4.4327,7.6739,13.6429,17.8425,115.2611,-92.7083
2002-05-21,315.8,0.0317,2.766,4.2244,8.0397,13.6789,17.7041,115.2976,-92.706
2002-05-22,318.0,0.6966,3.0126,4.6053,8.4584,15.5943,18.6125,116.1008,-92.6552
2002-05-23,322.5,1.4151,4.0994,5.9809,9.9932,17.4008,18.5662,117.7437,-92.5513
2002-05-24,320.4,-0.6512,3.1552,3.9922,9.4636,17.4917,17.1053,116.977,-92.5998
2002-05-28,323.9,1.0924,2.5974,3.9474,8.6913,18.6447,12.7001,118.2548,-92.5189
2002-05-29,325.4,0.4631,3.0399,4.563,9.8211,19.2378,14.0154,118.8025,-92.4843
2002-05-30,325.5,0.0307,2.3585,5.3739,9.7068,19.5373,14.1705,118.839,-92.482
2002-05-31,326.5,0.3072,1.2403,5.6292,9.5638,19.5095,15.1269,119.2041,-92.4589
2002-06-03,326.7,0.0613,1.9663,5.9682,10.1112,19.1901,17.0548,119.2771,-92.4543
2002-06-04,327.8,0.3367,1.2041,4.9968,11.4966,19.8537,17.9561,119.6787,-92.4289
2002-06-05,321.2,-2.0134,-1.2907,3.2134,9.4378,17.2691,17.3119,117.2691,-92.5813
2002-06-06,324.9,1.1519,-0.1843,4.2683,11.9959,17.3348,22.2808,118.6199,-92.4958
2002-06-07,324.6,-0.0923,-0.5819,5.3212,11.8925,17.8649,22.3521,118.5104,-92.5028
2002-06-10,318.7,-1.8176,-2.4487,2.9725,9.4813,16.4414,19.6321,116.3563,-92.639
2002-06-11,319.7,0.3138,-2.471,2.7974,8.8896,16.5937,20.6871,116.7214,-92.6159
2002-06-12,320.3,0.1877,-0.2802,3.123,9.094,16.9405,20.5495,116.9405,-92.6021
2002-06-13,317.7,-0.8117,-2.2161,3.3843,9.1753,16.7156,19.5709,115.9912,-92.6621
2002-06-14,319.1,0.4407,-1.6944,3.369,10.0724,17.23,19.9624,116.5024,-92.6298
2002-06-17,317.4,-0.5328,-0.4079,2.4532,8.6614,15.924,16.0936,115.8817,-92.6691
2002-06-18,319.2,0.5671,-0.1564,2.7688,9.0164,16.5389,19.1489,116.5389,-92.6275
2002-06-19,319.8,0.188,-0.1561,1.2987,9.483,15.036,17.7901,116.7579,-92.6136
2002-06-20,323.2,1.0632,1.7312,2.3433,10.3825,16.3846,18.8235,117.9993,-92.5351
2002-06-21,324.6,0.4332,1.7236,2.0755,9.1827,15.7632,17.9077,118.5104,-92.5028
2002-06-24,324.3,-0.0924,2.1739,0.5581,9.0451,17.7132,19.5796,118.4009,-92.5097
2002-06-25,320.2,-1.2643,0.3133,-0.0624,7.9568,16.0145,17.5477,116.904,-92.6044
2002-06-26,320.5,0.0937,0.2189,-1.0497,6.0556,15.2878,17.2275,117.0135,-92.5975
2002-06-27,319.2,-0.4056,-1.2376,-1.9053,5.4858,14.1223,17.1806,116.5389,-92.6275
2002-06-28,313.5,-1.7857,-3.4196,-3.6866,3.3971,13.0137,15.0037,114.4578,-92.7591
2002-07-01,314.0,0.1595,-3.1761,-3.8285,2.6479,13.5624,15.314,114.6404,-92.7476
2002-07-02,312.8,-0.3822,-2.3111,-4.2547,3.3708,12.2354,14.2857,114.2023,-92.7753
2002-07-03,310.9,-0.6074,-2.9953,-5.1556,3.2547,11.4736,12.5634,113.5086,-92.8192
2002-07-08,312.1,0.386,-2.2243,-2.8331,3.9987,12.1855,14.7005,113.9467,-92.7915
2002-07-09,316.1,1.2816,0.8293,-2.7085,5.1913,13.3381,17.3784,115.4071,-92.6991
2002-07-10,314.7,-0.4429,0.2229,-3.0499,5.3213,12.9576,16.2971,114.896,-92.7314
2002-07-11,317.2,0.7944,1.4067,-0.4707,5.1376,13.7325,17.7431,115.8087,-92.6737
2002-07-12,315.6,-0.5044,1.5117,-1.2825,4.4341,11.362,17.9372,115.2245,-92.7106
2002-07-15,319.6,1.2674,2.4031,-0.2185,5.7928,11.3201,20.5583,116.6849,-92.6183
2002-07-16,317.2,-0.7509,0.348,-0.1574,5.7333,10.3688,19.293,115.8087,-92.6737
2002-07-17,317.4,0.063,0.858,-0.5328,6.2249,11.2123,19.0994,115.8817,-92.6691
2002-07-18,317.0,-0.126,-0.0631,-0.126,4.9321,11.4627,19.0834,115.7357,-92.6783
2002-07-19,323.9,2.1767,2.6299,1.4724,6.3711,12.7393,20.7231,118.2548,-92.5189
2002-07-22,323.6,-0.0926,1.2516,1.1882,7.046,13.7834,21.3803,118.1453,-92.5259
2002-07-23,312.7,-3.3684,-1.4187,-3.2488,3.2013,10.4557,17.0723,114.1658,-92.7776
2002-07-24,311.5,-0.3838,-1.8589,-4.0357,2.4671,10.6572,16.7104,113.7276,-92.8053
2002-07-25,309.8,-0.5458,-2.2713,-4.4712,1.8074,11.1988,15.5539,113.107,-92.8446
2002-07-26,303.4,-2.0658,-6.3291,-5.2467,-1.5255,9.0974,12.2041,110.7704,-92.9924
2002-07-29,302.5,-0.2966,-6.5204,-5.6162,-2.9204,8.5007,12.2866,110.4418,-93.0132
2002-07-30,303.7,0.3967,-2.8782,-4.8559,-2.41,9.1269,12.5232,110.8799,-92.9855
2002-07-31,303.2,-0.1646,-2.6645,-3.2855,-1.8453,7.747,12.7976,110.6973,-92.997
2002-08-01,304.0,0.2638,-1.8722,-3.1847,-1.65,7.8397,12.7178,110.9894,-92.9786
2002-08-02,307.0,0.9868,1.1866,-1.8542,-0.4217,8.8267,14.6806,112.0847,-92.9093
2002-08-05,307.8,0.2606,1.7521,-0.9971,-1.4094,7.6224,15.6273,112.3768,-92.8908
2002-08-06,305.5,-0.7472,0.5927,-2.1147,-1.8316,5.5997,14.2483,111.5371,-92.9439
2002-08-07,314.3,2.8805,3.6609,-0.5694,0.8665,5.3991,18.7831,114.7499,-92.7407
2002-08-08,310.4,-1.2409,2.1053,-1.3664,0.7138,4.3361,16.604,113.326,-92.8307
2002-08-09,314.2,1.2242,2.3453,-0.9458,1.5186,4.8382,17.5019,114.7134,-92.743
2002-08-12,314.1,-0.0318,2.0468,-0.4753,0.9968,3.4926,17.4645,114.6769,-92.7453
2002-08-13,314.2,0.0318,2.8478,-1.6896,1.159,4.6984,17.2826,114.7134,-92.743
2002-08-14,311.8,-0.7639,-0.7954,-1.7024,1.4644,3.6914,16.7353,113.8372,-92.7984
2002-08-15,314.3,0.8018,1.2564,-0.9767,1.8141,4.9766,17.6272,114.7499,-92.7407
2002-08-16,313.7,-0.1909,-0.1591,-1.041,1.2589,4.6713,17.0959,114.5309,-92.7545
2002-08-19,306.0,-2.4546,-2.5788,-5.5264,-1.481,2.5469,11.9239,111.7196,-92.9324
2002-08-20,308.7,0.8824,-1.7505,-4.6044,-2.2173,5.2865,12.7054,112.7054,-92.87
2002-08-21,307.6,-0.3563,-1.347,-1.631,-2.5966,5.2344,11.5705,112.3038,-92.8954
2002-08-22,306.6,-0.3251,-2.4499,-1.573,-3.5849,4.5703,10.9663,111.9387,-92.9185
2002-08-23,306.7,0.0326,-2.2314,-1.0006,-4.8992,4.6044,11.2441,111.9752,-92.9162
2002-08-26,309.4,0.8803,1.1111,1.9776,-3.4332,5.7055,12.4273,112.9609,-92.8538
2002-08-27,312.3,0.9373,1.1662,3.2397,-3.5814,4.7987,11.8153,114.0197,-92.7869
2002-08-28,309.4,-0.9286,0.5852,1.8768,-4.917,4.4212,12.0608,112.9609,-92.8538
2002-08-29,312.9,1.1312,2.0548,3.1992,-3.871,5.4601,13.7818,114.2388,-92.773
2002-08-30,312.4,-0.1598,1.8585,2.7632,-4.3185,4.8322,13.6413,114.0562,-92.7846
2002-09-03,313.4,0.3201,1.2928,2.0847,-4.071,5.6286,13.8395,114.4213,-92.7615
2002-09-04,314.9,0.4786,0.8325,2.3067,-3.9353,7.1088,15.5596,114.969,-92.7268
2002-09-05,318.2,1.048,2.8442,4.1571,-0.934,8.4157,16.7278,116.1738,-92.6506
2002-09-06,319.9,0.5342,2.2371,1.7817,-1.5389,10.2723,17.4807,116.7945,-92.6113
2002-09-09,321.3,0.4376,2.8489,3.5116,-1.0166,10.7549,17.3913,117.3056,-92.579
2002-09-10,317.9,-1.0582,1.4359,1.1776,-0.251,9.2065,15.4321,116.0643,-92.6575
2002-09-11,316.6,-0.4089,0.5399,0.7959,-0.9697,7.8338,15.379,115.5896,-92.6875
2002-09-12,318.9,0.7265,0.22,1.4959,-0.4371,8.6172,17.4153,116.4294,-92.6344
2002-09-13,316.6,-0.7212,-1.0316,1.5395,-0.3462,8.7973,16.3971,115.5896,-92.6875
2002-09-16,317.1,0.1579,-1.3072,0.8909,-0.6268,9.3826,16.1538,115.7722,-92.676
2002-09-17,317.0,-0.0315,-0.2831,1.052,-0.126,8.5245,16.0747,115.7357,-92.6783
2002-09-18,320.6,1.1356,1.2634,4.7712,0.4386,9.4945,18.0412,117.05,-92.5952
2002-09-19,322.6,0.6238,1.1602,4.5028,0.8756,10.4416,11.1647,117.7802,-92.549
2002-09-20,321.9,-0.217,1.674,4.6489,-0.4022,9.9385,11.0766,117.5246,-92.5651
2002-09-23,323.0,0.3417,1.8606,5.349,-0.4929,8.6445,12.1138,117.9263,-92.5397
2002-09-24,325.9,0.8978,2.8076,6.2602,0.4934,9.5831,11.801,118.985,-92.4727
2002-09-25,322.2,-1.1353,0.4991,4.137,0.6246,8.6312,11.4879,117.6342,-92.5582
2002-09-26,320.3,-0.5897,-0.713,2.5616,-0.0624,5.9894,9.7294,116.9405,-92.6021
2002-09-27,319.7,-0.1873,-0.6834,3.329,0.1566,5.651,10.3555,116.7214,-92.6159
2002-09-30,323.9,1.3137,0.2786,3.5155,3.3174,6.8272,11.4974,118.2548,-92.5189
2002-10-01,320.9,-0.9262,-1.5342,2.7209,2.1975,4.9036,9.4102,117.1595,-92.5882
2002-10-02,321.5,0.187,-0.2173,2.5846,2.7813,6.2459,10.216,117.3786,-92.5744
2002-10-03,321.1,-0.1244,0.2498,1.9689,3.2808,6.6423,9.8153,117.2326,-92.5836
2002-10-04,322.1,0.3114,0.7507,1.2256,3.2041,7.3309,10.2327,117.5977,-92.5605
2002-10-07,321.9,-0.0621,-0.6175,0.6252,1.8349,7.1215,11.0383,117.5246,-92.5651
2002-10-08,318.2,-1.1494,-0.8414,-0.9648,1.1122,6.4926,9.5353,116.1738,-92.6506
2002-10-09,319.6,0.44,-0.591,0.5348,0.7566,5.933,10.0172,116.6849,-92.6183
2002-10-10,316.5,-0.97,-1.4326,-0.0316,0.2852,4.732,8.6136,115.5531,-92.6899
2002-10-11,316.3,-0.0632,-1.8007,-0.8153,-1.0325,4.7004,8.1737,115.4801,-92.6945
2002-10-14,317.8,0.4742,-1.2737,0.379,0.1891,5.9333,10.0035,116.0277,-92.6598
2002-10-15,312.6,-1.6362,-1.7599,-1.4191,-1.5123,4.6185,9.4155,114.1292,-92.7799
2002-10-16,314.0,0.4479,-1.7522,-0.9464,-0.9464,3.9391,11.4265,114.6404,-92.7476
2002-10-17,311.6,-0.7643,-1.5482,-2.8072,-3.7975,2.3317,9.3717,113.7642,-92.803
2002-10-18,312.7,0.353,-1.1382,-3.0688,-3.3684,3.4403,10.8472,114.1658,-92.7776
2002-10-21,310.9,-0.5756,-2.1712,-3.4172,-0.5756,2.6073,10.1311,113.5086,-92.8192
2002-10-22,313.0,0.6755,0.128,-3.096,0.4815,2.9605,10.4446,114.2753,-92.7707
2002-10-23,312.0,-0.3195,-0.6369,-4.2651,0.7101,2.5304,11.7478,113.9102,-92.7938
2002-10-24,310.7,-0.4167,-0.2888,-3.5692,2.4061,0.8439,10.9247,113.4356,-92.8238
2002-10-25,313.4,0.869,0.2239,-2.1542,3.6033,0.5777,13.7568,114.4213,-92.7615
2002-10-28,315.2,0.5744,1.3831,-1.4076,3.7866,1.2853,14.1615,115.0785,-92.7199
2002-10-29,317.7,0.7931,1.5016,-1.9142,4.7823,2.8488,15.1504,115.9912,-92.6621
2002-10-30,316.5,-0.3777,1.4423,-1.3711,4.1118,2.394,13.9309,115.5531,-92.6899
2002-10-31,318.0,0.4739,2.3495,-1.0886,3.5831,3.1463,14.4297,116.1008,-92.6552
2002-11-01,318.8,0.2516,1.723,-0.7163,3.5737,2.114,14.2243,116.3928,-92.6367
2002-11-04,318.3,-0.1568,0.9835,-1.1798,4.1898,2.2815,13.4355,116.2103,-92.6483
2002-11-05,318.2,-0.0314,0.1574,-1.1494,1.2409,2.1181,13.8462,116.1738,-92.6506
2002-11-06,317.5,-0.22,0.316,-0.22,2.2874,3.0175,13.5145,115.9182,-92.6668
2002-11-07,320.5,0.9449,0.7862,0.2816,2.0051,3.5541,14.5461,117.0135,-92.5975
2002-11-08,321.3,0.2496,0.7842,1.5166,2.2923,3.3119,15.368,117.3056,-92.579
2002-11-11,321.2,-0.0311,0.9111,1.5492,2.2279,3.4128,14.8373,117.2691,-92.5813
2002-11-12,324.5,1.0274,1.9799,2.1082,4.0731,5.5971,15.4804,118.4739,-92.5051
2002-11-13,318.7,-1.7874,0.378,1.9514,1.3999,3.2394,15.1373,116.3563,-92.639
2002-11-14,317.9,-0.251,-0.8112,1.242,1.3389,2.6146,14.5999,116.0643,-92.6575
2002-11-15,320.7,0.8808,-0.1867,2.9204,4.8039,3.2518,15.2354,117.0865,-92.5928
2002-11-18,319.2,-0.4677,-0.6227,2.0787,3.4014,1.1086,14.9028,116.5389,-92.6275
2002-11-19,318.6,-0.188,-1.8182,2.4767,3.5761,0.8866,14.6868,116.3198,-92.6414
2002-11-20,317.4,-0.3767,-0.4079,1.4057,3.5225,-0.1887,15.3762,115.8817,-92.6691
2002-11-21,317.4,0.0,-0.1573,1.7308,3.4887,-1.5814,15.5442,115.8817,-92.6691
2002-11-22,320.7,1.0397,0.0,3.2185,3.6522,0.0936,17.6018,117.0865,-92.5928
2002-11-25,317.8,-0.9043,-0.4386,1.404,1.7611,-1.8833,16.4103,116.0277,-92.6598
2002-11-26,317.7,-0.0315,-0.2825,0.7931,2.6826,-2.3663,16.4163,115.9912,-92.6621
2002-11-27,316.8,-0.2833,-0.189,-0.2833,1.2464,-2.6728,16.3423,115.6626,-92.6829
2002-12-02,317.6,0.2525,0.063,0.3476,1.6645,-2.7259,16.2518,115.9547,-92.6644
2002-12-03,320.2,0.8186,-0.1559,0.6918,2.1698,-1.9896,16.8187,116.904,-92.6044
2002-12-04,322.2,0.6246,1.3845,1.0665,2.3182,-1.7084,17.8062,117.6342,-92.5582
2002-12-05,324.8,0.8069,2.2348,2.0421,2.0742,1.1208,18.5834,118.5834,-92.4982
2002-12-06,326.3,0.4618,2.9987,2.5456,2.0006,0.4309,17.8404,119.1311,-92.4635
2002-12-09,325.8,-0.1532,2.5819,2.6142,1.4006,0.3697,18.3007,118.9485,-92.4751
2002-12-10,323.5,-0.706,1.0306,0.936,1.7616,1.5061,18.1951,118.1088,-92.5282
2002-12-11,324.8,0.4019,0.8069,1.0893,2.59,1.5952,18.4537,118.5834,-92.4982
2002-12-12,331.4,2.032,2.032,3.1756,3.9197,3.4655,20.9931,120.9931,-92.3457
2002-12-13,333.2,0.5432,2.1146,2.6811,5.2432,4.8788,22.41,121.6502,-92.3041
2002-12-16,337.0,1.1405,3.4377,5.7421,6.2756,5.6095,23.806,123.0376,-92.2164
2002-12-17,337.4,0.1187,4.2968,6.134,6.4353,6.3012,23.2286,123.1836,-92.2071
2002-12-18,342.1,1.393,5.3264,6.6729,6.7062,7.1742,24.8996,124.8996,-92.0986
2002-12-19,345.9,1.1108,4.3754,8.3647,7.2226,8.1614,24.4245,126.287,-92.0108
2002-12-20,340.5,-1.5611,2.1909,6.8738,5.7782,5.3527,22.6143,124.3154,-92.1355
2002-12-23,345.1,1.351,2.4036,8.7272,6.8421,6.3155,23.0742,125.9949,-92.0293
2002-12-24,346.8,0.4926,2.786,9.2628,6.413,6.938,25.8802,126.6156,-91.99
2002-12-26,348.9,0.6055,1.9877,8.7933,8.2868,8.9631,26.413,127.3823,-91.9415
2002-12-27,349.2,0.086,0.954,9.8804,9.0228,8.9548,25.6115,127.4918,-91.9346
2002-12-30,343.4,-1.6609,0.8517,8.0894,7.4132,7.5814,22.7744,125.3742,-92.0686
2002-12-31,347.6,1.2231,0.7244,9.7222,7.3171,10.8772,25.3064,126.9076,-91.9715
2003-01-02,346.1,-0.4315,-0.2018,8.9736,7.8529,10.2229,25.1718,126.36,-92.0062
2003-01-03,351.2,1.4736,0.6592,9.6814,9.238,12.2762,26.0136,128.222,-91.8884
2003-01-06,351.7,0.1424,0.7159,9.1558,9.5297,13.1232,26.1026,128.4045,-91.8768
2003-01-07,347.3,-1.2511,1.1357,6.9273,7.8237,11.2784,24.8382,126.7981,-91.9785
2003-01-08,353.9,1.9004,1.8124,8.4585,9.941,11.9582,26.8914,129.2077,-91.826
2003-01-09,353.3,-0.1695,2.0803,8.4408,11.0308,12.2656,26.8126,128.9887,-91.8399
2003-01-10,354.5,0.3397,0.9396,9.5827,10.9199,11.7591,27.1065,129.4268,-91.8122
2003-01-13,354.7,0.0564,0.853,9.2057,12.0695,12.3891,25.1588,129.4998,-91.8076
2003-01-14,352.0,-0.7612,1.3533,6.2161,11.2868,10.1377,22.6054,128.5141,-91.8699
2003-01-15,350.7,-0.3693,-0.9042,5.2521,10.3524,10.5612,22.0251,128.0394,-91.8999
2003-01-16,357.7,1.996,1.2454,6.1424,14.4274,12.6969,25.3329,130.5951,-91.7383
2003-01-17,356.6,-0.3075,0.5924,5.6906,13.5669,12.4921,25.3868,130.1935,-91.7637
2003-01-21,357.3,0.1963,0.733,4.4431,14.6662,10.3118,24.3648,130.4491,-91.7475
2003-01-22,359.7,0.6717,2.1875,3.9896,15.0304,11.1557,26.4768,131.3253,-91.6921
2003-01-23,364.5,1.3344,3.935,7.0485,17.2403,16.5654,28.7531,133.0778,-91.5812
2003-01-24,368.2,1.0151,2.9354,6.6937,17.6358,18.2023,30.7993,134.4286,-91.4958
2003-01-27,369.4,0.3259,3.5895,6.5167,18.3974,19.2382,32.5915,134.8667,-91.468
2003-01-28,370.0,0.1624,3.5544,6.0476,19.0859,21.9512,33.0457,135.0858,-91.4542
2003-01-29,366.3,-1.0,1.8349,4.8969,16.8794,21.0909,31.3845,133.7349,-91.5396
2003-01-30,368.6,0.6279,1.1248,7.3384,16.9416,21.3698,32.447,134.5747,-91.4865
2003-01-31,368.3,-0.0814,0.0272,5.9551,15.927,21.471,30.8813,134.4651,-91.4934
2003-02-03,370.8,0.6788,0.379,7.1367,17.1564,21.9737,31.536,135.3779,-91.4357
2003-02-04,379.0,2.2114,2.4324,7.9157,19.1824,23.4528,34.3495,138.3717,-91.2463
2003-02-05,376.4,-0.686,2.7573,7.023,18.0678,22.2872,31.6084,137.4224,-91.3064
2003-02-06,370.1,-1.6737,0.4069,6.5649,16.274,21.1457,27.9295,135.1223,-91.4519
2003-02-07,369.9,-0.054,0.4344,4.5211,16.2476,17.6901,24.0443,135.0493,-91.4565
2003-02-10,363.7,-1.6761,-1.9148,2.9437,14.5512,17.1714,22.2521,132.7857,-91.5997
2003-02-11,362.5,-0.3299,-4.3536,2.2567,13.1045,15.3724,20.9543,132.3476,-91.6274
2003-02-12,352.6,-2.731,-6.3231,-0.5921,9.7417,12.2572,16.1779,128.7331,-91.8561
2003-02-13,357.4,1.3613,-3.4315,1.5341,11.2702,13.7492,19.0936,130.4856,-91.7452
2003-02-14,351.9,-1.5389,-4.8662,0.3422,8.4438,12.8608,17.0269,128.4775,-91.8722
2003-02-18,344.2,-2.1881,-5.3616,-3.7741,8.0013,9.5132,14.9633,125.6663,-92.0501
2003-02-19,349.9,1.656,-3.4759,-1.8789,10.0661,11.5397,16.7501,127.7474,-91.9184
2003-02-20,353.1,0.9146,0.1418,-1.1755,10.1029,15.3922,18.3311,128.9157,-91.8445
2003-02-21,351.8,-0.3682,-1.5669,-2.1963,10.213,13.9618,19.9863,128.441,-91.8745
2003-02-24,356.3,1.2791,1.2504,-2.2497,11.833,15.8322,21.8953,130.084,-91.7706
2003-02-25,352.3,-1.1226,2.3533,-4.3183,10.9956,14.9054,20.1569,128.6236,-91.863
2003-02-26,354.0,0.4825,1.1718,-4.1689,11.5312,15.4222,20.7367,129.2443,-91.8237
2003-02-27,346.1,-2.2316,-1.9824,-6.4595,7.9202,11.8617,18.2439,126.36,-92.0062
2003-02-28,350.2,1.1846,-0.4548,-4.3953,10.1951,12.1358,17.5168,127.8569,-91.9115
2003-03-03,349.2,-0.2856,-1.9927,-5.2632,9.915,12.8636,17.8535,127.4918,-91.9346
2003-03-04,353.2,1.1455,0.2555,-4.0999,11.4899,12.8795,19.0428,128.9522,-91.8422
2003-03-05,353.1,-0.0283,-0.2542,-4.7735,11.1776,13.0282,18.4899,128.9157,-91.8445
2003-03-06,356.8,1.0479,3.0916,-5.8575,11.4303,13.8481,20.2561,130.2665,-91.7591
2003-03-07,350.8,-1.6816,0.1713,-6.8013,8.8765,11.4004,19.3197,128.0759,-91.8976
2003-03-10,354.7,1.1118,1.575,-4.161,9.2057,11.4708,20.8518,129.4998,-91.8076
2003-03-11,350.5,-1.1841,-0.7644,-5.2447,7.4165,9.5655,20.8204,127.9664,-91.9046
2003-03-12,346.5,-1.1412,-1.8692,-4.7292,6.3536,7.8431,19.4416,126.506,-91.997
2003-03-13,335.9,-3.0592,-5.8576,-7.3379,3.8331,5.6622,15.3899,122.636,-92.2418
2003-03-14,336.5,0.1786,-4.0764,-4.5661,3.6022,6.2855,14.6117,122.8551,-92.2279
2003-03-17,337.1,0.1783,-4.9619,-5.6799,1.72,5.7071,14.8161,123.0741,-92.2141
2003-03-18,337.6,0.1483,-3.6805,-4.0637,1.3205,6.633,16.0137,123.2567,-92.2025
2003-03-19,336.1,-0.4443,-3.0014,-2.3533,-0.2671,5.9918,15.9365,122.709,-92.2372
2003-03-20,332.9,-0.9521,-0.8931,-4.8585,-1.3337,5.0158,13.9678,121.5407,-92.3111
2003-03-21,326.0,-2.0727,-3.1204,-7.6749,-4.7062,1.6843,11.3388,119.0215,-92.4704
2003-03-24,329.5,1.0736,-2.2545,-6.3388,-4.7413,2.1389,12.8038,120.2994,-92.3896
2003-03-25,328.4,-0.3338,-2.7251,-7.8305,-3.5536,2.0193,12.1585,119.8978,-92.415
2003-03-26,330.3,0.5786,-1.7257,-6.2447,-4.2886,2.2601,11.0999,120.5915,-92.3711
2003-03-27,328.7,-0.4844,-1.2616,-7.1469,-5.2191,0.8592,10.5246,120.0073,-92.4081
2003-03-28,328.7,0.0,0.8282,-5.0274,-5.7896,2.0174,10.8227,120.0073,-92.4081
2003-03-31,335.9,2.1904,1.9423,-4.0834,-3.8087,4.8704,11.1515,122.636,-92.2418
2003-04-01,334.3,-0.4763,1.7966,-4.2669,-2.65,4.5668,10.4759,122.0518,-92.2787
2003-04-02,329.6,-1.4059,-0.2119,-6.6818,-5.1784,1.7598,8.7071,120.3359,-92.3873
2003-04-03,324.9,-1.426,-1.1561,-7.9864,-6.1254,1.2465,6.2112,118.6199,-92.4958
2003-04-04,325.3,0.1231,-1.0344,-8.8285,-7.3747,1.182,7.5016,118.766,-92.4866
2003-04-07,321.5,-1.1681,-4.287,-8.3523,-8.5869,0.1246,6.7752,117.3786,-92.5744
2003-04-08,322.2,0.2177,-3.6195,-9.1627,-7.2272,0.031,7.3642,117.6342,-92.5582
2003-04-09,325.6,1.0552,-1.2136,-7.1041,-7.9966,1.1494,8.3527,118.8755,-92.4797
2003-04-10,326.7,0.3378,0.554,-5.7143,-7.529,2.6713,9.3374,119.2771,-92.4543
2003-04-11,327.9,0.3673,0.7993,-2.3817,-7.5035,2.597,8.6841,119.7152,-92.4266
2003-04-14,324.2,-1.1284,0.8398,-3.6553,-8.5988,2.4329,7.2799,118.3644,-92.512
2003-04-15,324.9,0.2159,0.838,-3.6191,-7.6989,2.7189,7.5472,118.6199,-92.4958
2003-04-16,325.8,0.277,0.0614,-3.4953,-7.1001,2.5173,8.6,118.9485,-92.4751
2003-04-17,327.2,0.4297,0.153,-2.648,-8.5267,4.6705,9.5047,119.4597,-92.4427
2003-04-21,333.5,1.9254,1.7078,0.1802,-6.4778,6.2102,10.3939,121.7598,-92.2972
2003-04-22,334.4,0.2699,3.1462,2.5767,-6.4092,7.3171,9.8194,122.0884,-92.2764
2003-04-23,331.5,-0.8672,2.0314,0.607,-7.8399,6.0121,9.6593,121.0296,-92.3434
2003-04-24,334.8,0.9955,2.7624,1.9488,-8.1482,7.6874,10.495,122.2344,-92.2672
2003-04-25,333.4,-0.4182,1.8949,0.9385,-9.4514,6.5176,9.6711,121.7233,-92.2995
2003-04-28,334.5,0.3299,0.2999,1.7645,-9.4478,7.2115,9.9244,122.1249,-92.2741
2003-04-29,333.7,-0.2392,-0.2093,1.5211,-9.8108,7.4026,8.309,121.8328,-92.2926
2003-04-30,339.1,1.6182,2.2926,0.9527,-7.4256,8.2004,8.8254,123.8043,-92.1679
2003-05-01,342.1,0.8847,2.1804,2.3332,-7.1894,8.5343,9.9293,124.8996,-92.0986
2003-05-02,341.0,-0.3215,2.2795,3.4587,-7.4124,7.334,10.3917,124.498,-92.124
2003-05-05,342.3,0.3812,2.3318,5.3555,-7.6861,8.1517,10.7409,124.9726,-92.094
2003-05-06,342.5,0.0584,2.6371,5.2874,-9.6306,7.7044,11.0931,125.0456,-92.0893
2003-05-07,341.9,-0.1752,0.8257,6.3453,-9.1658,7.2459,9.5131,124.8266,-92.1032
2003-05-08,348.4,1.9011,1.8416,8.1316,-5.8633,9.4565,11.9537,127.1997,-91.9531
2003-05-09,348.6,0.0574,2.2287,7.0639,-5.7583,9.5537,11.8742,127.2727,-91.9484
2003-05-12,351.6,0.8606,2.7169,7.6217,-3.3269,10.7402,14.0818,128.368,-91.8792
2003-05-13,350.0,-0.4551,2.1898,6.7399,-3.4483,9.2044,13.0856,127.7839,-91.9161
2003-05-14,352.3,0.6571,3.0418,8.6675,-0.0851,9.6483,13.2797,128.6236,-91.863
2003-05-15,352.6,0.0852,1.2055,8.5257,-1.343,9.7758,13.5222,128.7331,-91.8561
2003-05-16,354.7,0.5956,1.7499,8.8705,0.7957,9.3066,15.4247,129.4998,-91.8076
2003-05-19,364.2,2.6783,3.5836,11.3081,5.8106,14.2767,17.9786,132.9682,-91.5881
2003-05-20,366.3,0.5766,4.6571,9.8351,4.6871,15.2249,18.2376,133.7349,-91.5396
2003-05-21,372.0,1.5561,5.5918,11.244,5.3526,15.9963,19.7682,135.816,-91.408
2003-05-22,368.1,-1.0484,4.3959,11.0407,4.6333,15.3195,16.598,134.3921,-91.4981
2003-05-23,368.8,0.1902,3.9752,10.1553,3.5083,15.7564,16.7828,134.6477,-91.4819
2003-05-27,367.8,-0.2711,0.9885,10.3179,4.3997,15.879,15.6604,134.2826,-91.505
2003-05-28,365.2,-0.7069,-0.3003,9.1779,3.1638,15.0599,13.2403,133.3333,-91.565
2003-05-29,369.6,1.2048,-0.6452,10.7582,6.7899,15.2479,15.3558,134.9398,-91.4634
2003-05-30,364.5,-1.3799,-0.978,7.4904,4.0834,14.6948,12.5347,133.0778,-91.5812
2003-06-02,366.0,0.4115,-0.7592,6.9863,4.811,15.203,12.477,133.6254,-91.5466
2003-06-03,365.2,-0.2186,-0.7069,7.0968,3.3975,15.2778,12.1966,133.3333,-91.565
2003-06-04,362.6,-0.7119,-0.7119,5.9305,2.6905,14.1688,11.0567,132.3841,-91.6251
2003-06-05,368.6,1.6547,-0.2706,7.6204,3.3072,15.1156,12.8252,134.5747,-91.4865
2003-06-06,363.7,-1.3294,-0.2195,6.3761,3.6773,12.8802,10.9518,132.7857,-91.5997
2003-06-09,361.8,-0.5224,-1.1475,3.8462,2.0017,11.3916,12.6401,132.092,-91.6436
2003-06-10,352.2,-2.6534,-3.5597,1.0327,0.485,7.9375,8.4026,128.5871,-91.8653
2003-06-11,355.5,0.937,-1.9581,1.1092,2.5974,9.116,9.5194,129.7919,-91.7891
2003-06-12,353.3,-0.6189,-4.1508,0.9429,5.1801,9.2117,10.8566,128.9887,-91.8399
2003-06-13,356.6,0.9341,-1.9522,1.2206,5.9733,9.7906,11.5421,130.1935,-91.7637
2003-06-16,359.0,0.673,-0.7739,1.8151,6.4966,8.3283,12.0824,131.0697,-91.7082
2003-06-17,363.2,1.1699,3.1232,2.3964,7.5829,9.0036,14.3217,132.6031,-91.6112
2003-06-18,357.2,-1.652,0.4782,-1.922,6.2779,5.9941,11.9398,130.4126,-91.7498
2003-06-19,361.3,1.1478,2.2644,-1.365,8.5311,7.0836,13.8311,131.9095,-91.6551
2003-06-20,356.3,-1.3839,-0.0841,-4.2204,9.2945,4.1508,11.6228,130.084,-91.7706
2003-06-23,353.0,-0.9262,-1.6713,-4.1021,7.132,2.0526,10.3815,128.8792,-91.8468
2003-06-24,346.3,-1.898,-4.6531,-6.1009,5.4507,1.7034,7.1473,126.433,-92.0016
2003-06-25,349.3,0.8663,-2.2117,-5.0299,5.7523,1.217,7.6094,127.5283,-91.9323
2003-06-26,343.9,-1.5459,-4.8159,-5.8324,4.6243,-0.8362,6.0438,125.5568,-92.057
2003-06-27,345.2,0.378,-3.1153,-6.6017,5.0198,-1.0605,7.8076,126.0314,-92.027
2003-06-30,346.0,0.2317,-1.983,-5.0754,3.0068,-0.9164,7.9563,126.3235,-92.0085
2003-07-01,351.4,1.5607,1.4727,-3.9891,5.1152,2.3296,10.0877,128.295,-91.8838
2003-07-02,351.3,-0.0285,0.5726,-3.8061,6.5837,1.0644,12.0574,128.2585,-91.8861
2003-07-03,351.0,-0.0854,2.0646,-3.1991,8.0332,1.4158,11.7834,128.149,-91.893
2003-07-07,348.1,-0.8262,0.8401,-5.5616,7.0089,-0.8827,11.2852,127.0902,-91.96
2003-07-08,344.1,-1.1491,-0.5491,-5.3891,7.0296,-2.1609,10.6787,125.6298,-92.0524
2003-07-09,343.6,-0.1453,-2.2197,-5.0304,6.6418,-1.0654,10.0929,125.4472,-92.0639
2003-07-10,344.3,0.2037,-1.9926,-2.2431,5.7432,-2.7126,8.9212,125.7028,-92.0478
2003-07-11,344.8,0.1452,-1.7664,-3.0098,5.5402,-2.4059,9.5647,125.8854,-92.0362
2003-07-14,347.7,0.8411,-0.1149,-1.585,6.0384,-1.9182,9.6154,126.9441,-91.9692
2003-07-15,342.1,-1.6106,-0.5812,-4.0662,5.5213,-3.5523,8.3967,124.8996,-92.0986
2003-07-16,343.1,0.2923,-0.1455,-4.429,5.6017,-2.5284,7.3529,125.2647,-92.0755
2003-07-17,344.2,0.3206,-0.029,-5.2313,5.6476,-1.8534,8.512,125.6663,-92.0501
2003-07-18,347.2,0.8716,0.6961,-2.7996,6.1125,-2.9354,9.3888,126.7616,-91.9808
2003-07-21,350.9,1.0657,0.9203,-2.8785,5.2174,-1.5984,10.694,128.1125,-91.8953
2003-07-22,350.6,-0.0855,2.4847,-1.5998,4.8445,-1.8752,8.2433,128.0029,-91.9023
2003-07-23,358.6,2.2818,4.5176,1.5864,8.175,-0.3058,10.8158,130.9237,-91.7175
2003-07-24,362.2,1.0039,5.2295,4.5914,8.184,-0.631,15.8299,132.2381,-91.6343
2003-07-25,362.7,0.138,4.4643,3.8363,8.7882,-1.4938,16.4366,132.4206,-91.6228
2003-07-28,364.8,0.579,3.9612,6.0773,9.0583,-1.2453,17.7534,133.1873,-91.5743
2003-07-29,361.7,-0.8498,3.166,4.7798,8.3908,-2.2432,19.2156,132.0555,-91.6459
2003-07-30,356.2,-1.5206,-0.6693,2.948,5.0428,-2.7573,17.7521,130.0475,-91.7729
2003-07-31,354.0,-0.6176,-2.2639,0.7399,3.4785,-3.9609,16.5624,129.2443,-91.8237
2003-08-01,346.1,-2.2316,-4.5768,-1.4802,1.4956,-6.0277,14.1491,126.36,-92.0062
2003-08-04,349.2,0.8957,-4.2763,-0.5128,2.0158,-5.8252,14.8684,127.4918,-91.9346
2003-08-05,349.6,0.1145,-3.3453,0.4309,2.073,-7.7573,13.8762,127.6378,-91.9254
2003-08-06,350.8,0.3432,-1.516,1.9471,2.6031,-6.8013,13.9701,128.0759,-91.8976
2003-08-07,352.5,0.4846,-0.4237,2.5902,1.1768,-4.7555,15.3846,128.6966,-91.8584
2003-08-08,356.3,1.078,2.9471,3.4853,2.2088,-3.6767,13.363,130.084,-91.7706
2003-08-11,361.7,1.5156,3.5796,4.9014,2.8726,-0.5499,16.5271,132.0555,-91.6459
2003-08-12,358.5,-0.8847,2.5458,3.1061,2.4286,-1.1034,14.0993,130.8872,-91.7198
2003-08-13,362.1,1.0042,3.2212,5.8462,2.7817,2.6943,15.2818,132.2015,-91.6366
2003-08-14,366.0,1.077,3.8298,6.6744,3.8003,2.4063,16.4863,133.6254,-91.5466
2003-08-15,363.2,-0.765,1.9366,5.52,2.3964,3.2111,16.4849,132.6031,-91.6112
2003-08-18,358.4,-1.3216,-0.9124,3.2258,-1.5925,4.1255,14.0312,130.8507,-91.7221
2003-08-19,361.6,0.8929,0.8647,3.0493,-1.2831,3.3438,15.2694,132.019,-91.6482
2003-08-20,365.6,1.1062,0.9666,4.2784,-1.7204,3.5401,19.4771,133.4794,-91.5558
2003-08-21,360.6,-1.3676,-1.4754,0.5577,-2.0375,2.5014,16.8124,131.6539,-91.6713
2003-08-22,363.1,0.6933,-0.0275,0.2485,-1.5455,1.9085,18.0429,132.5666,-91.6135
2003-08-25,361.3,-0.4957,0.8092,-0.386,-1.7673,2.5546,17.8408,131.9095,-91.6551
2003-08-26,365.8,1.2455,1.1615,0.2741,0.1643,3.3333,19.2696,133.5524,-91.5512
2003-08-27,373.5,2.105,2.1608,3.2624,1.0552,7.9168,20.7175,136.3636,-91.3733
2003-08-28,370.5,-0.8032,2.7454,4.0146,1.6461,5.7967,18.6359,135.2683,-91.4426
2003-08-29,375.7,1.4035,3.4701,6.1299,2.6503,7.5888,21.4286,137.1669,-91.3225
2003-09-02,373.2,-0.6654,3.2937,7.8301,2.1906,5.6625,19.2713,136.2541,-91.3803
2003-09-03,373.9,0.1876,2.2143,7.0733,3.1164,5.8907,19.6863,136.5097,-91.3641
2003-09-04,372.9,-0.2675,-0.1606,6.6648,1.1666,4.5123,18.9853,136.1446,-91.3872
2003-09-05,377.6,1.2604,1.9163,7.6397,3.8218,7.6397,19.9111,137.8605,-91.2786
2003-09-08,375.1,-0.6621,-0.1597,6.4113,3.6761,5.7513,17.8818,136.9478,-91.3364
2003-09-09,381.7,1.7595,2.2776,7.1288,8.3759,8.9016,19.3185,139.3574,-91.1839
2003-09-10,380.0,-0.4454,1.6315,5.0594,6.8917,9.6681,18.2695,138.7368,-91.2232
2003-09-11,379.7,-0.0789,1.8236,5.9135,7.4724,13.0396,19.4401,138.6272,-91.2301
2003-09-12,375.8,-1.0271,-0.4767,3.7835,5.3842,11.679,18.6987,137.2034,-91.3202
2003-09-15,374.5,-0.3459,-0.16,2.3224,4.3175,11.0946,17.4349,136.7287,-91.3502
2003-09-16,373.5,-0.267,-2.1483,2.8359,2.8359,10.6339,17.9722,136.3636,-91.3733
2003-09-17,376.2,0.7229,-1.0,4.9665,5.3191,11.931,18.6377,137.3494,-91.311
2003-09-18,376.6,0.1063,-0.8164,4.1482,4.2347,13.1271,18.8013,137.4954,-91.3017
2003-09-19,381.8,1.3808,1.5966,4.4311,7.1569,17.1166,19.0892,139.3939,-91.1816
2003-09-22,387.2,1.4144,3.3912,7.3766,9.6884,17.5114,20.0248,141.3655,-91.0569
2003-09-23,385.9,-0.3357,3.3199,6.2793,11.4352,17.5091,19.882,140.8908,-91.0869
2003-09-24,387.5,0.4146,3.0037,7.2516,10.9362,17.3176,19.969,141.475,-91.05
2003-09-25,385.0,-0.6452,2.2305,5.2488,11.9512,17.1281,18.1344,140.5623,-91.1077
2003-09-26,380.8,-1.0909,-0.2619,1.9545,10.3129,15.8503,18.1875,139.0288,-91.2047
2003-09-29,382.4,0.4202,-1.2397,3.2119,10.5202,13.8434,19.3881,139.613,-91.1678
2003-09-30,385.4,0.7845,-0.1296,2.5818,9.6756,15.2857,20.5505,140.7083,-91.0985
2003-10-01,384.3,-0.2854,-0.8258,2.9743,9.3937,16.5959,18.6477,140.3067,-91.1239
2003-10-02,383.1,-0.3123,-0.4935,2.4606,9.1453,17.9132,19.383,139.8686,-91.1516
2003-10-03,369.4,-3.5761,-2.9937,-0.9386,6.1189,13.5567,14.8989,134.8667,-91.468
2003-10-06,372.7,0.8933,-2.5366,-1.2977,8.3115,15.9254,16.0698,136.0716,-91.3918
2003-10-07,377.2,1.2074,-2.1277,0.5599,9.7788,17.0701,17.1065,137.7145,-91.2879
2003-10-08,375.4,-0.4772,-2.3159,-1.6505,9.0328,15.2948,16.6201,137.0573,-91.3295
2003-10-09,369.2,-1.6516,-3.6283,-2.8421,7.0766,13.0089,16.0277,134.7937,-91.4727
2003-10-10,373.6,1.1918,1.137,-1.6065,7.4489,13.9372,16.8961,136.4002,-91.371
2003-10-13,375.2,0.4283,0.6708,-0.1597,9.6755,15.731,18.5466,136.9843,-91.3341
2003-10-14,375.7,0.1333,-0.3977,0.3204,9.5016,15.6356,18.7796,137.1669,-91.3225
2003-10-15,372.6,-0.8251,-0.7459,-0.241,8.251,14.3646,17.2436,136.0351,-91.3941
2003-10-16,372.7,0.0268,0.948,-0.9304,7.3445,13.9059,19.2258,136.0716,-91.3918
2003-10-17,371.8,-0.2415,-0.4818,-1.2746,5.9561,11.4843,18.4076,135.743,-91.4126
2003-10-20,374.0,0.5917,-0.3198,-2.043,6.6743,11.8421,20.0257,136.5462,-91.3618
2003-10-21,381.7,2.0588,1.597,-1.4205,6.4417,15.1433,22.0659,139.3574,-91.1839
2003-10-22,386.5,1.2575,3.7305,0.1555,6.709,15.4421,24.3165,141.1099,-91.0731
2003-10-23,384.7,-0.4657,3.2197,-0.7226,6.0656,15.3869,22.9074,140.4527,-91.1147
2003-10-24,388.9,1.0918,4.5992,1.013,6.6064,16.2631,24.6474,141.9861,-91.0176
2003-10-27,387.9,-0.2571,3.7166,1.8645,7.2436,16.2421,24.8471,141.621,-91.0407
2003-10-28,383.2,-1.2116,0.393,0.2092,7.58,13.005,22.2719,139.9051,-91.1493
2003-10-29,386.8,0.9395,0.0776,0.3633,9.2655,13.0663,22.7157,141.2194,-91.0661
2003-10-30,384.3,-0.6463,-0.104,0.0,11.0373,12.6979,20.9632,140.3067,-91.1239
2003-10-31,384.5,0.052,-1.1314,0.3654,10.1088,12.3284,21.485,140.3797,-91.1193
2003-11-03,377.0,-1.9506,-2.81,2.0574,7.8375,10.073,18.5535,137.6415,-91.2925
2003-11-04,379.9,0.7692,-0.8612,1.9318,8.2953,11.1144,19.1656,138.7003,-91.2255
2003-11-05,382.6,0.7107,-1.0858,1.4316,8.539,9.8163,20.2011,139.686,-91.1632
2003-11-06,380.6,-0.5227,-0.9628,1.3852,6.8201,9.1796,19.6103,138.9558,-91.2093
2003-11-07,383.3,0.7094,-0.3121,3.8191,5.9718,9.0159,20.7244,139.9416,-91.147
2003-11-10,386.6,0.8609,2.5464,3.4797,7.8382,10.4571,20.624,141.1464,-91.0708
2003-11-11,388.1,0.388,2.1585,3.4382,7.1803,10.1618,20.7905,141.6941,-91.0361
2003-11-12,394.9,1.7521,3.2148,5.1105,7.8962,11.9966,22.9452,144.1767,-90.8791
2003-11-13,394.1,-0.2026,3.547,5.7703,8.5077,11.108,21.4484,143.8846,-90.8975
2003-11-14,397.8,0.9388,3.7829,6.7346,10.9933,9.2257,24.8196,145.2355,-90.8121
2003-11-17,391.5,-1.5837,1.2675,5.2986,8.2688,6.8796,23.1519,142.9354,-90.9576
2003-11-18,397.6,1.5581,2.4478,6.3102,8.7527,6.8817,23.9788,145.1625,-90.8167
2003-11-19,394.9,-0.6791,0.0,3.4582,9.5119,7.2806,23.7155,144.1767,-90.8791
2003-11-20,393.7,-0.3039,-0.1015,1.8629,8.4274,6.7516,23.5719,143.7386,-90.9068
2003-11-21,396.0,0.5842,-0.4525,2.9374,9.6042,7.6672,24.7637,144.5783,-90.8537
2003-11-24,391.5,-1.1364,0.0,0.6686,7.0257,7.2015,23.3459,142.9354,-90.9576
2003-11-25,391.1,-0.1022,-1.6348,0.825,4.7122,5.8171,21.952,142.7893,-90.9668
2003-11-26,396.8,1.4574,0.4811,3.5491,7.0985,8.8615,24.8584,144.8704,-90.8352
2003-12-01,402.7,1.4869,2.286,4.1107,7.1866,10.0273,26.7548,147.0245,-90.6989
2003-12-02,403.7,0.2483,1.9444,5.0481,8.1726,10.5422,27.4306,147.3896,-90.6758
2003-12-03,403.9,0.0495,3.1673,5.0455,8.0235,11.39,27.1725,147.4626,-90.6712
2003-12-04,403.3,-0.1486,3.1194,6.9761,8.1523,9.414,25.9525,147.2435,-90.6851
2003-12-05,406.4,0.7687,2.4194,6.9755,7.6271,11.7404,26.1328,148.3753,-90.6135
2003-12-08,406.6,0.0492,0.9685,6.2729,8.3978,12.3825,25.1847,148.4483,-90.6088
2003-12-09,408.2,0.3935,1.1147,7.2517,6.9426,15.9001,25.0996,149.0325,-90.5719
2003-12-10,406.2,-0.49,0.5695,5.9744,6.8947,14.2616,24.6777,148.3023,-90.6181
2003-12-11,404.6,-0.3939,0.3223,4.656,6.5578,14.5202,25.0696,147.7182,-90.655
2003-12-12,409.4,1.1864,0.7382,5.4883,8.9409,14.8065,26.0468,149.4706,-90.5442
2003-12-15,409.2,-0.0488,0.6395,3.6212,9.2657,13.9833,23.4762,149.3976,-90.5488
2003-12-16,407.7,-0.3666,-0.1225,3.4509,9.1566,12.2522,22.3589,148.85,-90.5834
2003-12-17,412.0,1.0547,1.4279,3.5696,9.5162,15.3415,22.2552,150.4199,-90.4841
2003-12-18,410.4,-0.3884,1.4335,4.8276,8.975,13.5898,21.636,149.8357,-90.5211
2003-12-19,409.2,-0.2924,-0.0488,2.9175,7.1765,14.847,19.6141,149.3976,-90.5488
2003-12-22,410.6,0.3421,0.3421,3.9757,6.0434,16.3173,18.7048,149.9087,-90.5164
2003-12-23,411.0,0.0974,0.8094,4.3942,6.5043,18.6832,20.7048,150.0548,-90.5072
2003-12-24,412.3,0.3163,0.0728,4.1162,6.4,18.0361,19.4726,150.5294,-90.4772
2003-12-29,414.8,0.6064,1.0721,5.9515,7.7403,20.6165,19.6078,151.4421,-90.4194
2003-12-30,416.9,0.5063,1.8817,6.5968,9.48,20.7706,19.4898,152.2088,-90.3709
2003-12-31,415.7,-0.2878,1.2421,4.7631,8.7082,20.1445,19.0435,151.7707,-90.3987
2004-01-05,424.4,2.0929,3.2603,5.3886,10.1194,20.774,23.5877,154.9471,-90.1977
2004-01-06,422.8,-0.377,2.5467,4.7312,10.0182,20.353,21.6341,154.3629,-90.2347
2004-01-07,421.9,-0.2129,1.7117,4.4565,10.1279,20.1994,21.9012,154.0343,-90.2555
2004-01-08,424.0,0.4977,1.703,5.1327,14.7807,21.8041,20.7289,154.801,-90.2069
2004-01-09,426.4,0.566,2.574,4.9213,14.4084,23.9175,21.2397,155.6773,-90.1515
2004-01-12,426.3,-0.0235,0.4477,4.8451,13.017,24.0687,22.7469,155.6407,-90.1538
2004-01-13,423.7,-0.6099,0.2129,3.7972,12.8663,23.0613,19.7231,154.6915,-90.2139
2004-01-14,421.7,-0.472,-0.0474,3.8159,14.2199,22.3028,19.3603,153.9613,-90.2601
2004-01-15,408.4,-3.1539,-3.6792,0.9392,9.3148,17.4576,15.2045,149.1055,-90.5673
2004-01-16,406.7,-0.4163,-4.6201,-0.6595,8.3955,18.8834,14.6603,148.4849,-90.6065
2004-01-20,412.7,1.4753,-3.1902,0.8553,9.8483,20.2856,17.2443,150.6754,-90.4679
2004-01-21,411.1,-0.3877,-2.9738,0.8339,10.3328,19.4364,17.2227,150.0913,-90.5049
2004-01-22,410.0,-0.2676,-2.7745,-0.4854,10.008,18.0876,14.6212,149.6897,-90.5303
2004-01-23,407.9,-0.5122,-0.1224,-0.6092,9.7095,16.2439,14.3859,148.923,-90.5788
2004-01-26,406.6,-0.3187,-0.0246,-0.6354,8.7166,15.9726,13.7979,148.4483,-90.6088
2004-01-27,410.0,0.8362,-0.6542,-0.1461,7.4142,14.3335,13.9839,149.6897,-90.5303
2004-01-28,414.5,1.0976,0.827,0.8516,7.2445,14.4395,13.7174,151.3326,-90.4264
2004-01-29,398.5,-3.8601,-2.8049,-3.3471,3.5872,9.8704,8.2292,145.4911,-90.7959
2004-01-30,402.2,0.9285,-1.3974,-3.0376,3.4199,10.2522,8.8793,146.8419,-90.7105
2004-02-02,398.7,-0.8702,-1.9429,-4.3656,2.7842,10.2295,7.7568,145.5641,-90.7913
2004-02-03,399.2,0.1254,-2.6341,-3.9692,4.1754,12.0719,8.9817,145.7466,-90.7797
2004-02-04,401.0,0.4509,-3.2569,-5.5137,3.6712,13.2768,8.79,146.4038,-90.7382
2004-02-05,398.1,-0.7232,-0.1004,-5.842,3.5909,15.0246,8.0912,145.345,-90.8052
2004-02-06,403.6,1.3816,0.3481,-4.3375,4.9675,15.5785,8.8457,147.3531,-90.6781
2004-02-09,406.8,0.7929,2.0316,-4.0566,7.9045,16.3616,7.3351,148.5214,-90.6042
2004-02-10,406.4,-0.0983,1.8036,-4.6904,6.9755,15.8495,7.9702,148.3753,-90.6135
2004-02-11,410.2,0.935,2.2943,-3.7767,7.2138,16.3688,10.8349,149.7627,-90.5257
2004-02-12,413.7,0.8532,3.9186,-2.3602,8.6968,16.11,11.841,151.0405,-90.4448
2004-02-13,410.3,-0.8219,1.6601,-2.7033,7.0441,13.4365,12.8128,149.7992,-90.5234
2004-02-17,416.0,1.3892,2.2616,1.8609,7.6048,16.0391,14.7586,151.8803,-90.3917
2004-02-18,412.3,-0.8894,1.4518,1.3769,6.2355,13.8636,16.9314,150.5294,-90.4772
2004-02-19,409.8,-0.6064,-0.0975,-0.7027,3.7731,11.9672,14.6614,149.6166,-90.5349
2004-02-20,397.5,-3.0015,-3.9159,-3.3082,0.8627,9.4438,12.9582,145.126,-90.819
2004-02-23,399.0,0.3774,-2.7541,-2.6829,0.3017,11.3281,15.921,145.6736,-90.7844
2004-02-24,404.5,1.3784,-2.7644,-0.8335,3.3206,11.8639,15.6045,147.6816,-90.6573
2004-02-25,395.8,-2.1508,-4.0019,-2.6562,-0.4527,8.2604,12.0929,144.5053,-90.8583
2004-02-26,395.8,0.0,-3.4163,-3.4634,0.2279,9.7615,12.5071,144.5053,-90.8583
2004-02-27,396.4,0.1516,-0.2767,-4.3667,0.6858,9.171,11.2546,144.7244,-90.8444
2004-03-01,399.3,0.7316,0.0752,0.2007,0.8333,10.5176,13.3409,145.7831,-90.7774
2004-03-02,393.5,-1.4525,-2.7194,-2.1631,0.5109,7.5724,11.1582,143.6656,-90.9114
2004-03-03,392.4,-0.2795,-0.859,-1.5801,0.3324,5.0602,13.3776,143.264,-90.9368
2004-03-04,392.9,0.1274,-0.7327,-1.5782,-0.9829,6.0459,12.193,143.4465,-90.9253
2004-03-05,401.3,2.1379,1.2361,0.0748,-0.3477,6.8139,14.9198,146.5133,-90.7312
2004-03-08,400.6,-0.1744,0.3256,0.628,-0.7679,7.3419,13.4202,146.2578,-90.7474
2004-03-09,404.2,0.8987,2.7192,0.1487,0.0743,8.1038,14.4718,147.5721,-90.6643
2004-03-10,400.0,-1.0391,1.9368,-1.6716,-0.8182,7.2674,12.1076,146.0387,-90.7613
2004-03-11,400.7,0.175,1.9852,-1.4026,-1.4026,6.1176,14.2246,146.2943,-90.7451
2004-03-12,395.3,-1.3476,-1.4951,-3.6324,-2.7791,5.3852,11.4463,144.3227,-90.8698
2004-03-15,399.4,1.0372,-0.2996,-3.4566,-2.1558,4.6371,13.9515,145.8196,-90.7751
2004-03-16,402.4,0.7511,-0.4453,-1.9254,-0.9355,5.8947,16.1328,146.9149,-90.7058
2004-03-17,406.9,1.1183,1.725,-2.1875,0.5685,7.1635,21.1372,148.5579,-90.6019
2004-03-18,411.1,1.0322,2.5955,-0.291,0.4152,9.3933,22.1694,150.0913,-90.5049
2004-03-19,412.5,0.3405,4.3511,0.6589,0.8064,10.1469,22.3672,150.6024,-90.4726
2004-03-22,417.4,1.1879,4.5068,5.0063,2.3792,11.7537,23.6374,152.3914,-90.3594
2004-03-23,419.8,0.575,4.3241,5.213,1.8932,11.5896,24.9033,153.2676,-90.304
2004-03-24,417.2,-0.6193,2.5313,3.1397,1.6569,10.7807,25.3229,152.3184,-90.364
2004-03-25,416.7,-0.1198,1.3622,5.2805,1.8328,9.1409,27.8221,152.1358,-90.3756
2004-03-26,422.1,1.2959,2.3273,6.6448,2.8008,9.0134,28.1032,154.1073,-90.2508
2004-03-29,417.1,-1.1846,-0.0719,5.222,1.4842,8.085,27.0097,152.2819,-90.3663
2004-03-30,421.7,1.1029,0.4526,5.6098,2.2799,8.8258,27.6718,153.9613,-90.2601
2004-03-31,427.3,1.328,2.4209,8.5896,3.0135,10.987,29.9969,156.0058,-90.1307
2004-04-01,427.8,0.117,2.6638,9.0214,2.6145,12.3424,30.1491,156.1884,-90.1192
2004-04-02,421.6,-1.4493,-0.1185,7.3047,1.4193,10.251,25.5135,153.9248,-90.2624
2004-04-05,415.4,-1.4706,-0.4076,3.5136,-2.1206,7.7841,24.2596,151.6612,-90.4056
2004-04-06,418.9,0.8426,-0.664,4.5681,-0.9224,9.0034,27.0934,152.939,-90.3247
2004-04-07,422.8,0.931,-1.0531,4.6017,0.2133,10.3628,30.1323,154.3629,-90.2347
2004-04-08,419.9,-0.6859,-1.8467,4.975,-0.967,13.6708,29.0809,153.3041,-90.3016
2004-04-12,420.1,0.0476,-0.3558,4.8415,-1.4775,12.718,30.6687,153.3772,-90.297
2004-04-13,407.0,-3.1183,-2.0221,2.9598,-4.5273,7.9003,26.3191,148.5944,-90.5996
2004-04-14,399.8,-1.769,-4.5596,0.1001,-5.6408,6.4997,22.7887,145.9657,-90.7659
2004-04-15,397.7,-0.5253,-5.9366,-1.168,-5.6912,7.7194,21.7325,145.199,-90.8144
2004-04-16,401.0,0.8298,-4.5011,-1.45,-1.8119,7.334,22.2934,146.4038,-90.7382
2004-04-19,400.6,-0.0997,-4.6418,-2.5541,-1.4999,6.7697,23.5657,146.2578,-90.7474
2004-04-20,397.7,-0.7239,-2.285,-3.5879,-3.6346,5.8557,22.4069,145.199,-90.8144
2004-04-21,390.8,-1.735,-2.2511,-6.3728,-4.938,4.8846,19.9509,142.6798,-90.9738
2004-04-22,393.3,0.6397,-1.1064,-6.3125,-4.0732,5.5272,20.2017,143.5926,-90.916
2004-04-23,395.1,0.4577,-1.4713,-5.2972,-3.138,6.2668,18.4708,144.2497,-90.8744
2004-04-26,396.0,0.2278,-1.1483,-4.9676,-2.607,5.8824,18.4211,144.5783,-90.8537
2004-04-27,398.6,0.6566,0.2263,-5.5674,-2.7805,4.4276,20.2413,145.5276,-90.7936
2004-04-28,385.4,-3.3116,-1.3818,-7.6001,-7.0205,-0.2846,15.1135,140.7083,-91.0985
2004-04-29,386.6,0.3114,-1.7035,-8.3235,-2.9862,0.4939,15.9568,141.1464,-91.0708
2004-04-30,387.0,0.1035,-2.0501,-9.4313,-3.7792,-0.4886,15.6951,141.2924,-91.0615
2004-05-03,387.0,0.0,-2.2727,-9.5372,-2.9345,-0.232,15.9724,141.2924,-91.0615
2004-05-04,391.4,1.1369,-1.8063,-7.1632,-1.9539,2.1399,15.4232,142.8989,-90.9599
2004-05-05,393.4,0.511,2.0758,-5.2961,-1.8953,1.7063,14.9956,143.6291,-90.9137
2004-05-06,388.0,-1.3726,0.3621,-7.3765,-2.5371,0.9628,13.783,141.6575,-91.0384
2004-05-07,378.7,-2.3969,-2.1447,-10.4305,-6.1695,-1.5084,10.634,138.2621,-91.2532
2004-05-10,378.3,-0.1056,-2.2481,-9.9071,-7.0059,0.3448,10.4526,138.1161,-91.2625
2004-05-11,376.9,-0.3701,-3.7047,-10.2833,-7.2589,-0.7897,10.2369,137.605,-91.2948
2004-05-12,377.4,0.1327,-4.0671,-7.2727,-7.9961,-1.3591,8.3238,137.7875,-91.2833
2004-05-13,374.8,-0.6889,-3.4021,-6.2531,-9.403,-1.5239,7.5158,136.8383,-91.3433
2004-05-14,377.0,0.587,-0.4489,-5.2049,-8.116,-1.6436,7.2241,137.6415,-91.2925
2004-05-17,379.5,0.6631,0.3172,-5.3616,-8.774,-1.8365,8.4286,138.5542,-91.2348
2004-05-18,375.8,-0.975,-0.2919,-6.1907,-8.8528,-3.1693,6.6705,137.2034,-91.3202
2004-05-19,382.9,1.8893,1.4573,-3.7214,-6.5642,-3.0387,8.5933,139.7955,-91.1562
2004-05-20,378.4,-1.1752,0.9605,-3.173,-4.805,-3.9838,6.6817,138.1526,-91.2602
2004-05-21,384.8,1.6913,2.069,-2.1612,-3.5589,-3.268,5.6562,140.4892,-91.1123
2004-05-24,385.6,0.2079,1.6074,-2.4045,-4.6724,-1.507,5.2689,140.7813,-91.0939
2004-05-25,388.3,0.7002,3.3262,-1.9444,-1.8949,-2.339,4.3817,141.7671,-91.0315
2004-05-26,388.3,0.0,1.4103,-2.584,-1.8949,-1.6713,5.4876,141.7671,-91.0315
2004-05-27,394.9,1.6997,4.3605,2.465,-0.3784,0.3048,7.077,144.1767,-90.8791
2004-05-28,394.0,-0.2279,2.3909,1.9141,-1.3273,-0.5051,7.1234,143.8481,-90.8999
2004-06-01,394.6,0.1523,2.334,1.9638,0.2795,0.7918,8.0504,144.0672,-90.886
2004-06-02,390.7,-0.9883,0.6181,0.9561,-0.4332,-0.1023,5.7089,142.6433,-90.9761
2004-06-03,388.1,-0.6655,-0.0515,-0.8431,-1.2217,-2.1925,6.4746,141.6941,-91.0361
2004-06-04,390.9,0.7215,-1.0129,-0.6355,-2.5916,-2.9302,6.8033,142.7163,-90.9715
2004-06-07,393.8,0.7419,-0.0508,1.4948,-1.6975,-2.4523,7.8313,143.7751,-90.9045
2004-06-08,391.0,-0.711,-0.9123,3.248,-3.2657,-3.1939,7.8323,142.7528,-90.9691
2004-06-09,384.5,-1.6624,-1.5869,1.6389,-3.875,-4.6615,4.3136,140.3797,-91.1193
2004-06-10,385.9,0.3641,-0.5669,2.3879,-3.6935,-5.0443,6.1039,140.8908,-91.0869
2004-06-14,383.6,-0.596,-1.8675,1.6428,-2.9598,-5.6567,6.0254,140.0511,-91.1401
2004-06-15,388.1,1.1731,-1.4474,3.5486,-2.8292,-4.9241,10.1931,141.6941,-91.0361
2004-06-16,384.6,-0.9018,-1.6368,2.0159,-4.4235,-5.3176,8.1857,140.4162,-91.117
2004-06-17,388.9,1.118,1.1443,2.4769,-4.4237,-3.8804,10.0764,141.9861,-91.0176
2004-06-18,395.1,1.5942,2.384,5.1357,-3.892,-3.4929,10.7964,144.2497,-90.8744
2004-06-21,394.0,-0.2784,2.7112,2.8989,-4.4848,-3.7146,9.7493,143.8481,-90.8999
2004-06-22,395.0,0.2538,1.7779,4.3869,-5.3666,-3.115,8.7555,144.2132,-90.8768
2004-06-23,395.0,0.0,2.7041,2.6507,-5.9076,-4.1262,10.5823,144.2132,-90.8768
2004-06-24,403.1,2.0506,3.6513,4.5384,-3.3797,-1.7787,11.5693,147.1705,-90.6897
2004-06-25,402.9,-0.0496,1.9742,3.76,-3.3117,-1.5396,13.0789,147.0975,-90.6943
2004-06-28,401.0,-0.4716,1.7766,3.2707,-4.9988,-2.338,13.5977,146.4038,-90.7382
2004-06-29,392.5,-2.1197,-0.6329,-0.6077,-5.8979,-4.5012,13.341,143.3005,-90.9345
2004-06-30,392.6,0.0255,-0.6076,-0.3553,-6.9006,-4.7781,12.3962,143.337,-90.9322
2004-07-01,396.0,0.866,-1.7614,0.3548,-7.3251,-4.5323,15.1498,144.5783,-90.8537
2004-07-02,398.3,0.5808,-1.1417,1.9452,-6.8957,-4.4615,15.3824,145.418,-90.8005
2004-07-06,392.6,-1.4311,-2.0948,1.1595,-6.8786,-5.5569,13.4682,143.337,-90.9322
2004-07-07,402.3,2.4707,2.4968,2.9163,-3.1536,-5.2074,14.4849,146.8784,-90.7081
2004-07-08,407.8,1.3671,3.8716,3.5551,-2.6498,-3.5478,16.0831,148.8865,-90.5811
2004-07-09,407.5,-0.0736,2.904,4.2199,-3.6187,-3.4131,16.0969,148.7769,-90.588
2004-07-12,408.1,0.1472,2.4605,6.1378,-2.8102,-3.75,17.2364,148.996,-90.5742
2004-07-13,402.0,-1.4947,2.3943,4.1721,-4.3085,-5.7223,16.8265,146.7689,-90.7151
2004-07-14,405.4,0.8458,0.7706,5.683,-0.3931,-4.9026,17.986,148.0102,-90.6365
2004-07-15,404.2,-0.296,-0.8828,4.1484,1.1006,-4.6023,17.3976,147.5721,-90.6643
2004-07-16,406.6,0.5938,-0.2209,5.7202,2.2379,-3.5807,17.9234,148.4483,-90.6088
2004-07-19,405.6,-0.2459,-0.6126,4.2942,1.1471,-0.6856,16.6523,148.0832,-90.6319
2004-07-20,401.9,-0.9122,-0.0249,1.7211,0.3245,-1.1802,17.4803,146.7324,-90.7174
2004-07-21,397.1,-1.1943,-2.0474,0.7868,-0.1509,-3.78,15.7389,144.9799,-90.8283
2004-07-22,395.2,-0.4785,-2.2266,0.0506,1.1259,-3.8677,14.817,144.2862,-90.8721
2004-07-23,390.5,-1.1893,-3.9597,-1.1392,-0.7119,-4.7561,12.4712,142.5703,-90.9807
2004-07-26,390.3,-0.0512,-3.7722,-3.1754,-1.2149,-4.3148,11.2283,142.4973,-90.9853
2004-07-27,387.0,-0.8455,-3.7074,-3.9464,-2.2727,-4.8205,10.3822,141.2924,-91.0615
2004-07-28,389.0,0.5168,-2.0398,-2.9925,-2.4084,-5.122,8.4774,142.0226,-91.0153
2004-07-29,387.0,-0.5141,-2.0749,-1.4013,0.4152,-6.6345,6.847,141.2924,-91.0615
2004-07-30,391.0,1.0336,0.128,-0.4075,1.1381,-1.8821,7.8026,142.7528,-90.9691
2004-08-02,391.7,0.179,0.3587,-1.0859,1.2145,-2.6106,7.3739,143.0084,-90.953
2004-08-03,394.0,0.5872,1.8088,-1.0796,1.8088,-1.1788,8.93,143.8481,-90.8999
2004-08-04,392.2,-0.4568,0.8226,-0.1019,0.2044,-1.7535,10.1067,143.191,-90.9414
2004-08-05,392.3,0.0255,1.3695,-2.4857,-0.2796,-2.1696,10.8192,143.2275,-90.9391
2004-08-06,399.8,1.9118,2.2506,-1.9617,3.0412,0.427,15.5157,145.9657,-90.7659
2004-08-09,400.7,0.2251,2.2977,-1.6687,5.8093,-0.7185,14.748,146.2943,-90.7451
2004-08-10,400.0,-0.1747,1.5228,-1.9848,5.7362,-1.6716,14.4165,146.0387,-90.7613
2004-08-11,395.5,-1.125,0.8414,-1.6169,4.935,-2.6821,12.7423,144.3958,-90.8652
2004-08-12,394.3,-0.3034,0.5098,-2.738,4.478,-3.8762,11.8582,143.9576,-90.8929
2004-08-13,398.9,1.1666,-0.2251,-1.3112,6.4301,-3.5775,11.9562,145.6371,-90.7867
2004-08-16,402.9,1.0028,0.549,-0.91,6.87,-1.8036,11.3906,147.0975,-90.6943
2004-08-17,404.4,0.3723,1.1,-0.2959,6.5613,-2.7885,12.8033,147.6451,-90.6596
2004-08-18,404.3,-0.0247,2.225,0.5972,7.5838,-1.9403,11.6542,147.6086,-90.662
2004-08-19,407.1,0.6926,3.2463,2.5183,6.3202,-0.6589,11.2295,148.6309,-90.5973
2004-08-20,413.2,1.4984,3.5849,4.5547,9.1966,3.9497,13.7665,150.858,-90.4564
2004-08-23,410.5,-0.6534,1.8863,5.1216,6.6788,2.8822,14.5368,149.8722,-90.5188
2004-08-24,403.0,-1.827,-0.3462,3.2539,4.5124,-0.3708,11.4491,147.134,-90.692
2004-08-25,407.9,1.2159,0.8904,5.4005,5.0476,3.0571,11.57,148.923,-90.5788
2004-08-26,407.4,-0.1226,0.0737,4.7301,4.9189,2.9308,12.9784,148.7404,-90.5904
2004-08-27,403.3,-1.0064,-2.3959,4.2119,2.1271,1.7407,11.0713,147.2435,-90.6851
2004-08-30,407.8,1.1158,-0.6577,4.2967,3.5025,2.1287,12.8702,148.8865,-90.5811
2004-08-31,410.4,0.6376,1.8362,4.7741,4.0041,4.2948,12.1925,149.8357,-90.5211
2004-09-01,408.8,-0.3899,0.2206,3.7563,4.6327,4.1794,9.4511,149.2516,-90.558
2004-09-02,406.0,-0.6849,-0.3436,3.5186,4.6122,3.3342,9.5816,148.2293,-90.6227
2004-09-03,400.5,-1.3547,-0.6943,2.0902,2.4559,-0.1993,6.601,146.2213,-90.7497
2004-09-07,397.4,-0.774,-2.5503,-0.6003,0.9142,-0.7988,6.4845,145.0894,-90.8213
2004-09-08,399.4,0.5033,-2.6803,-0.3244,2.1483,-1.1875,6.82,145.8196,-90.7751
2004-09-09,398.5,-0.2253,-2.5196,-0.375,3.6411,-0.375,6.8651,145.4911,-90.7959
2004-09-10,401.9,0.8532,-1.0099,1.6182,4.1462,0.2995,6.4354,146.7324,-90.7174
2004-09-13,404.1,0.5474,0.8989,2.4854,5.3441,2.2262,7.7313,147.5356,-90.6666
2004-09-14,405.7,0.3959,2.0886,1.7047,4.5349,1.5774,6.2877,148.1198,-90.6296
2004-09-15,405.0,-0.1725,1.4021,0.5212,5.3042,0.6461,6.5789,147.8642,-90.6458
2004-09-16,404.7,-0.0741,1.5558,0.0742,4.0627,-0.5407,6.5841,147.7547,-90.6527
2004-09-17,405.8,0.2718,0.9704,0.371,2.7082,-1.2892,7.983,148.1563,-90.6273
2004-09-20,405.3,-0.1232,0.297,-0.4422,2.868,-1.7455,8.2243,147.9737,-90.6389
2004-09-21,408.3,0.7402,0.6409,-1.1859,3.3671,-2.1802,9.3173,149.069,-90.5696
2004-09-22,407.2,-0.2694,0.5432,-0.8039,3.0886,-3.0014,8.2403,148.6674,-90.595
2004-09-23,410.9,0.9086,1.532,1.9603,1.935,-1.5101,9.1078,150.0183,-90.5095
2004-09-24,408.1,-0.6814,0.5668,0.049,1.2906,-2.0638,6.8884,148.996,-90.5742
2004-09-27,409.1,0.245,0.9376,0.4173,2.02,-3.0798,5.656,149.3611,-90.5511
2004-09-28,412.5,0.8311,1.0287,2.2812,5.0955,-1.1029,6.893,150.6024,-90.4726
2004-09-29,413.0,0.1212,1.4244,1.2751,5.1961,-2.0631,6.5806,150.785,-90.461
2004-09-30,418.7,1.3801,1.8983,2.0224,5.7323,-2.0126,8.7532,152.866,-90.3294
2004-10-01,419.5,0.1911,2.7934,2.6174,5.3226,-1.9402,10.1628,153.1581,-90.3109
2004-10-04,414.0,-1.3111,1.1977,1.9704,5.4508,-1.8027,8.2636,151.1501,-90.4379
2004-10-05,418.2,1.0145,1.3818,4.4195,3.9523,0.6741,8.5106,152.6835,-90.3409
2004-10-06,418.4,0.0478,1.3075,5.2843,2.5993,-0.1194,8.8733,152.7565,-90.3363
2004-10-07,418.0,-0.0956,-0.1672,4.657,2.5767,-1.1353,9.1099,152.6104,-90.3455
2004-10-08,423.1,1.2201,0.8582,6.1732,3.6756,0.7621,14.5371,154.4724,-90.2277
2004-10-11,422.0,-0.26,1.9324,5.0012,4.9751,0.4523,13.2278,154.0708,-90.2531
2004-10-12,415.1,-1.6351,-0.7413,2.7221,2.3927,1.9902,10.0477,151.5517,-90.4125
2004-10-13,413.2,-0.4577,-1.2428,1.8487,2.2266,3.3517,10.0693,150.858,-90.4564
2004-10-14,418.1,1.1859,0.0239,3.2346,2.8283,5.1295,13.2449,152.647,-90.3432
2004-10-15,418.7,0.1435,-1.0399,3.4594,3.2298,4.414,12.0717,152.866,-90.3294
2004-10-18,416.2,-0.5971,-1.3744,2.5628,3.5581,3.8942,10.9275,151.9533,-90.3871
2004-10-19,420.3,0.9851,1.2527,3.701,5.8424,5.6827,11.8712,153.4502,-90.2924
2004-10-20,423.5,0.7614,2.4927,3.7228,7.1609,8.3675,13.6608,154.6185,-90.2185
2004-10-21,424.4,0.2125,1.5068,4.224,8.6812,7.9075,13.8717,154.9471,-90.1977
2004-10-22,424.6,0.0471,1.4091,3.3341,8.7881,7.4665,14.2012,155.0201,-90.1931
2004-10-25,429.0,1.0363,3.0754,5.1213,10.8527,8.3333,14.7059,156.6265,-90.0915
2004-10-26,426.8,-0.5128,1.5465,4.3266,9.7172,7.0748,11.8156,155.8233,-90.1423
2004-10-27,424.8,-0.4686,0.307,2.9818,9.7674,10.2231,9.9094,155.0931,-90.1885
2004-10-28,425.1,0.0706,0.1649,2.9298,8.7212,9.9586,10.5017,155.2026,-90.1815
2004-10-29,428.5,0.7998,0.9185,2.3406,9.3949,10.7235,10.1826,156.444,-90.103
2004-11-01,427.3,-0.28,-0.3963,1.8594,8.4518,10.4134,10.1573,156.0058,-90.1307
2004-11-02,420.0,-1.7084,-1.5932,1.4493,7.0882,7.3071,9.6033,153.3406,-90.2993
2004-11-03,424.6,1.0952,-0.0471,1.5304,8.2335,7.9309,9.7725,155.0201,-90.1931
2004-11-04,430.1,1.2953,1.1762,2.7964,7.5788,10.8505,11.9178,157.0281,-90.0661
2004-11-05,433.6,0.8138,1.1902,3.7321,8.2106,14.497,12.7698,158.306,-89.9852
2004-11-08,432.7,-0.2076,1.2638,2.269,8.175,14.3801,14.7745,157.9774,-90.006
2004-11-09,435.7,0.6933,3.7381,3.2464,10.1644,15.601,14.6881,159.0727,-89.9367
2004-11-10,434.0,-0.3902,2.2138,4.5531,10.0685,14.9974,13.4344,158.452,-89.976
2004-11-11,434.9,0.2074,1.116,5.2517,9.0248,16.0352,14.2669,158.7806,-89.9552
2004-11-12,437.9,0.6898,0.9917,4.7357,8.687,16.1538,14.2447,159.8759,-89.8859
2004-11-15,437.0,-0.2055,0.9938,4.3707,8.0613,15.1515,13.0367,159.5473,-89.9067
2004-11-16,440.2,0.7323,1.0328,5.7665,8.8796,17.1368,13.4244,160.7156,-89.8328
2004-11-17,444.8,1.045,2.4885,5.8292,9.2606,16.1661,12.6361,162.395,-89.7265
2004-11-18,442.6,-0.4946,1.7705,4.51,7.1152,16.9662,12.3065,161.5918,-89.7773
2004-11-19,446.8,0.9489,2.0324,5.278,8.8429,16.1123,12.3177,163.1252,-89.6803
2004-11-22,448.8,0.4476,2.7002,5.6995,11.3648,16.39,14.636,163.8554,-89.6341
2004-11-23,447.8,-0.2228,1.7265,4.3823,9.7818,15.3232,12.6257,163.4903,-89.6572
2004-11-24,449.3,0.335,1.0117,5.2718,10.2847,15.7095,13.7756,164.038,-89.6226
2004-11-29,453.7,0.9793,2.5079,6.8032,12.4969,14.8899,15.24,165.6444,-89.521
2004-11-30,451.3,-0.529,1.0072,6.1633,10.667,14.5431,13.9646,164.7682,-89.5764
2004-12-01,454.0,0.5983,1.1586,5.951,10.6238,15.0532,15.9642,165.7539,-89.514
2004-12-02,450.4,-0.793,0.5806,5.406,10.1761,15.2803,15.1624,164.4396,-89.5972
2004-12-03,456.0,1.2433,1.4912,8.5714,12.3153,17.4955,14.9194,166.4841,-89.4678
2004-12-06,454.2,-0.3947,0.1102,6.9713,13.4082,16.1934,12.7887,165.827,-89.5094
2004-12-07,452.0,-0.4844,0.1551,5.0918,13.7393,14.7791,11.9643,165.0237,-89.5602
2004-12-08,437.2,-3.2743,-3.7004,0.8303,9.4642,11.8159,8.2446,159.6203,-89.9021
2004-12-09,435.8,-0.3202,-3.2416,0.7164,9.3601,13.342,8.0585,159.1092,-89.9344
2004-12-10,433.9,-0.436,-4.8465,-0.4131,7.9622,12.4385,6.7667,158.4155,-89.9783
2004-12-13,438.9,1.1523,-3.3686,1.129,8.6117,14.4161,7.9439,160.241,-89.8628
2004-12-14,435.9,-0.6835,-3.5619,0.2299,7.4439,12.3164,6.7859,159.1457,-89.9321
2004-12-15,440.8,1.1241,0.8234,0.6623,8.8395,14.6126,8.518,160.9346,-89.8189
2004-12-16,436.9,-0.8848,0.2524,-0.0229,7.9565,12.3425,7.9832,159.5108,-89.909
2004-12-17,441.6,1.0758,1.7746,0.318,8.8221,11.7692,7.8652,161.2267,-89.8004
2004-12-20,442.4,0.1812,0.7974,-0.5396,9.1537,12.2843,8.1134,161.5188,-89.782
2004-12-21,441.8,-0.1356,1.3535,-0.1808,8.2048,11.8481,8.364,161.2997,-89.7958
2004-12-22,440.3,-0.3395,-0.1134,-1.4548,8.1287,11.4684,6.8689,160.7521,-89.8305
2004-12-23,441.9,0.3634,1.1444,-1.5374,7.5444,9.6254,7.6754,161.3363,-89.7935
2004-12-27,445.2,0.7468,0.8152,-0.5806,9.0909,10.4989,8.7977,162.5411,-89.7173
2004-12-28,444.3,-0.2022,0.4295,-1.1128,8.6042,10.798,8.2075,162.2125,-89.7381
2004-12-29,436.0,-1.8681,-1.3128,-3.9013,5.697,11.0828,6.0827,159.1822,-89.9298
2004-12-30,437.5,0.344,-0.6359,-3.0578,5.9322,11.4366,6.1121,159.7298,-89.8951
2005-01-03,428.7,-2.0114,-2.9871,-5.5727,2.3883,8.2576,3.351,156.517,-90.0984
2005-01-04,428.5,-0.0467,-3.7511,-4.8623,2.1454,7.5822,2.7824,156.444,-90.103
2005-01-05,426.6,-0.4434,-3.9838,-6.4474,3.0435,8.6602,2.6221,155.7503,-90.1469
2005-01-06,421.0,-1.3127,-3.4404,-7.3096,0.6695,4.6483,-0.8011,153.7057,-90.2762
2005-01-07,418.9,-0.4988,-4.2514,-7.323,0.1195,2.7219,-0.9224,152.939,-90.3247
2005-01-10,419.1,0.0477,-2.2393,-4.14,0.2632,2.8466,-0.6637,153.0121,-90.3201
2005-01-11,421.9,0.6681,-1.5403,-3.1895,-0.2836,3.3815,-0.4953,154.0343,-90.2555
2005-01-12,426.1,0.9955,-0.1172,-1.7976,0.9716,5.995,-0.0704,155.5677,-90.1584
2005-01-13,424.5,-0.3755,0.8314,-3.2809,2.2645,4.7114,-0.4222,154.9836,-90.1954
2005-01-14,422.7,-0.424,0.9071,-3.0282,2.2991,4.5769,-0.236,154.3264,-90.237
2005-01-18,423.2,0.1183,0.9783,-3.9927,1.2198,4.0826,0.3557,154.509,-90.2254
2005-01-19,423.0,-0.0473,0.2607,-3.1815,1.027,4.2899,3.5749,154.4359,-90.23
2005-01-20,422.4,-0.1418,-0.8683,-4.3478,1.4897,5.1008,3.8603,154.2169,-90.2439
2005-01-21,426.7,1.018,0.5183,-3.5488,1.5227,7.454,3.3923,155.7868,-90.1446
2005-01-24,426.9,0.0469,0.9936,-3.3726,0.8028,8.0213,3.8433,155.8598,-90.14
2005-01-25,422.0,-1.1478,-0.2836,-4.1563,-0.5655,8.0666,2.9268,154.0708,-90.2531
2005-01-26,426.9,1.1611,0.922,-3.3944,0.5417,9.3774,4.658,155.8598,-90.14
2005-01-27,426.3,-0.1405,0.9233,-4.2453,-0.6294,10.155,4.8451,155.6407,-90.1538
2005-01-28,425.8,-0.1173,-0.2109,-4.1639,-0.2343,9.4602,3.8537,155.4582,-90.1654
2005-01-31,421.8,-0.9394,-1.1947,-3.2569,-0.7062,8.9922,1.7612,153.9978,-90.2578
2005-02-01,420.8,-0.2371,-0.2844,-3.8171,-1.0115,7.6215,5.596,153.6327,-90.2809
2005-02-02,421.1,0.0713,-1.3586,-1.7728,-1.727,7.5057,4.6992,153.7422,-90.2739
2005-02-03,416.6,-1.0686,-2.2754,-2.7771,-2.5041,5.736,4.4896,152.0993,-90.3779
2005-02-04,414.0,-0.6241,-2.7713,-2.9536,-1.4286,5.5584,3.7074,151.1501,-90.4379
2005-02-07,413.6,-0.0966,-1.944,-1.7577,-2.5907,5.4295,3.1421,151.004,-90.4472
2005-02-08,412.6,-0.2418,-1.9487,-1.5039,-4.0688,3.2016,3.6423,150.6389,-90.4703
2005-02-09,412.9,0.0727,-1.9473,-1.4794,-4.774,3.0447,2.3043,150.7484,-90.4633
2005-02-10,417.2,1.0414,0.144,-1.114,-3.5822,4.3,2.5565,152.3184,-90.364
2005-02-11,420.5,0.791,1.57,-1.3142,-3.4886,6.3211,3.4695,153.5232,-90.2878
2005-02-14,425.8,1.2604,2.9497,0.3062,-1.8894,7.9888,3.803,155.4582,-90.1654
2005-02-15,425.9,0.0235,3.2235,0.757,-2.0694,6.7686,2.949,155.4947,-90.1631
2005-02-16,425.5,-0.0939,3.0516,0.5435,-2.8317,5.6093,3.7046,155.3487,-90.1723
2005-02-17,427.3,0.423,2.4209,1.0165,-2.2197,5.6627,2.7163,156.0058,-90.1307
2005-02-18,427.1,-0.0468,1.5696,1.1127,-2.9759,5.6394,3.5896,155.9328,-90.1353
2005-02-22,434.5,1.7326,2.0432,1.828,-2.3156,6.7305,6.0273,158.6345,-89.9644
2005-02-23,434.9,0.0921,2.1132,1.874,-1.7397,5.2517,9.4088,158.7806,-89.9552
2005-02-24,434.5,-0.092,2.1152,2.9621,-2.7529,5.8465,8.8972,158.6345,-89.9644
2005-02-25,434.9,0.0921,1.7786,1.874,-3.0971,7.9156,7.5154,158.7806,-89.9552
2005-02-28,436.5,0.3679,2.2009,2.3927,-2.5234,7.0115,10.283,159.3647,-89.9182
2005-03-01,432.9,-0.8247,-0.3682,1.6675,-3.6501,6.2592,9.3734,158.0504,-90.0014
2005-03-02,432.8,-0.0231,-0.4829,2.6079,-4.6066,7.3147,9.1826,158.0139,-90.0037
2005-03-03,429.9,-0.6701,-1.0587,2.1625,-4.7419,5.4193,7.6634,156.9551,-90.0707
2005-03-04,434.2,1.0002,-0.161,3.1109,-4.3612,5.7992,10.3431,158.525,-89.9714
2005-03-07,435.0,0.1842,-0.3436,4.4167,-3.4192,6.409,10.8563,158.8171,-89.9529
2005-03-08,440.3,1.2184,1.7094,6.3527,-3.443,8.4483,12.0641,160.7521,-89.8305
2005-03-09,442.1,0.4088,2.1488,6.8907,-2.664,10.387,10.167,161.4093,-89.7889
2005-03-10,442.8,0.1583,3.0007,7.3194,-2.0354,11.4243,10.5342,161.6648,-89.7727
2005-03-11,446.2,0.7678,2.7637,8.0649,2.0586,11.7176,10.3909,162.9062,-89.6942
2005-03-14,441.1,-1.143,1.4023,5.7287,1.2162,10.6901,10.275,161.0442,-89.812
2005-03-15,440.9,-0.0453,0.1363,4.8514,1.6133,9.7039,10.0324,160.9712,-89.8166
2005-03-16,443.7,0.6351,0.3619,4.2039,1.0936,9.7996,12.2439,161.9934,-89.7519
2005-03-17,438.7,-1.1269,-0.9259,3.0054,0.6424,8.1341,9.8398,160.168,-89.8674
2005-03-18,439.3,0.1368,-1.5464,3.2432,-0.3403,8.4691,9.17,160.387,-89.8536
2005-03-21,431.1,-1.8666,-2.2671,0.8893,-1.3275,6.5233,5.9474,157.3932,-90.043
2005-03-22,431.3,0.0464,-2.1774,0.9834,-2.3324,6.2839,4.9136,157.4662,-90.0383
2005-03-23,425.2,-1.4143,-4.1695,-2.1404,-3.8879,4.9099,3.0788,155.2391,-90.1792
2005-03-24,424.7,-0.1176,-3.1912,-2.3454,-3.8705,4.0167,1.7489,155.0566,-90.1908
2005-03-28,425.9,0.2825,-3.0503,-1.9793,-3.2705,4.5923,1.4531,155.4947,-90.1631
2005-03-29,426.0,0.0235,-1.183,-2.0464,-3.5981,3.6749,2.1093,155.5312,-90.1608
2005-03-31,428.7,0.6338,-0.6028,-1.7869,-3.7062,5.0478,2.8798,156.517,-90.0984
2005-04-01,425.9,-0.6531,0.1646,-1.617,-4.1413,4.1066,0.9003,155.4947,-90.1631
2005-04-04,423.9,-0.4696,-0.1884,-2.0564,-2.7752,2.7636,1.6303,154.7645,-90.2093
2005-04-05,424.5,0.1415,-0.3287,-1.2561,-2.9714,2.7845,0.664,154.9836,-90.1954
2005-04-06,427.1,0.6125,0.2582,-1.6352,-0.3732,2.0062,-0.0468,155.9328,-90.1353
2005-04-07,426.5,-0.1405,-0.5132,-1.954,-0.4667,1.6687,-0.3039,155.7138,-90.1492
2005-04-08,426.9,0.0938,0.2348,-3.0434,0.0703,3.1159,1.2571,155.8598,-90.14
2005-04-11,428.6,0.3982,1.1088,-3.0536,1.8052,2.4868,3.1777,156.4805,-90.1007
2005-04-12,427.6,-0.2333,0.7303,-3.4327,2.0769,2.1989,2.0769,156.1154,-90.1238
2005-04-13,429.3,0.3976,0.5151,-3.7875,2.4338,2.7033,1.5374,156.736,-90.0845
2005-04-14,424.0,-1.2346,-0.5862,-3.8767,0.4977,0.2127,0.9764,154.801,-90.2069
2005-04-15,424.9,0.2123,-0.4685,-3.6289,-0.2816,0.6872,1.1426,155.1296,-90.1862
2005-04-18,427.5,0.6119,-0.2567,-3.6511,0.7067,2.9872,5.0369,156.0789,-90.1261
2005-04-19,432.9,1.2632,1.2395,-1.3221,2.4131,4.7677,8.2791,158.0504,-90.0014
2005-04-20,435.3,0.5544,1.3976,-0.9105,2.8592,4.1138,9.4544,158.9266,-89.946
2005-04-21,433.0,-0.5284,2.1226,0.4407,2.3641,3.4153,7.98,158.0869,-89.9991
2005-04-22,434.3,0.3002,2.2123,0.6956,2.8172,4.3489,8.4124,158.5615,-89.9691
2005-04-25,434.6,0.0691,1.6608,2.2107,1.8514,3.4023,9.2783,158.6711,-89.9621
2005-04-26,437.9,0.7593,1.155,3.1081,2.5767,3.4002,12.0522,159.8759,-89.8859
2005-04-27,433.0,-1.119,-0.5284,1.6671,2.6066,2.0264,10.0941,158.0869,-89.9991
2005-04-29,435.0,0.4619,0.4619,2.1127,1.8974,2.4494,10.0987,158.8171,-89.9529
2005-05-02,429.5,-1.2644,-1.1052,0.1866,0.7506,0.1166,8.4596,156.8091,-90.0799
2005-05-03,426.7,-0.6519,-1.8178,0.1878,0.2114,-0.0234,7.0497,155.7868,-90.1446
2005-05-04,429.0,0.539,-2.0324,1.2031,1.707,0.9887,11.3129,156.6265,-90.0915
2005-05-05,429.8,0.1865,-0.739,1.2485,2.1388,1.1056,11.1743,156.9186,-90.073
2005-05-06,426.1,-0.8609,-2.046,-0.2341,1.1874,-0.5601,10.1034,155.5677,-90.1584
2005-05-09,426.2,0.0235,-0.7683,-0.0703,2.3044,-0.2574,10.1292,155.6042,-90.1561
2005-05-10,427.2,0.2346,0.1172,0.0703,3.1884,1.7143,9.1467,155.9693,-90.133
2005-05-11,427.2,0.0,-0.4196,-0.3266,3.2882,0.6123,8.5918,155.9693,-90.133
2005-05-12,421.6,-1.3109,-1.9079,-1.4032,2.1813,-1.9763,8.6598,153.9248,-90.2624
2005-05-13,420.2,-0.3321,-1.3847,-2.1197,1.768,-3.0904,10.9585,153.4137,-90.2947
2005-05-16,418.9,-0.3094,-1.7128,-1.2028,0.4075,-3.1893,10.7322,152.939,-90.3247
2005-05-17,419.4,0.1194,-1.8258,-1.2944,-0.2616,-3.7411,11.2762,153.1216,-90.3132
2005-05-18,421.5,0.5007,-1.3343,-1.4035,-1.0099,-2.8802,11.6852,153.8883,-90.2647
2005-05-19,420.5,-0.2372,-0.2609,-2.8644,-1.2679,-3.3111,12.1932,153.5232,-90.2878
2005-05-20,417.4,-0.7372,-0.6664,-4.1121,-1.9036,-4.6814,10.7162,152.3914,-90.3594
2005-05-23,416.6,-0.1917,-0.5491,-3.7875,-2.5041,-4.6682,9.776,152.0993,-90.3779
2005-05-24,417.5,0.216,-0.453,-3.8683,-2.2477,-5.1567,11.0963,152.4279,-90.3571
2005-05-25,418.8,0.3114,-0.6406,-3.6355,-3.6134,-5.8453,9.3758,152.9025,-90.3271
2005-05-26,418.0,-0.191,-0.5945,-4.5444,-3.8859,-5.5581,10.4651,152.6104,-90.3455
2005-05-27,419.8,0.4306,0.575,-3.0485,-3.3832,-6.043,9.0956,153.2676,-90.304
2005-05-31,416.3,-0.8337,-0.072,-4.2989,-4.2768,-7.2415,7.9616,151.9898,-90.3848
2005-06-01,415.3,-0.2402,-0.5269,-3.3062,-4.8568,-7.2577,6.9534,151.6247,-90.4079
2005-06-02,422.7,1.7819,0.9312,-0.9374,-2.3562,-5.9203,8.8591,154.3264,-90.237
2005-06-03,423.7,0.2366,1.3636,-1.2354,-2.1026,-6.6123,7.293,154.6915,-90.2139
2005-06-06,426.5,0.6608,1.596,-0.7678,-0.7909,-5.4952,8.2487,155.7138,-90.1492
2005-06-07,424.8,-0.3986,2.0418,-0.3051,-2.1649,-6.4317,7.6533,155.0931,-90.1885
2005-06-08,424.7,-0.0235,2.2634,-0.3519,-2.3678,-5.706,8.7023,155.0566,-90.1908
2005-06-09,424.2,-0.1177,0.3549,-0.7022,-3.6566,-6.9737,9.3017,154.874,-90.2023
2005-06-10,427.4,0.7544,0.8733,0.0468,-3.325,-5.9005,9.3374,156.0424,-90.1284
2005-06-13,429.3,0.4445,0.6565,1.8264,-3.0488,-5.0221,9.0147,156.736,-90.0845
2005-06-14,427.5,-0.4193,0.6356,1.7373,-4.1909,-2.2187,9.335,156.0789,-90.1261
2005-06-15,429.1,0.3743,1.036,2.435,-2.7205,-1.5374,11.5995,156.663,-90.0892
2005-06-16,436.2,1.6546,2.8289,4.0057,-1.066,0.5301,13.0345,159.2552,-89.9252
2005-06-17,438.3,0.4814,2.5503,3.9858,-1.217,-0.1367,14.2596,160.0219,-89.8767
2005-06-20,438.4,0.0228,2.1197,4.2568,-0.0684,0.5735,12.9606,160.0584,-89.8744
2005-06-21,438.9,0.1141,2.6667,5.1509,-0.0911,-0.431,14.1186,160.241,-89.8628
2005-06-22,438.1,-0.1823,2.0974,5.1608,1.6238,0.2747,12.6511,159.9489,-89.8813
2005-06-23,441.7,0.8217,1.2609,5.7964,2.4113,0.0226,11.7945,161.2632,-89.7981
2005-06-24,440.5,-0.2717,0.5019,5.1815,3.5983,-0.4295,11.802,160.8251,-89.8259
2005-06-27,440.3,-0.0454,0.4334,5.3349,3.6732,-0.3395,11.4684,160.7521,-89.8305
2005-06-28,436.4,-0.8858,-0.5696,3.9543,2.4654,-0.8858,10.481,159.3282,-89.9205
2005-06-30,435.9,-0.1146,-0.5022,4.7081,2.3239,-1.3578,8.1369,159.1457,-89.9321
2005-07-01,427.8,-1.8582,-3.1469,3.0099,-0.2099,-3.9084,6.1802,156.1884,-90.1192
2005-07-05,422.9,-1.1454,-3.9955,0.0473,-0.7044,-4.8166,5.4613,154.3994,-90.2324
2005-07-06,423.5,0.1419,-3.8156,-0.0472,-0.0944,-2.867,7.8981,154.6185,-90.2185
2005-07-07,423.3,-0.0472,-3.0018,-0.7503,-0.2827,-3.2457,7.8197,154.5455,-90.2231
2005-07-08,422.9,-0.0945,-2.9823,-0.4473,-0.9834,-1.3529,6.7929,154.3994,-90.2324
2005-07-11,425.5,0.6148,-0.5376,0.1884,-0.2345,-0.7001,6.829,155.3487,-90.1723
2005-07-12,426.3,0.188,0.804,0.495,-0.1405,-0.0703,8.5838,155.6407,-90.1538
2005-07-13,423.9,-0.563,0.0944,-0.8189,-1.0966,0.6888,5.3691,154.7645,-90.2093
2005-07-14,419.6,-1.0144,-0.8741,-2.2595,-1.8709,0.1671,2.8936,153.1946,-90.3086
2005-07-15,420.7,0.2622,-0.5202,-1.5906,-2.0033,0.3818,3.2393,153.5962,-90.2832
2005-07-18,420.5,-0.0475,-1.1751,-2.0042,-0.8255,-0.3318,3.0385,153.5232,-90.2878
2005-07-19,419.7,-0.1902,-1.5482,-3.7827,-1.2238,-1.502,4.403,153.2311,-90.3063
2005-07-20,421.7,0.4765,-0.519,-3.7874,-1.3567,-0.6596,4.0207,153.9613,-90.2601
2005-07-21,425.4,0.8774,1.3823,-2.9653,-1.7325,0.6387,5.2449,155.3122,-90.1746
2005-07-22,424.7,-0.1645,0.9508,-3.2354,-2.4351,0.3544,4.4516,155.0566,-90.1908
2005-07-25,425.7,0.2355,1.2366,-2.8304,-1.6859,0.6383,4.9556,155.4217,-90.1677
2005-07-26,423.4,-0.5403,0.8816,-4.1431,-2.5098,0.2367,5.3496,154.582,-90.2208
2005-07-27,424.7,0.307,0.7114,-3.5868,-2.278,-0.4687,6.9504,155.0566,-90.1908
2005-07-28,427.3,0.6122,0.4466,-2.9525,-2.4206,0.0937,8.1225,156.0058,-90.1307
2005-07-29,429.9,0.6085,1.2244,-1.4895,-0.7159,1.872,10.0896,156.9551,-90.0707
2005-08-01,431.9,0.4652,1.4564,-0.9176,-0.7126,1.1712,10.6585,157.6853,-90.0245
2005-08-02,431.9,0.0,2.0076,0.9584,0.5588,1.3136,11.6021,157.6853,-90.0245
2005-08-03,436.9,1.1577,2.8726,3.3105,2.3904,2.6069,12.3136,159.5108,-89.909
2005-08-04,437.9,0.2289,2.4807,3.4002,2.0746,3.817,13.1525,159.8759,-89.8859
2005-08-05,437.2,-0.1598,1.6981,3.2837,1.7217,3.8973,11.8159,159.6203,-89.9021
2005-08-08,434.7,-0.5718,0.6483,2.7903,2.0183,3.2296,10.9778,158.7076,-89.9598
2005-08-09,434.2,-0.115,0.5325,2.0447,1.8771,4.2247,10.203,158.525,-89.9714
2005-08-10,436.5,0.5297,-0.0916,2.3927,2.177,5.4348,11.2953,159.3647,-89.9182
2005-08-11,445.5,2.0619,1.7356,5.0955,4.2837,7.7128,13.5611,162.6506,-89.7104
2005-08-12,445.9,0.0898,1.9899,6.2679,5.7638,8.0708,11.5308,162.7966,-89.7011
2005-08-15,442.2,-0.8298,1.7253,5.1105,5.2356,7.0962,10.3569,161.4458,-89.7866
2005-08-16,446.1,0.882,2.7407,6.088,6.4932,6.9271,11.525,162.8697,-89.6965
2005-08-17,439.9,-1.3898,0.7789,4.813,4.8879,4.6136,11.2263,160.6061,-89.8397
2005-08-18,439.5,-0.0909,-1.3468,4.221,4.2705,3.2175,11.4634,160.46,-89.8489
2005-08-19,437.2,-0.5233,-1.9511,2.7739,3.9715,2.6532,9.6014,159.6203,-89.9021
2005-08-22,438.1,0.2059,-0.9272,3.1552,4.9593,2.9612,8.7367,159.9489,-89.8813
2005-08-23,439.4,0.2967,-1.5019,3.2182,5.4729,2.8317,8.6548,160.4235,-89.8513
2005-08-24,437.3,-0.4779,-0.591,3.2829,4.7425,2.3882,8.1623,159.6568,-89.8998
2005-08-25,438.4,0.2515,-0.2503,3.2258,4.68,0.8976,7.6885,160.0584,-89.8744
2005-08-26,437.4,-0.2281,0.0457,2.3637,4.6411,0.5748,5.8567,159.6933,-89.8975
2005-08-29,437.0,-0.0914,-0.2511,1.6515,4.0972,0.5754,6.4555,159.5473,-89.9067
2005-08-30,431.2,-1.3272,-1.8662,-0.1621,3.5792,-0.8508,6.9975,157.4297,-90.0407
2005-08-31,433.8,0.603,-0.8004,0.4399,4.4546,-0.6186,6.3496,158.379,-89.9806
2005-09-01,442.3,1.9594,0.8896,1.236,4.6369,2.1714,8.5665,161.4823,-89.7843
2005-09-02,444.2,0.4296,1.5546,1.4387,4.8383,2.634,10.1413,162.176,-89.7404
2005-09-06,444.4,0.045,1.6934,1.6468,4.197,3.3729,8.975,162.249,-89.7358
2005-09-07,444.9,0.1125,3.1772,2.3464,4.7316,2.4643,8.4064,162.4315,-89.7242
2005-09-08,446.7,0.4046,2.9737,2.8789,5.1801,2.6897,9.271,163.0887,-89.6826
2005-09-09,449.0,0.5149,1.5148,2.8637,5.8463,1.9759,10.5911,163.9284,-89.6295
2005-09-12,449.7,0.1559,1.2382,0.9428,5.2176,1.7191,12.2846,164.184,-89.6134
2005-09-13,446.1,-0.8005,0.3825,0.0449,3.9134,0.7453,12.2547,162.8697,-89.6965
2005-09-14,449.8,0.8294,1.1014,1.7187,5.2164,0.8068,12.6189,164.2205,-89.6111
2005-09-15,455.5,1.2672,1.97,2.1071,6.1524,3.2646,14.3036,166.3016,-89.4794
2005-09-16,459.5,0.8782,2.3385,4.4556,5.3416,4.2186,14.3319,167.762,-89.387
2005-09-19,466.7,1.5669,3.7803,6.1889,6.4796,5.1837,15.4912,170.3907,-89.2207
2005-09-20,466.2,-0.1071,4.5057,6.6331,6.3412,6.2685,14.9125,170.2081,-89.2323
2005-09-21,468.9,0.5791,4.2463,7.0304,6.8353,6.738,15.7778,171.1939,-89.1699
2005-09-22,466.6,-0.4905,2.4369,6.1903,6.5054,8.2347,15.2953,170.3541,-89.223
2005-09-23,463.5,-0.6644,0.8705,5.9913,4.9355,7.4658,14.2188,169.2223,-89.2946
2005-09-26,465.9,0.5178,-0.1714,6.2728,5.7662,9.572,14.9519,170.0986,-89.2392
2005-09-27,462.6,-0.7083,-0.7722,5.7613,5.0647,8.9239,13.299,168.8938,-89.3154
2005-09-28,469.7,1.5348,0.1706,7.4828,7.6306,10.2841,15.3487,171.486,-89.1514
2005-09-29,472.2,0.5323,1.2002,9.5083,8.3276,10.8451,14.9185,172.3987,-89.0937
2005-09-30,469.0,-0.6777,1.1866,8.1143,9.6307,9.4005,14.9228,171.2304,-89.1676
2005-10-03,466.1,-0.6183,0.0429,5.381,10.2152,9.4388,13.933,170.1716,-89.2346
2005-10-04,466.1,0.0,0.7566,4.9302,10.059,9.9552,12.9939,170.1716,-89.2346
2005-10-05,466.1,0.0,-0.7664,4.883,10.111,9.7998,12.8571,170.1716,-89.2346
2005-10-06,471.9,1.2444,-0.0635,6.0688,11.5867,10.4893,12.706,172.2892,-89.1006
2005-10-07,474.7,0.5933,1.2154,6.2682,11.5629,11.3013,13.1585,173.3114,-89.0359
2005-10-10,475.1,0.0843,1.9309,5.8129,11.4473,11.2907,14.7585,173.4575,-89.0267
2005-10-11,477.1,0.421,2.36,6.0929,12.5501,11.3159,14.0842,174.1877,-88.9805
2005-10-12,473.9,-0.6707,1.6735,6.2318,12.9409,10.8279,13.2648,173.0194,-89.0544
2005-10-13,471.1,-0.5908,-0.1695,4.7354,11.98,9.7368,12.7034,171.9971,-89.1191
2005-10-14,469.2,-0.4033,-1.1586,3.0077,11.5815,10.6604,10.8958,171.3034,-89.163
2005-10-17,474.1,1.0443,-0.2105,3.1774,12.9616,11.5792,12.346,173.0924,-89.0498
2005-10-18,472.1,-0.4219,-1.048,1.1571,11.9516,10.4327,13.7316,172.3622,-89.096
2005-10-19,463.5,-1.8216,-2.1946,-0.5792,8.9563,7.0686,12.1733,169.2223,-89.2946
2005-10-20,461.0,-0.5394,-2.1439,-1.6848,8.5472,5.904,10.2607,168.3096,-89.3524
2005-10-21,467.0,1.3015,-0.4689,0.0857,9.7017,7.8522,11.5357,170.5002,-89.2138
2005-10-24,465.0,-0.4283,-1.9194,0.3236,9.8252,7.0688,11.7251,169.77,-89.26
2005-10-25,472.8,1.6774,0.1483,1.481,11.3256,8.7897,12.4911,172.6177,-89.0798
2005-10-26,471.2,-0.3384,1.6613,1.8591,10.2738,7.6045,11.2633,172.0336,-89.1168
2005-10-27,473.8,0.5518,2.7766,0.8729,10.2117,9.4226,11.64,172.9828,-89.0567
2005-10-28,473.0,-0.1688,1.2848,0.1694,9.5161,8.7356,11.399,172.6908,-89.0752
2005-10-31,465.1,-1.6702,0.0215,-0.8316,7.687,8.2887,8.4149,169.8065,-89.2577
2005-11-01,458.8,-1.3546,-2.9611,-1.5662,5.0126,7.5228,7.4977,167.5064,-89.4032
2005-11-02,462.8,0.8718,-1.7827,-0.708,5.6862,7.8788,8.9454,168.9668,-89.3108
2005-11-03,460.1,-0.5834,-2.8915,-1.2873,5.2379,7.0498,8.2334,167.981,-89.3732
2005-11-04,456.3,-0.8259,-3.5307,-3.3058,4.9689,7.0875,6.4877,166.5936,-89.4609
2005-11-07,459.0,0.5917,-1.3115,-3.3074,5.7117,7.6959,7.4187,167.5794,-89.3986
2005-11-08,460.9,0.4139,0.4577,-2.9888,5.5899,7.8886,9.7381,168.2731,-89.3547
2005-11-09,466.3,1.1716,0.7563,-2.2637,4.6689,9.1526,9.821,170.2446,-89.23
2005-11-10,466.6,0.0643,1.4127,-1.5404,4.6423,10.6736,8.4864,170.3541,-89.223
2005-11-11,468.3,0.3643,2.6298,-0.5944,5.9023,11.4469,8.0028,170.9748,-89.1838
2005-11-14,468.2,-0.0213,2.0044,-0.2131,4.954,11.7689,8.2043,170.9383,-89.1861
2005-11-15,468.1,-0.0214,1.5622,-1.2656,6.4106,11.6118,7.4363,170.9018,-89.1884
2005-11-16,478.3,2.179,2.5735,1.3133,8.8282,13.4757,10.2074,174.6258,-88.9528
2005-11-17,486.2,1.6517,4.2006,4.8975,11.2077,15.6243,11.7958,177.51,-88.7703
2005-11-18,485.6,-0.1234,3.6942,5.3362,10.8423,16.3392,10.8929,177.291,-88.7842
2005-11-21,489.0,0.7002,4.4425,4.7109,11.2881,17.3788,11.8993,178.5323,-88.7057
2005-11-22,492.6,0.7362,5.2339,5.9355,12.6458,17.988,11.9037,179.8467,-88.6225
2005-11-23,492.1,-0.1015,2.8852,4.0821,12.2491,17.5024,10.634,179.6641,-88.6341
2005-11-28,498.3,1.2599,2.4887,5.7513,13.9232,19.2105,12.5847,181.9277,-88.4909
2005-11-29,499.1,0.1605,2.7801,5.3398,14.2105,18.89,11.7055,182.2198,-88.4724
2005-11-30,494.6,-0.9016,1.1452,4.5666,14.7032,18.8086,10.205,180.5769,-88.5763
2005-12-01,502.5,1.5972,2.0097,8.0413,15.8368,20.9969,12.2153,183.4611,-88.3938
2005-12-02,503.3,0.1592,2.276,9.6992,13.7915,19.0679,12.0187,183.7532,-88.3754
2005-12-05,508.9,1.1127,2.1272,9.9611,14.5655,20.1086,12.1666,185.7977,-88.246
2005-12-06,510.2,0.2555,2.224,10.8889,14.8065,19.6249,13.0512,186.2724,-88.216
2005-12-07,514.3,0.8036,3.983,12.7109,15.599,21.0687,13.2819,187.7693,-88.1213
2005-12-08,519.3,0.9722,3.3433,13.1373,16.2525,22.2745,15.2975,189.5947,-88.0058
2005-12-09,527.0,1.4828,4.7089,14.3415,17.3719,24.2338,15.5702,192.406,-87.828
2005-12-12,528.4,0.2657,3.8318,13.3176,17.5006,23.6313,16.3364,192.9171,-87.7956
2005-12-13,521.0,-1.4005,2.1168,11.6588,16.79,21.3604,15.2655,190.2154,-87.9666
2005-12-14,506.5,-2.7831,-1.5166,8.1572,12.6056,18.4795,15.8509,184.9215,-88.3015
2005-12-15,503.9,-0.5133,-2.9655,7.6249,10.6257,17.4318,15.6264,183.9723,-88.3615
2005-12-16,503.4,-0.0992,-4.4782,7.5411,9.5539,15.4058,16.0175,183.7897,-88.3731
2005-12-19,503.6,0.0397,-4.6934,5.2896,7.9066,14.8985,14.7414,183.8627,-88.3684
2005-12-20,494.6,-1.7871,-5.0672,1.7277,6.0918,12.8193,13.4664,180.5769,-88.5763
2005-12-21,493.0,-0.3235,-2.6654,1.5239,5.1397,12.3263,11.8421,179.9927,-88.6133
2005-12-22,502.7,1.9675,-0.2381,2.8016,7.7368,14.7455,15.0607,183.5341,-88.3892
2005-12-23,503.0,0.0597,-0.0795,2.1112,8.5221,13.8782,13.904,183.6437,-88.3823
2005-12-27,508.0,0.994,0.8737,3.231,9.0363,15.3235,14.8282,185.4692,-88.2668
2005-12-28,514.2,1.2205,3.9628,3.1909,11.1543,16.784,16.3875,187.7328,-88.1236
2005-12-29,515.7,0.2917,4.6045,3.326,9.7935,18.1714,17.1247,188.2804,-88.089
2005-12-30,517.1,0.2715,2.8645,4.5491,9.5087,18.6281,17.0174,188.7915,-88.0566
2006-01-03,530.7,2.6301,5.507,5.6119,13.1557,24.0533,19.2049,193.7569,-87.7425
2006-01-04,533.9,0.603,5.0984,6.0799,14.5462,26.2473,20.1666,194.9252,-87.6686
2006-01-05,526.3,-1.4235,2.3532,3.4191,12.9157,24.2739,20.711,192.1504,-87.8441
2006-01-06,539.7,2.5461,4.6539,5.782,15.7906,27.4982,23.36,197.0427,-87.5346
2006-01-09,549.1,1.7417,6.1884,6.7665,16.3594,29.8416,28.0849,200.4746,-87.3175
2006-01-10,544.3,-0.8742,2.5626,4.8142,14.6619,27.9201,27.0245,198.7222,-87.4284
2006-01-11,548.8,0.8267,2.7908,4.1366,15.5125,28.7356,28.6451,200.3651,-87.3245
2006-01-12,548.3,-0.0911,4.1801,3.7661,14.9235,29.3465,30.2375,200.1825,-87.336
2006-01-13,556.1,1.4226,3.0387,6.737,17.3454,32.531,32.7524,203.0303,-87.1559
2006-01-17,553.4,-0.4855,0.7831,9.2596,17.4698,31.5427,32.0449,202.0446,-87.2182
2006-01-18,543.7,-1.7528,-0.1102,7.8984,15.8781,29.2985,28.8694,198.5031,-87.4423
2006-01-19,558.4,2.7037,1.7493,10.9257,17.7811,33.0474,31.0491,203.87,-87.1027
2006-01-20,553.5,-0.8775,0.9484,9.9087,17.2421,31.2544,30.3887,202.0811,-87.2159
2006-01-23,558.3,0.8672,0.3956,12.8791,20.4531,31.2412,32.0795,203.8335,-87.105
2006-01-24,557.7,-0.1075,0.777,13.1237,20.9761,31.3162,31.7817,203.6145,-87.1189
2006-01-25,562.2,0.8069,3.4026,11.8361,20.3854,32.0648,32.9078,205.2574,-87.015
2006-01-26,559.7,-0.4447,0.2328,11.2724,20.3656,32.1918,32.5047,204.3447,-87.0727
2006-01-27,558.7,-0.1787,0.9395,9.9803,18.1684,31.5517,30.9351,203.9796,-87.0958
2006-01-30,565.8,1.2708,1.3434,10.035,20.0764,32.4128,32.5369,206.5717,-86.9318
2006-01-31,570.8,0.8837,2.3489,10.6845,20.4728,32.7751,35.2607,208.3972,-86.8163
2006-02-01,569.4,-0.2453,1.2807,10.1141,20.3806,31.8361,33.3802,207.8861,-86.8487
2006-02-02,572.5,0.5444,2.2869,7.8764,23.0918,32.5538,34.2951,209.0179,-86.7771
2006-02-03,567.4,-0.8908,1.5572,6.2746,23.6705,29.8695,33.2551,207.1559,-86.8949
2006-02-06,570.2,0.4935,0.7777,8.3413,23.2066,30.2124,35.1826,208.1782,-86.8302
2006-02-07,551.0,-3.3672,-3.4688,2.0938,19.7566,26.0293,30.9411,201.1683,-87.2737
2006-02-08,550.1,-0.1633,-3.3895,0.1821,20.5566,26.547,30.634,200.8397,-87.2944
2006-02-09,564.5,2.6177,-1.3974,3.7112,22.9847,30.0092,35.5017,206.0971,-86.9618
2006-02-10,550.2,-2.5332,-3.0314,0.2551,19.3751,26.0481,32.8986,200.8762,-87.2921
2006-02-13,539.0,-2.0356,-5.4718,-1.6961,15.5908,20.9877,30.3191,196.7872,-87.5508
2006-02-14,545.9,1.2802,-0.9256,-1.8342,16.9953,22.4266,32.3073,199.3063,-87.3914
2006-02-15,539.7,-1.1357,-1.8906,-2.4756,15.2466,22.0488,30.7096,197.0427,-87.5346
2006-02-16,546.0,1.1673,-3.2772,0.423,16.6168,22.3941,30.8725,199.3428,-87.3891
2006-02-17,551.8,1.0623,0.2908,-1.182,17.8808,25.4376,31.2247,201.4604,-87.2552
2006-02-21,553.9,0.3806,2.7644,0.0723,15.806,26.0296,30.0846,202.2271,-87.2067
2006-02-22,553.9,0.0,1.4655,-0.7881,13.9243,26.6926,30.054,202.2271,-87.2067
2006-02-23,548.4,-0.993,1.612,-1.6676,12.9325,25.1769,28.8837,200.2191,-87.3337
2006-02-24,558.8,1.8964,2.3443,-0.6048,14.274,27.1734,30.7746,204.0161,-87.0935
2006-02-27,554.7,-0.7337,0.5256,-0.8933,12.6066,26.8466,29.8759,202.5192,-87.1882
2006-02-28,561.6,1.2439,1.3901,0.5191,14.1231,28.1022,29.252,205.0383,-87.0288
2006-03-01,563.5,0.3383,1.7332,-0.4065,13.0845,28.8294,29.57,205.732,-86.9849
2006-03-02,568.2,0.8341,3.6105,-0.4555,13.8449,30.0229,30.771,207.448,-86.8764
2006-03-03,566.0,-0.3872,1.2885,-0.5971,14.4359,31.2616,30.1449,206.6448,-86.9272
2006-03-06,554.9,-1.9611,0.0361,-3.0742,10.4279,27.9161,27.1249,202.5922,-87.1836
2006-03-07,552.7,-0.3965,-1.5848,-2.5908,9.8152,24.9604,27.6738,201.789,-87.2344
2006-03-08,542.5,-1.8455,-3.7267,-4.8579,6.6025,22.1297,25.3466,198.065,-87.47
2006-03-09,545.5,0.553,-3.9951,-0.9982,6.9189,22.7498,26.89,199.1603,-87.4007
2006-03-10,539.9,-1.0266,-4.6113,-1.8542,4.9776,21.3531,24.3436,197.1157,-87.53
2006-03-13,546.1,1.1484,-1.5859,-3.2595,5.1608,22.2521,25.5402,199.3793,-87.3868
2006-03-14,551.7,1.0255,-0.1809,0.2726,4.6869,22.8731,25.3009,201.4239,-87.2575
2006-03-15,553.1,0.2538,1.9539,2.616,4.6745,22.9931,25.1074,201.935,-87.2251
2006-03-16,554.4,0.235,1.6315,1.5571,6.4108,24.2771,25.2033,202.4097,-87.1951
2006-03-17,554.1,-0.0541,2.6301,2.6681,9.3978,23.1881,24.182,202.3001,-87.2021
2006-03-20,555.2,0.1985,1.6664,1.685,10.1806,21.888,25.8672,202.7017,-87.1766
2006-03-21,552.4,-0.5043,0.1269,0.1087,9.7338,20.2176,25.2892,201.6795,-87.2413
2006-03-22,550.9,-0.2715,-0.3977,-0.5416,9.3924,18.0416,24.1605,201.1318,-87.276
2006-03-23,550.1,-0.1452,-0.7756,-0.6861,11.2212,17.9966,25.3932,200.8397,-87.2944
2006-03-24,560.0,1.7997,1.0648,2.1152,13.5903,19.4285,27.4755,204.4542,-87.0658
2006-03-27,567.0,1.25,2.1254,1.4674,12.7909,21.5174,31.524,207.0099,-86.9041
2006-03-28,566.6,-0.0706,2.5706,2.1453,12.6441,22.2438,31.3703,206.8638,-86.9133
2006-03-29,573.0,1.1295,4.0116,2.0299,12.7953,22.9878,34.7601,209.2004,-86.7655
2006-03-30,586.7,2.3909,6.6533,4.1171,14.0996,26.8266,38.1446,214.2023,-86.4491
2006-03-31,581.8,-0.8352,3.8929,2.3935,12.8175,23.8663,36.6048,212.4133,-86.5623
2006-04-03,589.4,1.3063,3.9506,4.1343,13.9818,24.82,38.3568,215.188,-86.3867
2006-04-04,586.0,-0.5769,3.4239,5.6046,10.4202,24.9467,36.6923,213.9467,-86.4653
2006-04-05,587.9,0.3242,2.6004,6.3687,10.1143,26.1317,38.0371,214.6404,-86.4214
2006-04-06,595.2,1.2417,1.4488,9.7143,13.0914,27.6979,40.4105,217.3056,-86.2528
2006-04-07,588.4,-1.1425,1.1344,7.8643,9.0235,26.239,38.6101,214.8229,-86.4098
2006-04-10,597.6,1.5636,1.3912,10.6872,8.8326,26.637,39.9204,218.1818,-86.1973
2006-04-11,595.2,-0.4016,1.57,8.991,9.3515,25.3845,39.5545,217.3056,-86.2528
2006-04-12,597.5,0.3864,1.6329,8.3016,8.8739,25.763,39.9625,218.1453,-86.1996
2006-04-13,596.5,-0.1674,0.2184,7.8467,8.7908,25.0262,39.1741,217.7802,-86.2227
2006-04-17,615.4,3.1685,4.5887,11.0029,10.6636,29.8586,43.9196,224.6806,-85.7862
2006-04-18,620.0,0.7475,3.7483,11.8932,12.0347,31.6069,44.4212,226.36,-85.68
2006-04-19,632.6,2.0323,6.2836,13.9409,16.3509,34.8252,49.1981,230.9602,-85.389
2006-04-20,619.8,-2.0234,3.7322,12.2013,10.9957,30.7319,45.8696,226.287,-85.6846
2006-04-21,632.2,2.0006,5.9849,14.7577,14.2186,33.9123,47.883,230.8142,-85.3982
2006-04-24,620.6,-1.8349,0.845,12.8159,11.1589,33.8943,43.3587,226.579,-85.6661
2006-04-25,631.0,1.6758,1.7742,12.6786,13.1433,36.8764,44.9575,230.3761,-85.4259
2006-04-26,638.8,1.2361,0.9801,12.6631,13.625,36.788,47.5289,233.2238,-85.2458
2006-04-27,633.3,-0.861,2.1781,11.772,13.1499,36.1935,45.8209,231.2158,-85.3728
2006-04-28,651.8,2.9212,3.1003,13.7522,16.6637,37.8596,49.977,237.9701,-84.9455
2006-05-01,657.5,0.8745,5.9459,12.0675,16.2071,39.5373,50.1484,240.0511,-84.8138
2006-05-02,664.7,1.0951,5.3407,14.2489,16.4506,40.2913,53.5104,242.6798,-84.6475
2006-05-03,665.9,0.1805,4.2423,12.9793,16.9477,40.7822,53.0805,243.1179,-84.6198
2006-05-04,674.2,1.2464,6.4582,15.0512,17.7642,44.9581,56.9732,246.1482,-84.4281
2006-05-05,682.2,1.1866,4.664,16.0401,20.2326,48.6922,59.8781,249.069,-84.2433
2006-05-08,677.8,-0.645,3.0875,13.8777,18.8706,46.4564,57.9953,247.4626,-84.345
2006-05-09,699.4,3.1868,5.2204,18.8647,26.9329,52.0104,62.7269,255.3487,-83.8461
2006-05-10,703.7,0.6148,5.6765,17.7544,27.9222,54.2187,65.149,256.9186,-83.7468
2006-05-11,719.8,2.2879,6.7636,20.9341,27.5111,56.8192,68.8878,262.7966,-83.3749
2006-05-12,710.3,-1.3198,4.119,18.8787,29.0985,54.1115,66.2687,259.3282,-83.5943
2006-05-15,683.6,-3.759,0.8557,14.6018,26.8275,46.6009,60.0187,249.5801,-84.211
2006-05-16,691.5,1.1557,-1.1295,12.3659,26.6715,48.1997,64.018,252.4644,-84.0285
2006-05-17,690.5,-0.1446,-1.8758,11.371,27.9414,47.4482,64.3265,252.0993,-84.0516
2006-05-18,679.6,-1.5786,-5.5849,7.4297,24.4689,45.1516,62.2344,248.1197,-84.3034
2006-05-19,656.7,-3.3696,-7.5461,5.9535,19.0105,40.2905,56.5808,239.759,-84.8323
2006-05-22,657.0,0.0457,-3.8912,3.9228,18.6135,37.3615,55.8719,239.8686,-84.8254
2006-05-23,673.0,2.4353,-2.6753,8.4434,21.5021,38.4204,60.0476,245.7101,-84.4558
2006-05-24,637.0,-5.3492,-7.748,0.9509,16.1561,31.1779,52.6114,232.5666,-85.2873
2006-05-25,648.4,1.7896,-4.5909,1.5028,16.0344,32.5971,55.6409,236.7287,-85.024
2006-05-26,650.9,0.3856,-0.8832,2.7791,17.3427,32.1356,55.9042,237.6415,-84.9663
2006-05-30,653.9,0.4609,-0.4718,0.3222,16.4352,32.8795,56.1366,238.7368,-84.897
2006-05-31,642.5,-1.7434,-4.5319,-2.2814,14.0195,28.9384,53.7081,234.5747,-85.1603
2006-06-01,627.6,-2.3191,-1.4757,-5.5815,10.4541,25.7463,49.4998,229.1347,-85.5044
2006-06-02,635.5,1.2588,-1.9895,-4.5653,12.2792,28.4877,52.6543,232.019,-85.322
2006-06-05,643.2,1.2116,-1.183,-4.598,15.9128,28.0,54.876,234.8302,-85.1441
2006-06-06,629.4,-2.1455,-3.7468,-7.7397,13.8773,25.0546,48.8999,229.7919,-85.4629
2006-06-07,627.4,-0.3178,-2.3502,-7.4358,15.6498,23.2855,48.0765,229.0617,-85.5091
2006-06-08,609.1,-2.9168,-2.9477,-12.9111,11.659,19.3845,42.8136,222.3804,-85.9317
2006-06-09,608.2,-0.1478,-4.2958,-13.5711,12.6505,18.2578,43.1733,222.0519,-85.9525
2006-06-12,606.8,-0.2302,-5.6592,-15.6988,11.1152,16.8496,42.8773,221.5407,-85.9848
2006-06-13,562.5,-7.3006,-10.6292,-20.8081,1.9576,6.7362,32.6025,205.3669,-87.008
2006-06-14,562.3,-0.0356,-10.3762,-17.7443,1.6634,6.4156,31.5629,205.2939,-87.0127
2006-06-15,566.5,0.7469,-6.9939,-18.0766,2.1825,8.7332,31.959,206.8273,-86.9157
2006-06-16,578.0,2.03,-4.9655,-16.2925,4.3133,14.1165,35.2047,211.0259,-86.65
2006-06-19,568.8,-1.5917,-6.2624,-16.3037,2.4496,12.8795,32.5565,207.667,-86.8625
2006-06-20,576.9,1.4241,2.56,-12.1517,4.4352,14.6007,32.2558,210.6243,-86.6754
2006-06-21,587.5,1.8374,4.4816,-10.5784,6.6437,16.66,34.0406,214.4943,-86.4306
2006-06-22,582.2,-0.9021,2.7714,-13.4918,5.8353,17.7113,32.8011,212.5593,-86.553
2006-06-23,584.8,0.4466,1.1765,-8.1947,4.4286,18.6207,33.2422,213.5086,-86.493
2006-06-26,584.8,0.0,2.8129,-9.8088,3.1393,16.3318,33.4855,213.5086,-86.493
2006-06-27,581.6,-0.5472,0.8147,-10.6468,2.6474,15.6262,31.6731,212.3403,-86.5669
2006-06-28,578.3,-0.5674,-1.566,-11.5614,0.925,13.8386,31.2826,211.1355,-86.6431
2006-06-29,586.5,1.418,0.7386,-8.716,-0.0341,14.0607,33.2046,214.1292,-86.4537
2006-06-30,613.5,4.6036,4.9077,-2.2467,5.4486,18.9645,40.582,223.9869,-85.8301
2006-07-05,627.3,2.2494,7.2674,-1.2903,6.4303,21.3112,43.9092,229.0252,-85.5114
2006-07-06,634.1,1.084,9.0268,-1.4148,8.2082,19.4837,48.2235,231.5078,-85.3543
2006-07-07,632.8,-0.205,9.4242,0.5402,7.6373,18.5241,49.6335,231.0332,-85.3843
2006-07-10,624.1,-1.3748,6.4109,-0.526,4.8555,18.5826,47.3672,227.8569,-85.5853
2006-07-11,641.2,2.74,4.5151,5.2701,8.9735,18.8067,51.4765,234.1,-85.1903
2006-07-12,649.4,1.2789,3.523,6.7741,8.668,18.2663,53.5588,237.0938,-85.0009
2006-07-13,652.9,0.539,2.9648,7.5972,9.6942,19.9522,53.443,238.3717,-84.9201
2006-07-14,666.6,2.0983,5.3413,18.5067,11.5648,21.465,56.3688,243.3735,-84.6037
2006-07-17,650.6,-2.4002,4.2461,15.7034,9.0696,18.6577,53.4796,237.5319,-84.9732
2006-07-18,628.3,-3.4276,-2.0119,10.9091,2.0962,12.9833,49.7378,229.3903,-85.4883
2006-07-19,641.6,2.1168,-1.2011,11.0035,3.4839,15.9378,52.5077,234.2461,-85.1811
2006-07-20,631.7,-1.543,-3.2471,11.0584,-0.1423,16.1854,50.2259,230.6316,-85.4097
2006-07-21,619.6,-1.9155,-7.0507,7.4016,-0.0323,10.9599,47.6292,226.2139,-85.6892
2006-07-24,612.7,-1.1136,-5.8254,4.2894,-3.0845,10.6956,45.2929,223.6948,-85.8486
2006-07-25,617.6,0.7997,-1.703,6.0804,-0.4834,10.6215,45.181,225.4837,-85.7354
2006-07-26,621.6,0.6477,-3.1172,6.2927,-1.4897,11.4578,46.3621,226.9441,-85.643
2006-07-27,632.4,1.7375,0.1108,8.1395,-1.0019,12.4867,48.5553,230.8872,-85.3936
2006-07-28,634.8,0.3795,2.4532,9.1472,0.2369,13.4179,49.9291,231.7634,-85.3381
2006-07-31,634.2,-0.0945,3.5091,9.6663,-2.7002,13.5135,49.3289,231.5444,-85.352
2006-08-01,646.3,1.9079,4.647,10.1961,-1.7034,14.2276,51.252,235.962,-85.0725
2006-08-02,651.6,0.8201,4.8263,6.2103,-1.9708,14.1556,51.5701,237.897,-84.9501
2006-08-03,644.9,-1.0282,1.9766,2.8057,-3.1536,13.2596,49.317,235.4509,-85.1049
2006-08-04,644.0,-0.1396,1.4493,1.5613,-4.4794,12.4891,49.1086,235.1223,-85.1256
2006-08-07,647.8,0.5901,2.1444,2.3704,-5.0425,14.1699,48.2719,236.5097,-85.0379
2006-08-08,645.7,-0.3242,-0.0928,3.461,-4.7359,13.241,47.4538,235.743,-85.0864
2006-08-09,650.5,0.7434,-0.1688,1.4504,-6.9917,18.0581,48.7877,237.4954,-84.9755
2006-08-10,634.9,-2.3982,-1.5506,-2.2328,-9.7769,15.4154,46.0548,231.7999,-85.3358
2006-08-11,633.5,-0.2205,-1.6304,-2.9714,-11.9894,12.2232,45.9005,231.2888,-85.3682
2006-08-14,628.5,-0.7893,-2.9793,-5.7156,-11.5163,14.2312,43.9863,229.4633,-85.4836
2006-08-15,622.5,-0.9547,-3.593,-4.3191,-8.938,15.4917,39.7306,227.2727,-85.6222
2006-08-16,628.7,0.996,-3.3513,0.0637,-9.0817,15.1676,40.9957,229.5363,-85.479
2006-08-17,615.4,-2.1155,-3.0713,-4.0835,-10.8762,14.0263,39.1678,224.6806,-85.7862
2006-08-18,612.1,-0.5362,-3.3781,-3.1027,-9.9323,12.1062,37.2114,223.4757,-85.8624
2006-08-21,625.7,2.2219,-0.4455,0.9845,-4.7206,13.3925,42.2369,228.441,-85.5483
2006-08-22,624.6,-0.1758,0.3373,1.9422,-4.9315,12.764,42.116,228.0394,-85.5737
2006-08-23,623.7,-0.1441,-0.7953,0.9877,-7.3254,12.6015,42.6578,227.7109,-85.5945
2006-08-24,619.5,-0.6734,0.6662,-0.3378,-2.7473,12.965,41.4061,226.1774,-85.6915
2006-08-25,622.0,0.4036,1.6174,-1.6445,-4.0716,11.31,41.5567,227.0902,-85.6338
2006-08-28,615.3,-1.0772,-1.6621,-3.0718,-5.4694,10.9248,40.7043,224.644,-85.7885
2006-08-29,610.7,-0.7476,-2.2254,-3.7055,-6.6065,8.7429,39.302,222.9646,-85.8948
2006-08-30,617.7,1.1462,-0.962,-4.4252,-3.8599,9.6185,41.2209,225.5203,-85.7331
2006-08-31,625.9,1.3275,1.0331,-3.9441,-0.2709,10.1549,43.2266,228.5141,-85.5437
2006-09-01,624.4,-0.2397,0.3859,-3.1788,-1.7467,10.318,44.8052,227.9664,-85.5783
2006-09-04,624.4,0.0,1.479,-3.0435,-2.9229,12.5248,43.9373,227.9664,-85.5783
2006-09-05,638.5,2.2582,4.5522,-1.4356,1.4458,15.5238,44.359,233.1143,-85.2527
2006-09-06,633.5,-0.7831,2.5579,-1.8894,0.9723,16.7742,42.6159,231.2888,-85.3682
2006-09-07,617.0,-2.6046,-1.422,-5.1499,1.297,13.1072,38.8389,225.2647,-85.7493
2006-09-08,609.6,-1.1994,-2.3703,-3.9849,0.2302,12.9098,37.0196,222.563,-85.9202
2006-09-11,590.0,-3.2152,-5.5093,-6.8666,-2.7686,8.0388,32.0797,215.4071,-86.3729
2006-09-12,586.9,-0.5254,-8.0814,-6.6189,4.3378,6.3803,30.7127,214.2753,-86.4445
2006-09-13,589.1,0.3748,-7.0087,-5.3655,4.7661,6.5088,30.9984,215.0785,-86.3937
2006-09-14,579.3,-1.6636,-6.1102,-7.8575,2.2595,4.4913,29.8588,211.5005,-86.62
2006-09-15,576.4,-0.5006,-5.4462,-6.3373,-0.2768,4.0246,28.1459,210.4418,-86.687
2006-09-18,586.2,1.7002,-0.6441,-4.2313,3.0591,5.5836,28.6937,214.0197,-86.4606
2006-09-19,576.8,-1.6036,-1.7209,-7.8153,-0.0173,4.4171,25.5277,210.5878,-86.6778
2006-09-20,580.0,0.5548,-1.5447,-7.1406,-1.2766,5.2823,24.2768,211.7561,-86.6038
2006-09-21,582.2,0.3793,0.5006,-6.6538,0.0,5.8353,24.882,212.5593,-86.553
2006-09-22,589.4,1.2367,2.2554,-4.8588,0.7866,5.25,25.6985,215.188,-86.3867
2006-09-25,589.9,0.0848,0.6312,-5.1608,0.8721,4.0388,26.4252,215.3706,-86.3752
2006-09-26,591.2,0.2204,2.4965,-3.9168,1.6506,4.3417,27.5512,215.8452,-86.3452
2006-09-27,597.3,1.0318,2.9828,-2.1942,3.2855,4.2408,28.2035,218.0723,-86.2043
2006-09-28,605.0,1.2891,3.9162,-2.056,3.1543,3.1191,30.7825,220.8835,-86.0264
2006-09-29,598.6,-1.0579,1.5609,-4.3617,-2.4287,2.8876,27.443,218.5469,-86.1742
2006-10-02,597.7,-0.1503,1.3223,-4.2761,-4.7186,1.4082,26.5777,218.2183,-86.195
2006-10-03,576.3,-3.5804,-2.5203,-7.7034,-9.1153,-1.6553,22.8785,210.4053,-86.6893
2006-10-04,562.0,-2.4813,-5.9099,-11.9812,-11.1884,-4.4055,20.575,205.1844,-87.0196
2006-10-05,571.0,1.6014,-5.6198,-9.8658,-8.5082,-4.0659,22.5059,208.4702,-86.8117
2006-10-06,572.4,0.2452,-4.3769,-7.2285,-10.7299,-2.7192,22.8063,208.9814,-86.7794
2006-10-09,578.4,1.0482,-3.229,-5.1181,-10.9332,-3.2128,22.5683,211.172,-86.6408
2006-10-10,571.9,-1.1238,-0.7635,-3.0678,-12.4062,-3.9146,20.4761,208.7988,-86.7909
2006-10-11,572.3,0.0699,1.8327,-2.4877,-14.1464,-4.2176,20.4588,208.9449,-86.7817
2006-10-12,576.3,0.6989,0.9282,-2.1728,-11.4202,-3.3864,20.7923,210.4053,-86.6893
2006-10-13,588.8,2.169,2.8651,1.6399,-6.2868,-4.3224,24.2456,214.969,-86.4006
2006-10-16,594.7,1.002,2.8181,3.1749,-7.3098,-4.0806,26.2365,217.123,-86.2643
2006-10-17,589.7,-0.8408,3.1124,0.5971,-6.6487,-6.7815,25.682,215.2976,-86.3798
2006-10-18,588.9,-0.1357,2.9006,2.0978,-4.9548,-4.9855,24.2143,215.0055,-86.3983
2006-10-19,599.0,1.7151,3.9389,3.2759,-2.236,-5.2515,26.8799,218.693,-86.165
2006-10-20,593.0,-1.0017,0.7133,1.855,-3.9832,-4.4473,27.9396,216.5024,-86.3036
2006-10-23,579.7,-2.2428,-2.5223,-1.6457,-6.7407,-8.13,25.7484,211.6466,-86.6108
2006-10-24,584.4,0.8108,-0.8988,-0.9324,-7.5901,-8.516,25.1392,213.3626,-86.5022
2006-10-25,587.6,0.5476,-0.2208,-0.6089,-7.4354,-7.2162,26.3656,214.5308,-86.4283
2006-10-26,596.8,1.5657,-0.3673,-0.0837,-5.8972,-8.4382,26.2267,217.8897,-86.2158
2006-10-27,598.2,0.2346,0.8769,-1.124,-7.4424,-9.019,26.9525,218.4009,-86.1835
2006-10-30,604.7,1.0866,4.3126,1.0191,-7.1977,-9.0266,27.6277,220.774,-86.0334
2006-10-31,604.1,-0.0992,3.371,1.0708,-6.3266,-9.2807,27.7167,220.5549,-86.0472
2006-11-01,616.6,2.0692,4.9353,6.9929,-4.2547,-8.5435,32.5736,225.1187,-85.7585
2006-11-02,625.4,1.4272,4.7922,11.2811,-3.4579,-8.326,36.3121,228.3315,-85.5552
2006-11-03,626.9,0.2398,4.7977,9.7898,-2.9116,-7.5096,35.4581,228.8792,-85.5206
2006-11-06,625.8,-0.1755,3.4893,9.3291,-3.7971,-10.5233,36.0139,228.4775,-85.546
2006-11-07,625.7,-0.016,3.5756,8.1777,-1.449,-11.0843,37.1247,228.441,-85.5483
2006-11-08,616.4,-1.4863,-0.0324,7.7811,-2.6993,-14.3651,34.2919,225.0457,-85.7631
2006-11-09,635.0,3.0175,1.535,10.9558,1.0342,-10.6012,37.7739,231.8364,-85.3335
2006-11-10,628.4,-1.0394,0.2393,9.0404,0.9478,-8.0749,34.763,229.4268,-85.486
2006-11-13,624.2,-0.6684,-0.2557,6.0122,-0.7158,-9.7325,33.7763,227.8934,-85.583
2006-11-14,623.8,-0.0641,-0.3037,4.8932,1.365,-9.6597,33.2052,227.7474,-85.5922
2006-11-15,622.5,-0.2084,0.9896,5.5621,1.6991,-8.402,32.956,227.2727,-85.6222
2006-11-16,620.6,-0.3052,-2.2677,5.3829,-0.8151,-5.4972,32.5785,226.579,-85.6661
2006-11-17,621.5,0.145,-1.098,3.7563,-0.4963,-5.4033,29.9394,226.9076,-85.6453
2006-11-20,621.2,-0.0483,-0.4806,4.7555,-0.4008,-7.6969,27.7664,226.7981,-85.6523
2006-11-21,628.2,1.1269,0.7054,8.3664,1.4044,-1.3815,29.3657,229.3538,-85.4906
2006-11-22,628.7,0.0796,0.996,7.5804,1.0772,-3.0382,28.5685,229.5363,-85.479
2006-11-24,628.7,0.0,1.3052,6.9946,2.1778,-3.4107,27.6289,229.5363,-85.479
2006-11-28,637.2,1.352,2.5261,6.7694,4.3393,-2.5539,29.4859,232.6397,-85.2827
2006-11-29,635.5,-0.2668,2.302,6.2354,2.8817,-1.0895,27.5336,232.019,-85.322
2006-11-30,646.9,1.7939,2.9768,6.9787,3.3552,3.0752,29.6133,236.1811,-85.0587
2006-12-01,644.7,-0.3401,2.5449,6.7207,3.2511,1.4477,30.3478,235.3779,-85.1095
2006-12-04,645.2,0.0776,2.6245,4.6383,3.3312,0.3109,28.398,235.5604,-85.0979
2006-12-05,642.3,-0.4495,0.8004,2.7023,0.5951,2.0496,27.6177,234.5016,-85.1649
2006-12-06,630.5,-1.8371,-0.7868,0.5743,-0.4736,0.4941,23.8947,230.1935,-85.4375
2006-12-07,631.9,0.222,-2.3188,0.9748,2.4149,3.7432,23.8534,230.7047,-85.4051
2006-12-08,626.1,-0.9179,-2.8851,0.0639,2.7067,2.9431,21.7383,228.5871,-85.5391
2006-12-11,630.0,0.6229,-2.3559,2.2064,6.7797,3.8233,21.3172,230.011,-85.449
2006-12-12,627.0,-0.4762,-2.3821,-1.2598,6.8325,11.4667,18.9753,228.9157,-85.5183
2006-12-13,627.9,0.1435,-0.4124,-0.0796,6.5863,11.6664,18.8304,229.2443,-85.4975
2006-12-14,626.6,-0.207,-0.8387,0.3845,8.165,10.609,20.2687,228.7696,-85.5275
2006-12-15,615.0,-1.8513,-1.7729,-1.4107,6.6967,6.4014,21.4215,224.5345,-85.7955
2006-12-18,614.0,-0.1626,-2.5397,-1.3655,4.7424,7.9466,21.8496,224.1694,-85.8186
2006-12-19,621.6,1.2378,-0.8612,0.1611,7.767,7.7483,23.4803,226.9441,-85.643
2006-12-20,620.6,-0.1609,-1.1626,-0.1448,7.0,5.634,23.2327,226.579,-85.6661
2006-12-21,618.2,-0.3867,-1.3406,-0.4829,6.1834,6.1834,24.9899,225.7028,-85.7215
2006-12-22,619.1,0.1456,0.6667,-1.4486,5.039,5.8653,25.5781,226.0314,-85.7008
2006-12-26,623.7,0.743,1.5798,-0.7953,5.7298,6.6519,24.07,227.7109,-85.5945
2006-12-27,627.2,0.5612,0.9009,-0.2386,6.0893,7.8404,24.6919,228.9887,-85.5137
2006-12-28,634.1,1.1001,2.1753,-0.4865,6.1611,9.649,24.8228,231.5078,-85.3543
2006-12-29,635.2,0.1735,2.7499,-0.0472,4.9917,8.3035,23.5317,231.9095,-85.3289
2007-01-02,635.2,0.0,2.6006,-1.8086,6.1143,3.5371,23.1724,231.9095,-85.3289
2007-01-03,627.1,-1.2752,0.5451,-2.73,4.9188,-0.0319,21.2725,228.9522,-85.516
2007-01-04,623.9,-0.5103,-0.5261,-3.3013,8.2596,-1.6086,17.5617,227.7839,-85.5899
2007-01-05,604.9,-3.0454,-4.6049,-5.8228,7.6335,-4.409,13.2984,220.847,-86.0287
2007-01-08,607.5,0.4298,-4.3608,-3.6479,6.3923,-2.6598,15.4285,221.7963,-85.9687
2007-01-09,613.1,0.9218,-3.4792,-2.9752,7.1104,-4.3824,13.6001,223.8408,-85.8393
2007-01-10,611.6,-0.2447,-2.4717,-2.3159,5.74,-5.8208,11.3823,223.2932,-85.874
2007-01-11,612.4,0.1308,-1.8432,-2.7936,7.0817,-6.2031,12.5115,223.5853,-85.8555
2007-01-12,625.5,2.1391,3.4055,-0.2392,9.2958,-6.1656,13.976,228.368,-85.5529
2007-01-16,624.6,-0.1439,2.8148,-0.5256,8.381,-3.9963,13.9157,228.0394,-85.5737
2007-01-17,632.1,1.2008,3.099,0.8778,7.3539,0.6048,13.6666,230.7777,-85.4005
2007-01-18,627.1,-0.791,2.5343,1.9675,5.4481,-2.26,13.3177,228.9522,-85.516
2007-01-19,635.5,1.3395,3.772,3.5016,7.7667,0.6015,16.8843,232.019,-85.322
2007-01-22,633.3,-0.3462,1.247,1.8822,7.5395,2.2111,13.4133,231.2158,-85.3728
2007-01-23,645.2,1.8791,3.2981,3.9639,7.7129,5.3044,16.5673,235.5604,-85.0979
2007-01-24,647.6,0.372,2.4521,4.7557,9.2074,4.8575,15.995,236.4367,-85.0425
2007-01-25,647.8,0.0309,3.3009,4.6358,11.7475,4.2149,16.1556,236.5097,-85.0379
2007-01-26,644.5,-0.5094,1.4162,3.3349,10.284,1.9133,14.6389,235.3049,-85.1141
2007-01-29,643.1,-0.2172,1.5474,2.5351,9.4452,1.3075,14.9008,234.7937,-85.1464
2007-01-30,644.2,0.1711,-0.155,1.5928,7.9424,1.5768,15.3034,235.1953,-85.121
2007-01-31,652.0,1.2108,0.6794,2.6448,8.9936,0.8819,15.2351,238.0431,-84.9409
2007-02-01,657.4,0.8282,1.4819,3.495,8.7151,0.8901,15.1717,240.0146,-84.8161
2007-02-02,646.2,-1.7037,0.2638,3.0458,6.9691,0.2016,13.4879,235.9255,-85.0748
2007-02-05,650.9,0.7273,1.2129,4.3276,5.5628,1.0714,13.6943,237.6415,-84.9663
2007-02-06,653.6,0.4148,1.4592,8.0509,4.5091,0.8953,15.1921,238.6272,-84.9039
2007-02-07,652.3,-0.1989,0.046,7.3745,4.0517,1.0221,14.3985,238.1526,-84.9339
2007-02-08,658.0,0.8738,0.0913,7.3234,5.1454,1.153,19.4192,240.2337,-84.8023
2007-02-09,667.5,1.4438,3.2962,9.14,6.6805,5.1347,21.3416,243.7021,-84.5829
2007-02-12,662.6,-0.7341,1.7975,8.1972,7.4951,4.5935,17.3782,241.9131,-84.696
2007-02-13,663.9,0.1962,1.5759,6.1391,4.5512,5.6325,20.6652,242.3877,-84.666
2007-02-14,667.4,0.5272,2.3149,6.8524,6.2062,7.2129,23.8219,243.6656,-84.5852
2007-02-15,667.3,-0.015,1.4134,5.5687,6.9048,6.1396,22.2385,243.6291,-84.5875
2007-02-16,668.8,0.2248,0.1948,6.6497,7.2139,8.6773,23.9207,244.1767,-84.5528
2007-02-20,657.1,-1.7494,-0.8301,3.3989,5.5582,7.3517,20.348,239.9051,-84.8231
2007-02-21,680.2,3.5155,2.4552,7.4057,9.6036,8.7102,23.2693,248.3388,-84.2895
2007-02-22,679.4,-0.1176,1.798,5.3007,9.3162,8.7736,22.6575,248.0467,-84.308
2007-02-23,683.1,0.5446,2.3677,5.4818,9.9646,9.5238,23.3255,249.3976,-84.2226
2007-02-26,686.5,0.4977,2.6465,5.9741,9.2805,10.8152,25.1823,250.6389,-84.144
2007-02-27,683.9,-0.3787,4.0785,6.1133,8.78,9.9518,22.3873,249.6897,-84.2041
2007-02-28,669.4,-2.1202,-1.5878,4.0896,6.4737,8.7925,20.6778,244.3958,-84.539
2007-03-01,662.3,-1.0607,-2.5169,2.8097,3.9391,8.4493,17.9309,241.8036,-84.703
2007-03-02,641.5,-3.1406,-6.0899,-1.6104,0.9441,3.853,13.8421,234.2096,-85.1834
2007-03-05,636.7,-0.7482,-7.2542,-3.1488,-1.5768,1.7255,12.0556,232.4571,-85.2943
2007-03-06,643.8,1.1151,-5.8634,-0.3714,-0.1396,3.107,13.7456,235.0493,-85.1303
2007-03-07,650.6,1.0562,-2.8085,-0.0461,0.8369,4.196,17.2463,237.5319,-84.9732
2007-03-08,653.4,0.4304,-1.3438,-0.0306,1.7282,2.3336,18.2197,238.5542,-84.9085
2007-03-09,650.0,-0.5204,1.325,-0.3526,3.0928,2.6046,19.8157,237.3129,-84.9871
2007-03-12,648.4,-0.2462,1.8376,-1.459,2.6112,5.0891,18.8634,236.7287,-85.024
2007-03-13,647.6,-0.1234,0.5902,-2.9813,3.434,6.2336,19.9481,236.4367,-85.0425
2007-03-14,640.9,-1.0346,-1.4909,-3.275,1.7302,8.6271,17.3595,233.9905,-85.1972
2007-03-15,645.7,0.7489,-1.1785,-2.7414,2.9825,10.0187,17.0382,235.743,-85.0864
2007-03-16,652.6,1.0686,0.4,-2.2176,3.9337,10.7792,17.9895,238.2621,-84.927
2007-03-19,653.1,0.0766,0.7249,-2.128,4.2292,12.7395,17.803,238.4447,-84.9155
2007-03-20,657.9,0.735,1.5905,-1.6298,6.9756,14.1395,18.7331,240.1972,-84.8046
2007-03-21,659.0,0.1672,2.8241,0.2892,7.329,12.419,18.696,240.5988,-84.7792
2007-03-22,663.4,0.6677,2.7412,-2.4699,6.7246,15.0139,20.0941,242.2052,-84.6776
2007-03-23,656.7,-1.01,0.6283,-3.3412,5.817,13.2241,19.2049,239.759,-84.8323
2007-03-26,663.4,1.0203,1.5771,-2.8839,7.3116,13.9471,20.5963,242.2052,-84.6776
2007-03-27,662.1,-0.196,0.6384,-3.5543,6.9456,12.3346,18.2321,241.7306,-84.7076
2007-03-28,666.5,0.6646,1.1381,-2.5442,6.8623,12.9852,17.5485,243.337,-84.606
2007-03-29,661.5,-0.7502,-0.2864,-1.1802,5.4687,11.8911,16.749,241.5115,-84.7215
2007-03-30,663.0,0.2268,0.9593,0.1057,4.5576,10.9995,15.7068,242.0592,-84.6868
2007-04-02,665.7,0.4072,0.3467,3.7724,4.8016,10.0331,13.4651,243.0449,-84.6244
2007-04-03,664.0,-0.2554,0.287,4.2877,4.534,10.9255,14.1286,242.4242,-84.6637
2007-04-04,672.1,1.2199,0.8402,4.3958,7.1759,12.4477,14.0312,245.3815,-84.4766
2007-04-05,674.2,0.3125,1.9199,3.6274,8.0622,16.9877,15.0512,246.1482,-84.4281
2007-04-09,671.9,-0.3411,1.3424,2.8313,11.0762,19.5552,14.2881,245.3085,-84.4812
2007-04-10,676.5,0.6846,1.6224,4.0769,11.358,18.4764,13.6593,246.988,-84.375
2007-04-11,676.8,0.0443,1.9277,4.38,10.3898,18.239,15.0238,247.0975,-84.3681
2007-04-12,675.1,-0.2512,0.4464,4.2464,10.3826,16.7185,12.9685,246.4768,-84.4073
2007-04-13,685.4,1.5257,1.6612,6.9434,11.9203,19.8461,15.1546,250.2373,-84.1694
2007-04-16,690.1,0.6857,2.7087,6.8763,10.3277,20.5836,15.4979,251.9533,-84.0609
2007-04-17,688.2,-0.2753,1.7295,5.4551,10.1825,19.417,15.373,251.2596,-84.1048
2007-04-18,689.1,0.1308,1.8174,5.5122,9.0176,17.0346,11.9759,251.5882,-84.084
2007-04-19,684.3,-0.6966,1.3628,4.0128,9.1214,15.0664,10.371,249.8357,-84.1948
2007-04-20,692.0,1.1252,0.9629,5.0076,8.8906,17.3478,9.3898,252.647,-84.017
2007-04-23,690.6,-0.2023,0.0725,4.1001,9.0478,17.2695,11.423,252.1358,-84.0493
2007-04-24,684.2,-0.9267,-0.5812,4.1876,6.0446,14.2237,8.2252,249.7992,-84.1972
2007-04-25,684.1,-0.0146,-0.7256,3.1203,5.6362,15.3626,10.232,249.7627,-84.1995
2007-04-26,674.9,-1.3448,-1.3737,1.9333,4.1834,16.4223,6.9572,246.4038,-84.412
2007-04-27,678.7,0.563,-1.922,1.8305,5.3064,16.1362,6.2461,247.7912,-84.3242
2007-04-30,680.5,0.2652,-1.4625,2.8723,5.8156,15.8101,7.453,248.4483,-84.2826
2007-05-01,674.4,-0.8964,-1.4323,1.7195,4.688,13.0027,3.4673,246.2213,-84.4235
2007-05-02,672.3,-0.3114,-1.7249,0.9914,3.1135,12.3872,2.2509,245.4545,-84.472
2007-05-03,681.8,1.4131,1.0224,2.6807,3.7116,12.7501,2.5726,248.923,-84.2526
2007-05-04,687.2,0.792,1.2524,2.2467,6.3448,13.756,3.1987,250.8945,-84.1279
2007-05-07,688.0,0.1164,1.1021,2.0469,5.6998,11.5796,2.0469,251.1866,-84.1094
2007-05-08,685.1,-0.4215,1.5866,1.9646,4.8195,9.5459,0.4251,250.1278,-84.1764
2007-05-09,680.3,-0.7006,1.1899,0.5617,4.2925,8.5181,0.3688,248.3753,-84.2872
2007-05-10,665.1,-2.2343,-2.4494,-1.7287,1.079,6.28,-4.9042,242.8258,-84.6383
2007-05-11,670.6,0.8269,-2.4156,-0.6666,0.4644,7.176,-4.7037,244.8339,-84.5113
2007-05-14,668.5,-0.3131,-2.8343,-2.4657,0.8904,8.4523,-7.127,244.0672,-84.5598
2007-05-15,673.0,0.6731,-1.7662,-2.4779,1.3707,5.9843,-5.2513,245.7101,-84.4558
2007-05-16,660.2,-1.9019,-2.9546,-4.0686,-1.0788,5.0605,-3.423,241.0369,-84.7515
2007-05-17,656.2,-0.6059,-1.3381,-4.7743,-1.6634,5.1266,-5.1048,239.5765,-84.8439
2007-05-18,661.0,0.7315,-1.4316,-3.4049,-1.1663,5.9635,-4.2723,241.329,-84.733
2007-05-21,662.9,0.2874,-0.8377,-4.2052,0.8827,6.49,-2.4573,242.0227,-84.6891
2007-05-22,659.1,-0.5732,-2.0654,-4.5613,-3.102,6.2037,0.3655,240.6353,-84.7769
2007-05-23,661.9,0.4248,0.2575,-3.2593,-2.5758,6.5004,0.7458,241.6576,-84.7122
2007-05-24,653.0,-1.3446,-0.4877,-4.5461,-4.4064,5.1191,-2.9718,238.4082,-84.9178
2007-05-25,655.1,0.3216,-0.8926,-2.9338,-4.5739,4.2821,2.8414,239.1749,-84.8693
2007-05-29,657.1,0.3053,-0.875,-3.1826,-3.9187,4.5173,1.3418,239.9051,-84.8231
2007-05-30,653.1,-0.6087,-0.9103,-4.0265,-2.435,3.881,0.338,238.4447,-84.9155
2007-05-31,661.0,1.2096,-0.136,-1.987,-0.1963,3.7351,1.0858,241.329,-84.733
2007-06-01,671.2,1.5431,2.7871,-0.1636,4.6298,5.6176,4.4669,245.0529,-84.4974
2007-06-04,670.7,-0.0745,2.3813,-1.628,5.34,3.6791,6.8674,244.8704,-84.509
2007-06-05,669.6,-0.164,1.9023,-2.5611,4.0075,3.8623,5.3658,244.4688,-84.5344
2007-06-06,669.3,-0.0448,2.4805,-2.718,2.8743,3.7353,4.0578,244.3593,-84.5413
2007-06-07,660.1,-1.3746,-0.1362,-3.6491,1.0254,2.7713,4.8777,241.0004,-84.7538
2007-06-08,645.5,-2.2118,-3.829,-5.1154,-0.6923,2.3791,2.8849,235.67,-85.091
2007-06-11,654.3,1.3633,-2.4452,-1.6238,0.9099,3.5449,7.4208,238.8828,-84.8878
2007-06-12,648.5,-0.8864,-3.1511,-3.2956,0.139,3.5777,6.6261,236.7652,-85.0217
2007-06-13,648.2,-0.0463,-3.1525,-3.0366,1.139,2.8889,6.8227,236.6557,-85.0286
2007-06-14,651.6,0.5245,-1.2877,-3.1798,0.9137,3.9234,15.84,237.897,-84.9501
2007-06-15,654.5,0.4451,1.3943,-0.8634,0.2911,4.2363,16.3969,238.9558,-84.8831
2007-06-18,655.8,0.1986,0.2293,-0.061,0.4134,4.6601,15.7635,239.4304,-84.8531
2007-06-19,660.7,0.7472,1.8813,-0.0454,0.4256,7.4309,14.308,241.2194,-84.7399
2007-06-20,656.1,-0.6962,1.2188,-1.0258,-0.4401,6.8567,15.3481,239.54,-84.8462
2007-06-21,650.6,-0.8383,-0.1535,-1.2896,-1.9295,4.6654,12.7752,237.5319,-84.9732
2007-06-22,653.5,0.4457,-0.1528,-1.2691,-0.4873,5.3013,11.234,238.5907,-84.9062
2007-06-25,651.3,-0.3367,-0.6862,-0.2603,-1.8239,5.3543,11.8688,237.7875,-84.957
2007-06-26,642.1,-1.4126,-2.8152,-1.9844,-3.0207,3.7151,9.7982,234.4286,-85.1695
2007-06-27,641.7,-0.0623,-2.1948,-2.3436,-3.7209,2.886,9.7298,234.2826,-85.1788
2007-06-28,647.5,0.9038,-0.4765,-0.8574,-2.1164,3.2366,11.3308,236.4002,-85.0448
2007-06-29,648.1,0.0927,-0.8263,-1.9516,-2.2474,2.2079,12.0699,236.6192,-85.031
2007-07-02,656.5,1.2961,0.7984,-2.1901,-1.382,3.3533,11.9352,239.686,-84.8369
2007-07-03,652.9,-0.5484,1.682,-2.6539,-1.6717,2.7865,6.4222,238.3717,-84.9201
2007-07-05,648.4,-0.6892,1.0441,-3.1661,-3.5263,3.3966,3.3636,236.7287,-85.024
2007-07-06,652.7,0.6632,0.8031,-2.4802,-3.189,4.6161,2.9333,238.2987,-84.9247
2007-07-09,660.5,1.195,1.9133,0.0606,-1.6967,9.1916,4.3774,241.1464,-84.7445
2007-07-10,662.5,0.3028,0.9139,2.6336,-2.0695,9.0535,6.1529,241.8766,-84.6984
2007-07-11,660.3,-0.3321,1.1334,0.917,-2.4379,7.6986,2.9788,241.0734,-84.7492
2007-07-12,666.7,0.9693,2.8223,2.8065,-1.2443,9.0092,2.664,243.41,-84.6013
2007-07-13,665.8,-0.135,2.007,2.7152,-2.8596,8.7198,1.9758,243.0814,-84.6221
2007-07-16,665.0,-0.1202,0.6813,2.0565,-3.6372,6.3149,-0.24,242.7893,-84.6406
2007-07-17,664.7,-0.0451,0.3321,1.5584,-3.4147,6.4201,2.1672,242.6798,-84.6475
2007-07-18,672.6,1.1885,1.8628,2.5618,-2.3944,6.4072,7.0508,245.5641,-84.4651
2007-07-19,677.2,0.6839,1.5749,2.4974,-1.0376,7.9892,5.5486,247.2435,-84.3588
2007-07-20,683.9,0.9894,2.7185,4.2372,-1.1705,7.6161,8.2634,249.6897,-84.2041
2007-07-23,680.8,-0.4533,2.3759,4.6419,-1.4191,7.5004,9.8773,248.5579,-84.2757
2007-07-24,684.2,0.4994,2.9337,4.6978,0.0,6.0446,11.6697,249.7992,-84.1972
2007-07-25,673.3,-1.5931,0.1041,3.3779,-1.5787,3.9685,9.0188,245.8196,-84.4489
2007-07-26,662.5,-1.604,-2.1707,3.1771,-1.8373,2.2692,6.5798,241.8766,-84.6984
2007-07-27,660.0,-0.3774,-3.4947,2.8518,-2.7553,2.405,4.3643,240.9639,-84.7561
2007-07-30,664.1,0.6212,-2.453,2.5637,-2.41,3.2654,4.6156,242.4607,-84.6614
2007-07-31,666.9,0.4216,-2.5285,2.9008,-1.1121,3.5238,5.1561,243.483,-84.5967
2007-08-01,663.6,-0.4948,-1.4407,1.0815,-1.2941,1.7791,2.6768,242.2782,-84.6729
2007-08-02,664.6,0.1507,0.317,1.792,-2.5227,1.0952,1.9951,242.6433,-84.6499
2007-08-03,672.5,1.1887,1.8939,3.7168,-2.1391,4.0699,4.2797,245.5276,-84.4674
2007-08-06,671.5,-0.1487,1.1143,2.8803,-2.3983,3.1648,4.2702,245.1625,-84.4905
2007-08-07,670.6,-0.134,0.5548,1.5291,-2.1165,2.601,3.5196,244.8339,-84.5113
2007-08-08,674.5,0.5816,1.6426,1.8113,-0.8526,3.4033,4.4603,246.2578,-84.4212
2007-08-09,661.4,-1.9422,-0.4815,0.1666,-0.5563,0.5167,1.6756,241.475,-84.7238
2007-08-10,670.3,1.3456,-0.3271,0.54,-0.0447,0.4195,5.5757,244.7244,-84.5182
2007-08-13,669.7,-0.0895,-0.2681,0.5858,0.1795,1.0715,5.7143,244.5053,-84.5321
2007-08-14,668.6,-0.1643,-0.2982,0.5413,-0.6538,0.7079,6.3803,244.1037,-84.5575
2007-08-15,668.9,0.0449,-0.8302,0.6319,1.3178,0.2248,7.4538,244.2132,-84.5505
2007-08-16,648.3,-3.0797,-1.9807,-3.6128,-1.2039,-2.8473,3.1175,236.6922,-85.0263
2007-08-17,656.9,1.3266,-1.9991,-2.9976,-0.6203,-1.7793,6.7436,239.8321,-84.8277
2007-08-20,656.7,-0.0304,-1.9412,-3.9772,-0.9353,-0.0609,7.2864,239.759,-84.8323
2007-08-21,656.7,0.0,-1.7798,-3.5399,-0.3641,-3.4549,4.9545,239.759,-84.8323
2007-08-22,659.1,0.3655,-1.4651,-3.6685,-0.423,-2.9879,5.5235,240.6353,-84.7769
2007-08-23,658.9,-0.0303,1.6351,-2.1387,0.9035,-3.5427,5.6437,240.5623,-84.7815
2007-08-24,668.0,1.3811,1.6898,0.8302,1.9692,-2.6948,7.8289,243.8846,-84.5713
2007-08-27,666.8,-0.1796,1.538,1.0303,1.4762,-2.5004,7.2026,243.4465,-84.599
2007-08-28,664.4,-0.3599,1.1725,0.0452,1.7302,-0.7469,7.9799,242.5703,-84.6545
2007-08-29,666.3,0.286,1.0924,-0.09,0.8018,0.604,9.1043,243.264,-84.6106
2007-08-30,665.0,-0.1951,0.9258,0.211,-0.9237,3.6633,7.6574,242.7893,-84.6406
2007-08-31,673.0,1.203,0.7485,1.2639,0.3429,5.7013,7.5252,245.7101,-84.4558
2007-09-04,682.5,1.4116,2.3545,1.487,1.9265,6.0112,9.3049,249.1785,-84.2364
2007-09-05,681.7,-0.1172,2.6039,1.519,1.8527,4.7802,9.1768,248.8865,-84.2549
2007-09-06,695.6,2.039,4.3974,3.728,5.378,6.4585,8.9428,253.9613,-83.9339
2007-09-07,700.8,0.7476,5.3835,3.8992,8.567,7.8154,10.6235,255.8598,-83.8137
2007-09-10,703.3,0.3567,4.5022,6.335,7.4889,8.467,13.987,256.7725,-83.756
2007-09-11,712.2,1.2655,4.3517,6.2509,9.8227,9.9753,16.8307,260.0219,-83.5504
2007-09-12,711.9,-0.0421,4.4301,6.3013,9.8272,11.0782,20.661,259.9124,-83.5574
2007-09-13,709.5,-0.3371,1.9983,6.1173,8.8858,9.8807,20.8894,259.0362,-83.6128
2007-09-14,709.6,0.0141,1.2557,6.0846,8.4186,8.7343,20.4549,259.0727,-83.6105
2007-09-17,715.8,0.8737,1.7773,10.4118,9.1491,9.6004,23.5629,261.3363,-83.4673
2007-09-18,715.8,0.0,0.5055,8.9664,8.3396,8.8007,24.1846,261.3363,-83.4673
2007-09-19,722.0,0.8662,1.4187,9.9437,10.0442,9.5599,23.1662,263.5999,-83.3241
2007-09-20,732.4,1.4404,3.2276,11.5273,12.573,10.401,26.9764,267.3969,-83.0839
2007-09-21,731.4,-0.1365,3.0722,10.9695,11.9204,11.3751,26.1035,267.0318,-83.107
2007-09-24,732.1,0.0957,2.2772,11.1094,12.406,10.3557,25.7472,267.2873,-83.0908
2007-09-25,731.6,-0.0683,2.2073,9.521,13.9386,10.4969,24.1262,267.1048,-83.1024
2007-09-26,728.3,-0.4511,0.8726,9.2232,13.4954,9.2723,23.4616,265.9,-83.1786
2007-09-27,732.7,0.6042,0.041,10.2799,13.1583,10.7634,23.9344,267.5064,-83.077
2007-09-28,742.8,1.3785,1.5586,11.4813,14.6119,12.0362,24.3596,271.1939,-82.8437
2007-10-01,747.2,0.5924,2.0626,12.3609,13.8157,12.2428,23.5041,272.8003,-82.7421
2007-10-02,729.8,-2.3287,-0.246,8.4398,11.7782,9.9096,21.9178,266.4476,-83.1439
2007-10-03,729.3,-0.0685,0.1373,6.8571,12.4769,8.5106,22.0177,266.2651,-83.1555
2007-10-04,737.8,1.1655,0.6961,8.2294,13.0381,9.4334,28.0236,269.3684,-82.9592
2007-10-05,741.3,0.4744,-0.2019,6.5699,12.2332,10.3289,31.9039,270.6462,-82.8783
2007-10-08,732.8,-1.1466,-1.9272,4.5662,10.6113,8.3222,28.3363,267.5429,-83.0746
2007-10-09,737.4,0.6277,1.0414,4.8486,11.6765,8.9539,28.826,269.2224,-82.9684
2007-10-10,740.4,0.4068,1.522,3.9596,11.0544,9.6726,28.0083,270.3176,-82.8991
2007-10-11,751.3,1.4722,1.8298,5.5345,12.8417,9.6148,31.3691,274.2972,-82.6474
2007-10-12,748.7,-0.3461,0.9982,5.525,12.5865,8.4915,30.823,273.3479,-82.7074
2007-10-15,757.1,1.1219,3.316,6.6939,13.901,10.0116,31.3725,276.4147,-82.5134
2007-10-16,757.0,-0.0132,2.658,5.7558,12.5483,9.8534,28.5666,276.3782,-82.5157
2007-10-17,757.5,0.0661,2.3096,5.8257,11.8576,10.6971,27.3751,276.5608,-82.5042
2007-10-18,764.1,0.8713,1.7037,5.831,11.7269,10.4191,29.5744,278.9704,-82.3517
2007-10-19,764.0,-0.0131,2.0435,4.3146,12.2209,10.6284,29.7334,278.9339,-82.354
2007-10-22,755.8,-1.0733,-0.1717,3.3361,10.4648,10.4648,26.177,275.9401,-82.5434
2007-10-23,759.0,0.4234,0.2642,3.6744,12.7284,10.9487,27.9933,277.1084,-82.4695
2007-10-24,761.6,0.3426,0.5413,4.1006,14.9585,12.8463,31.3783,278.0577,-82.4095
2007-10-25,767.3,0.7484,0.4188,5.3549,16.2576,13.0544,31.297,280.1387,-82.2778
2007-10-26,783.9,2.1634,2.6047,6.9879,18.0395,15.1947,33.4071,286.1994,-81.8944
2007-10-29,789.1,0.6633,4.4059,6.2332,18.3236,17.0077,32.2218,288.0978,-81.7743
2007-10-30,784.3,-0.6083,3.3333,4.9652,18.1887,16.6592,31.11,286.3454,-81.8852
2007-10-31,792.0,0.9818,3.9916,8.5229,19.1694,16.1631,30.974,289.1566,-81.7073
2007-11-01,790.7,-0.1641,3.0497,8.419,17.5762,15.0611,30.8889,288.682,-81.7373
2007-11-02,805.7,1.8971,2.781,9.203,19.9851,17.1076,30.6682,294.1585,-81.3909
2007-11-05,808.1,0.2979,2.4078,9.0112,20.504,17.9536,29.2133,295.0347,-81.3355
2007-11-06,820.8,1.5716,4.6538,12.0087,21.6901,20.6527,30.93,299.6714,-81.0421
2007-11-07,831.0,1.2427,4.9242,12.6932,25.6426,24.9436,32.79,303.3954,-80.8065
2007-11-08,835.2,0.5054,5.6279,12.8039,24.6009,24.5452,33.4825,304.9288,-80.7095
2007-11-09,832.5,-0.3233,3.3263,10.8079,24.3094,24.5325,35.0584,303.9431,-80.7719
2007-11-12,805.8,-3.2072,-0.2846,7.6265,20.5205,19.7325,26.8976,294.195,-81.3886
2007-11-13,797.2,-1.0673,-2.8752,5.2965,19.1807,20.7513,26.8619,291.0551,-81.5872
2007-11-14,813.0,1.9819,-2.1661,7.3976,25.4049,23.8952,30.2467,296.8237,-81.2223
2007-11-15,785.9,-3.3333,-5.9028,3.7492,19.6377,18.8956,25.9859,286.9296,-81.8482
2007-11-16,785.7,-0.0255,-5.6216,2.8269,19.6437,18.5247,26.2169,286.8565,-81.8528
2007-11-19,776.8,-1.1328,-3.5989,1.6754,18.2884,17.8577,25.1692,283.6072,-82.0584
2007-11-20,790.3,1.7379,-0.8655,4.5647,19.9059,19.3987,27.1601,288.536,-81.7466
2007-11-21,797.6,0.9237,-1.8942,5.0856,21.0502,22.1439,28.3966,291.2012,-81.578
2007-11-23,824.0,3.3099,4.8479,8.1933,23.3533,25.7823,31.1684,300.8397,-80.9682
2007-11-26,826.0,0.2427,5.1292,7.6502,23.8752,25.7039,31.3822,301.5699,-80.922
2007-11-27,813.7,-1.4891,4.7503,3.8015,22.4714,24.5904,29.4258,297.0792,-81.2061
2007-11-28,800.1,-1.6714,1.24,1.394,20.081,21.0439,25.565,292.1139,-81.5202
2007-11-29,795.3,-0.5999,-0.2884,1.4025,19.594,18.4893,25.1456,290.3614,-81.6311
2007-11-30,782.2,-1.6472,-5.0728,-1.2374,16.2259,16.6244,20.9151,285.5787,-81.9337
2007-12-03,788.3,0.7798,-4.5642,-0.3035,15.5018,17.727,22.2739,287.8058,-81.7928
2007-12-04,801.3,1.6491,-1.5239,-0.5461,17.5444,19.7221,24.194,292.552,-81.4925
2007-12-05,797.5,-0.4742,-0.325,-1.3117,14.6492,20.815,24.1632,291.1647,-81.5803
2007-12-06,801.2,0.464,0.7419,-2.3879,14.3265,24.1208,27.0738,292.5155,-81.4948
2007-12-07,794.4,-0.8487,1.5597,-4.4043,12.9532,21.4122,25.7161,290.0329,-81.6519
2007-12-10,807.7,1.6742,2.461,-3.2926,13.4092,24.549,29.005,294.8887,-81.3447
2007-12-11,811.4,0.4581,1.2605,-2.5345,13.9767,25.1774,28.7937,296.2395,-81.2592
2007-12-12,813.5,0.2588,2.0063,0.9556,14.6582,24.8465,29.7448,297.0062,-81.2107
2007-12-13,799.0,-1.7824,-0.2746,0.2258,12.5987,22.0779,27.2496,291.7123,-81.5456
2007-12-14,793.3,-0.7134,-0.1385,-2.4231,10.827,20.9668,26.6039,289.6313,-81.6773
2007-12-17,794.8,0.1891,-1.5971,1.1325,11.0366,20.2967,29.2358,290.1789,-81.6426
2007-12-18,803.0,1.0317,-1.0353,2.2019,11.2188,22.3899,30.7818,293.1727,-81.4533
2007-12-19,801.1,-0.2366,-1.5243,3.1282,9.3801,23.1325,28.8771,292.479,-81.4971
2007-12-20,799.2,-0.2372,0.025,1.1262,9.2699,22.2953,28.7786,291.7853,-81.541
2007-12-21,811.6,1.5515,2.3068,1.7553,10.8592,24.6123,31.2844,296.3125,-81.2546
2007-12-24,812.8,0.1479,2.2647,-1.3592,11.099,26.5846,31.2874,296.7506,-81.2269
2007-12-26,826.0,1.624,2.8643,0.0,13.4148,28.7206,32.4355,301.5699,-80.922
2007-12-27,828.6,0.3148,3.4328,1.8311,13.0886,27.9691,32.111,302.5192,-80.862
2007-12-28,839.6,1.3275,5.0551,4.9369,13.0318,29.5479,32.4081,306.5352,-80.6079
2007-12-31,834.9,-0.5598,2.8709,4.9793,11.7372,27.1744,31.4389,304.8193,-80.7165
2008-01-02,857.0,2.647,5.438,9.5628,17.4294,31.2605,34.9181,312.8879,-80.206
2008-01-03,866.4,1.0969,4.891,9.9074,18.7989,33.6212,38.1598,316.3198,-79.9889
2008-01-04,863.1,-0.3809,4.1636,7.7125,16.9829,32.2353,38.3395,315.115,-80.0651
2008-01-07,859.6,-0.4055,2.3821,7.7868,15.9584,30.1438,42.1061,313.8372,-80.146
2008-01-08,878.0,2.1405,5.1623,9.5856,19.8144,32.5283,44.5267,320.555,-79.721
2008-01-09,879.5,0.1708,2.6254,10.7125,19.2704,33.197,43.4513,321.1026,-79.6863
2008-01-10,891.7,1.3872,2.9201,10.3999,20.4349,33.7483,45.7979,325.5568,-79.4046
2008-01-11,896.1,0.4934,3.8234,10.4387,19.2733,34.59,46.3259,327.1632,-79.3029
2008-01-14,901.6,0.6138,4.886,10.8297,20.4221,35.5789,44.1407,329.1712,-79.1759
2008-01-15,901.0,-0.0665,2.6196,12.766,19.0067,35.5499,44.2523,328.9522,-79.1898
2008-01-16,880.6,-2.2642,0.1251,11.0047,16.3276,30.9248,39.3134,321.5042,-79.6609
2008-01-17,879.5,-0.1249,-1.3682,10.6568,16.1056,29.873,40.2488,321.1026,-79.6863
2008-01-18,880.8,0.1478,-1.7074,9.6887,15.2729,28.7908,38.5995,321.5772,-79.6563
2008-01-22,889.6,0.9991,-1.331,11.0473,16.4398,30.6698,40.4705,324.7901,-79.4531
2008-01-23,882.5,-0.7981,-2.0533,10.4229,16.7637,28.9828,36.7793,322.1979,-79.6171
2008-01-24,905.5,2.6062,2.8276,11.5697,19.3017,34.4869,39.824,330.5951,-79.0858
2008-01-25,910.5,0.5522,3.5247,12.0202,19.5509,37.434,40.5526,332.4206,-78.9703
2008-01-28,927.1,1.8232,5.2566,12.2397,20.8263,40.4697,43.8479,338.4812,-78.5869
2008-01-29,925.1,-0.2157,3.9906,11.6462,18.0125,39.3013,43.8501,337.751,-78.6331
2008-01-30,920.6,-0.4864,4.3173,9.6475,16.6646,38.0417,42.9059,336.1081,-78.7371
2008-01-31,922.7,0.2281,1.8995,10.5162,17.6463,39.0446,41.5184,336.8748,-78.6886
2008-02-01,908.7,-1.5173,-0.1977,6.0327,14.7349,36.7289,38.2263,331.7634,-79.0119
2008-02-04,904.9,-0.4182,-2.3946,4.4437,14.4429,34.5576,40.034,330.3761,-79.0997
2008-02-05,885.9,-2.0997,-4.2374,2.6416,9.9541,31.9285,36.1039,323.4392,-79.5385
2008-02-06,900.7,1.6706,-2.1616,4.7813,11.459,34.3126,37.806,328.8427,-79.1967
2008-02-07,906.1,0.5995,-1.7991,3.2005,10.3923,34.3365,38.9085,330.8142,-79.072
2008-02-08,918.4,1.3575,1.0675,4.423,10.5175,38.857,39.5745,335.3049,-78.7879
2008-02-11,922.9,0.49,1.9892,3.4989,10.5005,37.6846,38.2622,336.9478,-78.6839
2008-02-12,907.4,-1.6795,2.4269,1.261,8.997,35.4935,36.9454,331.2888,-79.0419
2008-02-13,906.5,-0.0992,0.6439,0.5435,12.4969,35.5818,36.5416,330.9602,-79.0627
2008-02-14,907.4,0.0993,0.1435,0.7103,13.8234,35.6556,35.9604,331.2888,-79.0419
2008-02-15,902.8,-0.5069,-1.6986,2.521,11.0455,39.2565,35.2915,329.6093,-79.1482
2008-02-19,926.6,2.6362,0.4009,5.3553,17.903,41.0565,38.5466,338.2986,-78.5985
2008-02-20,934.6,0.8634,2.9976,6.1081,18.9512,42.3176,42.231,341.2194,-78.4137
2008-02-21,946.1,1.2305,4.3684,6.3512,21.7945,44.0688,39.0914,345.418,-78.1481
2008-02-22,944.7,-0.148,4.1106,7.0482,19.5369,43.3318,39.0492,344.9069,-78.1804
2008-02-25,937.6,-0.7516,3.8547,3.545,17.5527,42.2978,37.2566,342.3147,-78.3444
2008-02-26,946.1,0.9066,2.1045,3.9099,14.818,41.6317,37.815,345.418,-78.1481
2008-02-27,958.2,1.2789,2.5251,3.3546,16.0048,43.7013,40.1082,349.8357,-77.8686
2008-02-28,964.5,0.6575,1.9448,4.259,18.5326,45.1686,44.0842,352.1358,-77.7231
2008-02-29,972.1,0.788,2.9004,5.5942,21.4973,45.8952,46.7764,354.9106,-77.5476
2008-03-03,981.5,0.967,4.6822,6.3726,23.4126,47.594,53.0008,358.3425,-77.3305
2008-03-04,963.9,-1.7932,1.8814,6.0746,23.2294,43.2244,51.39,351.9168,-77.737
2008-03-05,986.2,2.3135,2.9221,8.9844,25.1047,44.4982,53.1842,360.0584,-77.2219
2008-03-06,975.0,-1.1357,1.0886,10.0576,21.6773,43.0248,49.8617,355.9693,-77.4806
2008-03-07,972.2,-0.2872,0.0103,7.9383,21.906,39.7642,48.7909,354.9471,-77.5453
2008-03-10,969.9,-0.2366,-1.1819,7.0412,21.0559,38.399,49.2154,354.1074,-77.5984
2008-03-11,974.2,0.4433,1.0686,6.0758,22.6334,38.5184,50.2468,355.6773,-77.4991
2008-03-12,978.8,0.4722,-0.7504,6.057,21.1836,37.4333,51.1427,357.3567,-77.3928
2008-03-13,992.3,1.3792,1.7744,9.3564,22.2948,39.3875,54.8291,362.2855,-77.081
2008-03-14,998.2,0.5946,2.6743,10.1158,22.7044,40.6906,54.5919,364.4396,-76.9448
2008-03-17,1001.4,0.3206,3.2478,10.3593,25.3317,41.1218,53.4478,365.6079,-76.8708
2008-03-18,1003.2,0.1797,2.9768,11.121,26.4591,40.1509,53.6059,366.2651,-76.8293
2008-03-19,944.7,-5.8313,-3.4839,1.9534,18.8601,31.9782,43.5932,344.9069,-78.1804
2008-03-20,919.6,-2.6569,-7.3264,-1.605,14.5205,27.3684,39.5448,335.743,-78.7602
2008-03-24,918.3,-0.1414,-8.0044,-2.9384,14.6299,25.3823,38.4233,335.2683,-78.7902
2008-03-25,934.6,1.775,-6.6707,-1.0691,16.9419,27.7823,42.3176,341.2194,-78.4137
2008-03-26,949.0,1.5408,-5.4027,1.2159,16.9295,29.6271,43.0509,346.4768,-78.0811
2008-03-27,948.8,-0.0211,0.434,0.2854,16.7323,29.6884,43.3016,346.4038,-78.0857
2008-03-28,930.6,-1.9182,1.1962,-2.8804,12.6634,27.777,39.6249,339.759,-78.5061
2008-03-31,916.2,-1.5474,-0.2287,-5.0078,10.5721,25.0444,38.5034,334.5017,-78.8387
2008-04-01,882.9,-3.6346,-5.5318,-9.176,5.1572,18.8611,33.1674,322.3439,-79.6078
2008-04-02,895.2,1.3931,-5.6691,-8.7927,7.2224,19.8073,34.475,326.8346,-79.3237
2008-04-03,905.0,1.0947,-4.6164,-6.1106,5.6009,24.0066,36.2952,330.4126,-79.0974
2008-04-04,909.0,0.442,-2.3211,-7.828,4.9169,24.6401,35.2477,331.873,-79.005
2008-04-07,922.7,1.5072,0.7095,-5.3641,6.9053,25.061,36.8585,336.8748,-78.6886
2008-04-08,914.0,-0.9429,3.5225,-5.9864,6.3285,23.2969,36.0321,333.6984,-78.8895
2008-04-09,933.6,2.1444,4.2895,-3.7427,6.3326,27.4017,38.0044,340.8543,-78.4368
2008-04-10,928.3,-0.5677,2.5746,-4.7116,5.5486,25.8883,37.1602,338.9193,-78.5592
2008-04-11,923.6,-0.5063,1.6062,-5.6396,3.5774,24.7434,36.8094,337.2034,-78.6678
2008-04-14,925.4,0.1949,0.2926,-6.7419,3.2697,23.1732,35.016,337.8605,-78.6262
2008-04-15,928.7,0.3566,1.6083,-6.9625,3.0058,24.0417,34.5747,339.0654,-78.55
2008-04-16,945.1,1.7659,1.2318,-5.6221,4.8946,24.8316,37.3293,345.0529,-78.1712
2008-04-17,939.8,-0.5608,1.2388,-6.3198,6.7227,24.148,36.3808,343.1179,-78.2936
2008-04-18,912.2,-2.9368,-1.2343,-3.4402,3.718,20.4224,33.3041,333.0413,-78.9311
2008-04-21,914.7,0.2741,-1.1563,-0.5328,3.8488,19.7095,32.1821,333.954,-78.8733
2008-04-22,922.3,0.8309,-0.6891,0.4356,3.6758,20.7199,33.5505,336.7287,-78.6978
2008-04-23,906.2,-1.7456,-4.116,-3.0387,2.6856,19.8994,32.4467,330.8507,-79.0697
2008-04-24,886.8,-2.1408,-5.6395,-6.5543,-2.0652,16.8379,29.6302,323.7678,-79.5177
2008-04-25,887.2,0.0451,-2.7406,-6.4924,-2.559,16.4916,31.4565,323.9138,-79.5085
2008-04-28,892.9,0.6425,-2.3833,-4.0511,-3.6889,16.3691,31.5603,325.9949,-79.3768
2008-04-29,874.2,-2.0943,-5.2152,-4.5842,-5.5021,11.5193,28.4644,319.1676,-79.8088
2008-04-30,862.8,-1.3041,-4.7892,-2.2766,-6.2785,9.3398,27.9359,315.0055,-80.0721
2008-05-01,848.9,-1.611,-4.2738,-5.172,-7.9983,8.2366,26.268,309.9306,-80.3931
2008-05-02,856.1,0.8482,-3.5054,-5.4033,-5.7885,8.0934,25.5647,312.5593,-80.2268
2008-05-05,872.3,1.8923,-2.3071,-4.0374,-3.6026,10.32,26.9354,318.4739,-79.8526
2008-05-06,876.0,0.4242,0.2059,-5.0612,-1.1175,8.7253,27.3256,319.8248,-79.7672
2008-05-07,869.6,-0.7306,0.7881,-4.8578,-3.4529,7.6104,26.9304,317.4881,-79.915
2008-05-08,880.6,1.2649,3.7342,-5.6769,-2.8143,7.2856,29.4429,321.5042,-79.6609
2008-05-09,884.5,0.4429,3.3174,-4.7183,-3.6912,6.438,32.9875,322.9281,-79.5709
2008-05-12,883.7,-0.0904,1.3069,-4.32,-4.2475,5.807,31.7775,322.636,-79.5893
2008-05-13,868.5,-1.72,-0.8562,-6.1487,-4.287,4.3243,29.9177,317.0865,-79.9404
2008-05-14,865.4,-0.3569,-0.483,-6.816,-4.5339,7.3964,28.5884,315.9547,-80.012
2008-05-15,879.0,1.5715,-0.1817,-6.994,-3.1298,10.2609,33.1415,320.9201,-79.6979
2008-05-16,899.0,2.2753,1.6393,-4.3413,-0.4209,10.5781,37.0009,328.222,-79.236
2008-05-19,905.0,0.6674,2.4103,-0.7893,-2.3311,15.1546,36.9138,330.4126,-79.0974
2008-05-20,919.5,1.6022,5.8722,0.5248,-1.6157,17.0294,38.7087,335.7065,-78.7625
2008-05-21,928.0,0.9244,7.2336,0.618,-1.9131,19.4645,40.7981,338.8098,-78.5661
2008-05-22,917.9,-1.0884,4.4255,1.2911,-2.8369,16.1458,38.6765,335.1223,-78.7994
2008-05-23,925.6,0.8389,2.9588,4.3753,-1.2799,16.0481,41.7458,337.9336,-78.6216
2008-05-27,907.7,-1.9339,0.2983,2.3106,-4.0588,10.1578,38.559,331.3983,-79.035
2008-05-28,900.5,-0.7932,-2.0663,0.8512,-6.0217,9.0194,37.0416,328.7696,-79.2013
2008-05-29,877.2,-2.5875,-5.4741,0.3432,-9.0513,7.8039,34.3133,320.2629,-79.7395
2008-05-30,887.3,1.1514,-3.3337,2.8396,-8.7234,10.8986,34.236,323.9503,-79.5062
2008-06-02,892.9,0.6311,-3.5328,5.1832,-9.027,12.2721,33.0304,325.9949,-79.3768
2008-06-03,881.6,-1.2655,-2.8754,2.9786,-8.5382,12.7077,31.4448,321.8693,-79.6378
2008-06-04,879.9,-0.1928,-2.2876,0.8713,-10.7787,11.6199,31.4068,321.2486,-79.6771
2008-06-05,871.8,-0.9206,-0.6156,-0.4795,-10.5846,8.7982,30.2555,318.2913,-79.8642
2008-06-06,895.4,2.707,0.9129,2.9669,-7.8996,12.2759,35.6461,326.9076,-79.3191
2008-06-09,894.7,-0.0782,0.2016,1.6012,-7.7534,11.67,38.6057,326.6521,-79.3353
2008-06-10,867.9,-2.9954,-1.554,-1.8768,-10.9115,9.2523,32.6456,316.8675,-79.9543
2008-06-11,879.7,1.3596,-0.0227,-0.4526,-10.1246,8.9142,35.6515,321.1756,-79.6817
2008-06-12,869.2,-1.1936,-0.2982,0.0806,-12.4055,7.1235,34.0944,317.3421,-79.9242
2008-06-13,870.3,0.1266,-2.8032,0.5662,-12.8131,6.9822,33.5635,317.7437,-79.8988
2008-06-16,883.6,1.5282,-1.2406,0.5233,-11.7635,10.5882,35.0038,322.5995,-79.5916
2008-06-17,884.3,0.0792,1.8896,-1.6352,-11.8521,11.4711,34.8429,322.8551,-79.5755
2008-06-18,890.9,0.7464,1.2732,-1.558,-5.6949,12.0911,34.8418,325.2647,-79.423
2008-06-19,901.7,1.2123,3.7391,-1.9358,-1.9465,12.2914,37.4333,329.2078,-79.1736
2008-06-20,901.3,-0.0444,3.562,-2.8772,-1.8512,12.5078,38.5337,329.0617,-79.1828
2008-06-23,884.8,-1.8307,0.1358,-3.6061,-5.3285,10.7107,35.394,323.0376,-79.5639
2008-06-24,889.2,0.4973,0.5541,-3.9326,-6.3014,9.5614,36.527,324.644,-79.4623
2008-06-25,880.0,-1.0346,-1.2235,-3.0517,-7.2513,8.2677,37.0503,321.2851,-79.6748
2008-06-26,913.1,3.7614,1.2643,1.3992,-1.8805,10.5448,42.2939,333.3698,-78.9103
2008-06-27,929.3,1.7742,3.1066,5.9393,1.4298,12.153,43.5212,339.2844,-78.5361
2008-06-30,926.2,-0.3336,4.679,4.3841,4.9043,10.3144,42.9101,338.1526,-78.6077
2008-07-01,942.5,1.7599,5.9942,5.5549,5.2837,12.8878,43.5644,344.1037,-78.2312
2008-07-02,944.8,0.244,7.3636,7.1688,4.3978,10.245,44.7082,344.9434,-78.1781
2008-07-03,931.9,-1.3654,2.0589,5.9098,2.5193,7.56,43.723,340.2337,-78.4761
2008-07-07,927.3,-0.4936,-0.2152,6.3661,0.4985,7.4383,42.0714,338.5542,-78.5823
2008-07-08,921.9,-0.5823,-0.4643,2.9596,0.8643,7.2476,39.5761,336.5827,-78.707
2008-07-09,927.3,0.5857,-1.6127,3.6437,-0.6748,5.615,39.9698,338.5542,-78.5823
2008-07-10,940.9,1.4666,-0.4128,8.4111,1.3573,6.9812,42.4958,343.5195,-78.2682
2008-07-11,959.5,1.9768,2.9617,9.0713,3.887,7.6035,43.9178,350.3103,-77.8386
2008-07-14,972.7,1.3757,4.8959,11.9075,5.1113,8.5482,46.0949,355.1296,-77.5337
2008-07-15,977.7,0.514,6.0527,12.3406,5.2762,8.4406,47.0226,356.9551,-77.4182
2008-07-16,961.8,-1.6263,3.7205,8.8502,1.767,6.7481,44.6969,351.1501,-77.7855
2008-07-17,970.0,0.8526,3.0928,9.6913,3.2135,10.1522,44.2165,354.1439,-77.5961
2008-07-18,957.3,-1.3093,-0.2293,7.4531,4.9441,8.8459,41.3615,349.5071,-77.8894
2008-07-21,963.1,0.6059,-0.9869,6.8094,5.2913,9.3438,40.8247,351.6247,-77.7555
2008-07-22,948.0,-1.5679,-3.0377,5.1814,2.7865,6.5648,39.2479,346.1117,-78.1042
2008-07-23,922.4,-2.7004,-4.0965,4.2496,1.7877,4.5212,34.8144,336.7653,-78.6955
2008-07-24,922.0,-0.0434,-4.9485,3.6887,3.9693,1.8222,36.9375,336.6192,-78.7047
2008-07-25,926.6,0.4989,-3.2069,5.2955,4.4409,1.7683,39.8641,338.2986,-78.5985
2008-07-28,927.6,0.1079,-3.686,1.588,3.8862,0.0539,40.5455,338.6637,-78.5754
2008-07-29,916.4,-1.2074,-3.3333,-1.3881,4.8273,-0.9404,37.9913,334.5747,-78.8341
2008-07-30,902.9,-1.4732,-2.1141,-2.5157,4.6477,-1.9227,35.3876,329.6459,-79.1459
2008-07-31,913.9,1.2183,-0.8785,-3.0345,7.657,-0.9537,37.7185,333.6619,-78.8918
2008-08-01,909.0,-0.5362,-1.8994,-3.7892,6.1792,0.033,36.774,331.873,-79.005
2008-08-04,900.1,-0.9791,-2.9646,-3.4124,3.187,-0.5305,33.8439,328.6236,-79.2106
2008-08-05,878.6,-2.3886,-4.1248,-5.2518,0.2968,-0.824,30.8414,320.774,-79.7071
2008-08-06,875.6,-0.3415,-3.0236,-5.0222,0.69,-2.7867,30.5696,319.6787,-79.7764
2008-08-07,870.7,-0.5596,-4.727,-6.1037,-1.1242,-3.9068,29.0882,317.8898,-79.8896
2008-08-08,857.8,-1.4816,-5.6326,-8.832,-3.0187,-6.5984,29.6946,313.18,-80.1875
2008-08-11,821.5,-4.2318,-8.7324,-14.3825,-7.0386,-10.9871,22.5571,299.927,-81.026
2008-08-12,808.2,-1.619,-8.0127,-16.9117,-6.943,-10.9323,20.6809,295.0712,-81.3331
2008-08-13,825.0,2.0787,-5.7789,-15.6183,-4.6684,-8.9906,23.3922,301.2048,-80.9451
2008-08-14,808.2,-2.0364,-7.1781,-15.9701,-8.0546,-10.9323,20.8252,295.0712,-81.3331
2008-08-15,786.0,-2.7468,-8.3702,-18.9691,-12.5695,-12.9375,21.2402,286.9661,-81.8459
2008-08-18,799.7,1.743,-2.6537,-16.463,-11.6354,-13.6952,21.7385,291.9679,-81.5295
2008-08-19,811.1,1.4255,0.3588,-15.7824,-11.789,-13.2142,23.5115,296.13,-81.2662
2008-08-20,810.3,-0.0986,-1.7818,-14.5253,-12.6832,-14.3537,23.3897,295.8379,-81.2846
2008-08-21,833.0,2.8014,3.0685,-9.6921,-9.2494,-11.8239,26.3845,304.1256,-80.7603
2008-08-22,827.4,-0.6723,5.2672,-10.2603,-10.6093,-11.7534,25.5729,302.0811,-80.8897
2008-08-25,819.8,-0.9185,2.5134,-11.526,-9.6838,-13.3495,22.7245,299.3063,-81.0652
2008-08-26,822.2,0.2928,1.3685,-11.3627,-8.6952,-14.1933,23.3053,300.1826,-81.0098
2008-08-27,828.1,0.7176,2.1967,-9.6355,-5.5974,-14.142,24.6388,302.3366,-80.8735
2008-08-28,830.9,0.3381,-0.2521,-7.9743,-6.3564,-14.5252,24.7036,303.3589,-80.8089
2008-08-29,829.3,-0.1926,0.2296,-9.257,-7.1229,-15.5069,24.7068,302.7747,-80.8458
2008-09-02,805.0,-2.9302,-1.8053,-11.4411,-8.6887,-16.4851,19.6137,293.9029,-81.4071
2008-09-03,802.7,-0.2857,-2.3717,-10.821,-8.7737,-18.6068,17.6117,293.0632,-81.4602
2008-09-04,797.9,-0.598,-3.6469,-9.1851,-8.4767,-18.1641,17.0456,291.3107,-81.571
2008-09-05,797.6,-0.0376,-4.0077,-8.9082,-10.9225,-17.9593,14.6636,291.2012,-81.578
2008-09-08,797.5,-0.0125,-3.8346,-8.407,-10.864,-17.775,13.7985,291.1647,-81.5803
2008-09-09,787.1,-1.3041,-2.2236,-8.242,-9.3098,-19.2055,11.9153,287.3676,-81.8205
2008-09-10,757.9,-3.7098,-5.5812,-7.7419,-13.8456,-22.5684,6.4167,276.7068,-82.4949
2008-09-11,741.3,-2.1903,-7.0936,-8.2777,-14.7147,-25.2948,4.1298,270.6462,-82.8783
2008-09-12,760.3,2.5631,-4.6765,-7.8424,-12.6393,-23.8329,7.16,277.5831,-82.4395
2008-09-15,783.1,2.9988,-1.8056,-3.1057,-11.3739,-21.7995,10.3579,285.9073,-81.9129
2008-09-16,776.5,-0.8428,-1.3467,-1.2087,-12.1904,-22.5977,8.48,283.4976,-82.0653
2008-09-17,846.6,9.0277,11.7034,5.8647,-4.9725,-10.3843,18.2733,309.0909,-80.4462
2008-09-18,892.7,5.4453,20.4236,10.0604,-0.9981,-2.9252,23.6427,325.9219,-79.3815
2008-09-19,860.6,-3.5958,13.1922,6.2076,-4.5157,-6.2834,17.5041,314.2023,-80.1229
2008-09-22,903.9,5.0314,15.4259,8.5114,2.1587,-3.2848,23.5849,330.011,-79.1228
2008-09-23,885.5,-2.0356,14.0373,7.022,-0.4161,-6.6913,20.9534,323.2932,-79.5478
2008-09-24,889.0,0.3953,5.0083,8.4411,1.0227,-6.3027,21.5145,324.571,-79.4669
2008-09-25,877.7,-1.2711,-1.6803,6.7502,-3.8769,-5.6845,20.5135,320.4454,-79.7279
2008-09-26,882.9,0.5925,2.5912,6.6176,-4.993,-3.6346,20.4995,322.3439,-79.6078
2008-09-29,888.2,0.6003,-1.7369,6.8961,-4.1028,0.6003,19.5746,324.2789,-79.4854
2008-09-30,874.2,-1.5762,-1.2761,5.4142,-7.2467,-2.3458,16.9968,319.1676,-79.8088
2008-10-01,880.7,0.7435,-0.9336,9.4037,-6.7845,-2.6851,20.6769,321.5407,-79.6586
2008-10-02,839.0,-4.7349,-4.4093,4.5222,-9.9689,-7.7008,15.0418,306.3162,-80.6218
2008-10-03,828.9,-1.2038,-6.1162,3.8852,-10.6114,-10.1658,12.3475,302.6287,-80.855
2008-10-06,862.7,4.0777,-2.871,8.162,-6.4215,-5.6127,16.3766,314.969,-80.0744
2008-10-07,878.4,1.8199,0.4804,10.1442,-5.2734,-5.9126,19.869,320.701,-79.7118
2008-10-08,903.1,2.8119,2.5434,14.7376,-4.0174,-2.7146,22.4708,329.7189,-79.1413
2008-10-09,883.1,-2.2146,5.2563,16.5193,-7.9625,-4.385,19.2734,322.4169,-79.6032
2008-10-10,855.4,-3.1367,3.197,15.3919,-12.0592,-7.5643,13.856,312.3038,-80.243
2008-10-13,838.9,-1.9289,-2.7588,10.338,-14.1966,-9.6694,12.0476,306.2797,-80.6241
2008-10-14,836.3,-0.3099,-4.7928,6.7935,-13.0485,-11.512,10.461,305.3304,-80.6841
2008-10-15,835.5,-0.0957,-7.4853,7.5982,-13.866,-11.0981,10.3699,305.0383,-80.7026
2008-10-16,801.5,-4.0694,-9.2402,-5.3272,-16.2749,-12.1355,5.8086,292.6251,-81.4879
2008-10-17,785.1,-2.0462,-8.2184,-12.0533,-18.482,-14.1686,2.7483,286.6375,-81.8667
2008-10-20,787.6,0.3184,-6.1152,-8.4825,-16.9198,-14.6048,3.089,287.5502,-81.8089
2008-10-21,766.1,-2.7298,-8.3941,-15.2451,-16.9449,-15.4602,1.3628,279.7006,-82.3055
2008-10-22,733.3,-4.2814,-12.2322,-17.188,-20.4664,-17.3094,-3.386,267.7254,-83.0631
2008-10-23,713.3,-2.7274,-11.0044,-19.7638,-23.0196,-19.601,-6.3419,260.4235,-83.525
2008-10-24,729.1,2.2151,-7.1328,-16.9306,-21.3993,-18.3447,-4.9785,266.192,-83.1601
2008-10-27,741.7,1.7282,-5.8278,-15.9928,-19.0637,-15.1567,-5.3833,270.7923,-82.8691
2008-10-28,739.3,-0.3236,-3.4982,-16.7642,-18.1194,-14.3139,-6.311,269.916,-82.9245
2008-10-29,752.8,1.8261,2.6592,-13.887,-17.6278,-11.3205,-4.0163,274.8448,-82.6127
2008-10-30,737.2,-2.0723,3.3506,-16.2939,-18.8999,-13.8886,-6.9192,269.1493,-82.973
2008-10-31,716.8,-2.7672,-1.687,-14.565,-20.3644,-17.8264,-9.3462,261.7014,-83.4442
2008-11-03,725.4,1.1998,-2.1977,-12.4864,-17.4368,-17.1918,-9.9665,264.8412,-83.2456
2008-11-04,756.0,4.2184,2.2589,-12.3681,-13.6592,-13.0635,-6.4472,276.0131,-82.5388
2008-11-05,741.3,-1.9444,-1.5276,-15.6079,-14.8616,-15.8188,-9.6857,270.6462,-82.8783
2008-11-06,731.2,-1.3625,-0.8139,-19.0344,-14.7587,-17.3318,-12.0096,266.9588,-83.1116
2008-11-07,733.2,0.2735,2.2879,-16.9743,-10.7486,-17.0307,-12.2126,267.6889,-83.0654
2008-11-10,745.6,1.6912,2.7847,-12.8361,-7.7456,-14.1508,-10.4384,272.2161,-82.779
2008-11-11,732.0,-1.824,-3.1746,-12.7429,-11.2727,-15.4148,-9.1586,267.2508,-83.0931
2008-11-12,717.7,-1.9536,-3.1836,-14.1815,-11.1977,-18.3504,-9.9724,262.0299,-83.4234
2008-11-13,704.9,-1.7835,-3.5968,-15.6314,-10.3181,-21.5907,-13.2964,257.3567,-83.7191
2008-11-14,742.4,5.3199,1.2548,-7.3737,-7.1652,-17.9668,-5.5351,271.0478,-82.8529
2008-11-17,741.9,-0.0673,-0.4962,-5.5025,-8.5316,-19.3148,-5.5746,270.8653,-82.8645
2008-11-18,732.6,-1.2535,0.082,-6.9832,-9.589,-21.056,-5.69,267.4699,-83.0793
2008-11-19,735.9,0.4505,2.5359,-3.942,-11.6567,-19.8279,-6.8835,268.6747,-83.003
2008-11-20,748.6,1.7258,6.1995,2.0865,-9.5238,-19.1227,-6.1434,273.3114,-82.7097
2008-11-21,791.7,5.7574,6.6406,10.9912,-3.4277,-12.7796,-3.9199,289.0471,-81.7142
2008-11-24,819.4,3.4988,10.4462,12.3851,-0.3405,-9.0061,-0.799,299.1603,-81.0745
2008-11-25,818.4,-0.122,11.7117,10.3411,-1.1714,-6.7031,0.5776,298.7952,-81.0976
2008-11-26,808.5,-1.2097,9.8655,9.3602,-2.6959,-8.8809,1.0499,295.1807,-81.3262
2008-11-28,816.2,0.9524,9.0302,8.4219,-1.5796,-8.59,2.6279,297.992,-81.1484
2008-12-01,774.6,-5.0968,-2.1599,5.0732,-3.7764,-12.137,-0.9716,282.8039,-82.1092
2008-12-02,781.3,0.865,-4.6497,8.9983,-2.666,-11.2058,-0.888,285.2501,-81.9545
2008-12-03,768.8,-1.5999,-6.0606,5.9829,-3.6471,-11.8146,-4.0559,280.6864,-82.2432
2008-12-04,763.8,-0.6504,-5.5288,1.0317,-4.2377,-14.6973,-4.2257,278.8609,-82.3586
2008-12-05,750.5,-1.7413,-8.0495,1.2411,-5.8934,-16.1171,-6.328,274.0051,-82.6658
2008-12-08,767.4,2.2518,-0.9295,4.9508,-2.5029,-11.5797,-3.3988,280.1753,-82.2755
2008-12-09,772.4,0.6516,-1.1391,5.3464,1.9132,-12.1973,-4.3704,282.0007,-82.16
2008-12-10,807.1,4.4925,4.9818,8.2484,8.8763,-7.1445,-0.53,294.6696,-81.3586
2008-12-11,824.9,2.2054,7.9995,12.6913,8.4967,-5.2166,1.4014,301.1683,-80.9474
2008-12-12,818.9,-0.7274,9.1139,14.1006,4.5716,-7.3223,2.4906,298.9777,-81.086
2008-12-15,835.4,2.0149,8.8611,18.5133,7.5853,-5.5298,5.307,305.0018,-80.7049
2008-12-16,841.7,0.7541,8.972,13.3755,-0.5788,-5.5225,5.9009,307.3019,-80.5594
2008-12-17,867.5,3.0652,7.4836,16.9295,-2.8229,-3.7928,8.0324,316.7214,-79.9635
2008-12-18,859.6,-0.9107,4.2066,17.3355,-0.1162,-4.6267,7.3025,313.8372,-80.146
2008-12-19,836.4,-2.6989,2.137,13.6567,-7.4676,-5.4702,4.6547,305.3669,-80.6818
2008-12-22,846.2,1.1717,1.2928,13.0377,-4.4382,-4.8358,4.2632,308.9449,-80.4555
2008-12-23,837.2,-1.0636,-0.5346,5.7471,-5.8268,-4.8636,3.002,305.659,-80.6633
2008-12-24,847.1,1.1825,-2.3516,3.3805,-3.4864,-7.2281,2.5545,309.2735,-80.4347
2008-12-26,870.4,2.7506,1.2564,6.3539,-1.4158,-6.3381,5.0447,317.7802,-79.8965
2008-12-29,874.6,0.4825,4.5672,8.1756,-1.5312,-5.5712,4.1687,319.3136,-79.7995
2008-12-30,869.3,-0.606,2.7298,6.5058,-0.5605,-7.7666,4.1202,317.3786,-79.9219
2008-12-31,883.6,1.645,5.5423,14.0718,0.3293,-6.4776,3.1038,322.5995,-79.5916
2009-01-02,878.8,-0.5432,3.7422,12.4792,4.7437,-5.698,1.4312,320.847,-79.7025
2009-01-05,857.2,-2.4579,-1.5165,11.4984,3.4142,-7.5596,-0.6836,312.9609,-80.2014
2009-01-06,865.4,0.9566,-1.0519,13.3019,0.313,-6.1286,0.6747,315.9547,-80.012
2009-01-07,841.1,-2.808,-3.244,12.0719,-4.2464,-9.2958,-4.2027,307.0829,-80.5733
2009-01-08,853.9,1.5218,-3.3612,11.2718,-5.4479,-9.2465,-2.9107,311.7561,-80.2776
2009-01-09,854.3,0.0468,-2.7879,10.6033,-3.2612,-10.964,-4.1942,311.9022,-80.2684
2009-01-12,820.3,-3.9799,-4.3047,1.6355,-4.1033,-15.6677,-8.4589,299.4889,-81.0537
2009-01-13,820.1,-0.0244,-5.2346,-0.5819,-2.241,-16.1195,-9.0395,299.4158,-81.0583
2009-01-14,808.2,-1.451,-3.9115,-1.3066,-3.36,-15.9701,-10.2997,295.0712,-81.3331
2009-01-15,806.7,-0.1856,-5.5276,-3.4355,-3.447,-16.8351,-8.392,294.5236,-81.3678
2009-01-16,839.3,4.0412,-1.7558,-0.2851,4.7162,-12.3263,-4.5708,306.4257,-80.6148
2009-01-20,854.6,1.8229,4.1814,-1.487,8.8524,-11.2657,-2.9746,312.0117,-80.2615
2009-01-21,849.6,-0.5851,3.5971,-1.1633,7.872,-10.3797,-4.4964,310.1862,-80.3769
2009-01-22,858.2,1.0122,6.1866,2.6064,12.0219,-6.9601,-2.7535,313.326,-80.1783
2009-01-23,895.3,4.323,10.983,5.8024,22.0919,-2.8959,-1.1265,326.8711,-79.3214
2009-01-26,908.5,1.4744,8.245,8.5165,27.3658,-1.9534,-0.2197,331.6904,-79.0165
2009-01-27,899.2,-1.0237,5.2188,6.1504,23.3301,-3.0617,-3.0094,328.295,-79.2313
2009-01-28,888.1,-1.2344,4.5315,2.0335,19.7384,-3.0882,-3.9996,324.2424,-79.4877
2009-01-29,905.1,1.9142,5.4649,3.4873,22.4266,0.2437,-1.6837,330.4491,-79.0951
2009-01-30,927.3,2.4528,3.5742,6.672,23.1801,1.4662,0.4985,338.5542,-78.5823
2009-02-02,906.7,-2.2215,-0.1981,2.6143,22.9924,-0.253,-0.2201,331.0332,-79.0581
2009-02-03,892.0,-1.6213,-0.8007,1.502,24.442,-0.8999,-1.4256,325.6663,-79.3976
2009-02-04,901.6,1.0762,1.5201,5.1797,24.29,2.6178,1.7722,329.1712,-79.1759
2009-02-05,913.6,1.331,0.9391,5.5697,20.8466,4.3399,1.4322,333.5524,-78.8987
2009-02-06,913.9,0.0328,-1.4451,8.6553,23.2834,4.9615,0.8608,333.6619,-78.8918
2009-02-09,892.4,-2.3526,-1.5771,4.5087,22.046,4.0336,-2.831,325.8124,-79.3884
2009-02-10,913.7,2.3868,2.4327,6.9531,24.6181,11.2234,-0.9969,333.5889,-78.8964
2009-02-11,943.8,3.2943,4.6806,15.0555,26.5826,16.778,4.0115,344.5783,-78.2012
2009-02-12,948.5,0.498,3.8201,15.6566,29.5765,14.9697,4.6332,346.2943,-78.0927
2009-02-13,941.5,-0.738,3.02,16.4934,31.1829,16.4934,3.758,343.7386,-78.2543
2009-02-17,967.0,2.7084,8.3595,19.8711,37.1826,23.028,7.1112,353.0486,-77.6654
2009-02-18,977.7,1.1065,7.0045,16.4899,31.6945,22.2583,5.5148,356.9551,-77.4182
2009-02-19,976.1,-0.1637,3.4223,14.2172,31.5676,20.3427,4.4404,356.3709,-77.4552
2009-02-20,1001.8,2.6329,5.6194,17.9143,36.7458,23.6332,5.8873,365.7539,-76.8616
2009-02-23,994.6,-0.7187,5.6399,15.8937,35.1542,19.3998,5.2821,363.1252,-77.0279
2009-02-24,969.1,-2.5638,0.2172,8.243,29.455,17.1259,3.3596,353.8153,-77.6169
2009-02-25,965.7,-0.3508,-1.2274,6.2961,21.978,17.797,2.0717,352.5739,-77.6954
2009-02-26,941.8,-2.4749,-3.514,4.7375,14.9378,14.5463,-1.7115,343.8481,-78.2474
2009-02-27,941.5,-0.0319,-6.0192,6.0128,15.0415,13.694,-2.3847,343.7386,-78.2543
2009-03-02,939.0,-0.2655,-5.5902,3.7454,16.141,13.01,-3.405,342.8259,-78.3121
2009-03-03,912.9,-2.7796,-5.7992,-1.5529,11.8476,10.0808,-6.9893,333.2968,-78.9149
2009-03-04,906.0,-0.7558,-6.182,-0.0772,16.9636,12.5466,-6.0068,330.7777,-79.0743
2009-03-05,927.0,2.3179,-1.5715,3.9238,18.6484,15.4852,-6.0028,338.4447,-78.5892
2009-03-06,942.1,1.6289,0.0637,4.492,22.5416,18.0724,-3.3744,343.9576,-78.2405
2009-03-09,917.7,-2.59,-2.2684,0.4488,20.1493,15.0577,-5.6058,335.0493,-78.804
2009-03-10,895.6,-2.4082,-1.8951,-2.0024,19.3338,12.3009,-7.6606,326.9806,-79.3145
2009-03-11,910.4,1.6525,0.4857,2.017,18.6343,15.6651,-6.549,332.3841,-78.9727
2009-03-12,923.7,1.4609,-0.356,1.0945,19.5883,21.8762,-5.6293,337.2399,-78.6655
2009-03-13,929.8,0.6604,-1.3056,-1.4834,15.2026,25.4283,-6.2985,339.467,-78.5246
2009-03-16,921.6,-0.8819,0.425,-2.8361,11.7226,21.2153,-7.6738,336.4732,-78.714
2009-03-17,916.4,-0.5642,2.3225,-2.666,11.9062,17.0221,-8.4881,334.5747,-78.8341
2009-03-18,888.7,-3.0227,-2.3836,-8.0972,6.3802,14.4495,-11.4135,324.4615,-79.4739
2009-03-19,958.3,7.8317,3.7458,-1.9843,13.8529,13.194,1.4396,349.8722,-77.8663
2009-03-20,955.8,-0.2609,2.7963,-2.0797,10.1787,7.0684,3.9365,348.9595,-77.9241
2009-03-23,952.1,-0.3871,3.3095,-4.9611,10.7608,10.6321,3.6807,347.6086,-78.0095
2009-03-24,923.3,-3.0249,0.7529,-7.1687,10.3898,2.1463,-1.2091,337.0938,-78.6747
2009-03-25,935.4,1.3105,5.2549,-3.4774,10.5412,5.6352,-1.4331,341.5115,-78.3952
2009-03-26,939.6,0.449,-1.9514,-2.7027,12.2312,5.6918,-0.9696,343.0449,-78.2982
2009-03-27,923.0,-1.7667,-3.4317,-1.9962,8.96,5.1612,-0.8167,336.9843,-78.6816
2009-03-30,915.5,-0.8126,-3.8441,-2.7616,5.1815,3.6924,-0.0764,334.2461,-78.8549
2009-03-31,922.6,0.7755,-0.0758,-1.7465,5.4882,3.873,4.4965,336.8383,-78.6909
2009-04-01,926.1,0.3794,-0.9942,1.4459,6.534,5.9369,3.4517,338.1161,-78.61
2009-04-02,907.4,-2.0192,-3.427,0.1545,2.6935,3.0317,0.2652,331.2888,-79.0419
2009-04-03,895.6,-1.3004,-2.9686,-3.3873,1.9117,6.7461,-1.4742,326.9806,-79.3145
2009-04-06,871.5,-2.6909,-4.8061,-7.4939,1.6682,5.1393,-5.5489,318.1818,-79.8711
2009-04-07,882.2,1.2278,-4.3789,-3.8684,1.9413,2.2603,-3.4792,322.0884,-79.624
2009-04-08,884.8,0.2947,-4.4596,-1.2059,5.1956,0.7286,-5.2271,323.0376,-79.5639
2009-04-09,882.2,-0.2938,-2.7772,-3.0975,3.3142,-2.3142,-4.9661,322.0884,-79.624
2009-04-13,894.7,1.4169,-0.1005,-3.1395,4.729,1.3136,-3.1291,326.6521,-79.3353
2009-04-14,890.9,-0.4247,2.226,-4.1837,8.6066,4.1501,-3.7281,325.2647,-79.423
2009-04-15,892.8,0.2133,1.2015,-3.125,8.8648,6.4251,-3.8656,325.9584,-79.3792
2009-04-16,879.3,-1.5121,-0.6216,-4.0485,8.7973,5.1417,-6.9622,321.0296,-79.691
2009-04-17,867.4,-1.3533,-1.6776,-2.3968,7.5245,3.8181,-7.7038,316.6849,-79.9658
2009-04-20,887.0,2.2596,-0.8606,-7.4403,5.6833,10.6675,-2.7626,323.8408,-79.5131
2009-04-21,882.1,-0.5524,-0.9878,-7.7108,3.2179,12.3551,-3.564,322.0518,-79.6263
2009-04-22,891.8,1.0996,-0.112,-6.3334,4.967,13.2301,-3.307,325.5933,-79.4023
2009-04-23,905.9,1.5811,3.0251,-1.8845,5.5581,18.2483,-0.0331,330.7412,-79.0766
2009-04-24,913.6,0.85,5.3263,-2.3306,2.044,24.5875,3.0221,333.5524,-78.8987
2009-04-27,907.4,-0.6786,2.2999,-3.427,-0.1211,27.2116,2.2768,331.2888,-79.0419
2009-04-28,892.8,-1.609,1.213,-3.2719,-0.7117,22.4523,-0.0112,325.9584,-79.3792
2009-04-29,899.8,0.7841,0.8971,-1.7149,1.3174,21.3159,2.9284,328.5141,-79.2175
2009-04-30,890.7,-1.0113,-1.6779,-3.4576,-1.591,20.4788,3.2337,325.1917,-79.4277
2009-05-01,887.6,-0.348,-2.8459,-4.1572,-4.2812,17.9065,4.5588,324.0599,-79.4993
2009-05-04,901.6,1.5773,-0.6392,-0.6392,-0.5625,22.3006,5.3148,329.1712,-79.1759
2009-05-05,903.7,0.2329,1.2209,0.9044,1.3117,26.0742,3.5997,329.9379,-79.1274
2009-05-06,910.5,0.7525,1.1892,4.475,0.9871,25.517,3.9384,332.4206,-78.9703
2009-05-07,915.0,0.4942,2.7282,3.718,0.1532,21.0317,5.2208,334.0635,-78.8664
2009-05-08,914.4,-0.0656,3.0194,3.3454,0.0547,23.3509,3.8383,333.8445,-78.8803
2009-05-11,913.0,-0.1531,1.2644,3.4913,2.3084,24.8632,3.2222,333.3333,-78.9126
2009-05-12,923.5,1.1501,2.191,3.219,1.0726,25.9547,4.5038,337.1669,-78.6701
2009-05-13,925.5,0.2166,1.6474,3.8837,-1.939,24.1282,6.563,337.8971,-78.6239
2009-05-14,928.0,0.2701,1.4208,3.9427,-2.1613,26.776,7.2336,338.8098,-78.5661
2009-05-15,930.9,0.3125,1.8045,5.8683,-1.1259,29.706,5.9044,339.8686,-78.4992
2009-05-18,921.3,-1.0313,0.9091,6.214,-4.726,30.6994,2.4805,336.3636,-78.7209
2009-05-19,926.3,0.5427,0.3032,4.4307,-5.2572,24.771,2.3536,338.1891,-78.6054
2009-05-20,937.0,1.1551,1.2426,6.2238,-4.0057,26.2973,1.9032,342.0957,-78.3583
2009-05-21,950.8,1.4728,2.4569,6.6158,-5.0908,29.7843,2.4569,347.134,-78.0395
2009-05-22,958.5,0.8098,2.9649,5.8064,-3.6296,30.2487,4.4231,349.9452,-77.8617
2009-05-26,953.1,-0.5634,3.4516,4.3236,-1.651,27.3177,2.971,347.9737,-77.9864
2009-05-27,953.2,0.0105,2.904,5.0474,-1.2944,20.3991,5.0127,348.0102,-77.9841
2009-05-28,961.5,0.8707,2.6147,7.6949,2.0917,17.342,6.774,351.0405,-77.7924
2009-05-29,978.8,1.7993,2.9449,8.7797,3.9618,19.5992,11.5823,357.3567,-77.3928
2009-06-01,978.6,-0.0204,2.097,9.8686,4.2172,21.039,10.2896,357.2837,-77.3975
2009-06-02,983.2,0.4701,3.1581,10.7706,7.7007,20.4607,10.1131,358.9631,-77.2912
2009-06-03,964.5,-1.902,1.1855,6.9765,6.457,24.5159,9.4034,352.1358,-77.7231
2009-06-04,981.2,1.7315,2.0489,8.5759,5.8468,25.5856,11.5127,358.2329,-77.3374
2009-06-05,961.7,-1.9874,-1.747,5.6233,2.0805,25.0911,10.312,351.1136,-77.7878
2009-06-08,951.7,-1.0398,-2.7488,4.0109,3.7049,24.6007,6.2877,347.4626,-78.0188
2009-06-09,954.0,0.2417,-2.9699,4.3307,6.5208,27.1153,6.6279,348.3023,-77.9656
2009-06-10,954.0,0.0,-1.0886,4.4907,4.7891,24.3159,9.9205,348.3023,-77.9656
2009-06-11,961.3,0.7652,-2.0281,4.0931,4.0706,24.4562,9.2759,350.9675,-77.797
2009-06-12,940.1,-2.2053,-2.246,1.5775,1.1078,16.4788,8.1569,343.2275,-78.2867
2009-06-15,926.9,-1.4041,-2.6059,-0.1185,0.5751,12.3651,6.5035,338.4082,-78.5916
2009-06-16,931.6,0.5071,-2.348,0.0752,1.6587,13.7624,5.4323,340.1241,-78.483
2009-06-17,935.4,0.4079,-1.9497,1.5305,5.2549,11.9703,5.7786,341.5115,-78.3952
2009-06-18,934.0,-0.1497,-2.8399,0.8313,-2.5357,10.9659,4.8378,341.0004,-78.4276
2009-06-19,935.6,0.1713,-0.4787,-0.1494,-2.1134,7.8501,3.7596,341.5845,-78.3906
2009-06-22,920.6,-1.6032,-0.6797,-3.1763,-3.3085,7.0963,2.1414,336.1081,-78.7371
2009-06-23,923.9,0.3585,-0.8265,-3.6098,0.065,10.4615,4.4191,337.3129,-78.6608
2009-06-24,934.1,1.104,-0.139,-1.9935,-0.139,10.3876,5.0495,341.0369,-78.4253
2009-06-25,939.1,0.5353,0.546,-1.4792,-0.0532,12.1715,6.7159,342.8624,-78.3098
2009-06-26,940.7,0.1704,0.5451,-2.1633,1.9177,11.0495,3.0227,343.4465,-78.2728
2009-06-29,940.4,-0.0319,2.1508,-3.9232,2.7198,8.0423,1.1945,343.337,-78.2797
2009-06-30,927.1,-1.4143,0.3464,-5.2626,0.4878,6.0027,0.0972,338.4812,-78.5869
2009-07-01,941.0,1.4993,0.7387,-4.2921,1.6089,8.248,-0.1592,343.5561,-78.2659
2009-07-02,930.7,-1.0946,-0.8945,-3.5044,2.5678,5.3305,-1.4924,339.7956,-78.5038
2009-07-06,924.0,-0.7199,-1.7753,-5.8296,3.1711,5.1434,-0.8477,337.3494,-78.6585
2009-07-07,928.8,0.5195,-1.2335,-3.421,6.5749,8.3528,0.1618,339.1019,-78.5477
2009-07-08,909.0,-2.1318,-1.9523,-4.4867,3.0379,5.0381,-1.3993,331.873,-79.005
2009-07-09,915.9,0.7591,-2.6674,-3.9937,3.5149,8.8931,-1.2294,334.3921,-78.8456
2009-07-10,912.2,-0.404,-1.9878,-4.3816,3.4006,6.8275,-3.0503,333.0413,-78.9311
2009-07-13,922.2,1.0963,-0.1948,-4.0674,3.0737,7.948,-3.8874,336.6922,-78.7001
2009-07-14,922.5,0.0325,-0.6783,-1.8721,3.547,12.4589,-5.1609,336.8018,-78.6932
2009-07-15,939.1,1.7995,3.3113,1.3162,5.1859,14.5104,-3.948,342.8624,-78.3098
2009-07-16,935.1,-0.4259,2.0963,0.3757,6.346,15.7016,-2.776,341.402,-78.4022
2009-07-17,937.2,0.2246,2.7406,0.1924,8.047,16.177,-3.3814,342.1687,-78.3537
2009-07-20,948.5,1.2057,2.8519,1.5525,6.9335,13.0108,-0.9193,346.2943,-78.0927
2009-07-21,946.6,-0.2003,2.6125,1.1757,7.3121,10.7653,-1.7132,345.6006,-78.1365
2009-07-22,953.0,0.6761,1.4801,3.5194,6.8625,12.1704,0.5274,347.9372,-77.9887
2009-07-23,954.5,0.1574,2.0746,3.312,5.3648,11.2212,3.48,348.4849,-77.9541
2009-07-24,952.8,-0.1781,1.6645,2.0019,4.2907,6.4224,3.3406,347.8642,-77.9933
2009-07-27,953.3,0.0525,0.5061,1.5121,5.0584,4.9312,2.8815,348.0467,-77.9818
2009-07-28,939.0,-1.5001,-0.8029,-0.1807,5.1747,4.4262,1.229,342.8259,-78.3121
2009-07-29,927.2,-1.2567,-2.7072,-1.4037,3.0451,4.4027,1.1785,338.5177,-78.5846
2009-07-30,934.9,0.8305,-2.0534,0.8413,4.9624,3.2925,3.5441,341.329,-78.4068
2009-07-31,953.7,2.0109,0.0945,1.3496,7.4471,2.847,4.355,348.1928,-77.9726
2009-08-03,956.6,0.3041,0.3462,2.7828,6.1003,5.5035,5.2365,349.2516,-77.9056
2009-08-04,967.5,1.1395,3.0351,4.7078,7.0599,8.4641,7.4881,353.2311,-77.6538
2009-08-05,964.2,-0.3411,3.9905,3.8114,5.8979,6.9432,9.7428,352.0263,-77.73
2009-08-06,960.7,-0.363,2.7597,5.6876,4.9945,5.1554,9.7191,350.7485,-77.8109
2009-08-07,957.3,-0.3539,0.3775,4.5201,4.6916,4.7489,9.946,349.5071,-77.8894
2009-08-10,945.0,-1.2849,-1.2126,3.5957,3.5049,5.8942,10.1655,345.0164,-78.1735
2009-08-11,945.8,0.0847,-2.2429,2.5591,2.4147,3.5132,15.1309,345.3085,-78.155
2009-08-12,950.7,0.5181,-1.4001,3.0569,2.7229,0.7311,17.6318,347.0975,-78.0419
2009-08-13,954.7,0.4207,-0.6245,1.6612,2.8772,0.6537,15.7212,348.5579,-77.9495
2009-08-14,947.0,-0.8065,-1.0759,1.2726,1.7295,0.5842,17.174,345.7466,-78.1273
2009-08-17,934.3,-1.3411,-1.1323,-0.3094,1.411,-3.3816,18.8677,341.1099,-78.4206
2009-08-18,937.7,0.3639,-0.8564,-1.1386,1.2307,-4.0912,17.2565,342.3512,-78.3421
2009-08-19,943.3,0.5972,-0.7784,-0.3486,0.6724,-3.3603,16.2989,344.3958,-78.2128
2009-08-20,940.3,-0.318,-1.5083,-1.3326,-1.1043,-6.1389,16.0434,343.3005,-78.2821
2009-08-21,953.2,1.3719,0.6547,-0.1362,-0.5529,-4.1625,14.4298,348.0102,-77.9841
2009-08-24,942.3,-1.1435,0.8563,-1.102,-1.1331,-2.7655,13.8869,344.0307,-78.2359
2009-08-25,944.5,0.2335,0.7252,-0.9231,-0.9127,-2.1953,15.211,344.8339,-78.1851
2009-08-26,944.3,-0.0212,0.106,0.5644,-1.7889,0.2654,14.8504,344.7609,-78.1897
2009-08-27,945.5,0.1271,0.553,1.9737,-3.4021,0.4249,14.177,345.199,-78.162
2009-08-28,957.0,1.2163,0.3987,2.3639,-2.2072,1.9169,15.1763,349.3976,-77.8963
2009-08-31,951.7,-0.5538,0.9976,-0.2097,-3.2038,4.2502,14.7594,347.4626,-78.0188
2009-09-01,954.7,0.3152,1.0799,-0.1986,-1.0161,5.3753,18.5963,348.5579,-77.9495
2009-09-02,976.6,2.2939,3.4205,0.9406,-0.4688,5.3506,21.6644,356.5535,-77.4436
2009-09-03,995.8,1.966,5.3199,3.2773,3.5458,5.7,24.8026,363.5633,-77.0002
2009-09-04,994.9,-0.0904,3.9603,3.5599,4.5392,8.4123,24.7367,363.2348,-77.021
2009-09-08,997.9,0.3015,4.8545,4.2411,4.6017,11.4225,25.1285,364.3301,-76.9517
2009-09-09,995.3,-0.2606,4.2526,5.3228,4.3291,9.3256,26.4515,363.3808,-77.0117
2009-09-10,995.4,0.0101,1.9251,5.2442,3.5473,7.7623,31.3366,363.4173,-77.0094
2009-09-11,1004.9,0.9544,0.9138,5.7011,6.8929,8.077,35.5592,366.8857,-76.79
2009-09-14,999.9,-0.4976,0.5026,4.7345,7.8757,8.4961,31.5139,365.0603,-76.9055
2009-09-15,1005.0,0.51,0.7115,6.1246,7.8789,9.6683,28.3361,366.9222,-76.7877
2009-09-16,1018.9,1.3831,2.3711,9.0549,8.9267,14.6506,31.217,371.9971,-76.4666
2009-09-17,1012.3,-0.6478,1.6978,7.9556,8.3833,5.635,19.5724,369.5874,-76.6191
2009-09-18,1009.2,-0.3062,0.4279,6.9861,7.8666,5.5869,13.0503,368.4557,-76.6907
2009-09-21,1003.7,-0.545,0.38,6.7425,9.0267,5.4196,16.6279,366.4476,-76.8177
2009-09-22,1014.2,1.0461,0.9154,6.3995,9.7738,9.8451,12.2027,370.2811,-76.5752
2009-09-23,1013.0,-0.1183,-0.5791,7.5029,8.4466,8.2959,14.3986,369.843,-76.6029
2009-09-24,997.5,-1.5301,-1.462,5.6114,6.2187,6.1622,12.2047,364.184,-76.9609
2009-09-25,990.2,-0.7318,-1.8827,4.8607,5.262,7.2806,12.8176,361.5188,-77.1295
2009-09-28,992.5,0.2323,-1.1159,4.9709,5.5402,8.4107,12.4136,362.3585,-77.0764
2009-09-29,993.1,0.0605,-2.0805,3.7722,7.119,7.6414,11.8104,362.5776,-77.0625
2009-09-30,1008.0,1.5004,-0.4936,5.9157,7.1201,8.8435,15.3054,368.0175,-76.7184
2009-10-01,999.5,-0.8433,0.2005,4.6926,7.3923,10.1499,13.4893,364.9142,-76.9147
2009-10-02,1003.2,0.3702,1.3129,2.7237,8.5714,12.0143,19.5709,366.2651,-76.8293
2009-10-05,1016.7,1.3457,2.4383,2.0988,9.4638,16.6609,22.6565,371.1939,-76.5175
2009-10-06,1038.6,2.154,4.5816,4.3924,14.2574,17.7284,20.3895,379.1895,-76.0116
2009-10-07,1043.3,0.4525,3.502,4.5496,13.9098,17.9137,18.7728,380.9055,-75.9031
2009-10-08,1055.4,1.1598,5.5928,6.0384,15.6983,19.6327,16.8641,385.3231,-75.6236
2009-10-09,1047.8,-0.7201,4.4458,5.2642,13.6196,17.1119,18.6502,382.5484,-75.7991
2009-10-12,1056.7,0.8494,3.9343,5.1547,14.5474,18.6104,23.5328,385.7977,-75.5936
2009-10-13,1064.2,0.7098,2.4649,6.4306,13.3213,19.198,26.8566,388.536,-75.4204
2009-10-14,1063.9,-0.0282,1.9745,5.8607,13.7739,20.994,27.2151,388.4265,-75.4273
2009-10-15,1049.8,-1.3253,-0.5306,3.0327,12.0145,21.0284,25.6493,383.2786,-75.753
2009-10-16,1050.7,0.0857,0.2768,3.7933,10.7749,18.4555,31.0917,383.6071,-75.7322
2009-10-19,1057.3,0.6282,0.0568,4.7662,11.6945,19.8617,34.6708,386.0168,-75.5797
2009-10-20,1057.8,0.0473,-0.6014,5.3901,10.9969,18.614,34.3068,386.1994,-75.5682
2009-10-21,1063.7,0.5578,-0.0188,4.8807,11.4405,17.4191,38.8461,388.3534,-75.4319
2009-10-22,1057.8,-0.5547,0.762,4.4225,11.0202,15.7837,44.252,386.1994,-75.5682
2009-10-23,1055.6,-0.208,0.4664,5.8246,10.7311,16.3324,47.9882,385.3961,-75.619
2009-10-26,1042.1,-1.2789,-1.4376,5.2414,10.9798,16.7227,42.9296,380.4673,-75.9308
2009-10-27,1034.7,-0.7101,-2.1838,4.2519,11.594,14.9922,39.5038,377.7656,-76.1017
2009-10-28,1029.9,-0.4639,-3.1776,3.7056,10.1615,15.6282,39.3075,376.0132,-76.2126
2009-10-29,1046.4,1.6021,-1.0777,3.8095,9.72,17.8909,39.0011,382.0373,-75.8315
2009-10-30,1039.7,-0.6403,-1.5063,4.022,8.687,15.3172,41.0336,379.5911,-75.9862
2009-11-02,1053.4,1.3177,1.0844,5.004,8.8786,16.5652,46.9587,384.5929,-75.6698
2009-11-03,1084.3,2.9334,4.7937,6.649,12.4559,19.0884,49.4762,395.8744,-74.9561
2009-11-04,1086.7,0.2213,5.5151,4.6312,13.1154,18.765,43.7434,396.7506,-74.9007
2009-11-05,1088.7,0.184,4.0424,4.3516,13.7261,19.0617,46.8636,397.4808,-74.8545
2009-11-06,1095.1,0.5879,5.3285,3.7616,15.8836,19.9452,49.7675,399.8175,-74.7067
2009-11-09,1100.8,0.5205,4.4997,5.0582,16.3882,19.1987,50.1364,401.8985,-74.575
2009-11-10,1101.9,0.0999,1.6232,4.2775,15.9041,19.06,47.787,402.3001,-74.5496
2009-11-11,1114.0,1.0981,2.5122,4.6796,16.6859,20.0431,52.1858,406.7178,-74.2701
2009-11-12,1106.0,-0.7181,1.5891,3.9571,16.7899,18.8098,54.1034,403.797,-74.4549
2009-11-13,1116.1,0.9132,1.9176,6.3155,19.4584,21.144,58.3345,407.4845,-74.2216
2009-11-16,1138.6,2.0159,3.4339,8.3659,21.4248,22.9191,53.3674,415.6992,-73.702
2009-11-17,1138.8,0.0176,3.3488,7.7083,20.7251,21.5368,53.4978,415.7722,-73.6973
2009-11-18,1140.7,0.1668,2.3968,7.837,21.3123,19.9727,55.7057,416.4659,-73.6535
2009-11-19,1141.4,0.0614,3.2007,7.3047,19.744,19.0819,55.1026,416.7214,-73.6373
2009-11-20,1146.4,0.4381,2.7148,8.3759,21.6598,20.2812,53.1392,418.5469,-73.5218
2009-11-23,1164.3,1.5614,2.2572,10.2975,23.2716,22.1465,47.0633,425.0822,-73.1084
2009-11-24,1165.5,0.1031,2.3446,11.8415,23.4248,21.2168,42.2382,425.5203,-73.0807
2009-11-25,1186.9,1.8361,4.0502,14.7096,25.5315,21.2607,45.0269,433.3334,-72.5864
2009-11-27,1174.2,-1.07,2.8737,14.0111,22.6959,19.9877,45.2319,428.6966,-72.8797
2009-11-30,1181.1,0.5876,3.0269,12.8727,24.1042,20.1281,44.7072,431.2158,-72.7203
2009-12-01,1199.1,1.524,2.9889,15.3313,25.5997,24.3235,54.8025,437.7875,-72.3046
2009-12-02,1212.0,1.0758,3.9897,15.056,24.104,23.5222,55.1261,442.4973,-72.0067
2009-12-03,1217.4,0.4455,2.5697,12.2752,22.2535,26.5883,58.3507,444.4688,-71.8819
2009-12-04,1168.8,-3.9921,-0.4599,7.555,17.4791,22.8118,53.0244,426.7251,-73.0044
2009-12-07,1163.4,-0.462,-1.4986,6.8614,16.5848,21.9497,55.0167,424.7536,-73.1292
2009-12-08,1142.8,-1.7707,-4.6952,4.3558,14.8197,19.7904,48.9184,417.2326,-73.605
2009-12-09,1120.4,-1.9601,-7.5578,1.7805,12.5578,16.5505,45.0544,409.0544,-74.1223
2009-12-10,1125.7,0.473,-7.5325,2.1599,12.0211,19.7426,39.4747,410.9894,-73.9999
2009-12-11,1119.4,-0.5596,-4.2266,0.4847,11.9512,20.7682,35.7013,408.6893,-74.1454
2009-12-14,1123.3,0.3484,-3.4468,1.5642,11.7711,20.5775,37.1718,410.1132,-74.0553
2009-12-15,1122.4,-0.0801,-1.7851,0.5645,10.158,19.9914,34.3548,409.7846,-74.0761
2009-12-16,1135.5,1.1671,1.3477,-0.2723,12.1703,21.5739,34.9055,414.5674,-73.7736
2009-12-17,1106.8,-2.5275,-1.6789,-2.81,9.671,18.2984,27.585,404.0891,-74.4364
2009-12-18,1110.8,0.3614,-0.7683,-2.6212,10.6705,20.6604,29.2229,405.5495,-74.344
2009-12-21,1095.4,-1.3864,-2.4838,-4.0301,8.0063,18.5626,30.966,399.927,-74.6997
2009-12-22,1086.0,-0.8581,-3.2431,-5.2687,7.2063,16.2616,28.3385,396.4951,-74.9169
2009-12-23,1093.3,0.6722,-3.7164,-6.0981,9.604,16.42,30.5901,399.1603,-74.7482
2009-12-24,1104.1,0.9878,-0.244,-5.2681,11.5027,17.37,30.3388,403.1033,-74.4988
2009-12-28,1107.2,0.2808,-0.3241,-6.715,11.5567,17.7371,27.2059,404.2351,-74.4272
2009-12-29,1097.0,-0.9212,0.1461,-6.5747,10.4622,18.326,25.4288,400.5111,-74.6628
2009-12-30,1091.5,-0.5014,0.5064,-7.5861,8.2837,15.9936,25.5608,398.5031,-74.7898
2009-12-31,1095.2,0.339,0.1738,-8.6648,9.5748,17.6749,23.9475,399.854,-74.7044
2010-01-04,1117.7,2.0544,1.2318,-7.7805,11.4135,20.9632,27.1848,408.0686,-74.1847
2010-01-05,1118.1,0.0358,0.9845,-8.1567,9.9734,20.3811,30.4363,408.2147,-74.1754
2010-01-06,1135.9,1.592,3.546,-2.8149,9.3684,24.9615,31.2572,414.7134,-73.7643
2010-01-07,1133.1,-0.2465,3.8113,-2.6044,8.6073,23.7144,34.7164,413.6911,-73.829
2010-01-08,1138.2,0.4501,3.9262,-0.4025,7.8454,24.7753,33.2943,415.5531,-73.7112
2010-01-11,1150.7,1.0982,2.9525,2.7044,9.8206,24.7777,34.6951,420.1168,-73.4225
2010-01-12,1128.9,-1.8945,0.9659,0.2843,6.8326,22.374,37.6204,412.1577,-73.926
2010-01-13,1136.4,0.6644,0.044,1.5187,6.7844,21.0095,38.5685,414.896,-73.7528
2010-01-14,1142.6,0.5456,0.8384,1.7181,7.3973,22.1901,41.3759,417.1595,-73.6096
2010-01-15,1130.1,-1.094,-0.7116,0.686,7.6491,20.5826,40.0892,412.5958,-73.8983
2010-01-19,1139.7,0.8495,-0.9559,0.3699,8.4705,20.1581,35.7917,416.1008,-73.6766
2010-01-20,1112.3,-2.4041,-1.4705,0.4969,5.2019,17.5048,30.1545,406.0971,-74.3094
2010-01-21,1102.7,-0.8631,-2.9655,-0.7292,4.2446,15.7083,29.7905,402.5922,-74.5311
2010-01-22,1089.2,-1.2243,-4.6736,-0.566,2.3973,14.1121,26.9168,397.6634,-74.8429
2010-01-25,1095.2,0.5509,-3.0882,0.8471,3.5356,14.9454,22.3277,399.854,-74.7044
2010-01-26,1097.9,0.2465,-3.6676,0.4207,4.0072,15.1684,20.8476,400.8397,-74.642
2010-01-27,1084.4,-1.2296,-2.5083,-1.7843,4.0591,15.4846,20.5961,395.9109,-74.9538
2010-01-28,1083.6,-0.0738,-1.7321,-2.1315,4.726,16.868,22.0133,395.6188,-74.9723
2010-01-29,1083.0,-0.0554,-0.5692,-1.2762,5.1558,15.8413,19.6553,395.3998,-74.9861
2010-02-01,1104.3,1.9668,0.8309,1.1727,5.5333,15.7911,19.0877,403.1764,-74.4942
2010-02-02,1117.4,1.1863,1.7761,2.027,7.4733,16.8095,23.2381,407.9591,-74.1916
2010-02-03,1111.4,-0.537,2.4899,-0.5637,5.506,14.8734,24.5964,405.7685,-74.3302
2010-02-04,1062.4,-4.4089,-1.9564,-4.9817,-2.0197,10.1846,17.835,387.8788,-75.4619
2010-02-05,1052.2,-0.9601,-2.844,-7.3686,-3.1747,9.5243,15.1708,384.1548,-75.6975
2010-02-08,1065.7,1.283,-3.4954,-5.9483,-2.1126,11.3235,16.6101,389.0836,-75.3857
2010-02-09,1076.7,1.0322,-3.6424,-5.4033,-1.6802,13.9365,20.6522,393.0997,-75.1317
2010-02-10,1075.8,-0.0836,-3.2032,-6.5091,-2.2711,13.745,17.7411,392.7711,-75.1524
2010-02-11,1094.2,1.7103,2.9932,-3.0738,-0.6988,15.0941,15.9356,399.4889,-74.7275
2010-02-12,1089.5,-0.4295,3.545,-4.1271,-2.1993,14.1196,14.8656,397.7729,-74.836
2010-02-16,1119.3,2.7352,5.0296,-2.0392,1.2025,18.1943,18.8848,408.6528,-74.1477
2010-02-17,1119.5,0.0179,3.9751,-0.938,0.3046,19.8223,15.7704,408.7258,-74.1431
2010-02-18,1118.0,-0.134,3.9227,-1.904,-1.8092,19.2279,14.35,408.1782,-74.1778
2010-02-19,1121.3,0.2952,2.4767,0.8091,-1.5367,18.8699,14.8755,409.383,-74.1015
2010-02-22,1112.6,-0.7759,2.1202,0.8978,-2.4634,18.3239,11.0601,406.2066,-74.3025
2010-02-23,1102.7,-0.8898,-1.4831,1.2394,-3.3906,15.684,10.8687,402.5922,-74.5311
2010-02-24,1096.5,-0.5623,-2.0545,0.1187,-4.3528,16.3642,13.1462,400.3286,-74.6743
2010-02-25,1107.8,1.0306,-0.9123,0.9017,-4.8527,17.2896,14.7147,404.4542,-74.4133
2010-02-26,1118.3,0.9478,-0.2675,3.1262,-4.0498,18.4264,18.7407,408.2877,-74.1708
2010-03-01,1117.8,-0.0447,0.4674,3.1562,-5.8219,18.2232,18.7254,408.1052,-74.1824
2010-03-02,1136.9,1.7087,3.1015,4.9769,-3.1766,18.7983,21.0756,415.0785,-73.7412
2010-03-03,1142.7,0.5102,4.2134,3.4773,-3.2512,20.0693,25.1725,417.196,-73.6073
2010-03-04,1132.6,-0.8839,2.2387,1.3603,-5.5458,18.6341,25.011,413.5086,-73.8405
2010-03-05,1134.8,0.1942,1.4755,2.1055,-6.3696,16.1991,22.4164,414.3118,-73.7897
2010-03-08,1123.6,-0.987,0.5189,5.7605,-7.7049,12.8339,19.2655,410.2227,-74.0484
2010-03-09,1122.0,-0.1424,-1.3106,6.6337,-4.0041,12.7752,22.2622,409.6386,-74.0854
2010-03-10,1107.8,-1.2656,-3.0542,3.9505,-4.7791,11.0131,23.6936,404.4542,-74.4133
2010-03-11,1108.0,0.018,-2.172,2.907,-3.0452,11.3232,21.7047,404.5272,-74.4087
2010-03-12,1101.5,-0.5866,-2.9344,2.3889,-1.6869,10.659,19.2487,402.1541,-74.5589
2010-03-15,1105.1,0.3268,-1.6465,0.9962,-1.83,9.9711,18.8535,403.4684,-74.4757
2010-03-16,1122.2,1.5474,0.0178,3.0014,0.2501,12.2312,21.7665,409.7116,-74.0807
2010-03-17,1124.0,0.1604,1.4624,0.4199,0.0623,11.8408,22.6539,410.3688,-74.0392
2010-03-18,1127.4,0.3025,1.7509,0.7057,0.4455,10.6487,26.8595,411.6101,-73.9606
2010-03-19,1107.4,-1.774,0.5356,-0.9481,-2.4747,9.3945,15.5588,404.3082,-74.4226
2010-03-22,1099.3,-0.7314,-0.5248,-1.962,-0.6776,8.9279,15.0136,401.3509,-74.6097
2010-03-23,1103.5,0.3821,-1.6664,-0.8179,-0.6572,9.9432,15.9017,402.8843,-74.5127
2010-03-24,1088.6,-1.3503,-3.1495,-1.2787,-0.6208,7.3358,17.9032,397.4443,-74.8568
2010-03-25,1092.7,0.3766,-3.0779,-0.3466,0.6169,7.8677,16.8163,398.9412,-74.7621
2010-03-26,1104.2,1.0524,-0.289,-0.325,0.997,10.6967,17.5181,403.1398,-74.4965
2010-03-29,1110.3,0.5524,1.0006,-0.7154,0.5615,12.1289,20.2925,405.3669,-74.3556
2010-03-30,1104.5,-0.5224,0.0906,-1.1898,-0.2439,11.2846,20.6445,403.2494,-74.4896
2010-03-31,1113.3,0.7967,2.269,-2.0758,1.4859,12.1035,20.6699,406.4622,-74.2863
2010-04-01,1125.1,1.0599,2.9651,-1.5402,3.0783,11.6171,21.488,410.7704,-74.0138
2010-04-05,1132.9,0.6933,2.5992,0.0265,3.4423,13.3467,24.8512,413.6181,-73.8336
2010-04-06,1135.1,0.1942,2.2336,0.0264,1.5568,13.1479,26.7418,414.4213,-73.7828
2010-04-07,1152.3,1.5153,4.3278,2.5543,3.0588,13.3373,32.2203,420.701,-73.3855
2010-04-08,1152.2,-0.0087,3.4941,2.6916,1.435,10.9378,30.6053,420.6645,-73.3878
2010-04-09,1161.1,0.7724,3.1997,4.8113,2.4711,11.2911,31.2274,423.9138,-73.1823
2010-04-12,1161.6,0.0431,2.5333,4.8375,2.0559,10.0625,31.6708,424.0964,-73.1707
2010-04-13,1152.8,-0.7576,1.5593,4.6573,0.1825,10.021,28.8477,420.8836,-73.374
2010-04-14,1159.0,0.5378,0.5814,4.8774,2.6663,9.6811,30.0932,423.1471,-73.2308
2010-04-15,1159.7,0.0604,0.6509,3.3417,2.0503,8.9739,29.8947,423.4027,-73.2146
2010-04-16,1136.3,-2.0178,-2.1359,1.0943,-0.5514,6.8052,29.2278,414.8595,-73.7551
2010-04-19,1135.2,-0.0968,-2.2727,0.6919,0.4513,8.1349,30.8739,414.4578,-73.7805
2010-04-20,1138.6,0.2995,-1.2318,2.8174,-0.0965,8.3659,28.3653,415.6992,-73.702
2010-04-21,1148.2,0.8431,-0.9318,4.4483,3.2275,8.5974,30.1666,419.2041,-73.4802
2010-04-22,1142.3,-0.5138,-1.5004,3.5161,3.5912,7.9883,28.0893,417.05,-73.6165
2010-04-23,1153.1,0.9455,1.4785,5.925,5.8667,8.4046,27.2878,420.9931,-73.3671
2010-04-26,1153.5,0.0347,1.6121,5.5642,5.3232,9.0471,26.2588,421.1391,-73.3578
2010-04-27,1161.7,0.7109,2.0288,5.2074,5.8111,10.0512,28.0251,424.1329,-73.1684
2010-04-28,1171.3,0.8264,2.0119,5.494,8.0137,12.398,31.194,427.6379,-72.9467
2010-04-29,1168.4,-0.2476,2.2849,5.7854,7.8258,12.9216,29.8511,426.5791,-73.0137
2010-04-30,1180.1,1.0014,2.3415,6.0002,8.9658,14.5839,32.4913,430.8507,-72.7434
2010-05-03,1182.7,0.2203,2.5314,5.1195,7.0995,13.0256,33.247,431.7999,-72.6834
2010-05-04,1168.6,-1.1922,0.594,3.1512,4.5821,12.3978,29.614,426.6521,-73.0091
2010-05-05,1174.6,0.5134,0.2817,3.4799,5.6865,11.5056,29.9768,428.8426,-72.8705
2010-05-06,1196.9,1.8985,2.4392,3.8705,12.66,10.3846,31.4552,436.9843,-72.3554
2010-05-07,1210.0,1.0945,2.5337,5.0165,14.9972,11.3463,32.2404,441.7671,-72.0528
2010-05-10,1200.4,-0.7934,1.4966,3.3847,12.6396,10.26,31.2773,438.2622,-72.2746
2010-05-11,1219.9,1.6245,4.3899,5.0189,13.2999,11.3962,33.6145,445.3815,-71.8242
2010-05-12,1242.7,1.869,5.7977,7.7984,15.514,12.8906,34.5642,453.7057,-71.2976
2010-05-13,1228.8,-1.1185,2.6652,6.0224,12.3012,11.5165,32.7715,448.6309,-71.6186
2010-05-14,1227.4,-0.1139,1.438,5.8377,12.6572,10.1795,32.2629,448.1198,-71.651
2010-05-17,1227.7,0.0244,2.2742,8.0436,9.6846,11.0036,31.8831,448.2293,-71.644
2010-05-18,1214.3,-1.0915,-0.4591,6.9679,8.4681,8.7985,31.8029,443.337,-71.9535
2010-05-19,1192.6,-1.787,-4.0315,4.7427,6.6726,4.7427,28.7488,435.4144,-72.4547
2010-05-20,1187.8,-0.4025,-3.3366,3.4489,5.9306,4.3028,26.7663,433.6619,-72.5656
2010-05-21,1175.7,-1.0187,-4.2122,2.9239,5.6714,3.0683,23.6538,429.2442,-72.8451
2010-05-24,1193.8,1.5395,-2.7613,3.5296,8.2615,4.5909,24.5488,435.8525,-72.427
2010-05-25,1197.8,0.3351,-1.3588,3.8405,9.2385,4.4836,25.6741,437.3129,-72.3346
2010-05-26,1213.3,1.294,1.7357,4.4418,9.5234,4.2085,27.287,442.9719,-71.9766
2010-05-27,1211.9,-0.1154,2.029,3.4662,8.3698,3.9811,26.0426,442.4608,-72.009
2010-05-28,1212.2,0.0247,3.1045,3.7487,8.4452,2.1316,23.8455,442.5703,-72.002
2010-06-01,1224.8,1.0394,2.5967,3.7878,7.7316,4.3093,25.1584,447.1705,-71.711
2010-06-02,1220.6,-0.3429,1.9035,3.2045,6.8172,3.3443,24.1456,445.6371,-71.808
2010-06-03,1208.3,-1.0077,-0.4121,3.3972,6.6837,0.7672,25.2774,441.1464,-72.0921
2010-06-04,1216.2,0.6538,0.3548,3.5416,7.1731,0.3465,23.9503,444.0307,-71.9096
2010-06-07,1239.3,1.8994,2.2356,3.5425,10.2973,1.7989,28.8656,452.4644,-71.3761
2010-06-08,1244.0,0.3792,1.5676,2.8099,10.8734,6.4339,30.7135,454.1804,-71.2676
2010-06-09,1228.5,-1.246,0.6472,2.3409,10.8955,5.5957,28.7736,448.5214,-71.6256
2010-06-10,1220.8,-0.6268,1.0345,0.0738,10.1805,6.8253,27.9665,445.7101,-71.8034
2010-06-11,1228.9,0.6635,1.0442,-1.1105,11.566,9.684,27.8373,448.6674,-71.6163
2010-06-14,1223.3,-0.4557,-1.2911,-0.4476,10.6959,8.6702,30.1245,446.6229,-71.7457
2010-06-15,1233.2,0.8093,-0.8682,0.4725,9.8913,10.1662,33.0456,450.2373,-71.517
2010-06-16,1229.3,-0.3162,0.0651,0.1303,9.3683,9.4365,31.9558,448.8135,-71.6071
2010-06-17,1247.5,1.4805,2.1871,2.7341,10.6528,11.1458,33.3654,455.4582,-71.1867
2010-06-18,1257.2,0.7776,2.3029,5.4167,13.5272,10.7177,34.6038,458.9996,-70.9627
2010-06-21,1239.7,-1.392,1.3406,4.3694,12.7718,12.0076,32.5032,452.6104,-71.3669
2010-06-22,1239.9,0.0161,0.5433,5.4606,12.3607,11.6223,34.6839,452.6835,-71.3623
2010-06-23,1234.1,-0.4678,0.3905,3.3758,13.3658,12.662,33.5751,450.5659,-71.4962
2010-06-24,1245.5,0.9238,-0.1603,3.9823,13.9837,14.6869,33.3369,454.728,-71.2329
2010-06-25,1255.8,0.827,-0.1114,3.5028,13.7294,14.8633,33.7238,458.4885,-70.995
2010-06-28,1238.2,-1.4015,-0.121,2.1701,11.5194,12.1456,31.6254,452.0628,-71.4015
2010-06-29,1242.0,0.3069,0.1694,2.4583,12.4491,12.1749,32.0715,453.4502,-71.3137
2010-06-30,1245.5,0.2818,0.9238,1.6901,11.8746,13.5369,34.3437,454.728,-71.2329
2010-07-01,1206.3,-3.1473,-3.1473,-1.1715,7.2171,10.5176,28.1934,440.4162,-72.1383
2010-07-02,1207.4,0.0912,-3.8541,-0.0745,6.576,10.2447,29.7303,440.8178,-72.1129
2010-07-06,1194.8,-1.0436,-3.5051,-1.7596,5.2595,6.8981,29.3074,436.2176,-72.4039
2010-07-07,1198.6,0.318,-3.4944,-3.2841,4.018,7.1997,29.0482,437.605,-72.3162
2010-07-08,1195.8,-0.2336,-3.9904,-3.8746,3.7841,5.2734,31.5512,436.5827,-72.3808
2010-07-09,1209.6,1.154,0.2736,-1.5385,4.1771,6.7514,32.0668,441.621,-72.0621
2010-07-12,1198.5,-0.9177,-0.7371,-1.8267,3.1767,5.2978,31.3857,437.5685,-72.3185
2010-07-13,1213.3,1.2349,1.5484,-1.2694,5.2481,5.4402,31.5658,442.9719,-71.9766
2010-07-14,1206.8,-0.5357,0.6841,-1.3488,4.1242,6.9005,30.8184,440.5988,-72.1268
2010-07-15,1208.1,0.1077,1.0286,-2.0354,4.1735,6.3094,28.6444,441.0734,-72.0967
2010-07-16,1188.0,-1.6638,-1.7857,-3.3596,4.5499,3.9734,27.0452,433.7349,-72.561
2010-07-19,1181.7,-0.5303,-1.4018,-5.2746,4.0962,4.566,26.0883,431.4348,-72.7065
2010-07-20,1191.5,0.8293,-1.7968,-5.2259,4.6461,4.5451,25.6194,435.0128,-72.4801
2010-07-21,1191.6,0.0084,-1.2595,-3.88,3.7798,7.1294,25.8821,435.0493,-72.4778
2010-07-22,1195.5,0.3273,-1.043,-3.5809,4.6573,8.4157,25.446,436.4732,-72.3878
2010-07-23,1187.7,-0.6525,-0.0253,-3.7598,3.0006,9.0433,24.4316,433.6254,-72.5679
2010-07-26,1183.0,-0.3957,0.11,-5.0181,2.5574,8.0168,24.1604,431.9095,-72.6765
2010-07-27,1158.0,-2.1133,-2.8116,-7.7879,-0.3185,5.4741,21.4728,422.782,-73.2539
2010-07-28,1160.4,0.2073,-2.6183,-6.2833,-0.9306,7.0085,23.5783,423.6583,-73.1984
2010-07-29,1168.4,0.6894,-2.2668,-5.9259,0.0,7.8258,26.0138,426.5791,-73.0137
2010-07-30,1181.7,1.1383,-0.5052,-5.1224,0.1356,9.1136,26.3985,431.4348,-72.7065
2010-08-02,1183.4,0.1439,0.0338,-1.8984,0.0592,7.1629,24.0851,432.0555,-72.6672
2010-08-03,1185.2,0.1521,2.3489,-1.8387,1.4205,6.0677,23.8971,432.7127,-72.6256
2010-08-04,1193.7,0.7172,2.8697,-0.0921,1.6261,7.4051,23.3798,435.816,-72.4293
2010-08-05,1197.2,0.2932,2.4649,-0.1168,0.0251,12.6882,24.1651,437.0938,-72.3485
2010-08-06,1203.4,0.5179,1.8363,0.6356,-0.5455,14.3699,25.2628,439.3574,-72.2053
2010-08-09,1200.7,-0.2244,1.4619,-0.7358,0.025,12.6677,25.4257,438.3717,-72.2676
2010-08-10,1196.2,-0.3748,0.9281,-0.1919,-1.9428,11.0987,26.582,436.7287,-72.3716
2010-08-11,1197.5,0.1087,0.3183,-1.3022,-3.6372,11.3125,26.6124,437.2034,-72.3416
2010-08-12,1214.8,1.4447,1.4701,0.6629,-1.1393,11.0218,27.7795,443.5196,-71.942
2010-08-13,1214.9,0.0082,0.9556,0.5629,-1.0184,11.5099,27.2546,443.5561,-71.9397
2010-08-16,1224.5,0.7902,1.9822,3.0724,-0.2606,9.3987,29.3031,447.061,-71.7179
2010-08-17,1226.6,0.1715,2.5414,3.7996,1.0129,9.5668,31.2855,447.8277,-71.6694
2010-08-18,1229.7,0.2527,2.6889,3.206,3.1108,9.9911,31.14,448.9595,-71.5978
2010-08-19,1233.8,0.3334,1.564,3.5415,3.8727,10.033,30.7961,450.4564,-71.5031
2010-08-20,1227.2,-0.5349,1.0124,2.6516,4.3804,10.3002,30.5115,448.0467,-71.6556
2010-08-23,1226.9,-0.0244,0.196,3.3005,2.7727,11.2633,28.7138,447.9372,-71.6625
2010-08-24,1231.8,0.3994,0.4239,4.1251,2.8385,12.3393,30.7227,449.7262,-71.5493
2010-08-25,1239.5,0.6251,0.7969,7.038,2.1594,11.8884,31.2335,452.5374,-71.3715
2010-08-26,1235.4,-0.3308,0.1297,6.4633,1.9391,10.4712,30.8271,451.0405,-71.4662
2010-08-27,1236.0,0.0486,0.7171,5.7857,1.9634,10.5743,30.7245,451.2596,-71.4523
2010-08-30,1237.1,0.089,0.8314,4.6882,1.0042,8.8134,29.2685,451.6612,-71.4269
2010-08-31,1248.3,0.9053,1.3395,5.4842,2.2694,9.2413,31.1653,455.7503,-71.1682
2010-09-01,1246.3,-0.1602,0.5486,5.1553,3.1449,10.0389,30.5436,455.0201,-71.2144
2010-09-02,1251.5,0.4172,1.3032,4.8421,2.9025,10.2837,28.1487,456.9186,-71.0943
2010-09-03,1249.2,-0.1838,1.068,4.3435,0.7988,11.1784,25.4469,456.0789,-71.1475
2010-09-07,1257.3,0.6484,1.6329,4.479,1.0691,12.0588,26.3745,459.0362,-70.9604
2010-09-08,1255.6,-0.1352,0.5848,4.5723,2.2059,13.3418,25.8242,458.4155,-70.9996
2010-09-09,1248.9,-0.5336,0.2086,4.4056,2.3018,12.7166,25.4798,455.9694,-71.1544
2010-09-10,1244.5,-0.3523,-0.5593,3.9248,1.2694,12.9823,25.0251,454.3629,-71.256
2010-09-13,1245.1,0.0482,-0.3282,2.4942,1.7821,12.6685,23.9029,454.582,-71.2421
2010-09-14,1269.7,1.9757,0.9862,4.5107,2.9598,13.1438,26.9827,463.5633,-70.674
2010-09-15,1266.7,-0.2363,0.884,3.4463,3.0424,12.6957,26.0398,462.468,-70.7433
2010-09-16,1271.9,0.4105,1.8416,3.6931,1.9559,12.8171,24.8307,464.3666,-70.6232
2010-09-17,1275.6,0.2909,2.499,3.7326,1.4636,15.1887,26.0101,465.7174,-70.5377
2010-09-20,1279.0,0.2665,2.7227,3.6635,3.1701,16.3468,26.734,466.9588,-70.4592
2010-09-21,1272.4,-0.516,0.2127,3.6832,2.6212,15.3058,26.7709,464.5491,-70.6116
2010-09-22,1290.2,1.3989,1.8552,5.1593,4.5458,18.5192,27.2136,471.0478,-70.2005
2010-09-23,1294.3,0.3178,1.7611,5.0739,3.9181,18.4497,27.769,472.5448,-70.1058
2010-09-24,1296.0,0.1313,1.5992,4.5583,3.2011,17.37,29.9248,473.1654,-70.0665
2010-09-27,1296.7,0.054,1.3839,4.9619,4.7246,16.7882,30.9533,473.4209,-70.0504
2010-09-28,1306.6,0.7635,2.6878,5.712,5.2013,18.2979,31.6474,477.0354,-69.8217
2010-09-29,1308.5,0.1454,1.4184,5.7716,5.0582,17.5335,31.7591,477.7291,-69.7778
2010-09-30,1307.8,-0.0535,1.043,4.7665,8.4142,16.2386,29.7421,477.4736,-69.794
2010-10-01,1316.1,0.6346,1.5509,5.6006,9.0028,16.1709,31.6758,480.5038,-69.6023
2010-10-04,1315.4,-0.0532,1.4421,5.1059,10.0937,15.8841,31.1204,480.2483,-69.6184
2010-10-05,1338.9,1.7865,2.4721,7.1806,11.7053,16.1937,31.6908,488.8281,-69.0757
2010-10-06,1346.4,0.5602,2.8964,7.0866,12.5941,16.8547,29.6361,491.5663,-68.9024
2010-10-07,1333.9,-0.9284,1.9957,6.2361,10.2761,14.8824,27.8539,487.0026,-69.1911
2010-10-08,1344.2,0.7722,2.1351,7.6307,12.1569,15.7197,27.364,490.763,-68.9533
2010-10-11,1353.3,0.677,2.8813,8.7425,11.5388,17.3924,29.1563,494.0855,-68.7431
2010-10-12,1345.7,-0.5616,0.5079,8.0797,11.5098,16.1087,27.3493,491.3107,-68.9186
2010-10-13,1369.5,1.7686,1.7157,7.8601,13.3598,18.0909,28.6882,500.0,-68.3689
2010-10-14,1376.7,0.5257,3.2086,8.684,15.8838,21.1564,29.4013,502.6287,-68.2026
2010-10-15,1371.1,-0.4068,2.0012,7.7994,16.0278,20.7805,30.6058,500.5842,-68.3319
2010-10-18,1371.2,0.0073,1.3227,7.4945,15.0818,20.4286,30.5035,500.6207,-68.3296
2010-10-19,1335.1,-2.6327,-0.7877,4.3862,12.0426,16.2777,26.2745,487.4407,-69.1634
2010-10-20,1343.3,0.6142,-1.9131,5.5721,12.363,17.5961,26.99,490.4345,-68.974
2010-10-21,1324.7,-1.3847,-3.7771,2.674,11.5349,14.8816,24.537,483.6437,-69.4036
2010-10-22,1324.4,-0.0226,-3.406,2.3256,11.9527,14.8158,25.2032,483.5342,-69.4106
2010-10-25,1338.3,1.0495,-2.3994,3.2639,15.57,15.2019,26.781,488.609,-69.0895
2010-10-26,1338.0,-0.0224,0.2172,3.185,15.3051,14.232,28.3946,488.4995,-69.0965
2010-10-27,1322.2,-1.1809,-1.5708,1.1939,13.1633,13.1633,27.7858,482.7309,-69.4614
2010-10-28,1342.1,1.5051,1.3135,2.5678,13.5737,13.7277,30.3136,489.9964,-69.0018
2010-10-29,1357.1,1.1177,2.469,3.7697,14.678,14.7459,29.6923,495.4728,-68.6553
2010-11-01,1350.2,-0.5084,0.8892,2.591,13.9217,15.54,29.8644,492.9536,-68.8147
2010-11-02,1356.4,0.4592,1.3752,3.1169,13.6299,15.4776,28.764,495.2173,-68.6715
2010-11-03,1337.1,-1.4229,1.1269,-0.1344,11.6856,11.7136,23.3146,488.1709,-69.1172
2010-11-04,1382.7,3.4104,3.0251,2.6961,14.8994,14.2727,27.2384,504.8193,-68.064
2010-11-05,1397.3,1.0559,2.9622,4.753,16.3738,16.4029,28.3457,510.1497,-67.7268
2010-11-08,1402.8,0.3936,3.8957,4.3595,17.2714,14.993,28.0979,512.1578,-67.5998
2010-11-09,1409.8,0.499,3.9369,4.175,17.7286,13.4465,28.0705,514.7134,-67.4381
2010-11-10,1399.1,-0.759,4.6369,3.9682,15.1712,13.859,26.9716,510.8069,-67.6852
2010-11-11,1403.1,0.2859,1.4754,2.4534,15.491,14.3148,25.9515,512.2673,-67.5929
2010-11-12,1365.4,-2.6869,-2.283,-0.8208,11.5067,11.2161,23.4539,498.5031,-68.4636
2010-11-15,1368.4,0.2197,-2.4522,-0.1969,11.5604,12.6904,22.6055,499.5984,-68.3943
2010-11-16,1338.3,-2.1996,-5.0716,-2.3994,8.8314,12.217,17.5391,488.609,-69.0895
2010-11-17,1336.8,-0.1121,-4.4529,0.1273,8.3482,12.5442,17.3867,488.0614,-69.1242
2010-11-18,1352.9,1.2044,-3.5778,0.7147,10.2428,15.0719,18.6026,493.9394,-68.7523
2010-11-19,1352.2,-0.0517,-0.9668,2.0759,10.2127,13.2685,18.4685,493.6838,-68.7685
2010-11-22,1357.7,0.4067,-0.7819,2.5143,10.2208,13.3495,18.4316,495.6919,-68.6414
2010-11-23,1377.5,1.4584,2.9291,2.9291,11.1335,13.5333,18.3114,502.9208,-68.1841
2010-11-24,1372.9,-0.3339,2.7005,2.6084,11.13,13.2849,17.7949,501.2413,-68.2904
2010-11-26,1362.3,-0.7721,0.6948,3.0328,10.2185,12.3825,14.778,497.3713,-68.5352
2010-11-29,1366.0,0.2716,1.0206,1.7808,10.4195,11.5284,16.3345,498.7222,-68.4497
2010-11-30,1385.0,1.3909,2.0108,2.0559,10.9509,13.4688,17.2636,505.659,-68.0109
2010-12-01,1387.3,0.1661,0.7114,2.7477,11.3135,14.8142,15.6951,506.4988,-67.9578
2010-12-02,1388.5,0.0865,1.1363,2.3666,10.9469,14.1671,14.5627,506.9368,-67.9301
2010-12-03,1405.4,1.2171,3.1638,5.1081,12.504,13.4027,15.4427,513.107,-67.5397
2010-12-06,1415.3,0.7044,3.6091,2.3577,12.5666,13.7701,21.09,516.7215,-67.3111
2010-12-07,1408.3,-0.4946,1.6823,0.7872,12.1615,14.6357,21.0504,514.1658,-67.4727
2010-12-08,1382.5,-1.832,-0.346,-1.4471,10.6974,13.2454,20.9748,504.7463,-68.0686
2010-12-09,1392.1,0.6944,0.2593,-1.2555,11.8602,13.2802,24.2503,508.2512,-67.8469
2010-12-10,1384.3,-0.5603,-1.5014,-1.0578,11.1798,13.1611,22.9724,505.4035,-68.0271
2010-12-13,1397.3,0.9391,-1.2718,-0.4134,10.0496,13.3069,24.8258,510.1497,-67.7268
2010-12-14,1403.6,0.4509,-0.3337,2.7977,10.8076,14.1788,24.9533,512.4498,-67.5813
2010-12-15,1385.5,-1.2895,0.217,1.2496,8.9315,11.0621,23.4408,505.8416,-67.9994
2010-12-16,1370.4,-1.0899,-1.5588,2.3986,7.4318,9.0041,20.6869,500.3286,-68.3481
2010-12-17,1378.6,0.5984,-0.4118,3.1269,7.7873,11.2043,24.5573,503.3224,-68.1587
2010-12-20,1385.5,0.5005,-0.8445,2.4096,8.8887,11.7429,24.7299,505.8416,-67.9994
2010-12-21,1388.2,0.1949,-1.0972,2.6623,7.5957,12.4868,26.73,506.8273,-67.937
2010-12-22,1386.8,-0.1008,0.0938,2.1433,7.1467,11.3448,27.698,506.3162,-67.9693
2010-12-23,1380.0,-0.4903,0.7005,0.1815,6.4815,9.8901,26.2234,503.8335,-68.1264
2010-12-27,1382.4,0.1739,0.2756,0.692,6.6091,11.6459,25.2061,504.7098,-68.071
2010-12-28,1405.2,1.6493,1.4219,3.1491,7.5463,13.1401,26.9147,513.0339,-67.5443
2010-12-29,1413.1,0.5622,1.7937,3.448,7.9939,13.4564,28.8149,515.9182,-67.3619
2010-12-30,1405.6,-0.5307,1.3556,1.4874,7.4782,16.5216,28.7769,513.18,-67.5351
2010-12-31,1421.1,1.1027,2.9783,2.4364,7.9781,17.6992,29.7571,518.839,-67.1771
2011-01-03,1422.6,0.1056,2.908,2.4559,8.1496,19.0659,27.2792,519.3866,-67.1425
2011-01-04,1378.5,-3.1,-1.9001,-1.914,2.9576,15.0092,23.2895,503.2859,-68.161
2011-01-05,1373.4,-0.37,-2.8094,-2.9605,2.0053,14.852,20.9085,501.4239,-68.2788
2011-01-06,1371.4,-0.1456,-2.4331,-2.6202,2.8113,13.3763,21.0308,500.6937,-68.325
2011-01-07,1368.5,-0.2115,-3.7014,-1.0127,1.8078,14.1844,20.2337,499.6349,-68.392
2011-01-10,1373.7,0.38,-3.4374,-1.3217,1.5074,13.2201,19.3795,501.5334,-68.2719
2011-01-11,1384.0,0.7498,0.399,-0.0217,2.8461,14.6835,22.5972,505.2939,-68.034
2011-01-12,1385.7,0.1228,0.8956,-0.8302,1.1829,14.7008,21.9377,505.9146,-67.9947
2011-01-13,1386.9,0.0866,1.1302,-1.1898,0.7409,16.7424,21.3811,506.3527,-67.967
2011-01-14,1360.4,-1.9107,-0.5919,-1.8116,-0.7804,15.1223,20.3787,496.6776,-68.5791
2011-01-18,1368.1,0.566,-0.4077,-0.1678,-0.2261,14.8217,20.0404,499.4889,-68.4012
2011-01-19,1370.2,0.1535,-0.9971,-0.6093,2.629,14.9882,23.1862,500.2556,-68.3527
2011-01-20,1346.5,-1.7297,-2.8289,-2.8149,0.2382,12.6307,22.1094,491.6028,-68.9001
2011-01-21,1341.0,-0.4085,-3.3095,-3.4001,1.2305,12.9073,23.1179,489.5948,-69.0272
2011-01-24,1344.5,0.261,-1.1688,-3.0502,1.5177,13.6517,22.763,490.8726,-68.9463
2011-01-25,1332.3,-0.9074,-2.6168,-3.4565,-0.4483,15.0518,21.3499,486.4184,-69.2281
2011-01-26,1333.0,0.0525,-2.7149,-3.5735,-0.3737,14.8742,22.9251,486.674,-69.2119
2011-01-27,1318.4,-1.0953,-2.0869,-6.1771,-0.2874,12.8381,21.6685,481.3436,-69.5492
2011-01-28,1340.7,1.6914,-0.0224,-5.1235,-0.1043,13.4552,23.795,489.4852,-69.0341
2011-01-31,1333.8,-0.5146,-0.7958,-5.1081,-1.7169,12.7091,20.7824,486.9661,-69.1935
2011-02-01,1339.6,0.4348,0.5479,-5.735,-0.7851,13.0273,19.8854,489.0836,-69.0595
2011-02-02,1331.5,-0.6047,-0.1125,-6.4038,-1.8357,11.5439,19.8038,486.1263,-69.2466
2011-02-03,1352.3,1.5622,2.5713,-1.9006,1.1368,12.9552,27.2873,493.7204,-68.7662
2011-02-04,1348.3,-0.2958,0.5669,-1.8276,-2.4879,12.0409,28.141,492.26,-68.8586
2011-02-07,1347.6,-0.0519,1.0346,-1.7355,-3.5569,12.2345,26.4521,492.0044,-68.8747
2011-02-08,1363.4,1.1725,1.7767,-0.3727,-2.8087,13.9776,26.6277,497.7729,-68.5098
2011-02-09,1364.8,0.1027,2.5009,-0.6479,-3.1919,13.9708,26.8637,498.2841,-68.4775
2011-02-10,1361.9,-0.2125,0.7099,-1.5968,-2.6588,12.109,24.4654,497.2253,-68.5444
2011-02-11,1359.9,-0.1469,0.8603,-1.8619,-3.0789,11.9351,24.8187,496.4951,-68.5906
2011-02-14,1364.6,0.3456,1.2615,-1.6079,-0.0586,11.4414,21.9155,498.211,-68.4821
2011-02-15,1373.6,0.6595,0.7481,0.9703,0.38,11.9843,22.6976,501.4969,-68.2742
2011-02-16,1374.7,0.0801,0.7254,0.4824,2.7199,11.7915,22.9606,501.8985,-68.2488
2011-02-17,1384.7,0.7274,1.6741,1.0582,3.5832,12.2305,23.4906,505.5495,-68.0178
2011-02-18,1388.2,0.2528,2.081,3.0969,2.6092,13.1193,24.7708,506.8273,-67.937
2011-02-22,1400.5,0.886,2.6308,4.437,3.572,14.1495,27.0064,511.318,-67.6529
2011-02-23,1413.4,0.9211,2.8975,5.1246,4.1025,14.7427,28.9011,516.0278,-67.355
2011-02-24,1415.3,0.1344,2.9534,6.2298,2.7441,14.1831,27.7577,516.7215,-67.3111
2011-02-25,1408.7,-0.4663,1.7332,5.6789,2.6076,14.0278,25.968,514.3118,-67.4635
2011-02-28,1409.3,0.0426,1.52,6.8947,3.45,14.021,26.078,514.5309,-67.4496
2011-03-01,1430.7,1.5185,2.1564,6.7129,4.7365,15.6495,25.8422,522.3439,-66.9554
2011-03-02,1437.2,0.4543,1.6839,7.7523,3.7689,15.1326,25.7723,524.717,-66.8052
2011-03-03,1416.0,-1.4751,0.0495,5.7032,2.0688,13.6163,25.0221,516.977,-67.2949
2011-03-04,1428.2,0.8616,1.3843,7.2625,2.8592,14.1191,25.8548,521.4312,-67.0131
2011-03-07,1434.1,0.4131,1.7597,6.0489,2.0421,14.8015,27.6344,523.5853,-66.8768
2011-03-08,1426.9,-0.5021,-0.2656,5.8296,0.8196,13.4892,27.1747,520.9566,-67.0431
2011-03-09,1429.3,0.1682,-0.5497,6.0626,1.4912,13.834,29.0215,521.8328,-66.9877
2011-03-10,1412.2,-1.1964,-0.2684,3.5793,2.1483,13.0755,27.4549,515.5896,-67.3827
2011-03-11,1421.5,0.6586,-0.4691,4.1545,2.1119,14.2226,29.0513,518.985,-67.1679
2011-03-14,1424.6,0.2181,-0.6624,4.6039,2.9112,14.4165,28.9114,520.1168,-67.0963
2011-03-15,1392.6,-2.2462,-2.4038,2.4046,-0.3364,9.6795,24.0955,508.4337,-67.8354
2011-03-16,1396.0,0.2441,-2.3298,2.301,-0.5415,10.2076,24.1993,509.6751,-67.7568
2011-03-17,1404.0,0.5731,-0.5807,2.2132,1.3353,10.386,24.5343,512.5958,-67.5721
2011-03-18,1415.9,0.8476,-0.3939,2.997,3.3202,10.9987,27.858,516.9405,-67.2972
2011-03-21,1426.2,0.7274,0.1123,2.997,3.4528,11.509,29.7371,520.701,-67.0593
2011-03-22,1427.5,0.0912,2.5061,2.831,3.0314,12.1896,29.3611,521.1756,-67.0293
2011-03-23,1437.9,0.7285,3.0014,2.6705,3.5802,11.4478,32.0871,524.9726,-66.7891
2011-03-24,1434.8,-0.2156,2.1937,1.5141,3.4612,10.8553,31.3078,523.8408,-66.8607
2011-03-25,1426.1,-0.6064,0.7204,0.7631,3.3406,10.0386,29.1523,520.6645,-67.0616
2011-03-28,1419.8,-0.4418,-0.4487,0.788,2.7054,9.4933,27.8753,518.3644,-67.2071
2011-03-29,1416.0,-0.2676,-0.8056,0.4754,0.7686,8.3729,28.2028,516.977,-67.2949
2011-03-30,1423.8,0.5509,-0.9806,-0.4823,0.7572,8.8116,27.8901,519.8248,-67.1147
2011-03-31,1438.9,1.0605,0.2858,0.1183,2.3691,10.0245,27.8909,525.3377,-66.766
2011-04-01,1428.1,-0.7506,0.1402,0.8545,0.4926,8.51,26.057,521.3947,-67.0154
2011-04-04,1432.2,0.2871,0.8734,0.2801,0.6748,8.8794,26.1739,522.8916,-66.9207
2011-04-05,1451.8,1.3685,2.5283,1.2342,5.3174,8.4323,25.9915,530.0475,-66.468
2011-04-06,1457.7,0.4064,2.3809,2.1585,6.138,8.2665,26.5145,532.2015,-66.3318
2011-04-07,1458.5,0.0549,1.3621,2.043,6.3512,9.341,25.6136,532.4936,-66.3133
2011-04-08,1473.4,1.0216,3.1721,4.3337,7.6653,9.6117,26.8423,537.9336,-65.9691
2011-04-11,1467.4,-0.4072,2.4578,3.229,6.821,8.4312,27.2901,535.743,-66.1077
2011-04-12,1452.9,-0.9881,0.0758,1.9865,4.9783,7.9661,25.3581,530.4491,-66.4426
2011-04-13,1454.9,0.1377,-0.1921,4.4737,4.9939,6.2359,25.4549,531.1793,-66.3964
2011-04-14,1471.7,1.1547,0.905,5.4226,6.1144,6.9006,29.5168,537.3129,-66.0084
2011-04-15,1485.3,0.9241,0.8077,5.7906,9.1811,8.3291,30.8404,542.2782,-65.6943
2011-04-18,1492.3,0.4713,1.6969,5.3959,9.0783,8.8317,31.0645,544.8339,-65.5326
2011-04-19,1494.5,0.1474,2.8632,4.789,9.0717,11.9392,30.1603,545.6371,-65.4818
2011-04-20,1498.3,0.2543,2.983,4.9597,11.2737,11.5387,31.1652,547.0245,-65.394
2011-04-21,1503.2,0.327,2.1404,4.5413,12.0954,13.4747,30.3616,548.8134,-65.2809
2011-04-25,1508.6,0.3592,1.5687,5.1436,12.2053,13.9082,30.7846,550.785,-65.1561
2011-04-26,1503.0,-0.3712,0.717,5.3923,12.8124,12.3067,29.3794,548.7404,-65.2855
2011-04-27,1516.7,0.9115,1.4854,6.8249,13.7809,13.3558,29.4886,553.7422,-64.9691
2011-04-28,1530.8,0.9297,2.1691,8.1073,16.1104,15.7767,31.0168,558.8901,-64.6434
2011-04-29,1556.0,1.6462,3.5125,9.285,16.0588,15.9377,31.8532,568.0906,-64.0613
2011-05-02,1556.7,0.045,3.1884,8.1868,16.7116,14.7078,31.6226,568.3461,-64.0452
2011-05-03,1540.1,-1.0664,2.4684,7.8426,14.9672,14.0646,31.7902,562.2855,-64.4286
2011-05-04,1514.9,-1.6363,-0.1187,5.7743,13.7739,11.6853,28.9716,553.0851,-65.0106
2011-05-05,1480.9,-2.2444,-3.2597,2.0044,9.5097,10.7546,23.728,540.6718,-65.7959
2011-05-06,1491.2,0.6955,-4.1645,2.2981,10.5985,7.847,23.2397,544.4323,-65.558
2011-05-09,1502.9,0.7846,-3.456,3.0442,11.5242,7.5574,25.1999,548.7039,-65.2878
2011-05-10,1516.6,0.9116,-1.5259,2.932,11.2366,8.1123,24.3217,553.7057,-64.9714
2011-05-11,1501.1,-1.022,-0.911,2.2966,9.9868,6.4761,20.7934,548.0467,-65.3294
2011-05-12,1506.6,0.3664,1.7354,3.6961,10.6249,7.6835,22.6074,550.0548,-65.2023
2011-05-13,1493.4,-0.8761,0.1475,2.6462,9.8169,6.4358,21.6718,545.2355,-65.5072
2011-05-16,1490.4,-0.2009,-0.8317,1.2706,9.2188,9.1548,21.3977,544.1402,-65.5765
2011-05-17,1479.8,-0.7112,-2.4265,-0.3703,7.7315,8.1409,21.8644,540.2702,-65.8213
2011-05-18,1495.6,1.0677,-0.3664,0.2211,8.7946,11.7537,25.4067,546.0387,-65.4564
2011-05-19,1492.2,-0.2273,-0.9558,-0.1539,7.7634,11.6248,25.6272,544.7974,-65.5349
2011-05-20,1508.8,1.1125,1.0312,0.7008,8.6875,11.5234,28.3321,550.858,-65.1515
2011-05-23,1515.3,0.4308,1.6707,0.805,8.1971,12.0618,26.9308,553.2311,-65.0014
2011-05-24,1523.2,0.5213,2.9328,0.9678,7.7685,12.1897,27.1665,556.1154,-64.8189
2011-05-25,1526.6,0.2232,2.0727,1.5702,7.8641,10.824,25.8221,557.3567,-64.7404
2011-05-26,1522.8,-0.2489,2.0507,0.4022,8.0997,10.9185,25.6539,555.9694,-64.8282
2011-05-27,1536.3,0.8865,1.8226,0.3593,9.0116,12.7725,26.7365,560.8982,-64.5164
2011-05-31,1535.9,-0.026,1.3595,-1.2918,7.353,12.4378,25.4001,560.7521,-64.5256
2011-06-01,1542.4,0.4232,1.2605,-0.9186,7.3198,11.3646,26.3641,563.1252,-64.3755
2011-06-02,1532.0,-0.6743,0.3537,-0.5259,8.1921,10.4303,26.7897,559.3282,-64.6157
2011-06-03,1541.7,0.6332,1.2411,1.7691,7.9471,11.0335,26.7637,562.8697,-64.3916
2011-06-06,1546.5,0.3113,0.6639,4.4297,7.8377,10.0398,24.7882,564.6221,-64.2808
2011-06-07,1543.3,-0.2069,0.4818,3.4938,8.1575,9.044,24.0595,563.4538,-64.3547
2011-06-08,1538.1,-0.3369,-0.2788,2.3421,7.6121,9.2168,25.2015,561.5553,-64.4748
2011-06-09,1542.1,0.2601,0.6593,1.6814,9.1984,11.5443,26.3188,563.0157,-64.3824
2011-06-10,1528.6,-0.8754,-0.8497,1.832,7.5343,9.8053,24.3877,558.0869,-64.6942
2011-06-13,1515.0,-0.8897,-2.0369,0.5575,6.3456,9.4416,23.8453,553.1216,-65.0083
2011-06-14,1523.8,0.5809,-1.2635,2.0356,9.4212,9.0532,23.5647,556.3345,-64.8051
2011-06-15,1525.6,0.1181,-0.8127,2.3618,9.2837,8.6919,24.1031,556.9916,-64.7635
2011-06-16,1529.3,0.2425,-0.83,3.345,8.9245,10.3789,22.5892,558.3425,-64.678
2011-06-17,1538.6,0.6081,0.6542,2.8751,8.6659,12.2738,22.3831,561.7379,-64.4632
2011-06-20,1541.5,0.1885,1.7492,3.3039,8.0844,11.8163,24.3446,562.7967,-64.3962
2011-06-21,1546.0,0.2919,1.4569,2.4655,8.3012,11.5843,24.6875,564.4396,-64.2923
2011-06-22,1552.9,0.4463,1.7895,2.4814,7.9978,11.8643,25.8326,566.9588,-64.1329
2011-06-23,1520.1,-2.1122,-0.6016,-0.2035,5.9451,9.6121,22.0474,554.9836,-64.8905
2011-06-24,1500.5,-1.2894,-2.4763,-1.7097,5.217,8.7319,19.4856,547.8277,-65.3432
2011-06-27,1496.0,-0.2999,-2.9517,-1.7599,5.3669,8.2176,20.8206,546.1848,-65.4472
2011-06-28,1499.7,0.2473,-2.9948,-2.3824,5.911,6.725,20.7488,547.5356,-65.3617
2011-06-29,1509.9,0.6801,-2.769,-1.6928,6.0472,6.8502,21.2284,551.2596,-65.1261
2011-06-30,1502.3,-0.5033,-1.171,-2.5998,4.4061,6.8796,24.5378,548.4849,-65.3016
2011-07-01,1482.3,-1.3313,-1.2129,-3.2441,3.7953,4.3065,22.7679,541.1829,-65.7636
2011-07-05,1512.3,2.0239,1.0896,-1.907,5.5928,6.3054,26.5735,552.1358,-65.0707
2011-07-06,1528.7,1.0844,1.9337,-1.151,5.2969,10.8959,27.5405,558.1234,-64.6919
2011-07-07,1530.2,0.0981,1.3445,-0.8488,4.9736,11.4169,27.9645,558.671,-64.6572
2011-07-08,1541.2,0.7189,2.5894,0.2015,5.6702,12.3815,27.414,562.6871,-64.4032
2011-07-11,1548.8,0.4931,4.4863,0.4345,5.1174,13.175,29.2282,565.4619,-64.2276
2011-07-12,1561.9,0.8458,3.2798,2.1785,6.44,13.7002,28.7316,570.2446,-63.9251
2011-07-13,1585.2,1.4918,3.696,4.6337,9.1059,14.5376,31.3556,578.7514,-63.3869
2011-07-14,1589.0,0.2397,3.8426,4.2788,9.2171,14.6713,31.5288,580.1387,-63.2992
2011-07-15,1589.8,0.0503,3.1534,4.2082,8.0247,14.6298,33.8216,580.4308,-63.2807
2011-07-18,1602.1,0.7737,3.4414,4.7603,7.8637,17.7668,35.5759,584.9215,-62.9966
2011-07-19,1600.9,-0.0749,2.497,4.0491,7.2774,17.0163,34.3601,584.4834,-63.0243
2011-07-20,1596.7,-0.2624,0.7255,3.5809,6.8384,16.5304,33.9963,582.95,-63.1213
2011-07-21,1586.8,-0.62,-0.1384,2.6391,5.9067,17.8463,32.7311,579.3356,-63.35
2011-07-22,1601.3,0.9138,0.7234,3.1168,6.5261,19.4109,34.8236,584.6295,-63.0151
2011-07-25,1612.0,0.6682,0.6179,6.0457,6.854,19.8959,36.2637,588.536,-62.7679
2011-07-26,1616.6,0.2854,0.9807,7.7374,7.5582,21.339,39.6028,590.2154,-62.6617
2011-07-27,1615.0,-0.099,1.1461,7.9545,6.4812,21.1553,39.1761,589.6313,-62.6986
2011-07-28,1613.4,-0.0991,1.6763,7.5815,5.3959,22.3756,38.0863,589.0471,-62.7356
2011-07-29,1628.3,0.9235,1.6861,7.8416,4.6465,21.4515,37.793,594.4871,-62.3914
2011-08-01,1619.0,-0.5712,0.4342,7.7681,4.0021,21.3825,36.8092,591.0917,-62.6062
2011-08-02,1641.9,1.4145,1.565,10.767,6.61,22.5664,38.5336,599.4524,-62.0773
2011-08-03,1663.4,1.3095,2.9969,9.9914,9.8026,24.9268,39.3483,607.302,-61.5807
2011-08-04,1656.2,-0.4329,2.6528,8.3404,11.8374,22.4728,38.3395,604.6732,-61.747
2011-08-05,1648.8,-0.4468,1.259,7.7506,10.5687,22.2873,37.0118,601.9716,-61.918
2011-08-08,1710.2,3.7239,5.6331,10.9655,13.7933,26.9071,42.4336,624.3885,-60.4998
2011-08-09,1740.0,1.7425,5.9748,12.345,14.7303,27.6221,45.4606,635.2684,-59.8115
2011-08-10,1781.3,2.3736,7.0879,14.047,18.6663,30.5173,48.7516,650.3469,-58.8576
2011-08-11,1748.8,-1.8245,5.5911,10.3205,16.0759,28.4088,43.9579,638.4812,-59.6083
2011-08-12,1740.2,-0.4918,5.5434,9.5154,16.526,27.9653,43.2381,635.3414,-59.8069
2011-08-15,1755.5,0.8792,2.6488,10.4227,17.7872,28.6458,43.3646,640.9274,-59.4535
2011-08-16,1782.4,1.5323,2.4368,11.254,20.4487,29.7612,45.3123,650.7485,-58.8322
2011-08-17,1791.2,0.4937,0.5558,11.8871,19.7646,30.2975,45.6615,653.9613,-58.629
2011-08-18,1818.9,1.5465,4.0085,13.9162,21.8939,31.357,47.4226,664.0745,-57.9892
2011-08-19,1848.9,1.6493,6.2464,16.5175,22.5411,33.1869,50.66,675.0274,-57.2963
2011-08-22,1888.7,2.1526,7.5876,17.9479,24.642,34.859,53.9408,689.5582,-56.377
2011-08-23,1858.3,-1.6096,4.2583,15.2792,21.9997,31.4773,50.8605,678.4593,-57.0792
2011-08-24,1754.1,-5.6073,-2.0712,8.5055,14.9024,23.9384,41.5167,640.4162,-59.4859
2011-08-25,1759.8,0.325,-3.2492,8.9659,15.5634,24.9237,42.4478,642.4973,-59.3542
2011-08-26,1794.1,1.9491,-2.9639,11.1999,16.7806,27.3043,45.1537,655.0201,-58.562
2011-08-29,1788.4,-0.3177,-5.3105,9.8323,16.4399,25.0018,44.5639,652.9391,-58.6936
2011-08-30,1826.7,2.1416,-1.7005,12.8289,18.4323,27.1013,46.335,666.9222,-57.809
2011-08-31,1828.5,0.0985,4.2415,11.3649,19.3538,29.1314,46.7143,667.5794,-57.7675
2011-09-01,1826.0,-0.1367,3.7618,9.7752,18.4407,27.8532,45.9049,666.6667,-57.8252
2011-09-02,1873.7,2.6123,4.4368,13.1325,21.1574,30.6534,49.992,684.0818,-56.7235
2011-09-06,1869.9,-0.2028,4.5571,13.4098,21.1624,31.0463,48.7235,682.6944,-56.8113
2011-09-07,1814.2,-2.9788,-0.6843,6.0812,17.9507,26.9293,44.4887,662.3585,-58.0977
2011-09-08,1854.4,2.2159,1.4165,6.5747,20.2516,31.3129,48.4827,677.0354,-57.1693
2011-09-09,1856.4,0.1079,1.6648,4.216,21.4445,30.5944,49.1683,677.7656,-57.1231
2011-09-12,1809.9,-2.5048,-3.405,3.4938,19.4653,27.0462,45.3618,660.7886,-58.1971
2011-09-13,1826.8,0.9338,-2.3049,4.9764,19.8845,31.1791,43.8765,666.9588,-57.8067
2011-09-14,1823.5,-0.1806,0.5126,3.8735,19.5267,30.6232,43.9567,665.7539,-57.8829
2011-09-15,1778.5,-2.4678,-4.093,-0.2188,16.295,26.6738,39.8302,649.3246,-58.9223
2011-09-16,1812.1,1.8892,-2.3863,1.1668,17.7759,27.9822,42.0586,661.5918,-58.1463
2011-09-19,1776.4,-1.9701,-1.8509,-2.3366,15.2384,24.5548,38.8898,648.5579,-58.9708
2011-09-20,1806.6,1.7001,-1.1058,-2.2878,16.8564,26.5569,41.9836,659.5838,-58.2733
2011-09-21,1805.5,-0.0609,-0.9871,-4.4051,16.2663,25.5651,39.9395,659.1822,-58.2987
2011-09-22,1739.2,-3.6721,-2.2097,-6.4091,14.4135,21.2155,34.3738,634.9763,-59.83
2011-09-23,1637.5,-5.8475,-9.6352,-6.6473,9.1303,14.8236,26.3503,597.8459,-62.179
2011-09-26,1592.5,-2.7481,-10.3524,-9.5068,6.4505,12.1637,22.8118,581.4166,-63.2183
2011-09-27,1650.6,3.6484,-8.635,-7.9984,10.062,16.5678,26.3279,602.6287,-61.8764
2011-09-28,1616.3,-2.078,-10.4791,-9.6231,7.0468,13.5202,23.5231,590.1059,-62.6686
2011-09-29,1615.5,-0.0495,-7.1125,-11.5618,7.5351,12.2733,23.5281,589.8138,-62.6871
2011-09-30,1620.4,0.3033,-1.0443,-11.3809,9.3166,13.4654,23.1213,591.6028,-62.5739
2011-10-03,1656.0,2.197,3.9874,-9.31,9.5021,15.6263,25.8933,604.6002,-61.7517
2011-10-04,1614.7,-2.494,-2.175,-13.8229,5.6257,11.2205,20.599,589.5217,-62.7056
2011-10-05,1640.3,1.5854,1.4849,-12.2787,7.1951,12.5266,21.8286,598.8682,-62.1143
2011-10-06,1651.9,0.7072,2.2532,-8.9461,7.1827,13.2602,23.8399,603.1033,-61.8464
2011-10-07,1634.5,-1.0533,0.8702,-11.8583,5.5333,10.9339,21.5965,596.7507,-62.2482
2011-10-10,1669.6,2.1474,0.8213,-10.0625,6.8954,13.7795,23.3725,609.5655,-61.4375
2011-10-11,1659.7,-0.593,2.7869,-8.2988,4.6997,14.2336,23.3336,605.9511,-61.6662
2011-10-12,1681.3,1.3014,2.4995,-7.9647,5.8087,15.5612,22.7674,613.8372,-61.1673
2011-10-13,1667.3,-0.8327,0.9323,-8.5659,4.8748,13.2908,21.1085,608.7258,-61.4907
2011-10-14,1681.8,0.8697,2.8939,-5.4372,4.9747,13.2297,22.6606,614.0197,-61.1558
2011-10-17,1675.5,-0.3746,0.3534,-7.5382,4.6599,12.2763,22.1922,611.7196,-61.3013
2011-10-18,1651.7,-1.4205,-0.482,-7.0198,3.4446,10.5186,23.7136,603.0303,-61.851
2011-10-19,1646.0,-0.3451,-2.0996,-8.8896,3.7308,9.8578,22.5341,600.9493,-61.9826
2011-10-20,1611.9,-2.0717,-3.3227,-10.7228,0.662,7.2312,21.6804,588.4995,-62.7702
2011-10-21,1635.1,1.4393,-2.7768,-5.9855,1.433,8.3853,23.4597,596.9697,-62.2344
2011-10-24,1651.5,1.003,-1.4324,0.855,2.1589,9.8802,23.4028,602.9573,-61.8556
2011-10-25,1699.6,2.9125,2.9,6.7253,5.2384,12.0591,27.0254,620.5184,-60.7446
2011-10-26,1722.7,1.3591,4.6598,4.3681,6.7745,12.5359,30.2904,628.9522,-60.2111
2011-10-27,1746.7,1.3932,8.3628,8.0678,7.2714,12.2558,30.1468,637.7145,-59.6568
2011-10-28,1746.2,-0.0286,6.7947,8.0904,7.8567,12.1732,28.6714,637.5319,-59.6683
2011-10-31,1724.2,-1.2599,4.4021,6.4058,5.0125,11.9538,27.6996,629.4998,-60.1765
2011-11-01,1711.0,-0.7656,0.6707,3.3213,2.8616,12.9447,26.1427,624.6806,-60.4813
2011-11-02,1728.7,1.0345,0.3483,7.0601,4.3775,16.7331,29.2873,631.1427,-60.0725
2011-11-03,1764.2,2.0536,1.0019,7.5535,6.999,18.3074,27.5909,644.1037,-59.2526
2011-11-04,1755.3,-0.5045,0.5211,6.2595,2.6371,16.7942,25.6208,640.8544,-59.4581
2011-11-07,1790.3,1.994,3.8337,9.532,2.8908,18.047,27.6233,653.6327,-58.6498
2011-11-08,1798.4,0.4524,5.1081,7.7144,0.96,19.8055,27.5642,656.59,-58.4627
2011-11-09,1790.9,-0.417,3.5981,7.905,2.4074,18.8703,28.0037,653.8518,-58.6359
2011-11-10,1758.9,-1.7868,-0.3004,4.6155,1.0746,17.7782,25.3581,642.1687,-59.375
2011-11-11,1787.5,1.626,1.8344,7.2093,1.8228,19.9342,30.914,652.6105,-58.7144
2011-11-14,1777.8,-0.5427,-0.6982,5.7082,-0.2581,20.1379,29.9182,649.069,-58.9385
2011-11-15,1781.7,0.2194,-0.9286,6.3384,-0.5304,19.1294,33.1316,650.4929,-58.8484
2011-11-16,1773.8,-0.4434,-0.9548,7.3924,-2.4795,18.8715,32.69,647.6086,-59.0309
2011-11-17,1719.8,-3.0443,-2.223,4.4836,-6.9825,13.9846,27.1195,627.8934,-60.2781
2011-11-18,1724.7,0.2849,-3.5133,6.9979,-8.6832,13.819,27.5477,629.6824,-60.1649
2011-11-21,1678.3,-2.6903,-5.5968,2.642,-9.6863,10.1825,23.6135,612.7419,-61.2366
2011-11-22,1702.2,1.4241,-4.462,3.0699,-2.9588,11.5027,23.5717,621.4677,-60.6846
2011-11-23,1695.7,-0.3819,-4.403,-0.2295,-3.6425,11.3541,23.5123,619.0946,-60.8347
2011-11-25,1685.5,-0.6015,-1.9944,-2.1594,-6.0532,9.7116,23.7246,615.3706,-61.0703
2011-11-28,1710.8,1.501,-0.8059,-2.0553,-4.3391,11.3875,25.2416,624.6076,-60.486
2011-11-29,1713.4,0.152,2.0914,-1.8784,-6.2024,11.0866,23.7112,625.5568,-60.4259
2011-11-30,1745.5,1.8735,2.5438,1.2354,-4.5392,13.936,25.8199,637.2764,-59.6845
2011-12-01,1735.3,-0.5844,2.3353,1.4202,-4.9671,12.5576,24.9766,633.5524,-59.9201
2011-12-02,1747.0,0.6742,3.6488,1.0586,-6.762,12.9648,24.3062,637.824,-59.6499
2011-12-05,1730.7,-0.933,1.1632,-1.8989,-7.4443,12.1428,22.285,631.8729,-60.0263
2011-12-06,1727.9,-0.1618,0.8463,-1.561,-4.7569,12.3399,22.694,630.8507,-60.091
2011-12-07,1740.9,0.7524,-0.2635,-2.7593,-6.1206,12.8915,25.9241,635.597,-59.7907
2011-12-08,1709.8,-1.7864,-1.4695,-4.9266,-7.897,11.854,22.8216,624.2425,-60.5091
2011-12-09,1712.8,0.1755,-1.9576,-4.3609,-5.3649,13.0561,23.7304,625.3377,-60.4398
2011-12-12,1664.2,-2.8375,-3.8424,-5.3841,-8.9008,9.2138,19.1011,607.594,-61.5623
2011-12-13,1659.9,-0.2584,-3.9354,-7.1385,-8.9718,8.8031,18.2602,606.0241,-61.6616
2011-12-14,1584.3,-4.5545,-8.9953,-10.8842,-10.9193,3.5964,14.3486,578.4228,-63.4077
2011-12-15,1574.6,-0.6123,-7.9074,-11.6237,-13.1063,2.3398,14.9008,574.8813,-63.6317
2011-12-16,1595.6,1.3337,-6.8426,-10.0462,-10.1779,3.5096,15.7406,582.5484,-63.1467
2011-12-19,1594.4,-0.0752,-4.1942,-7.2915,-11.7458,3.1307,15.0776,582.1103,-63.1744
2011-12-20,1615.6,1.3297,-2.6688,-6.3257,-10.5179,4.0376,16.3809,589.8503,-62.6848
2011-12-21,1611.9,-0.229,1.7421,-3.9564,-7.3195,6.0391,16.2316,588.4995,-62.7702
2011-12-22,1608.9,-0.1861,2.1783,-5.4811,-1.7466,7.2243,16.587,587.4042,-62.8395
2011-12-23,1604.7,-0.2611,0.5703,-5.3665,0.7661,7.266,16.0807,585.8708,-62.9365
2011-12-27,1594.2,-0.6543,-0.0125,-5.4168,-3.4169,6.3013,13.45,582.0372,-63.179
2011-12-28,1562.9,-1.9634,-3.2619,-8.6451,-3.3038,3.5102,10.6008,570.6097,-63.902
2011-12-29,1539.9,-1.4716,-4.4668,-10.1261,-4.6797,2.5028,9.5546,562.2125,-64.4332
2011-12-30,1565.8,1.6819,-2.6788,-10.295,-3.3695,5.6331,10.1823,571.6685,-63.835
2012-01-03,1599.7,2.165,-0.3116,-7.8142,-3.3998,5.7793,12.449,584.0453,-63.052
2012-01-04,1611.9,0.7626,1.1103,-7.7333,-0.1734,5.4425,16.9314,588.4995,-62.7702
2012-01-05,1619.4,0.4653,3.6151,-6.4309,-1.2742,5.8293,17.9118,591.2377,-62.597
2012-01-06,1616.1,-0.2038,4.9484,-6.4703,-2.1672,4.8599,17.8431,590.0329,-62.6732
2012-01-09,1607.5,-0.5321,2.6632,-7.6627,-1.6519,3.79,17.4644,586.893,-62.8719
2012-01-10,1631.0,1.4619,1.9566,-4.6087,-2.3119,4.4241,18.7304,595.4728,-62.3291
2012-01-11,1639.2,0.5028,1.6936,-4.2971,-1.2352,3.4065,18.4393,598.4666,-62.1397
2012-01-12,1647.3,0.4941,1.7229,-1.0155,-2.0222,3.669,18.8786,601.4239,-61.9526
2012-01-13,1630.4,-1.0259,0.8848,-1.7772,-2.2132,2.5538,17.5571,595.2538,-62.3429
2012-01-17,1655.2,1.5211,2.9673,4.4752,-1.5816,3.3144,21.6701,604.3081,-61.7701
2012-01-18,1659.5,0.2598,1.7474,5.3918,-0.9549,3.6604,21.2996,605.8781,-61.6708
2012-01-19,1654.1,-0.3254,0.909,3.6663,0.1453,3.5949,20.7196,603.9065,-61.7955
2012-01-20,1663.7,0.5804,0.9956,4.3465,1.0753,4.8462,23.5574,607.4115,-61.5738
2012-01-23,1678.0,0.8595,2.9195,3.8623,4.1007,4.7899,25.1305,612.6324,-61.2435
2012-01-24,1664.2,-0.8224,0.5437,3.2446,1.7797,3.2382,23.7784,607.594,-61.5623
2012-01-25,1699.8,2.1392,2.4284,5.6498,2.9246,5.1466,27.5839,620.5915,-60.74
2012-01-26,1726.3,1.559,4.3649,7.5777,1.571,6.8916,29.5049,630.2666,-60.128
2012-01-27,1731.8,0.3186,4.0933,8.6313,0.5282,7.3385,31.3562,632.2746,-60.0009
2012-01-30,1731.0,-0.0462,3.1585,10.7556,-0.8988,6.3072,29.1117,631.9825,-60.0194
2012-01-31,1737.8,0.3928,4.4226,12.8515,-0.481,7.3379,30.2894,634.4652,-59.8623
2012-02-01,1747.1,0.5352,2.7827,11.5787,1.3282,6.4072,30.4195,637.8605,-59.6475
2012-02-02,1756.8,0.5552,1.7668,9.8206,2.6768,5.615,31.9414,641.402,-59.4235
2012-02-03,1737.9,-1.0758,0.3522,7.8169,0.5322,4.933,28.5144,634.5017,-59.86
2012-02-06,1722.8,-0.8689,-0.4737,6.3851,-2.3467,4.4881,27.7757,628.9887,-60.2088
2012-02-07,1746.4,1.3699,0.4949,8.0626,-0.507,2.1167,29.5934,637.605,-59.6637
2012-02-08,1729.3,-0.9792,-1.0188,7.577,-3.4073,-0.6149,26.8373,631.3618,-60.0587
2012-02-09,1739.0,0.5609,-1.0132,6.6217,-3.3029,-2.3747,27.4179,634.9033,-59.8346
2012-02-10,1723.3,-0.9028,-0.8401,5.1306,-3.7746,-1.4581,26.5365,629.1713,-60.1972
2012-02-13,1723.0,-0.0174,0.0116,4.5954,-2.041,-0.9884,26.7005,629.0617,-60.2042
2012-02-14,1715.9,-0.4121,-1.7464,5.2441,-4.0056,-2.2558,25.7438,626.4695,-60.3682
2012-02-15,1726.3,0.6061,-0.1735,4.2956,-2.8968,-3.1474,25.6771,630.2666,-60.128
2012-02-16,1726.8,0.029,-0.7015,4.0554,-3.0813,-3.5953,25.6129,630.4491,-60.1164
2012-02-17,1724.5,-0.1332,0.0696,4.2561,-2.7793,-5.19,24.5396,629.6094,-60.1695
2012-02-21,1757.1,1.8904,1.9791,5.614,2.1689,-4.9651,26.574,641.5115,-59.4166
2012-02-22,1770.0,0.7342,3.1529,5.4827,2.6265,-6.2847,26.3834,646.2213,-59.1186
2012-02-23,1784.9,0.8418,3.3945,7.2527,6.3517,-3.9498,26.2841,651.6612,-58.7745
2012-02-24,1775.1,-0.5491,2.7971,4.4299,4.2827,1.1972,25.4222,648.0832,-59.0008
2012-02-27,1773.6,-0.0845,2.8472,2.74,4.594,0.7842,25.9033,647.5356,-59.0355
2012-02-28,1787.0,0.7555,1.7017,3.1874,6.022,-0.3957,26.8005,652.4279,-58.726
2012-02-29,1709.9,-4.3145,-3.3955,-1.2189,-0.0526,-4.3894,19.5149,624.279,-60.5067
2012-03-01,1721.1,0.655,-3.5744,-0.961,0.4494,-5.7809,19.7537,628.368,-60.2481
2012-03-02,1708.8,-0.7147,-3.735,-2.1922,-2.1025,-6.5463,20.678,623.8774,-60.5322
2012-03-05,1703.0,-0.3394,-3.9806,-3.0624,-1.8614,-6.736,19.241,621.7598,-60.6661
2012-03-06,1671.4,-1.8555,-6.4689,-3.8265,-4.3274,-10.7968,16.547,610.2227,-61.396
2012-03-07,1683.3,0.712,-1.5556,-2.2928,-2.7388,-9.9791,17.969,614.5674,-61.1211
2012-03-08,1698.1,0.8792,-1.3364,-2.7657,-1.7246,-6.3995,18.8064,619.9708,-60.7793
2012-03-09,1710.9,0.7538,0.1229,-1.064,-1.7232,-7.7384,21.1514,624.6441,-60.4836
2012-03-12,1699.2,-0.6839,-0.2231,-2.2887,-0.62,-8.468,19.5357,620.3724,-60.7539
2012-03-13,1693.7,-0.3237,1.3342,-1.7176,-1.1151,-6.4202,18.8895,618.3644,-60.8809
2012-03-14,1642.5,-3.023,-2.4238,-4.6721,-1.3039,-10.0887,17.9449,599.6714,-62.0635
2012-03-15,1659.1,1.0107,-2.2967,-3.3102,-0.0482,-9.0156,18.8467,605.732,-61.6801
2012-03-16,1655.5,-0.217,-3.2381,-4.1013,4.4941,-6.9159,17.9131,604.4177,-61.7632
2012-03-19,1666.9,0.6886,-1.9009,-3.4688,5.8618,-8.0128,17.7272,608.5798,-61.4999
2012-03-20,1646.7,-1.2118,-2.775,-4.5115,3.2026,-7.3013,15.4607,601.2048,-61.9665
2012-03-21,1650.0,0.2004,0.4566,-6.0953,3.4872,-8.6682,15.5867,602.4097,-61.8902
2012-03-22,1642.3,-0.4667,-1.0126,-7.2147,1.6526,-9.039,14.2152,599.5984,-62.0681
2012-03-23,1662.3,1.2178,0.4108,-6.8687,3.1267,-4.4216,15.8559,606.9004,-61.6062
2012-03-26,1685.5,1.3957,1.1158,-5.0476,4.761,2.9313,18.1895,615.3706,-61.0703
2012-03-27,1684.8,-0.0415,2.3137,-5.0068,4.9916,5.7959,18.6646,615.115,-61.0865
2012-03-28,1657.9,-1.5966,0.4788,-7.2244,3.9957,0.4423,17.0833,605.2939,-61.7078
2012-03-29,1652.2,-0.3438,0.6028,-3.3745,5.7137,2.2211,16.0416,603.2128,-61.8394
2012-03-30,1669.3,1.035,0.4211,-3.0097,8.4031,3.3302,16.0122,609.456,-61.4445
2012-04-02,1677.5,0.4912,-0.4746,-1.8317,7.1337,3.5238,17.4638,612.4498,-61.2551
2012-04-03,1670.0,-0.4471,-0.8784,-1.9378,4.3946,0.8454,16.6038,609.7116,-61.4283
2012-04-04,1612.3,-3.4551,-2.7505,-3.536,0.0248,-0.1486,11.0552,588.6455,-62.761
2012-04-05,1628.5,1.0048,-1.4344,-3.2555,0.5619,-0.7194,11.7171,594.5601,-62.3868
2012-04-09,1642.5,0.8597,-1.6055,-3.2742,1.6336,-0.569,12.6157,599.6714,-62.0635
2012-04-10,1659.5,1.035,-1.073,-3.0043,3.2348,1.5295,12.6306,605.8781,-61.6708
2012-04-11,1659.0,-0.0301,-0.6587,-2.3658,1.7167,-0.6349,13.0571,605.6955,-61.6824
2012-04-12,1679.5,1.2357,4.168,-0.8384,2.4585,1.193,15.5964,613.18,-61.2089
2012-04-13,1659.1,-1.2146,1.879,1.0107,0.7163,-1.3204,14.0353,605.732,-61.6801
2012-04-16,1648.7,-0.6268,0.3775,-0.6268,1.1224,-1.1156,12.0269,601.935,-61.9203
2012-04-17,1650.3,0.0971,-0.5544,-0.3141,-0.296,-1.873,11.1089,602.5192,-61.8833
2012-04-18,1638.8,-0.6968,-1.2176,-1.6858,-1.2474,-2.1904,9.8171,598.3206,-62.1489
2012-04-19,1640.6,0.1098,-2.3162,-0.3704,-0.8162,-0.672,9.7758,598.9777,-62.1074
2012-04-20,1642.1,0.0914,-1.0247,-0.4788,-1.2983,-0.2369,9.5975,599.5254,-62.0727
2012-04-23,1631.9,-0.6212,-1.019,-0.6333,-2.7473,1.2408,8.5617,595.8014,-62.3083
2012-04-24,1643.0,0.6802,-0.4423,-1.161,-1.2739,0.4832,8.9089,599.854,-62.0519
2012-04-25,1641.4,-0.0974,0.1587,-2.6164,-3.4357,-0.6116,9.2083,599.2698,-62.0889
2012-04-26,1659.6,1.1088,1.1581,-1.4957,-3.8638,-2.3535,9.4218,605.9146,-61.6685
2012-04-27,1664.0,0.2651,1.3337,0.3679,-3.915,-3.4074,8.7013,607.521,-61.5669
2012-04-30,1663.4,-0.0361,1.9303,0.6779,-3.9053,-4.769,6.9023,607.302,-61.5807
2012-05-01,1661.7,-0.1022,1.1382,-0.4553,-4.3791,-4.8391,6.745,606.6813,-61.62
2012-05-02,1653.4,-0.4995,0.7311,-1.4367,-5.3632,-4.1062,7.3567,603.651,-61.8117
2012-05-03,1634.2,-1.1612,-1.5305,-2.1437,-6.9786,-4.4886,7.8751,596.6411,-62.2552
2012-05-04,1644.7,0.6425,-1.1599,2.0095,-5.3628,-4.8591,11.0608,600.4746,-62.0127
2012-05-07,1638.6,-0.3709,-1.4909,0.6202,-4.8874,-7.1194,9.8847,598.2475,-62.1535
2012-05-08,1604.0,-2.1116,-3.4723,-2.344,-8.1539,-8.6196,6.727,585.6152,-62.9527
2012-05-09,1593.7,-0.6421,-3.6107,-3.9651,-7.8413,-10.9814,5.0837,581.8547,-63.1906
2012-05-10,1595.1,0.0878,-2.3926,-3.8517,-8.2749,-11.3045,6.2621,582.3658,-63.1583
2012-05-11,1583.6,-0.721,-3.715,-5.71,-8.1065,-11.5752,5.1108,578.1672,-63.4239
2012-05-14,1560.6,-1.4524,-4.7602,-5.937,-9.4254,-11.2741,4.4998,569.77,-63.9551
2012-05-15,1556.8,-0.2435,-2.9426,-5.5741,-9.2721,-12.9063,4.4552,568.3827,-64.0429
2012-05-16,1536.2,-1.3232,-3.608,-6.9139,-11.012,-13.5898,3.8113,560.8616,-64.5187
2012-05-17,1574.5,2.4932,-1.2915,-3.9236,-8.8198,-11.6293,5.2755,574.8448,-63.6341
2012-05-18,1591.6,1.0861,0.5052,-2.9867,-7.7066,-10.2717,6.6613,581.088,-63.2391
2012-05-21,1588.4,-0.2011,1.7814,-3.2702,-9.601,-7.6404,5.2757,579.9197,-63.313
2012-05-22,1576.3,-0.7618,1.2526,-3.4071,-10.9435,-8.6044,4.0256,575.502,-63.5925
2012-05-23,1548.1,-1.789,0.7746,-5.776,-13.2669,-7.7579,1.6347,565.2063,-64.2438
2012-05-24,1557.3,0.5943,-1.0924,-5.1237,-12.2697,-8.5125,2.011,568.5652,-64.0313
2012-05-25,1568.8,0.7385,-1.4325,-5.4712,-11.5471,-7.4836,3.0208,572.7638,-63.7657
2012-05-29,1548.6,-1.2876,-2.5057,-6.9351,-13.3408,-8.1222,0.8006,565.3888,-64.2323
2012-05-30,1563.4,0.9557,-0.8184,-6.0118,-8.5678,-8.6159,1.7905,570.7923,-63.8904
2012-05-31,1562.6,-0.0512,0.9366,-5.9638,-9.2092,-8.8012,1.3096,570.5002,-63.9089
2012-06-01,1620.5,3.7054,4.0583,-1.9898,-5.1674,-7.1613,5.7768,591.6393,-62.5716
2012-06-04,1612.2,-0.5122,2.7664,-1.3462,-5.3318,-7.0939,4.5729,588.609,-62.7633
2012-06-05,1615.2,0.1861,4.3007,-1.7936,-3.3625,-7.5444,4.4423,589.7043,-62.694
2012-06-06,1632.8,1.0897,4.439,-0.354,-3.0001,-5.6567,5.7993,596.13,-62.2875
2012-06-07,1586.6,-2.8295,1.5359,-1.0848,-6.5662,-8.1776,3.1532,579.2625,-63.3546
2012-06-08,1590.1,0.2206,-1.876,-0.2259,-7.0606,-8.6622,3.1126,580.5403,-63.2737
2012-06-11,1595.5,0.3396,-1.0358,0.0251,-6.1029,-6.685,4.3766,582.5119,-63.149
2012-06-12,1612.7,1.078,-0.1548,1.8376,-4.7824,-5.8442,6.4488,588.7915,-62.7518
2012-06-13,1618.1,0.3348,-0.9003,3.6845,-1.4855,-2.7701,6.1885,590.7631,-62.627
2012-06-14,1618.4,0.0185,2.0043,3.9568,-2.4531,-2.5002,6.0829,590.8726,-62.6201
2012-06-15,1627.0,0.5314,2.3206,5.9107,-1.7215,2.6952,6.3885,594.0124,-62.4215
2012-06-18,1625.7,-0.0799,1.8928,3.2518,-2.4717,3.2453,5.661,593.5378,-62.4515
2012-06-19,1622.2,-0.2153,0.5891,1.9226,-1.4878,1.6671,5.2352,592.2599,-62.5323
2012-06-20,1614.8,-0.4562,-0.2039,1.6621,-2.1333,1.2795,4.4502,589.5583,-62.7033
2012-06-21,1564.5,-3.1149,-3.3305,-0.7486,-4.7373,-3.1629,0.747,571.1939,-63.865
2012-06-22,1566.0,0.0959,-3.7492,1.1563,-5.7932,-2.8476,3.0195,571.7415,-63.8304
2012-06-25,1587.5,1.3729,-2.3498,1.9393,-5.8143,-1.3301,5.7981,579.5911,-63.3338
2012-06-26,1574.0,-0.8504,-2.9713,0.3315,-6.5765,-1.9131,5.2139,574.6623,-63.6456
2012-06-27,1577.5,0.2224,-2.3099,1.8662,-4.8495,-1.0475,5.1877,575.9401,-63.5648
2012-06-28,1549.7,-1.7623,-0.946,-0.8763,-6.2038,-0.8446,2.6359,565.7904,-64.2069
2012-06-29,1603.5,3.4716,2.3946,2.6174,-3.9418,4.1301,6.7363,585.4327,-62.9642
2012-07-02,1597.2,-0.3929,0.611,-1.4378,-4.7869,2.0054,7.7515,583.1325,-63.1098
2012-07-03,1621.3,1.5089,3.0051,0.5645,-2.9162,1.3503,7.2076,591.9314,-62.5531
2012-07-05,1608.9,-0.7648,1.9905,-0.39,-0.2109,-0.1861,5.2463,587.4042,-62.8395
2012-07-06,1578.4,-1.8957,1.852,-3.3317,-3.0764,-2.5318,3.1499,576.2687,-63.544
2012-07-09,1588.6,0.6462,-0.9292,0.1261,-3.2816,-1.7016,3.0755,579.9927,-63.3084
2012-07-10,1579.3,-0.5854,-1.1207,-0.6792,-4.8328,-1.7543,1.9693,576.5973,-63.5232
2012-07-11,1575.2,-0.2596,-2.8434,-1.2723,-5.0512,-3.4212,0.8515,575.1004,-63.6179
2012-07-12,1564.9,-0.6539,-2.7348,-2.964,-6.8235,-4.5327,-1.2806,571.3399,-63.8558
2012-07-13,1591.6,1.7062,0.8363,-1.6377,-4.0685,-3.3813,0.1636,581.088,-63.2391
2012-07-16,1591.2,-0.0251,0.1637,-1.6807,-3.4876,-2.4043,0.0881,580.9419,-63.2483
2012-07-17,1589.1,-0.132,0.6205,-2.3294,-3.7084,-3.9935,-0.8114,580.1753,-63.2968
2012-07-18,1570.4,-1.1768,-0.3047,-3.4016,-4.1738,-5.3691,-1.9052,573.348,-63.7288
2012-07-19,1580.1,0.6177,0.9713,-2.5952,-3.6877,-4.4737,-1.0396,576.8894,-63.5047
2012-07-20,1582.5,0.1519,-0.5718,-2.0003,-3.6295,-4.8807,-0.271,577.7656,-63.4493
2012-07-23,1577.1,-0.3412,-0.8861,0.8054,-3.3581,-6.0131,-1.5113,575.7941,-63.574
2012-07-24,1576.0,-0.0697,-0.8244,0.6386,-4.0779,-5.2998,-2.2333,575.3925,-63.5994
2012-07-25,1608.0,2.0305,2.3943,1.2913,-2.0348,-5.4006,-0.532,587.0756,-62.8603
2012-07-26,1615.0,0.4353,2.2087,2.6048,-2.6874,-6.4473,0.0,589.6313,-62.6986
2012-07-27,1617.9,0.1796,2.237,2.561,-2.7704,-6.577,0.2789,590.6901,-62.6317
2012-07-30,1619.7,0.1113,2.7012,4.517,-2.6272,-6.4298,-0.5282,591.3472,-62.5901
2012-07-31,1610.5,-0.568,2.1891,0.4365,-3.0812,-7.3254,-0.525,587.9883,-62.8026
2012-08-01,1603.7,-0.4222,-0.2674,0.407,-3.0059,-8.2079,-2.3266,585.5057,-62.9596
2012-08-02,1587.4,-1.0164,-1.709,-2.0909,-2.8638,-9.6425,-4.569,579.5546,-63.3361
2012-08-03,1606.0,1.1717,-0.7355,-0.1802,-2.353,-7.5896,-3.031,586.3454,-62.9065
2012-08-06,1612.9,0.4296,-0.4198,2.1858,-1.5684,-6.3792,-2.1773,588.8646,-62.7471
2012-08-07,1609.7,-0.1984,-0.0497,1.3282,0.3554,-7.8275,-5.8765,587.6962,-62.821
2012-08-08,1612.9,0.1988,0.5737,2.1275,1.2047,-6.731,-7.3046,588.8646,-62.7471
2012-08-09,1617.1,0.2604,1.871,2.66,1.3792,-7.0098,-9.218,590.398,-62.6501
2012-08-10,1619.7,0.1608,0.853,3.5018,2.2796,-6.0117,-7.3822,591.3472,-62.5901
2012-08-13,1609.6,-0.6236,-0.2046,1.1309,3.1398,-6.5815,-7.5049,587.6597,-62.8234
2012-08-14,1599.4,-0.6337,-0.6399,0.5153,2.7364,-6.7894,-8.8921,583.9358,-63.0589
2012-08-15,1603.7,0.2688,-0.5704,0.9188,4.394,-7.1019,-10.0258,585.5057,-62.9596
2012-08-16,1616.1,0.7732,-0.0618,2.9101,2.6421,-6.4107,-9.7756,590.0329,-62.6732
2012-08-17,1616.3,0.0124,-0.2099,2.291,1.5519,-6.2743,-11.1386,590.1059,-62.6686
2012-08-20,1620.1,0.2351,0.6523,2.376,1.9957,-7.7969,-12.3749,591.4932,-62.5808
2012-08-21,1639.9,1.2221,2.5322,3.982,4.0348,-7.3503,-13.1731,598.7222,-62.1235
2012-08-22,1637.4,-0.1524,2.1014,3.8959,5.7684,-8.2638,-11.8872,597.8094,-62.1813
2012-08-23,1669.6,1.9665,3.3104,3.8308,7.2112,-5.9433,-4.8173,609.5655,-61.4375
2012-08-24,1669.8,0.012,3.31,3.3932,6.438,-5.8525,-5.1142,609.6386,-61.4329
2012-08-27,1672.4,0.1557,3.2282,3.3686,7.9943,-6.413,-6.7833,610.5878,-61.3729
2012-08-28,1666.5,-0.3528,1.622,2.8894,6.5946,-2.5382,-6.8161,608.4337,-61.5091
2012-08-29,1659.8,-0.402,1.368,3.0612,6.2204,-3.5617,-9.1367,605.9876,-61.6639
2012-08-30,1653.5,-0.3796,-0.9643,3.1053,2.0364,-3.2362,-9.5707,603.6875,-61.8094
2012-08-31,1684.6,1.8809,0.8863,6.1232,4.4908,-1.0804,-7.7437,615.042,-61.0911
2012-09-04,1692.9,0.4927,1.2258,5.411,4.8106,1.2863,-9.6494,618.0723,-60.8994
2012-09-05,1690.8,-0.124,1.4581,4.8298,3.5522,0.4456,-9.5781,617.3056,-60.9479
2012-09-06,1702.6,0.6979,2.5786,5.7713,7.3112,0.265,-6.1515,621.6137,-60.6754
2012-09-07,1737.5,2.0498,5.0801,7.7252,9.2699,1.5547,-6.3039,634.3556,-59.8693
2012-09-10,1728.7,-0.5065,2.6178,6.9012,8.3485,1.7361,-6.8789,631.1427,-60.0725
2012-09-11,1731.8,0.1793,2.2978,6.921,7.3851,2.2495,-4.3152,632.2746,-60.0009
2012-09-12,1730.6,-0.0693,2.3539,7.5174,6.9526,5.3638,-5.266,631.8364,-60.0286
2012-09-13,1769.1,2.2247,3.9058,10.6102,9.3117,6.6301,-2.9833,645.8927,-59.1394
2012-09-14,1769.8,0.0396,1.859,10.3573,8.7769,6.9043,-0.4892,646.1483,-59.1232
2012-09-17,1767.7,-0.1187,2.256,9.3806,8.7347,6.0471,-2.4502,645.3815,-59.1718
2012-09-18,1768.4,0.0396,2.1134,9.4104,9.0125,7.3905,-0.4503,645.6371,-59.1556
2012-09-19,1769.0,0.0339,2.2189,9.1908,9.5492,7.2121,-2.0813,645.8562,-59.1417
2012-09-20,1767.7,-0.0735,-0.0791,7.7932,12.9882,7.6356,-2.0936,645.3815,-59.1718
2012-09-21,1775.5,0.4413,0.3221,8.4341,13.378,6.8098,2.0872,648.2293,-58.9916
2012-09-24,1762.1,-0.7547,-0.3168,5.5402,10.9984,4.5446,7.6092,643.337,-59.3011
2012-09-25,1763.8,0.0965,-0.2601,5.6294,12.0585,4.689,10.7567,643.9577,-59.2618
2012-09-26,1750.6,-0.7484,-1.0401,4.6759,10.9731,5.5914,6.0584,639.1384,-59.5667
2012-09-27,1777.6,1.5423,0.5601,6.6667,14.7061,7.5899,9.9796,648.996,-58.9431
2012-09-28,1771.1,-0.3657,-0.2478,6.7056,10.4521,6.0984,9.6317,646.6229,-59.0932
2012-10-01,1780.5,0.5307,1.0442,7.6807,11.4763,6.1401,9.8803,650.0548,-58.8761
2012-10-02,1772.7,-0.4381,0.5046,5.2297,9.3382,6.1497,7.0471,647.207,-59.0563
2012-10-03,1777.3,0.2595,1.5252,4.9855,10.4668,10.2338,10.07,648.8865,-58.95
2012-10-04,1794.1,0.9452,0.9282,6.1095,13.6657,10.1689,9.3763,655.0201,-58.562
2012-10-05,1778.6,-0.8639,0.4235,4.4638,11.9602,8.2861,7.67,649.3611,-58.92
2012-10-08,1773.5,-0.2867,-0.3931,2.0719,12.2966,6.8695,8.5041,647.4991,-59.0378
2012-10-09,1763.0,-0.592,-0.5472,1.9842,11.9223,6.2688,5.5942,643.6656,-59.2803
2012-10-10,1763.2,0.0113,-0.7933,1.8131,12.6717,4.9836,6.2361,643.7386,-59.2757
2012-10-11,1768.8,0.3176,-1.4102,2.2073,11.1335,6.612,5.2043,645.7832,-59.1463
2012-10-12,1758.0,-0.6106,-1.1582,-0.6274,10.4827,6.6295,5.4399,641.8401,-59.3958
2012-10-15,1736.0,-1.2514,-2.1145,-1.9098,9.2442,5.193,3.2227,633.808,-59.9039
2012-10-16,1744.7,0.5011,-1.038,-1.3011,11.0991,6.462,4.1301,636.9843,-59.703
2012-10-17,1751.5,0.3898,-0.6636,-0.9557,10.8474,6.7597,6.0423,639.467,-59.5459
2012-10-18,1743.3,-0.4682,-1.4417,-1.4528,10.1611,6.1628,5.9113,636.4732,-59.7353
2012-10-19,1722.8,-1.1759,-2.0023,-2.54,9.2385,5.5702,6.8801,628.9887,-60.2088
2012-10-22,1725.1,0.1335,-0.6279,-2.8386,9.4607,4.997,5.5043,629.8284,-60.1557
2012-10-23,1708.3,-0.9739,-2.0863,-3.0532,6.2376,4.0758,3.4393,623.6948,-60.5437
2012-10-24,1700.5,-0.4566,-2.9118,-3.5888,5.2941,2.4645,0.053,620.847,-60.7239
2012-10-25,1712.0,0.6763,-1.7954,-2.205,5.8162,2.8846,-0.6211,625.0457,-60.4582
2012-10-26,1710.9,-0.0643,-0.6907,-3.7522,5.6307,2.8556,-2.0496,624.6441,-60.4836
2012-10-31,1717.5,0.3858,-0.4406,-3.0264,6.6439,3.358,-1.6436,627.0537,-60.3312
2012-11-01,1714.1,-0.198,0.3395,-3.7293,6.8841,3.6712,-0.5858,625.8123,-60.4097
2012-11-02,1674.1,-2.3336,-1.5525,-5.5621,5.4618,2.4416,-2.1566,611.2085,-61.3336
2012-11-05,1682.2,0.4838,-1.7407,-5.3508,4.7447,2.2801,-2.6899,614.1657,-61.1465
2012-11-06,1714.1,1.8963,0.187,-4.4591,6.2744,4.6076,-2.8398,625.8123,-60.4097
2012-11-07,1713.2,-0.0525,-0.2504,-3.6771,6.4298,6.808,-2.3985,625.4837,-60.4305
2012-11-08,1725.4,0.7121,0.6592,-2.7121,6.975,8.2638,-3.6251,629.938,-60.1487
2012-11-09,1730.3,0.284,3.357,-1.8548,7.0002,8.476,-3.7867,631.7269,-60.0356
2012-11-12,1730.3,0.0,2.8594,-1.8659,6.8284,9.2637,-3.3838,631.7269,-60.0356
2012-11-13,1724.2,-0.3525,0.5892,-2.5215,7.1198,10.4831,-1.9728,629.4998,-60.1765
2012-11-14,1729.5,0.3074,0.9514,-1.6212,8.1343,11.0933,-3.2448,631.4348,-60.054
2012-11-15,1713.3,-0.9367,-0.7013,-1.3076,6.8342,11.5285,-3.6281,625.5203,-60.4282
2012-11-16,1714.3,0.0584,-0.9247,-1.7424,6.0764,8.879,-3.7829,625.8854,-60.4051
2012-11-19,1734.0,1.1492,0.2138,-0.9991,7.2821,8.947,-2.2438,633.0778,-59.9501
2012-11-20,1723.2,-0.6228,-0.058,-1.153,6.3638,8.4865,0.1977,629.1347,-60.1996
2012-11-21,1727.9,0.2728,-0.0925,0.296,5.3662,9.6175,0.1855,630.8507,-60.091
2012-11-23,1751.3,1.3542,2.2179,1.5188,6.9562,13.1258,4.3496,639.394,-59.5505
2012-11-26,1749.5,-0.1028,2.0533,2.4118,4.7856,12.3419,2.7788,638.7368,-59.5921
2012-11-27,1742.2,-0.4173,0.4729,2.4522,4.3358,11.053,2.7422,636.0716,-59.7607
2012-11-28,1716.5,-1.4751,-0.3888,0.2629,2.6369,10.8421,1.8392,626.6886,-60.3543
2012-11-29,1727.2,0.6234,-0.0405,0.9527,3.6424,10.4772,0.9586,630.5951,-60.1072
2012-11-30,1710.9,-0.9437,-2.3069,-0.3843,3.0787,9.4906,-0.1459,624.6441,-60.4836
2012-12-03,1719.6,0.5085,-1.7091,0.3209,3.9976,6.1154,-1.4838,627.8204,-60.2827
2012-12-04,1694.4,-1.4655,-2.7437,1.2126,0.5817,5.0986,-2.3569,618.62,-60.8647
2012-12-05,1692.4,-0.118,-1.404,0.6064,-0.0295,4.7796,-3.1254,617.8898,-60.9109
2012-12-06,1700.3,0.4668,-1.5574,-0.8051,0.5619,4.134,-1.7565,620.774,-60.7285
2012-12-07,1704.0,0.2176,-0.4033,-0.537,0.0822,7.3995,-1.3832,622.1249,-60.643
2012-12-10,1713.0,0.5282,-0.3838,-0.7187,-1.4101,7.7291,-1.6026,625.4107,-60.4351
2012-12-11,1708.2,-0.2802,0.8144,-1.2772,-1.1859,7.0636,-0.0936,623.6583,-60.546
2012-12-12,1716.6,0.4917,1.4299,-0.7918,-0.8777,6.4426,0.2219,626.7251,-60.352
2012-12-13,1695.6,-1.2233,-0.2764,-1.6587,-2.0224,4.7896,1.8868,619.0581,-60.837
2012-12-14,1695.8,0.0118,-0.4812,-1.9485,-4.1433,4.7825,2.1628,619.1311,-60.8324
2012-12-17,1697.0,0.0708,-0.934,-0.9514,-4.1135,4.3024,7.1135,619.5692,-60.8047
2012-12-18,1669.5,-1.6205,-2.2655,-2.6133,-5.5552,2.6942,6.0269,609.529,-61.4399
2012-12-19,1666.5,-0.1797,-2.9186,-3.8927,-5.7623,2.7309,4.4435,608.4337,-61.5091
2012-12-20,1644.9,-1.2961,-2.9901,-4.5439,-7.0153,1.864,3.1673,600.5477,-62.008
2012-12-21,1659.1,0.8633,-2.1642,-3.9817,-6.1436,6.0467,2.6925,605.732,-61.6801
2012-12-24,1658.6,-0.0301,-2.2628,-5.2932,-6.5841,5.9132,2.8972,605.5495,-61.6916
2012-12-26,1659.8,0.0724,-0.581,-5.1272,-5.8056,4.5543,3.1637,605.9876,-61.6639
2012-12-27,1662.6,0.1687,-0.234,-4.5689,-5.7376,5.629,3.6082,607.0099,-61.5992
2012-12-28,1654.9,-0.4631,0.6079,-3.5887,-5.4667,4.9065,3.8076,604.1986,-61.7771
2012-12-31,1674.8,1.2025,0.9463,-3.0338,-5.7831,8.0725,7.1598,611.4641,-61.3174
2013-01-02,1687.9,0.7822,1.7666,-1.3443,-4.6976,5.2635,9.611,616.2468,-61.0149
2013-01-03,1673.7,-0.8413,0.8374,-2.6692,-5.9983,4.7896,6.891,611.0624,-61.3429
2013-01-04,1648.1,-1.5295,-0.8721,-2.7325,-7.0288,1.653,3.0256,601.716,-61.9341
2013-01-07,1645.5,-0.1578,-0.568,-2.7712,-7.4157,2.2748,2.0845,600.7667,-61.9942
2013-01-08,1661.5,0.9723,-0.7941,-2.282,-7.3909,5.2648,2.5997,606.6083,-61.6246
2013-01-09,1654.8,-0.4032,-1.961,-2.8873,-6.9605,4.1672,2.3947,604.1621,-61.7794
2013-01-10,1677.3,1.3597,0.2151,-2.0841,-5.4243,6.2053,4.3421,612.3768,-61.2597
2013-01-11,1660.0,-1.0314,0.722,-2.8217,-5.8423,5.3834,1.7781,606.0606,-61.6593
2013-01-14,1668.9,0.5361,1.4221,-2.7787,-5.3482,6.6458,1.8119,609.31,-61.4537
2013-01-15,1683.4,0.8688,1.3181,-0.7195,-4.8281,5.7678,2.1915,614.6039,-61.1188
2013-01-16,1682.7,-0.0416,1.686,-0.7725,-4.2833,5.7504,3.2078,614.3483,-61.135
2013-01-17,1690.4,0.4576,0.781,-0.3889,-2.6267,6.3747,2.1266,617.1596,-60.9571
2013-01-18,1686.6,-0.2248,1.6024,1.0243,-3.3301,7.3994,1.633,615.7722,-61.0449
2013-01-22,1692.8,0.3676,1.4321,1.5782,-3.3514,7.1325,2.3396,618.0358,-60.9017
2013-01-23,1686.3,-0.384,0.1723,2.5169,-3.2697,6.5592,1.3584,615.6627,-61.0518
2013-01-24,1669.5,-0.9963,-0.7845,0.6268,-3.0938,5.8589,-0.5066,609.529,-61.4399
2013-01-25,1656.4,-0.7847,-2.0114,-0.1326,-3.9824,5.1015,-0.4687,604.7463,-61.7424
2013-01-28,1652.4,-0.2415,-2.0277,-0.4458,-3.2723,2.7612,-2.7886,603.2859,-61.8348
2013-01-29,1660.7,0.5023,-1.8963,-0.1143,-2.3405,2.8297,-3.8,606.3162,-61.6431
2013-01-30,1679.9,1.1561,-0.3795,1.5107,-1.875,3.8321,-2.9969,613.3261,-61.1996
2013-01-31,1660.6,-1.1489,-0.5331,-0.8479,-2.94,2.5252,-4.067,606.2797,-61.6454
2013-02-01,1669.4,0.5299,0.7848,-1.096,-2.8006,3.6573,-3.936,609.4925,-61.4422
2013-02-04,1675.3,0.3534,1.3859,0.0956,-2.2636,4.4647,-4.1097,611.6466,-61.3059
2013-02-05,1672.4,-0.1731,0.7045,1.4744,-0.1015,5.3547,-4.8042,610.5878,-61.3729
2013-02-06,1677.7,0.3169,-0.131,1.9568,-0.2675,4.4645,-3.464,612.5228,-61.2505
2013-02-07,1670.4,-0.4351,0.5902,0.5357,-2.5494,3.565,-3.0416,609.8576,-61.4191
2013-02-08,1666.0,-0.2634,-0.2037,0.6768,-2.7551,3.4975,-4.6038,608.2512,-61.5207
2013-02-11,1648.2,-1.0684,-1.6176,-1.7349,-4.4743,2.1886,-4.6898,601.7525,-61.9318
2013-02-12,1648.7,0.0303,-1.4171,-0.6807,-4.716,1.9541,-5.1926,601.935,-61.9203
2013-02-13,1644.2,-0.2729,-1.9968,-1.48,-4.976,1.5126,-4.59,600.2921,-62.0242
2013-02-14,1634.7,-0.5778,-2.1372,-2.893,-5.1908,1.5594,-5.1248,596.8237,-62.2436
2013-02-15,1608.8,-1.5844,-3.4334,-4.3917,-6.9789,0.5877,-6.2416,587.3677,-62.8418
2013-02-19,1603.6,-0.3232,-2.706,-5.1349,-6.4029,-0.0062,-7.1077,585.4692,-62.9619
2013-02-20,1577.6,-1.6214,-4.3125,-6.4627,-7.9741,-2.3823,-8.6403,575.9766,-63.5625
2013-02-21,1578.2,0.038,-4.0141,-6.7699,-8.985,-2.3572,-8.4836,576.1957,-63.5486
2013-02-22,1572.4,-0.3675,-3.8111,-6.7544,-8.7512,-2.9443,-10.5116,574.0782,-63.6826
2013-02-25,1586.2,0.8776,-1.4048,-4.9895,-8.2007,-3.2746,-10.3842,579.1165,-63.3638
2013-02-26,1615.2,1.8283,0.7234,-2.4873,-7.7714,-1.3558,-9.5075,589.7043,-62.694
2013-02-27,1595.2,-1.2382,1.1156,-3.4616,-8.8197,-4.4562,-10.1346,582.4023,-63.156
2013-02-28,1577.7,-1.097,-0.0317,-4.9979,-9.4421,-5.5156,-11.0453,576.0131,-63.5601
2013-03-01,1571.9,-0.3676,-0.0318,-6.429,-8.4241,-6.0093,-12.0369,573.8956,-63.6941
2013-03-04,1572.1,0.0127,-0.8889,-5.3294,-8.9799,-5.6646,-8.059,573.9686,-63.6895
2013-03-05,1574.6,0.159,-2.5136,-5.6787,-7.9666,-5.1332,-8.512,574.8813,-63.6317
2013-03-06,1574.6,0.0,-1.2914,-6.0109,-8.4322,-4.7717,-7.8535,574.8813,-63.6317
2013-03-07,1574.8,0.0127,-0.1838,-5.8359,-7.0585,-6.5179,-7.5279,574.9544,-63.6271
2013-03-08,1576.6,0.1143,0.299,-6.0261,-6.8424,-6.8699,-5.6719,575.6115,-63.5856
2013-03-11,1577.8,0.0761,0.3626,-5.5436,-7.2046,-6.6832,-6.2675,576.0497,-63.5578
2013-03-12,1591.5,0.8683,1.0733,-4.4718,-6.6021,-6.5253,-6.2776,581.0515,-63.2414
2013-03-13,1588.3,-0.2011,0.8701,-3.6343,-7.2796,-8.587,-7.1658,579.8832,-63.3153
2013-03-14,1590.6,0.1448,1.0033,-3.524,-6.8844,-7.9887,-6.3912,580.7229,-63.2622
2013-03-15,1592.5,0.1195,1.0085,-3.1444,-7.2294,-8.0437,-5.9751,581.4166,-63.2183
2013-03-18,1604.6,0.7598,1.6986,-1.8413,-5.3668,-7.2807,-2.3075,585.8343,-62.9388
2013-03-19,1611.3,0.4176,1.2441,0.1554,-4.9829,-8.9198,-2.8811,588.2804,-62.7841
2013-03-20,1607.5,-0.2358,1.2088,0.2432,-5.274,-9.1705,-2.8994,586.893,-62.8719
2013-03-21,1613.8,0.3919,1.4586,2.2946,-3.3363,-8.7062,-3.1856,589.1932,-62.7263
2013-03-22,1606.2,-0.4709,0.8603,1.7742,-3.6184,-9.1721,-2.4595,586.4184,-62.9019
2013-03-25,1604.6,-0.0996,0.0,2.0478,-2.45,-9.2934,-2.7515,585.8343,-62.9388
2013-03-26,1595.8,-0.5484,-0.962,0.6052,-3.8153,-9.7245,-2.8314,582.6214,-63.1421
2013-03-27,1606.2,0.6517,-0.0809,-0.5572,-3.1593,-9.5353,-3.3748,586.4184,-62.9019
2013-03-28,1594.8,-0.7097,-1.1773,-0.0251,-3.9161,-9.4943,-5.3812,582.2563,-63.1652
2013-04-01,1600.0,0.3261,-0.386,1.4135,-3.7652,-9.2868,-5.0332,584.1548,-63.0451
2013-04-02,1575.1,-1.5563,-1.8385,0.2036,-4.822,-10.0251,-4.9943,575.0639,-63.6202
2013-04-03,1552.8,-1.4158,-2.6946,-1.2277,-7.2845,-12.6463,-6.0162,566.9223,-64.1353
2013-04-04,1551.8,-0.0644,-3.3869,-1.448,-8.0633,-12.3821,-7.0389,566.5572,-64.1584
2013-04-05,1575.4,1.5208,-1.2165,0.0508,-5.8732,-11.5192,-6.0864,575.1734,-63.6133
2013-04-08,1572.0,-0.2158,-1.75,-0.1778,-4.6174,-11.3217,-5.8683,573.9321,-63.6918
2013-04-09,1586.2,0.9033,0.7047,0.6089,-3.6038,-10.7523,-1.6188,579.1165,-63.3638
2013-04-10,1558.3,-1.7589,0.3542,-1.2359,-6.2113,-13.1431,-4.3107,568.9303,-64.0082
2013-04-11,1564.3,0.385,0.8055,-1.7091,-5.4689,-12.0488,-4.761,571.1209,-63.8696
2013-04-12,1501.0,-4.0465,-4.7226,-5.4964,-10.5109,-15.3651,-9.5511,548.0102,-65.3317
2013-04-15,1360.6,-9.3538,-13.4478,-14.46,-18.0361,-22.8247,-17.9867,496.7506,-68.5745
2013-04-16,1386.8,1.9256,-12.5709,-12.9168,-16.9033,-21.3475,-17.4278,506.3162,-67.9693
2013-04-17,1382.2,-0.3317,-11.3008,-13.8602,-17.8924,-21.8566,-16.6898,504.6367,-68.0756
2013-04-18,1392.0,0.709,-11.0145,-13.6101,-17.2758,-20.8191,-15.5698,508.2147,-67.8492
2013-04-19,1395.3,0.2371,-7.042,-13.2006,-17.4574,-19.6256,-15.4517,509.4195,-67.773
2013-04-22,1421.0,1.8419,4.4392,-11.947,-15.7477,-18.5533,-13.2902,518.8025,-67.1794
2013-04-23,1408.6,-0.8726,1.572,-12.3023,-16.7888,-19.5775,-14.1412,514.2753,-67.4658
2013-04-24,1423.4,1.0507,2.9808,-11.2925,-15.5903,-18.3503,-13.3183,519.6787,-67.124
2013-04-25,1461.8,2.6978,5.0144,-8.397,-12.4408,-15.1498,-10.4234,533.6985,-66.2371
2013-04-26,1453.6,-0.561,4.1783,-9.5007,-12.2434,-15.7382,-11.5277,530.7046,-66.4265
2013-04-29,1467.4,0.9494,3.2653,-7.9885,-11.1958,-14.1017,-10.6007,535.743,-66.1077
2013-04-30,1472.2,0.3271,4.5151,-7.9875,-11.3506,-13.4255,-11.2919,537.4954,-65.9969
2013-05-01,1446.3,-1.7593,1.6088,-8.1773,-13.9056,-15.5199,-13.0829,528.0395,-66.5951
2013-05-02,1467.7,1.4796,0.4036,-5.4804,-11.6163,-14.2147,-11.7651,535.8525,-66.1008
2013-05-03,1464.3,-0.2316,0.7361,-5.6386,-12.2858,-14.7424,-11.8794,534.6112,-66.1793
2013-05-06,1468.1,0.2595,0.0477,-6.811,-12.3679,-14.3516,-11.2072,535.9985,-66.0916
2013-05-07,1449.0,-1.301,-1.5759,-7.8244,-13.358,-13.446,-11.3328,529.0252,-66.5327
2013-05-08,1473.9,1.7184,1.9083,-7.0798,-12.1476,-12.3826,-10.3849,538.1161,-65.9576
2013-05-09,1468.8,-0.346,0.075,-5.7434,-12.069,-14.3107,-10.3625,536.2541,-66.0754
2013-05-10,1436.8,-2.1786,-1.878,-8.1506,-13.7575,-16.1335,-10.4239,524.571,-66.8145
2013-05-13,1434.5,-0.1601,-2.2887,-4.4304,-12.9657,-16.8599,-9.9893,523.7313,-66.8676
2013-05-14,1424.7,-0.6832,-1.677,4.7112,-13.5865,-17.6617,-10.6827,520.1533,-67.094
2013-05-15,1396.5,-1.9794,-5.2514,0.6994,-15.0651,-19.2915,-11.8149,509.8576,-67.7453
2013-05-16,1387.1,-0.6731,-5.5624,0.3545,-15.1465,-19.5511,-11.1175,506.4257,-67.9624
2013-05-17,1364.9,-1.6005,-5.0042,-1.9468,-15.1604,-21.0812,-12.3266,498.3206,-68.4751
2013-05-20,1384.3,1.4214,-3.4995,-0.7884,-13.6755,-19.2027,-9.888,505.4035,-68.0271
2013-05-21,1377.8,-0.4696,-3.2919,-3.0401,-12.6648,-19.629,-12.4929,503.0303,-68.1772
2013-05-22,1367.6,-0.7403,-2.0695,-2.9107,-13.3443,-21.1303,-14.0739,499.3063,-68.4128
2013-05-23,1392.0,1.7841,0.3533,-2.206,-11.4729,-19.2201,-12.3646,508.2147,-67.8492
2013-05-24,1386.8,-0.3736,1.6045,-5.1307,-12.5709,-19.7407,-12.0218,506.3162,-67.9693
2013-05-28,1379.1,-0.5552,-0.3756,-5.1252,-14.6174,-21.2528,-10.9166,503.5049,-68.1472
2013-05-29,1391.3,0.8846,0.9798,-5.186,-12.7821,-20.4744,-10.6595,507.9591,-67.8654
2013-05-30,1411.5,1.4519,3.21,-4.1231,-10.5343,-18.9817,-10.0268,515.3341,-67.3988
2013-05-31,1392.6,-1.339,0.0431,-3.7129,-11.4066,-18.8698,-10.0736,508.4337,-67.8354
2013-06-03,1411.7,1.3715,1.7955,-3.8155,-10.2029,-18.2666,-9.7032,515.4071,-67.3942
2013-06-04,1397.1,-1.0342,1.3052,-4.5892,-11.2727,-18.3412,-10.5913,510.0767,-67.7314
2013-06-05,1398.4,0.0931,0.5103,-4.7476,-11.1901,-18.6788,-13.7056,510.5513,-67.7014
2013-06-06,1415.7,1.2371,0.2976,-2.2981,-10.1029,-16.4483,-12.1883,516.8675,-67.3018
2013-06-07,1383.0,-2.3098,-0.6894,-6.1673,-12.2796,-18.2817,-14.3759,504.9288,-68.0571
2013-06-10,1386.2,0.2314,-1.8063,-5.6236,-12.1435,-18.4732,-15.1029,506.0971,-67.9832
2013-06-11,1377.0,-0.6637,-1.4387,-4.162,-13.4779,-19.1901,-13.2106,502.7382,-68.1957
2013-06-12,1391.8,1.0748,-0.472,-2.9766,-12.3717,-18.7507,-12.4709,508.1417,-67.8538
2013-06-13,1377.6,-1.0203,-2.6912,-3.306,-13.3912,-19.3537,-13.6572,502.9573,-68.1818
2013-06-14,1387.3,0.7041,0.3109,-0.6588,-12.8854,-19.1833,-13.9766,506.4988,-67.9578
2013-06-17,1382.8,-0.3244,-0.2453,-0.31,-13.8228,-18.4477,-14.5417,504.8558,-68.0617
2013-06-18,1366.6,-1.1715,-0.7553,0.1245,-15.1865,-19.4127,-15.5586,498.9412,-68.4359
2013-06-19,1373.6,0.5122,-1.3077,-0.773,-14.5505,-19.0572,-15.5747,501.4969,-68.2742
2013-06-20,1285.9,-6.3847,-6.6565,-6.6701,-20.3185,-22.9769,-20.9018,469.4779,-70.2998
2013-06-21,1291.6,0.4433,-6.8983,-5.5572,-19.5866,-22.4963,-20.3797,471.559,-70.1681
2013-06-24,1276.8,-1.1459,-7.6656,-8.2759,-20.4288,-22.3783,-20.9314,466.1556,-70.51
2013-06-25,1274.8,-0.1566,-6.7174,-8.0761,-20.1153,-23.1632,-18.5171,465.4254,-70.5562
2013-06-26,1229.6,-3.5457,-10.4834,-10.8404,-23.4466,-25.8652,-21.4815,448.923,-71.6001
2013-06-27,1211.4,-1.4802,-5.7936,-12.9304,-24.0406,-27.0153,-23.6913,442.2782,-72.0205
2013-06-28,1223.8,1.0236,-5.2493,-13.2979,-23.5125,-26.3924,-22.249,446.8054,-71.7341
2013-07-01,1255.9,2.623,-1.6369,-9.8162,-20.2654,-24.1102,-20.3867,458.525,-70.9927
2013-07-02,1243.6,-0.9794,-2.4474,-11.9076,-19.9124,-25.7464,-19.7522,454.0343,-71.2768
2013-07-03,1252.1,0.6835,1.8299,-10.3786,-19.3131,-25.8191,-21.9146,457.1376,-71.0805
2013-07-05,1212.9,-3.1307,0.1238,-13.2652,-23.01,-27.5318,-24.0609,442.8259,-71.9859
2013-07-08,1234.9,1.8138,0.907,-12.7711,-21.444,-25.0713,-23.8327,450.858,-71.4777
2013-07-09,1245.9,0.8908,-0.7962,-9.9132,-21.4538,-24.2844,-22.562,454.8741,-71.2237
2013-07-10,1247.4,0.1204,0.3056,-10.013,-19.9512,-24.9233,-20.9706,455.4217,-71.189
2013-07-11,1280.1,2.6214,2.2362,-7.037,-18.1679,-22.6432,-19.4196,467.3604,-70.4338
2013-07-12,1277.8,-0.1797,5.3508,-8.1908,-14.8701,-23.818,-19.0907,466.5207,-70.4869
2013-07-15,1283.8,0.4696,3.9598,-6.8089,-5.6446,-22.6626,-18.4992,468.7112,-70.3483
2013-07-16,1290.8,0.5453,3.6038,-6.956,-6.9224,-22.6556,-17.5155,471.2669,-70.1866
2013-07-17,1277.9,-0.9994,2.4451,-7.5861,-7.5459,-24.0882,-19.7097,466.5572,-70.4846
2013-07-18,1284.6,0.5243,0.3515,-6.0003,-7.7155,-23.6584,-19.2685,469.0033,-70.3298
2013-07-19,1293.3,0.6773,1.213,-5.8459,-7.3103,-23.4915,-18.6143,472.1797,-70.1289
2013-07-22,1336.4,3.3326,4.0972,3.9272,-5.9536,-20.7637,-14.9007,487.9153,-69.1334
2013-07-23,1335.1,-0.0973,3.432,3.3679,-5.2179,-21.1307,-15.5053,487.4407,-69.1634
2013-07-24,1319.7,-1.1535,3.271,3.36,-7.2854,-21.7399,-16.6066,481.8182,-69.5191
2013-07-25,1329.0,0.7047,3.4563,4.2516,-9.0847,-20.3953,-15.7314,485.2136,-69.3043
2013-07-26,1321.7,-0.5493,2.1959,7.4902,-9.074,-20.2065,-16.1358,482.5484,-69.4729
2013-07-29,1328.4,0.5069,-0.5986,9.6582,-9.4725,-19.6078,-17.3881,484.9945,-69.3182
2013-07-30,1324.0,-0.3312,-0.8314,8.1876,-10.0666,-20.2746,-18.0186,483.3881,-69.4198
2013-07-31,1312.4,-0.8761,-0.5532,4.4988,-9.2581,-21.8763,-18.8825,479.153,-69.6877
2013-08-01,1311.0,-0.1067,-1.3544,5.4198,-10.6766,-21.0526,-19.0591,478.6419,-69.7201
2013-08-02,1310.6,-0.0305,-0.8398,4.6722,-10.4965,-21.4928,-18.6215,478.4958,-69.7293
2013-08-05,1302.6,-0.6104,-1.9422,7.3955,-11.2731,-22.2468,-18.7753,475.575,-69.9141
2013-08-06,1283.2,-1.4893,-3.0816,3.9112,-11.4424,-23.2719,-19.1634,468.4921,-70.3622
2013-08-07,1286.1,0.226,-2.004,3.2266,-12.7417,-23.3415,-19.9191,469.5509,-70.2952
2013-08-08,1310.7,1.9128,-0.0229,5.0745,-10.7639,-21.5338,-18.7364,478.5323,-69.727
2013-08-09,1312.9,0.1679,0.1755,2.5623,-8.6233,-21.1945,-18.4382,479.3355,-69.6762
2013-08-12,1334.7,1.6604,2.4643,4.453,-6.9571,-19.0208,-17.2484,487.2946,-69.1727
2013-08-13,1321.2,-1.0115,2.9613,2.9132,-7.2647,-19.8641,-18.2982,482.3658,-69.4845
2013-08-14,1334.0,0.9688,3.7244,3.3468,-4.4755,-18.8663,-17.6391,487.0391,-69.1888
2013-08-15,1361.6,2.069,3.8834,6.5498,-1.8384,-16.7064,-15.4076,497.1157,-68.5514
2013-08-16,1371.7,0.7418,4.4786,6.7803,0.4982,-14.7377,-14.2366,500.8032,-68.3181
2013-08-19,1366.2,-0.401,2.3601,5.6367,-1.3075,-14.8042,-14.8095,498.7952,-68.4451
2013-08-20,1373.1,0.5051,3.9282,2.7462,-0.3411,-12.9627,-15.0362,501.3144,-68.2858
2013-08-21,1370.6,-0.1821,2.7436,2.659,0.2194,-13.1542,-15.2014,500.4016,-68.3435
2013-08-22,1371.2,0.0438,0.7051,3.9024,-1.4943,-12.7957,-15.3633,500.6207,-68.3296
2013-08-23,1395.7,1.7868,1.7497,5.0188,0.6418,-12.0098,-14.8912,509.5655,-67.7638
2013-08-26,1393.0,-0.1934,1.9616,5.3946,1.0079,-13.7568,-14.9261,508.5798,-67.8261
2013-08-27,1420.6,1.9813,3.4593,6.9407,2.1059,-10.9453,-14.9138,518.6564,-67.1887
2013-08-28,1419.0,-0.1126,3.5313,7.1752,0.5313,-10.0589,-15.0198,518.0723,-67.2256
2013-08-29,1412.9,-0.4299,3.0411,7.6577,1.4577,-10.1151,-15.5166,515.8452,-67.3665
2013-08-30,1396.1,-1.189,0.0287,6.4912,-1.105,-11.1952,-16.2256,509.7116,-67.7545
2013-09-03,1412.0,1.1389,1.364,7.7369,1.0665,-10.3264,-14.9295,515.5166,-67.3873
2013-09-04,1389.9,-1.5652,-2.1611,6.702,-0.6078,-11.73,-15.9419,507.448,-67.8977
2013-09-05,1373.1,-1.2087,-3.2347,7.0059,-3.0091,-12.808,-18.491,501.3144,-68.2858
2013-09-06,1386.7,0.9905,-1.8543,7.8221,0.2675,-12.0449,-18.0873,506.2797,-67.9716
2013-09-09,1386.8,0.0072,-0.6661,5.8061,0.0433,-12.1055,-17.9797,506.3162,-67.9693
2013-09-10,1364.1,-1.6369,-3.3924,3.8998,-0.9368,-14.2884,-19.8814,498.0285,-68.4936
2013-09-11,1363.9,-0.0147,-1.8706,2.1878,-2.0046,-14.1283,-21.5022,497.9555,-68.4982
2013-09-12,1330.4,-2.4562,-3.1097,0.6963,-3.4262,-16.3586,-23.0404,485.7247,-69.272
2013-09-13,1308.4,-1.6536,-5.6465,-1.919,-5.6873,-17.8399,-24.4486,477.6926,-69.7801
2013-09-16,1317.9,0.7261,-4.9683,-3.2095,-4.6934,-17.8674,-23.8472,481.161,-69.5607
2013-09-17,1309.5,-0.6374,-4.0026,-4.5345,-4.1783,-18.7302,-25.9793,478.0942,-69.7547
2013-09-18,1307.8,-0.1298,-4.1132,-4.2746,-4.7903,-18.6439,-26.1046,477.4736,-69.794
2013-09-19,1369.4,4.7102,2.9314,-0.2695,6.4935,-15.1444,-22.5321,499.9635,-68.3712
2013-09-20,1332.5,-2.6946,1.8419,-2.7798,3.1666,-17.0402,-24.6494,486.4914,-69.2235
2013-09-23,1326.9,-0.4203,0.6829,-3.2307,3.9239,-17.3065,-24.9915,484.4469,-69.3528
2013-09-24,1316.0,-0.8215,0.4964,-5.7104,3.2319,-17.5335,-25.553,480.4673,-69.6046
2013-09-25,1335.9,1.5122,2.1486,-4.0991,8.6451,-16.8285,-24.7592,487.7328,-69.145
2013-09-26,1323.6,-0.9207,-3.3445,-6.8281,9.262,-17.0053,-24.8851,483.2421,-69.429
2013-09-27,1338.4,1.1182,0.4428,-5.6801,9.3643,-16.35,-24.1184,488.6455,-69.0872
2013-09-30,1326.5,-0.8891,-0.0301,-6.1151,5.6215,-15.7831,-24.226,484.3009,-69.3621
2013-10-01,1286.0,-3.0531,-2.2796,-7.8863,3.4095,-17.1819,-27.6553,469.5144,-70.2975
2013-10-02,1320.6,2.6905,-1.1453,-6.4731,5.4708,-14.8988,-25.4362,482.1468,-69.4983
2013-10-03,1317.4,-0.2423,-0.4684,-5.2162,8.6157,-16.3768,-26.0095,480.9785,-69.5722
2013-10-04,1309.7,-0.5845,-2.1444,-4.6173,6.0572,-16.6858,-26.1184,478.1672,-69.7501
2013-10-07,1324.8,1.1529,-0.1282,-4.4638,6.3328,-16.4796,-25.46,483.6802,-69.4013
2013-10-08,1324.2,-0.0453,2.9704,-4.514,6.1568,-15.0228,-26.1914,483.4611,-69.4152
2013-10-09,1306.9,-1.3064,-1.0374,-4.1932,2.0936,-16.4546,-26.5209,477.145,-69.8148
2013-10-10,1296.6,-0.7881,-1.5789,-4.9344,1.4713,-13.6176,-26.8903,473.3844,-70.0527
2013-10-11,1268.0,-2.2058,-3.1839,-4.6903,-1.2307,-6.8058,-28.0771,462.9427,-70.7132
2013-10-14,1276.4,0.6625,-3.6534,-2.4457,-1.1156,-7.9608,-27.6089,466.0095,-70.5192
2013-10-15,1273.0,-0.2664,-3.8665,-3.4069,-0.3834,-7.9004,-28.0303,464.7682,-70.5977
2013-10-16,1282.0,0.707,-1.9053,-2.1,-0.2024,-7.9023,-27.0762,468.054,-70.3899
2013-10-17,1322.7,3.1747,2.013,1.1393,2.2732,-5.2032,-23.8076,482.9135,-69.4498
2013-10-18,1314.4,-0.6275,3.6593,-4.0164,-1.6462,-7.5018,-24.6633,479.8832,-69.6415
2013-10-21,1315.7,0.0989,3.079,-1.2608,-1.4531,-6.5952,-24.8815,480.3578,-69.6115
2013-10-22,1342.5,2.0369,5.4595,1.1757,1.7277,-5.6836,-22.9909,490.1424,-68.9925
2013-10-23,1333.9,-0.6406,4.0484,1.3602,0.3687,-8.7495,-22.5737,487.0026,-69.1911
2013-10-24,1350.2,1.222,2.0791,1.0704,2.1563,-7.1134,-21.7321,492.9536,-68.8147
2013-10-25,1352.4,0.1629,2.8911,2.1759,1.8067,-7.837,-20.8336,493.7569,-68.7639
2013-10-28,1352.0,-0.0296,2.759,1.0161,2.1148,-8.1646,-20.494,493.6108,-68.7731
2013-10-29,1345.2,-0.503,0.2011,1.4097,2.4992,-6.9903,-21.4252,491.1281,-68.9302
2013-10-30,1349.0,0.2825,1.132,4.8989,2.8986,-8.0875,-21.1526,492.5155,-68.8424
2013-10-31,1323.6,-1.8829,-1.9701,0.2272,0.9919,-9.6087,-22.9345,483.2421,-69.429
2013-11-01,1313.1,-0.7933,-2.9059,-0.3264,0.8061,-10.5579,-23.3942,479.4085,-69.6716
2013-11-04,1314.6,0.1142,-2.7663,0.3741,2.447,-9.2754,-21.4742,479.9562,-69.6369
2013-11-05,1308.0,-0.5021,-2.7654,-1.2681,1.7028,-11.2559,-22.2447,477.5466,-69.7894
2013-11-06,1317.7,0.7416,-2.3202,-0.4909,0.5341,-10.2873,-23.1258,481.088,-69.5653
2013-11-07,1308.4,-0.7058,-1.1484,0.1148,-0.3428,-8.9365,-23.6283,477.6926,-69.7801
2013-11-08,1284.5,-1.8267,-2.1781,-0.9332,-3.7611,-10.4566,-25.5535,468.9668,-70.3321
2013-11-11,1281.0,-0.2725,-2.5559,1.0252,-3.0427,-10.0863,-25.9666,467.6889,-70.413
2013-11-12,1271.1,-0.7728,-2.8211,-0.4152,-4.7151,-8.9796,-26.5388,464.0745,-70.6416
2013-11-13,1268.3,-0.2203,-3.7489,-0.3692,-6.8522,-8.5646,-26.4412,463.0522,-70.7063
2013-11-14,1286.2,1.4113,-1.6967,0.3276,-6.2331,-5.766,-25.6317,469.5874,-70.2929
2013-11-15,1287.3,0.0855,0.218,-2.6763,-5.7751,-7.0072,-24.8643,469.9891,-70.2675
2013-11-18,1272.2,-1.173,-0.687,-3.2106,-7.3483,-7.6644,-25.789,464.4761,-70.6162
2013-11-19,1273.4,0.0943,0.1809,-3.215,-7.0918,-6.888,-26.5629,464.9142,-70.5885
2013-11-20,1257.9,-1.2172,-0.82,-6.3017,-8.2628,-9.6336,-27.0021,459.2552,-70.9465
2013-11-21,1243.5,-1.1448,-3.3199,-6.7771,-10.9049,-10.3331,-28.034,453.9978,-71.2791
2013-11-22,1244.0,0.0402,-3.3636,-7.8655,-10.6963,-9.7962,-28.9671,454.1804,-71.2676
2013-11-25,1241.1,-0.2331,-2.4446,-8.2298,-12.6355,-10.7957,-29.0597,453.1216,-71.3345
2013-11-26,1241.4,0.0242,-2.513,-8.1805,-12.5159,-12.051,-28.7453,453.2311,-71.3276
2013-11-27,1237.8,-0.29,-1.5979,-7.9839,-12.3929,-11.1159,-27.8881,451.9168,-71.4108
2013-11-29,1250.6,1.0341,0.571,-7.2943,-10.4219,-11.4118,-27.5938,456.59,-71.1151
2013-12-02,1222.3,-2.2629,-1.7444,-7.6534,-13.4348,-12.5116,-28.5581,446.2578,-71.7688
2013-12-03,1221.7,-0.0491,-1.5631,-6.9606,-12.1016,-12.6359,-28.9544,446.0387,-71.7826
2013-12-04,1248.2,2.1691,0.5478,-5.051,-9.0962,-11.8316,-26.3338,455.7138,-71.1705
2013-12-05,1233.2,-1.2017,-0.3716,-5.7187,-11.0694,-10.8315,-27.1331,450.2373,-71.517
2013-12-06,1230.3,-0.2352,-1.6232,-6.6328,-11.285,-11.2466,-27.6422,449.1786,-71.584
2013-12-09,1235.3,0.4064,1.0636,-5.587,-9.4421,-10.2905,-27.5059,451.004,-71.4685
2013-12-10,1262.4,2.1938,3.3314,-1.7205,-7.4419,-9.2973,-26.3047,460.8982,-70.8426
2013-12-11,1258.5,-0.3089,0.8252,-1.7564,-5.4044,-8.6455,-26.326,459.4743,-70.9327
2013-12-12,1226.0,-2.5824,-0.5838,-3.5481,-6.2978,-11.6269,-28.5797,447.6086,-71.6833
2013-12-13,1235.7,0.7912,0.4389,-2.5704,-6.2372,-10.6378,-27.1231,451.15,-71.4593
2013-12-16,1245.5,0.7931,0.8257,-3.1644,-4.8874,-8.8614,-26.5538,454.728,-71.2329
2013-12-17,1231.2,-1.1481,-2.4715,-4.358,-5.8572,-10.3669,-27.4484,449.5071,-71.5632
2013-12-18,1236.1,0.398,-1.7799,-2.8376,-9.7342,-3.8728,-25.9599,451.2961,-71.45
2013-12-19,1195.0,-3.325,-2.5285,-6.1567,-10.3189,-7.4791,-28.2928,436.2906,-72.3993
2013-12-20,1205.1,0.8452,-2.4763,-4.1975,-9.1793,-5.6156,-26.7372,439.9781,-72.166
2013-12-23,1198.4,-0.556,-3.7816,-3.6269,-8.9362,-5.9931,-27.7681,437.532,-72.3208
2013-12-24,1205.1,0.5591,-2.1199,-3.127,-9.7912,-1.9925,-27.3423,439.9781,-72.166
2013-12-26,1214.1,0.7468,-1.7798,-2.1755,-8.2729,0.2229,-26.8526,443.264,-71.9581
2013-12-27,1216.1,0.1647,1.7657,-2.038,-9.1378,-0.6292,-26.8555,443.9942,-71.912
2013-12-30,1203.1,-1.069,-0.166,-2.8034,-9.3027,-4.2042,-27.3007,439.2479,-72.2122
2013-12-31,1201.9,-0.0997,0.2921,-3.8941,-6.5397,-3.3532,-28.2362,438.8098,-72.2399
2014-01-02,1225.0,1.922,1.6513,0.2209,-7.2391,-2.1644,-27.4246,447.2435,-71.7064
2014-01-03,1238.4,1.0939,2.0015,1.367,-5.9967,2.1024,-26.0082,452.1358,-71.3969
2014-01-06,1237.8,-0.0484,1.7844,-0.8332,-5.4898,0.2348,-24.8953,451.9168,-71.4108
2014-01-07,1229.4,-0.6786,2.186,-0.3081,-7.2011,-1.3243,-25.2871,448.85,-71.6048
2014-01-08,1225.3,-0.3335,1.9469,-0.4064,-7.4687,-1.7717,-26.2534,447.3531,-71.6995
2014-01-09,1229.3,0.3265,0.351,-0.4857,-5.9377,-3.9684,-25.7131,448.8135,-71.6071
2014-01-10,1246.7,1.4154,0.6702,-1.2437,-3.8485,-2.4339,-25.6722,455.1661,-71.2052
2014-01-13,1250.9,0.3369,1.0583,-0.6039,-1.3486,-2.5627,-24.6446,456.6995,-71.1082
2014-01-14,1245.2,-0.4557,1.2852,1.5661,-2.4444,-3.5327,-25.388,454.6185,-71.2398
2014-01-15,1238.1,-0.5702,1.0446,0.1942,-2.7416,-3.1145,-26.4524,452.0263,-71.4038
2014-01-16,1240.0,0.1535,0.8704,-0.4416,-3.2761,-3.4719,-26.3089,452.72,-71.3599
2014-01-17,1251.7,0.9435,0.4011,1.665,-5.3678,-3.2166,-25.9524,456.9916,-71.0897
2014-01-21,1242.3,-0.751,-0.6875,0.5016,-5.4854,-7.0413,-26.3429,453.5597,-71.3068
2014-01-22,1239.0,-0.2656,-0.4979,3.682,-5.8296,-7.198,-26.8077,452.3549,-71.383
2014-01-23,1262.6,1.9048,1.9788,4.7714,-5.9516,-4.3267,-25.126,460.9712,-70.838
2014-01-24,1264.5,0.1505,1.9758,5.5157,-5.2028,-4.8533,-24.2588,461.6649,-70.7941
2014-01-27,1263.6,-0.0712,0.9507,4.8544,-6.4139,-4.3959,-23.7141,461.3363,-70.8149
2014-01-28,1251.0,-0.9971,0.7003,3.0393,-7.4978,-5.8266,-24.2919,456.736,-71.1059
2014-01-29,1262.2,0.8953,1.8725,3.7908,-6.642,-4.6677,-23.9959,460.8251,-70.8472
2014-01-30,1242.2,-1.5845,-1.6157,3.2499,-7.6569,-5.349,-26.0551,453.5232,-71.3091
2014-01-31,1240.1,-0.1691,-1.9296,3.1783,-8.0726,-5.4081,-25.3222,452.7565,-71.3576
2014-02-03,1260.4,1.637,-0.2532,2.8898,-4.7749,-3.8303,-24.4998,460.168,-70.8888
2014-02-04,1251.7,-0.6903,0.056,1.074,-4.676,-3.9076,-25.285,456.9916,-71.0897
2014-02-05,1257.3,0.4474,-0.3882,1.5754,-4.3587,-2.0184,-24.8206,459.0362,-70.9604
2014-02-06,1257.6,0.0239,1.2397,2.2938,-3.8532,-2.216,-25.0402,459.1457,-70.9534
2014-02-07,1263.3,0.4533,1.8708,3.1013,-4.1284,-3.6164,-24.3714,461.2268,-70.8218
2014-02-10,1274.8,0.9103,1.1425,3.7013,-2.568,-2.902,-23.4814,465.4254,-70.5562
2014-02-11,1290.1,1.2002,3.0678,3.4812,0.436,-3.3416,-21.7267,471.0113,-70.2028
2014-02-12,1295.3,0.4031,3.0223,3.5494,1.1163,-1.9603,-21.4351,472.9098,-70.0827
2014-02-13,1300.4,0.3937,3.4033,4.433,2.3051,-2.5187,-20.9099,474.7718,-69.9649
2014-02-14,1319.0,1.4303,4.4091,6.5342,3.9975,-3.1287,-19.3124,481.5626,-69.5353
2014-02-18,1324.7,0.4321,3.9143,6.8306,2.9933,-3.4264,-17.6591,483.6437,-69.4036
2014-02-19,1320.6,-0.3095,2.3642,5.5045,2.5868,-3.3377,-17.6478,482.1468,-69.4983
2014-02-20,1317.1,-0.265,1.683,6.0211,3.5293,-4.0784,-16.5124,480.8689,-69.5792
2014-02-21,1323.9,0.5163,1.8071,6.8523,3.9658,-3.4073,-16.1133,483.3516,-69.4221
2014-02-24,1338.3,1.0877,1.4632,5.9956,6.3916,-2.3994,-14.8881,488.609,-69.0895
2014-02-25,1343.0,0.3512,1.3814,6.208,8.0016,-3.7759,-15.3322,490.3249,-68.981
2014-02-26,1328.2,-1.102,0.5755,5.1124,6.7685,-4.6518,-17.7687,484.9215,-69.3228
2014-02-27,1331.6,0.256,1.1009,6.4428,7.2919,-6.265,-16.5246,486.1628,-69.2443
2014-02-28,1321.4,-0.766,-0.1888,4.6902,6.4443,-6.8781,-16.2452,482.4389,-69.4799
2014-03-03,1350.1,2.1719,0.8817,8.6862,9.0725,-4.4448,-14.1103,492.9171,-68.817
2014-03-04,1337.8,-0.911,-0.3872,7.8784,6.9727,-4.1759,-14.9036,488.4265,-69.1011
2014-03-05,1340.2,0.1794,0.9035,6.3313,9.6457,-5.085,-14.8863,489.3027,-69.0456
2014-03-06,1351.7,0.8581,1.5095,7.9891,10.6409,-2.7484,-14.156,493.5013,-68.78
2014-03-07,1338.1,-1.0061,1.2638,6.4265,7.2024,-2.549,-15.0305,488.536,-69.0941
2014-03-10,1341.4,0.2466,-0.6444,6.6635,8.7739,-3.2667,-14.9182,489.7408,-69.0179
2014-03-11,1346.5,0.3802,0.6503,6.5859,9.4448,-2.906,-14.6597,491.6028,-68.9001
2014-03-12,1370.3,1.7675,2.2459,7.4914,10.9285,0.4545,-13.8988,500.2921,-68.3504
2014-03-13,1372.2,0.1386,1.5166,6.3638,8.6977,0.6085,-13.6057,500.9858,-68.3065
2014-03-14,1379.0,0.4956,3.0566,6.4618,9.5749,3.653,-13.3032,503.4684,-68.1495
2014-03-17,1372.9,-0.4423,2.3483,5.5752,11.9821,4.9297,-13.7896,501.2413,-68.2904
2014-03-18,1359.0,-1.0125,0.9283,3.0326,9.9782,3.1186,-15.306,496.1665,-68.6114
2014-03-19,1341.4,-1.2951,-2.109,1.2607,7.6997,2.436,-16.7505,489.7408,-69.0179
2014-03-20,1330.5,-0.8126,-3.0389,0.7497,8.0653,1.7357,-17.2317,485.7612,-69.2697
2014-03-21,1336.0,0.4134,-3.1182,1.435,8.0819,-2.439,-17.214,487.7693,-69.1426
2014-03-24,1311.2,-1.8563,-4.4941,-0.9593,9.7238,-1.5985,-18.3663,478.7149,-69.7154
2014-03-25,1311.4,0.0153,-3.5026,-2.01,8.8208,-1.1681,-18.2725,478.7879,-69.7108
2014-03-26,1303.4,-0.61,-2.8329,-2.9486,8.7617,-0.9574,-18.3231,475.8671,-69.8956
2014-03-27,1294.7,-0.6675,-2.6907,-2.5222,7.4351,-3.0841,-19.3936,472.6908,-70.0965
2014-03-28,1293.8,-0.0695,-3.1587,-2.8387,6.5645,-2.2514,-18.8738,472.3622,-70.1173
2014-03-31,1283.4,-0.8038,-2.1202,-2.8757,5.5341,-4.1094,-19.7875,468.5652,-70.3575
2014-04-01,1279.6,-0.2961,-2.4249,-5.2218,6.3586,-3.5356,-18.7607,467.1778,-70.4453
2014-04-02,1290.5,0.8518,-0.9897,-3.5357,7.3717,0.3499,-16.8921,471.1574,-70.1936
2014-04-03,1284.4,-0.4727,-0.7955,-4.1636,4.849,-2.7412,-17.2316,468.9303,-70.3344
2014-04-04,1303.2,1.4637,0.7265,-3.5881,5.2326,-1.0779,-17.2782,475.7941,-69.9002
2014-04-07,1298.0,-0.399,1.1376,-2.9968,4.8635,-0.8933,-17.43,473.8956,-70.0203
2014-04-08,1308.7,0.8243,2.2741,-2.4378,6.4503,-1.2153,-17.4946,477.8021,-69.7732
2014-04-09,1305.5,-0.2445,1.1623,-3.0449,6.5453,-1.4122,-16.2228,476.6338,-69.8471
2014-04-10,1320.1,1.1183,2.7795,-3.6634,7.3863,1.01,-15.6108,481.9642,-69.5099
2014-04-11,1318.7,-0.1061,1.1894,-3.8988,5.7752,1.7045,-12.1452,481.4531,-69.5422
2014-04-14,1327.2,0.6446,2.2496,-3.7563,6.0996,4.6688,-2.4548,484.5564,-69.3459
2014-04-15,1300.0,-2.0494,-0.6648,-5.3099,4.4009,1.8489,-6.259,474.6258,-69.9741
2014-04-16,1303.1,0.2385,-0.1838,-4.1133,5.25,2.3645,-5.7228,475.7576,-69.9025
2014-04-17,1293.4,-0.7444,-2.0226,-3.5784,4.3065,0.8892,-7.0833,472.2162,-70.1266
2014-04-21,1288.0,-0.4175,-2.328,-3.1943,2.9001,-2.6234,-7.6901,470.2446,-70.2513
2014-04-22,1280.6,-0.5745,-3.5111,-4.1467,3.083,-2.5715,-9.8804,467.5429,-70.4222
2014-04-23,1284.2,0.2811,-1.2154,-2.0592,3.6481,-2.3942,-8.8315,468.8572,-70.3391
2014-04-24,1290.5,0.4906,-0.9669,-1.5937,2.2097,-3.8734,-9.3368,471.1574,-70.1936
2014-04-25,1300.7,0.7904,0.5644,-0.2072,2.8628,-2.4889,-11.0207,474.8813,-69.958
2014-04-28,1298.9,-0.1384,0.8463,0.3244,2.7936,-3.7994,-10.6425,474.2242,-69.9995
2014-04-29,1296.0,-0.2233,1.2026,0.17,3.5971,-4.1704,-11.6805,473.1654,-70.0665
2014-04-30,1295.6,-0.0309,0.8877,0.9506,2.6462,-4.1716,-11.9957,473.0194,-70.0758
2014-05-01,1283.1,-0.9648,-0.5734,0.2735,3.2925,-4.6164,-11.284,468.4556,-70.3645
2014-05-02,1302.6,1.5198,0.1461,0.9376,5.0399,-3.4396,-11.2489,475.575,-69.9141
2014-05-05,1309.0,0.4913,0.7776,1.9153,3.8559,-1.1031,-10.6058,477.9117,-69.7663
2014-05-06,1308.3,-0.0535,0.9491,0.3914,4.5219,-0.3655,-10.8848,477.6561,-69.7824
2014-05-07,1288.6,-1.5058,-0.5403,-0.7242,2.4895,-1.9778,-11.0697,470.4637,-70.2374
2014-05-08,1287.4,-0.0931,0.3351,-1.6276,2.3696,-1.5749,-12.6535,470.0256,-70.2652
2014-05-09,1287.3,-0.0078,-1.1746,-1.3941,1.8998,-2.307,-12.357,469.9891,-70.2675
2014-05-12,1295.6,0.6448,-1.0237,-1.8559,1.6316,-0.9783,-9.8274,473.0194,-70.0758
2014-05-13,1294.6,-0.0772,-1.0472,-1.8276,0.3488,0.7863,-9.7525,472.6543,-70.0989
2014-05-14,1305.7,0.8574,1.327,-1.62,0.8029,1.9282,-8.3526,476.7068,-69.8425
2014-05-15,1293.5,-0.9344,0.4738,-0.5,-0.5306,1.7623,-7.3756,472.2527,-70.1243
2014-05-16,1293.3,-0.0155,0.4661,-0.752,-1.9484,1.9711,-6.7623,472.1797,-70.1289
2014-05-19,1293.7,0.0309,-0.1467,0.0232,-2.3402,0.5831,-5.2165,472.3257,-70.1196
2014-05-20,1294.5,0.0618,-0.0077,0.5047,-1.9764,0.5593,-6.487,472.6178,-70.1012
2014-05-21,1288.0,-0.5021,-1.3556,0.5779,-2.2094,1.2419,-6.5176,470.2446,-70.2513
2014-05-22,1294.9,0.5357,0.1082,0.8332,-2.1905,1.6884,-5.3159,472.7638,-70.0919
2014-05-23,1291.6,-0.2548,-0.1315,0.0852,-3.4895,2.6791,-7.2126,471.559,-70.1681
2014-05-27,1265.4,-2.0285,-2.1875,-2.7139,-5.7781,1.7612,-8.754,461.9934,-70.7733
2014-05-28,1259.3,-0.4821,-2.7192,-3.0487,-5.1875,1.2299,-8.6868,459.7664,-70.9142
2014-05-29,1256.3,-0.2382,-2.4612,-3.0633,-5.6548,1.2247,-9.7032,458.6711,-70.9835
2014-05-30,1245.6,-0.8517,-3.8072,-3.8592,-5.7363,0.3383,-11.7535,454.7645,-71.2306
2014-06-02,1243.7,-0.1525,-3.7086,-3.0707,-7.8809,0.4766,-10.6922,454.0708,-71.2745
2014-06-03,1244.3,0.0483,-1.6675,-4.4757,-6.9891,-0.5038,-11.858,454.2899,-71.2606
2014-06-04,1244.0,-0.0241,-1.215,-4.9656,-7.178,1.7753,-10.9584,454.1804,-71.2676
2014-06-05,1253.0,0.7235,-0.2627,-4.2269,-7.3019,2.562,-10.3976,457.4662,-71.0597
2014-06-06,1252.1,-0.0718,0.5218,-2.8325,-6.427,0.3125,-11.5561,457.1376,-71.0805
2014-06-09,1253.5,0.1118,0.788,-2.6332,-6.5529,1.6461,-9.3637,457.6488,-71.0481
2014-06-10,1259.8,0.5026,1.2457,-2.1363,-6.4389,2.3978,-9.1184,459.9489,-70.9026
2014-06-11,1260.8,0.0794,1.3505,-2.686,-7.991,2.0643,-8.4386,460.314,-70.8795
2014-06-12,1273.6,1.0152,1.6441,-1.6221,-7.1855,0.8872,-8.4926,464.9872,-70.5839
2014-06-13,1273.7,0.0078,1.7251,-2.4508,-7.636,1.2078,-7.5421,465.0237,-70.5816
2014-06-16,1274.9,0.0942,1.7072,-1.438,-7.1382,3.9886,-8.1021,465.4619,-70.5539
2014-06-17,1271.7,-0.251,0.9446,-1.6702,-6.4238,2.9133,-8.0344,464.2935,-70.6278
2014-06-18,1272.4,0.0551,0.92,-1.6464,-5.1439,2.1598,-6.893,464.5491,-70.6116
2014-06-19,1313.7,3.2458,3.1486,1.4832,-1.2627,6.7008,-4.3608,479.6276,-69.6577
2014-06-20,1316.2,0.1903,3.3367,2.1894,-1.482,6.4801,2.3563,480.5403,-69.6
2014-06-23,1318.0,0.1368,3.3807,1.7839,0.5186,10.2929,2.044,481.1975,-69.5584
2014-06-24,1320.9,0.22,3.8688,2.2685,0.7244,9.6092,3.4539,482.2563,-69.4914
2014-06-25,1322.2,0.0984,3.9139,4.4887,1.4424,10.3304,3.7182,482.7309,-69.4614
2014-06-26,1316.1,-0.4614,0.1827,4.5104,1.6529,9.2109,7.0348,480.5038,-69.6023
2014-06-27,1319.0,0.2203,0.2127,4.9908,1.9477,8.6401,8.8823,481.5626,-69.5353
2014-06-30,1321.8,0.2123,0.2883,6.1175,2.9921,8.6917,8.0078,482.5849,-69.4706
2014-07-01,1326.4,0.348,0.4164,6.6495,3.6574,10.2485,5.6135,484.2643,-69.3644
2014-07-02,1330.7,0.3242,0.6429,6.9437,3.1151,10.7164,7.0039,485.8342,-69.2651
2014-07-03,1320.4,-0.774,0.3267,6.1415,2.8029,7.7878,5.4548,482.0738,-69.503
2014-07-07,1316.5,-0.2954,-0.1895,5.0678,1.0206,6.3065,8.5415,480.6499,-69.593
2014-07-08,1316.0,-0.038,-0.4388,5.1034,1.3867,6.3177,6.5673,480.4673,-69.6046
2014-07-09,1323.8,0.5927,-0.196,5.6083,1.1538,7.6785,6.2525,483.3151,-69.4244
2014-07-10,1338.7,1.1255,0.6012,6.2629,2.5431,9.2549,7.3192,488.755,-69.0803
2014-07-11,1337.0,-0.127,1.2572,6.0438,1.2802,8.7611,4.445,488.1344,-69.1195
2014-07-14,1306.3,-2.2962,-0.7748,2.5675,-0.9403,4.7806,2.2304,476.9259,-69.8286
2014-07-15,1296.9,-0.7196,-1.4514,1.8215,-2.283,3.6774,1.0204,473.494,-70.0457
2014-07-16,1299.6,0.2082,-1.8281,1.9374,-0.0308,4.3688,0.6817,474.4797,-69.9834
2014-07-17,1316.7,1.3158,-1.6434,3.5386,1.0437,6.3484,3.0362,480.7229,-69.5884
2014-07-18,1309.2,-0.5696,-2.0793,2.8922,1.2216,5.5806,1.915,477.9847,-69.7616
2014-07-21,1313.7,0.3437,0.5665,0.0,1.9953,4.9533,1.5774,479.6276,-69.6577
2014-07-22,1306.1,-0.5785,0.7094,-0.7674,1.9913,5.1356,-2.2673,476.8529,-69.8332
2014-07-23,1304.5,-0.1225,0.377,-1.0243,1.5808,5.2865,-2.292,476.2687,-69.8702
2014-07-24,1290.6,-1.0655,-1.9822,-2.2939,0.0077,2.2176,-2.205,471.1939,-70.1912
2014-07-25,1303.1,0.9685,-0.4659,-1.4446,0.1845,3.0526,-1.9488,475.7576,-69.9025
2014-07-28,1303.3,0.0154,-0.7916,-0.9726,0.3388,3.1418,-1.3921,475.8306,-69.8979
2014-07-29,1298.3,-0.3836,-0.5972,-1.5694,0.1775,3.781,-2.2659,474.0051,-70.0134
2014-07-30,1294.9,-0.2619,-0.7359,-2.0351,-0.054,2.5907,-2.1979,472.7638,-70.0919
2014-07-31,1281.3,-1.0503,-0.7206,-3.4002,-0.1403,3.1476,-2.3697,467.7985,-70.406
2014-08-01,1293.6,0.96,-0.729,-2.788,-0.6909,4.3142,-1.3272,472.2892,-70.122
2014-08-04,1287.7,-0.4561,-1.197,-2.4765,-1.6272,2.166,-1.7473,470.1351,-70.2582
2014-08-05,1284.0,-0.2873,-1.1014,-2.4687,-1.8574,2.5805,-1.4279,468.7842,-70.3437
2014-08-06,1306.7,1.7679,0.9113,-0.7067,1.4046,3.929,1.8314,477.0719,-69.8194
2014-08-07,1310.8,0.3138,2.3023,-0.982,1.8176,4.2303,1.9205,478.5688,-69.7247
2014-08-08,1308.9,-0.145,1.1827,-2.226,1.6779,3.6096,-0.1373,477.8752,-69.7686
2014-08-11,1308.5,-0.0306,1.6153,-2.1316,0.9957,2.6435,-0.3351,477.7291,-69.7778
2014-08-12,1308.8,0.0229,1.9315,0.1914,1.0969,1.4495,-1.9405,477.8387,-69.7709
2014-08-13,1312.8,0.3056,0.4668,1.226,0.5438,1.351,-0.6358,479.299,-69.6785
2014-08-14,1313.9,0.0838,0.2365,1.1003,1.5771,1.0381,-1.5067,479.7006,-69.6531
2014-08-15,1304.5,-0.7154,-0.3362,-0.9266,0.866,-1.0993,-4.1936,476.2687,-69.8702
2014-08-18,1297.7,-0.5213,-0.8254,-0.8784,0.3092,-2.0382,-5.3948,473.786,-70.0273
2014-08-19,1295.1,-0.2004,-1.0468,-1.4158,0.0463,-1.9309,-5.2042,472.8368,-70.0873
2014-08-20,1293.4,-0.1313,-1.4778,-0.9724,0.4193,-1.7994,-5.8044,472.2162,-70.1266
2014-08-21,1273.7,-1.5231,-3.0596,-2.3611,-1.6372,-3.7918,-7.0699,465.0237,-70.5816
2014-08-22,1278.6,0.3847,-1.9854,-0.9298,-1.0065,-4.4609,-6.7532,466.8127,-70.4684
2014-08-25,1277.3,-0.1017,-1.572,-1.9799,0.9404,-4.892,-8.4832,466.3381,-70.4984
2014-08-26,1283.8,0.5089,-0.8725,-1.4962,1.9455,-3.3429,-7.8392,468.7112,-70.3483
2014-08-27,1281.9,-0.148,-0.8891,-1.2632,2.0377,-3.7323,-9.7635,468.0175,-70.3922
2014-08-28,1288.7,0.5305,1.1777,-0.4788,3.4602,-2.4747,-9.1825,470.5002,-70.2351
2014-08-29,1285.8,-0.225,0.5631,0.3512,3.3851,-4.7626,-8.9957,469.4414,-70.3021
2014-09-02,1263.7,-1.7188,-1.0648,-2.3114,1.5591,-5.539,-9.4836,461.3728,-70.8125
2014-09-03,1268.9,0.4115,-1.1606,-1.46,2.0016,-5.3201,-10.1346,463.2713,-70.6924
2014-09-04,1265.1,-0.2995,-1.3106,-1.472,0.9657,-6.4067,-8.9791,461.8839,-70.7802
2014-09-05,1265.8,0.0553,-1.777,-3.13,1.0942,-5.4032,-7.8144,462.1395,-70.764
2014-09-08,1252.7,-1.0349,-2.5743,-4.4324,-0.0638,-6.6125,-9.6632,457.3567,-71.0666
2014-09-09,1246.8,-0.471,-1.3373,-4.7444,-1.0319,-7.4044,-10.0952,455.2027,-71.2029
2014-09-10,1243.5,-0.2647,-2.0017,-4.9675,-1.3721,-9.2535,-8.841,453.9978,-71.2791
2014-09-11,1237.4,-0.4905,-2.1895,-5.4554,-2.8423,-9.8236,-9.2749,451.7707,-71.42
2014-09-12,1229.9,-0.6061,-2.8362,-6.3147,-3.4388,-10.8122,-7.5541,449.0325,-71.5932
2014-09-15,1233.6,0.3008,-1.5247,-6.1116,-3.2395,-10.1464,-5.7169,450.3834,-71.5078
2014-09-16,1235.2,0.1297,-0.9304,-5.3124,-2.8702,-9.1096,-6.2751,450.9675,-71.4708
2014-09-17,1234.4,-0.0648,-0.7318,-4.8779,-2.9865,-7.9767,-5.735,450.6754,-71.4893
2014-09-18,1225.7,-0.7048,-0.9455,-5.3587,-6.6986,-7.8767,-6.2777,447.4991,-71.6902
2014-09-19,1215.3,-0.8485,-1.1871,-6.0383,-7.666,-9.0344,-11.2531,443.7021,-71.9304
2014-09-22,1216.8,0.1234,-1.3619,-4.4673,-7.6783,-7.1995,-8.6829,444.2498,-71.8958
2014-09-23,1221.0,0.3452,-1.1496,-4.5049,-7.563,-6.8934,-7.981,445.7831,-71.7988
2014-09-24,1218.6,-0.1966,-1.28,-4.5956,-7.8354,-6.5061,-7.4012,444.9069,-71.8542
2014-09-25,1221.2,0.2134,-0.3671,-4.8762,-7.2107,-5.677,-8.586,445.8561,-71.7942
2014-09-26,1214.1,-0.5814,-0.0987,-5.289,-7.953,-6.1602,-8.2729,443.264,-71.9581
2014-09-29,1217.5,0.28,0.0575,-5.5249,-7.8908,-5.1348,-9.0332,444.5053,-71.8796
2014-09-30,1210.5,-0.5749,-0.86,-5.8563,-8.7379,-5.4001,-8.7448,441.9496,-72.0413
2014-10-01,1214.6,0.3387,-0.3282,-3.8854,-8.7247,-5.8814,-5.5521,443.4465,-71.9466
2014-10-02,1214.2,-0.0329,-0.5732,-4.3108,-8.043,-5.4656,-8.0569,443.3005,-71.9558
2014-10-03,1192.2,-1.8119,-1.8038,-5.7624,-9.4417,-8.5175,-9.5036,435.2683,-72.464
2014-10-06,1206.7,1.2162,-0.8871,-4.669,-8.3055,-7.0339,-7.8644,440.5622,-72.1291
2014-10-07,1211.7,0.4144,0.0991,-3.2729,-8.4681,-7.4119,-8.5371,442.3877,-72.0136
2014-10-08,1205.3,-0.5282,-0.7657,-3.3285,-9.9649,-7.6752,-8.979,440.0511,-72.1614
2014-10-09,1224.6,1.6013,0.8565,-1.5199,-8.4069,-7.2343,-6.2973,447.0975,-71.7156
2014-10-10,1221.0,-0.294,2.4157,-1.3254,-6.5299,-7.4088,-5.8306,445.7831,-71.7988
2014-10-13,1229.3,0.6798,1.8729,-0.0488,-5.2124,-7.3764,-3.052,448.8135,-71.6071
2014-10-14,1233.6,0.3498,1.8074,0.0,-5.0785,-5.1077,-3.3532,450.3834,-71.5078
2014-10-15,1244.1,0.8512,3.2191,0.7205,-5.5138,-4.5277,-2.2702,454.2169,-71.2652
2014-10-16,1240.5,-0.2894,1.2984,0.4942,-5.2475,-4.09,-3.2371,452.9025,-71.3484
2014-10-17,1238.3,-0.1773,1.4169,1.028,-5.7395,-3.8587,-6.3809,452.0993,-71.3992
2014-10-20,1244.0,0.4603,1.1958,2.3616,-4.7546,-2.858,-5.3561,454.1804,-71.2676
2014-10-21,1251.0,0.5627,1.4105,2.8106,-4.1012,-2.5853,-4.9175,456.736,-71.1059
2014-10-22,1244.8,-0.4956,0.0563,1.9492,-3.5487,-3.5413,-7.2775,454.4725,-71.2491
2014-10-23,1228.5,-1.3095,-0.9674,0.8124,-5.7248,-5.5509,-7.9016,448.5214,-71.6256
2014-10-24,1231.2,0.2198,-0.5734,0.8189,-5.5321,-5.2121,-8.8135,449.5071,-71.5632
2014-10-27,1229.1,-0.1706,-1.1978,1.2355,-5.3301,-5.162,-9.1171,448.7404,-71.6117
2014-10-28,1229.2,0.0081,-1.7426,0.961,-5.0738,-5.125,-9.0828,448.7769,-71.6094
2014-10-29,1224.3,-0.3986,-1.6469,1.14,-4.4486,-4.5826,-8.9875,446.988,-71.7226
2014-10-30,1198.1,-2.14,-2.4746,-1.3585,-7.3825,-8.0224,-11.1861,437.4224,-72.3277
2014-10-31,1171.1,-2.2536,-4.8814,-3.5497,-9.0549,-10.5348,-11.5216,427.5648,-72.9513
2014-11-03,1169.4,-0.1452,-4.8572,-1.9124,-8.9252,-10.6168,-10.9436,426.9442,-72.9906
2014-11-04,1167.4,-0.171,-5.0277,-3.2568,-10.6604,-9.4056,-11.1973,426.214,-73.0368
2014-11-05,1145.4,-1.8845,-6.4445,-5.4716,-12.6182,-11.03,-12.4312,418.1818,-73.5449
2014-11-06,1142.3,-0.2706,-4.6574,-5.2269,-12.7282,-11.2639,-13.3111,417.05,-73.6165
2014-11-07,1169.6,2.3899,-0.1281,-4.4913,-10.6152,-9.7252,-10.6084,427.0172,-72.986
2014-11-10,1159.6,-0.855,-0.838,-5.0287,-11.3998,-10.4279,-9.7236,423.3662,-73.2169
2014-11-11,1162.8,0.276,-0.394,-5.4096,-11.426,-10.9443,-9.2272,424.5345,-73.143
2014-11-12,1158.9,-0.3354,1.1786,-6.0554,-11.7969,-10.4059,-8.827,423.1106,-73.2331
2014-11-13,1161.1,0.1898,1.6458,-6.6715,-10.9927,-10.2219,-8.4523,423.9138,-73.1823
2014-11-14,1185.0,2.0584,1.3167,-4.474,-8.6846,-8.4023,-7.8681,432.6397,-72.6303
2014-11-17,1183.0,-0.1688,2.0179,-4.4658,-8.6557,-8.6134,-8.1022,431.9095,-72.6765
2014-11-18,1196.7,1.1581,2.9154,-3.8023,-7.4764,-7.0885,-5.9346,436.9113,-72.36
2014-11-19,1193.6,-0.259,2.9942,-4.5883,-6.2888,-7.823,-6.2667,435.7795,-72.4316
2014-11-20,1190.7,-0.243,2.5493,-4.3461,-6.8747,-7.812,-5.3422,434.7207,-72.4986
2014-11-21,1197.5,0.5711,1.0549,-2.5234,-6.2476,-5.3659,-3.6992,437.2034,-72.3416
2014-11-24,1195.5,-0.167,1.0566,-2.8996,-6.878,-5.0663,-3.8987,436.4732,-72.3878
2014-11-25,1197.1,0.1338,0.0334,-2.6035,-6.6152,-4.7123,-3.5452,437.0573,-72.3508
2014-11-26,1196.6,-0.0418,0.2513,-2.6521,-7.1467,-3.9338,-3.6088,436.8748,-72.3623
2014-11-28,1175.2,-1.7884,-1.3018,-4.0105,-8.6017,-5.5078,-5.0574,429.0617,-72.8566
2014-12-01,1218.0,3.6419,1.7119,1.661,-3.6164,-2.1136,-2.6067,444.6879,-71.8681
2014-12-02,1199.2,-1.5435,0.3095,2.3995,-5.493,-3.6013,-1.8899,437.824,-72.3023
2014-12-03,1208.5,0.7755,0.9523,3.3436,-4.474,-3.5515,-1.0805,441.2194,-72.0875
2014-12-04,1207.5,-0.0827,0.9109,3.435,-4.6058,-3.562,-3.2607,440.8543,-72.1106
2014-12-05,1190.1,-1.441,1.2679,3.9026,-4.9972,-5.0578,-3.495,434.5016,-72.5125
2014-12-08,1194.7,0.3865,-1.913,4.5872,-4.1787,-5.1675,-2.8936,436.1811,-72.4062
2014-12-09,1231.5,3.0803,2.6935,5.2924,-0.965,-2.3239,-0.3076,449.6167,-71.5563
2014-12-10,1228.9,-0.2111,1.688,5.9762,-0.6869,-3.5097,-2.6537,448.6674,-71.6163
2014-12-11,1225.1,-0.3092,1.4576,5.3578,-0.3903,-3.8157,-2.654,447.28,-71.7041
2014-12-12,1222.0,-0.253,2.6804,5.4448,-0.9403,-4.1493,-0.3263,446.1482,-71.7757
2014-12-15,1207.2,-1.2111,1.0463,3.9704,-2.2668,-5.072,-2.3064,440.7448,-72.1175
2014-12-16,1193.9,-1.1017,-3.0532,0.7511,-3.2809,-6.1694,-4.1429,435.889,-72.4247
2014-12-17,1194.3,0.0335,-2.8155,0.9552,-2.5618,-9.0888,-2.9971,436.0351,-72.4155
2014-12-18,1194.7,0.0335,-2.4814,-0.1671,-1.6951,-9.2311,-3.3492,436.1811,-72.4062
2014-12-19,1195.9,0.1004,-2.1358,0.1927,-1.7176,-9.264,0.0753,436.6192,-72.3785
2014-12-22,1179.7,-1.3546,-2.278,-0.9238,-3.3825,-10.6897,-2.1077,430.7046,-72.7527
2014-12-23,1177.9,-0.1526,-1.3401,-1.6367,-3.3399,-10.9136,-1.7106,430.0475,-72.7943
2014-12-24,1173.5,-0.3735,-1.7416,-1.8402,-3.906,-10.835,-2.6222,428.441,-72.8959
2014-12-26,1195.3,1.8577,0.0502,-0.1504,-1.5485,-9.3783,-1.5485,436.4002,-72.3924
2014-12-29,1181.7,-1.1378,-1.1874,-1.2452,-2.9405,-10.5992,-2.8287,431.4348,-72.7065
2014-12-30,1200.2,1.5655,1.7377,2.1273,-0.8509,-9.5145,-0.241,438.1891,-72.2792
2014-12-31,1183.9,-1.3581,0.5094,-2.7997,-2.5276,-11.0318,-1.4976,432.2381,-72.6557
2015-01-02,1186.0,0.1774,1.0652,-1.1007,-2.3225,-10.1787,-3.1837,433.0048,-72.6072
2015-01-05,1203.9,1.5093,0.7195,-0.3806,0.9814,-8.553,-2.7859,439.54,-72.1937
2015-01-06,1219.3,1.2792,3.1819,0.9772,1.0442,-7.348,-1.4946,445.1625,-71.838
2015-01-07,1210.6,-0.7135,0.8665,1.7225,-0.0908,-8.5511,-1.5292,441.9861,-72.039
2015-01-08,1208.4,-0.1817,2.0694,1.1467,0.2572,-9.7333,-1.3793,441.1829,-72.0898
2015-01-09,1216.0,0.6289,2.5295,-1.2586,-0.7023,-9.0501,-1.0819,443.9577,-71.9143
2015-01-12,1232.7,1.3734,2.3922,0.3092,0.9582,-5.6342,-1.123,450.0548,-71.5285
2015-01-13,1234.3,0.1298,1.2302,0.751,0.4067,-4.8269,-1.327,450.6389,-71.4916
2015-01-14,1234.4,0.0081,1.966,1.0147,0.0649,-5.0169,-0.8673,450.6754,-71.4893
2015-01-15,1264.7,2.4546,4.659,4.7631,1.6558,-3.9493,2.1485,461.7379,-70.7895
2015-01-16,1276.9,0.9647,5.0082,6.952,2.9343,-2.4672,2.9758,466.1921,-70.5077
2015-01-20,1294.2,1.3548,4.989,8.3647,4.5142,-1.4844,3.3954,472.5082,-70.1081
2015-01-21,1293.7,-0.0386,4.8124,8.2866,3.9952,-0.9494,4.1375,472.3257,-70.1196
2015-01-22,1300.7,0.5411,5.371,8.7633,3.9728,-0.2913,4.9798,474.8813,-69.958
2015-01-23,1292.6,-0.6227,2.2061,9.5702,3.84,0.155,2.376,471.9241,-70.145
2015-01-26,1279.4,-1.0212,0.1958,8.617,4.1433,-1.8187,1.1783,467.1048,-70.4499
2015-01-27,1291.7,0.9614,-0.1932,10.0724,4.9139,-0.8901,2.2238,471.5955,-70.1658
2015-01-28,1285.9,-0.449,-0.6029,7.5797,4.6213,-0.9551,2.7898,469.4779,-70.2998
2015-01-29,1254.6,-2.4341,-3.5442,6.1691,2.0664,-3.1122,-0.6021,458.0504,-71.0227
2015-01-30,1278.5,1.905,-1.0908,6.5239,4.427,-0.2185,2.9222,466.7762,-70.4707
2015-02-02,1276.2,-0.1799,-0.2501,7.7963,6.5187,-1.3451,2.9111,465.9365,-70.5238
2015-02-03,1259.7,-1.2929,-2.4774,6.2142,7.5655,-2.1744,-0.0555,459.9124,-70.9049
2015-02-04,1263.8,0.3255,-1.7186,4.9755,8.0725,-1.5732,0.9667,461.4093,-70.8102
2015-02-05,1262.0,-0.1424,0.5898,3.502,8.1035,-3.4208,0.3738,460.7521,-70.8518
2015-02-06,1233.9,-2.2266,-3.4885,1.9247,7.7266,-5.8666,-1.8845,450.4929,-71.5008
2015-02-09,1240.8,0.5592,-2.7739,2.6812,8.623,-5.2028,-1.781,453.0121,-71.3415
2015-02-10,1231.6,-0.7415,-2.2307,1.2829,5.301,-5.877,-3.3888,449.6532,-71.554
2015-02-11,1219.0,-1.0231,-3.5449,-1.1114,5.1225,-6.8613,-5.5112,445.0529,-71.845
2015-02-12,1220.1,0.0902,-3.3201,-1.1505,4.9278,-7.0612,-5.8056,445.4545,-71.8196
2015-02-13,1226.5,0.5245,-0.5997,-0.64,5.8331,-6.652,-5.6829,447.7912,-71.6717
2015-02-17,1208.1,-1.5002,-2.6354,-4.4754,4.0479,-7.3898,-8.4079,441.0734,-72.0967
2015-02-18,1199.7,-0.6953,-2.5901,-6.0459,1.2405,-7.5518,-9.4361,438.0066,-72.2907
2015-02-19,1207.1,0.6168,-0.9762,-6.73,2.0372,-6.7948,-8.5946,440.7083,-72.1198
2015-02-20,1204.4,-0.2237,-1.2868,-6.9027,0.6434,-6.8811,-8.5567,439.7225,-72.1822
2015-02-23,1200.3,-0.3404,-2.1362,-7.7189,0.5613,-5.7627,-9.3361,438.2257,-72.2769
2015-02-24,1196.9,-0.2833,-0.9271,-7.4037,0.5207,-6.3898,-10.5656,436.9843,-72.3554
2015-02-25,1201.0,0.3425,0.1084,-6.1279,0.2923,-5.9735,-10.5733,438.4812,-72.2607
2015-02-26,1209.6,0.7161,0.2071,-6.356,1.1794,-5.7797,-8.9294,441.621,-72.0621
2015-02-27,1212.6,0.248,0.6808,-5.7003,1.2948,-5.406,-8.9366,442.7163,-71.9928
2015-03-02,1207.7,-0.4041,0.6165,-3.7382,0.9276,-6.2854,-8.6045,440.9273,-72.106
2015-03-03,1204.0,-0.3064,0.5932,-5.8271,2.4507,-6.3618,-10.8214,439.5765,-72.1914
2015-03-04,1200.6,-0.2824,-0.0333,-5.9238,-1.4286,-4.9933,-10.2556,438.3352,-72.27
2015-03-05,1195.9,-0.3915,-1.1326,-5.0647,-0.2752,-5.753,-10.767,436.6192,-72.3785
2015-03-06,1164.1,-2.6591,-3.9997,-7.8889,-3.674,-7.9836,-13.8788,425.0091,-73.113
2015-03-09,1166.4,0.1976,-3.4197,-7.5753,-3.4037,-7.8527,-12.8316,425.8489,-73.0599
2015-03-10,1160.1,-0.5401,-3.6462,-5.981,-2.5208,-7.392,-13.5157,423.5487,-73.2054
2015-03-11,1150.7,-0.8103,-4.1563,-7.2615,-3.6829,-7.7077,-14.5414,420.1168,-73.4225
2015-03-12,1152.1,0.1217,-3.6625,-6.455,-6.4474,-7.3502,-15.9235,420.628,-73.3902
2015-03-13,1152.6,0.0434,-0.9879,-5.4471,-6.2088,-6.8531,-16.0035,420.8105,-73.3786
2015-03-16,1153.3,0.0607,-1.1231,-5.475,-5.8607,-6.2281,-16.3669,421.0661,-73.3624
2015-03-17,1148.3,-0.4335,-1.0171,-6.3759,-6.0311,-6.9147,-16.3595,419.2406,-73.4779
2015-03-18,1151.4,0.27,0.0608,-4.6933,-4.6223,-6.7843,-15.2759,420.3724,-73.4063
2015-03-19,1169.1,1.5373,1.4756,-2.5506,-2.0772,-5.29,-12.8448,426.8346,-72.9975
2015-03-20,1184.8,1.3429,2.7937,-1.8474,-0.7954,-3.3369,-10.9508,432.5667,-72.6349
2015-03-23,1188.0,0.2701,3.0088,-1.3617,-0.5608,-2.2464,-11.0778,433.7349,-72.561
2015-03-24,1191.7,0.3114,3.7795,-0.7165,-0.3512,-2.0628,-9.1138,435.0858,-72.4755
2015-03-25,1197.3,0.4699,3.9865,0.0334,1.4919,-1.941,-8.7006,437.1304,-72.3462
2015-03-26,1205.1,0.6515,3.0793,0.3414,2.3092,-1.1078,-7.5418,439.9781,-72.166
2015-03-27,1199.8,-0.4398,1.266,-0.8102,2.2412,-1.7524,-7.3299,438.0431,-72.2884
2015-03-30,1184.8,-1.2502,-0.2694,-2.2926,-0.8784,-2.4133,-8.4248,432.5667,-72.6349
2015-03-31,1183.1,-0.1435,-0.7217,-2.0369,0.1185,-2.8255,-7.8152,431.946,-72.6742
2015-04-01,1208.1,2.1131,0.902,0.3405,0.6582,-0.1983,-5.5877,441.0734,-72.0967
2015-04-02,1200.9,-0.596,-0.3485,0.025,1.4359,-1.1279,-6.943,438.4447,-72.263
2015-04-06,1218.6,1.4739,1.5669,1.8981,2.7487,0.3624,-5.123,444.9069,-71.8542
2015-04-07,1210.6,-0.6565,2.1776,3.9945,0.5565,1.5434,-7.1056,441.9861,-72.039
2015-04-08,1203.1,-0.6195,1.6905,3.1464,-1.3286,-0.2983,-7.3112,439.2479,-72.2122
2015-04-09,1193.6,-0.7896,-1.2002,2.8877,-1.4043,-1.4938,-8.795,435.7795,-72.4316
2015-04-10,1204.6,0.9216,0.3081,4.6841,-0.3145,-0.0581,-7.7288,439.7955,-72.1776
2015-04-13,1199.3,-0.44,-1.5838,4.0969,-1.3734,-2.066,-9.1508,437.8606,-72.3
2015-04-14,1192.8,-0.542,-1.4703,3.4878,-3.2368,-2.3096,-9.5473,435.4874,-72.4501
2015-04-15,1201.5,0.7294,-0.133,4.1793,-2.6574,-2.2615,-9.4711,438.6638,-72.2492
2015-04-16,1198.0,-0.2913,0.3686,4.3281,-2.9488,-2.8859,-7.8462,437.3859,-72.33
2015-04-17,1202.9,0.409,-0.1411,4.4728,-4.8865,-3.3116,-7.6894,439.1749,-72.2168
2015-04-20,1193.5,-0.7814,-0.4836,2.0871,-6.5314,-3.7888,-7.7238,435.743,-72.4339
2015-04-21,1202.9,0.7876,0.8467,1.5277,-7.0545,-2.8588,-6.6071,439.1749,-72.2168
2015-04-22,1186.9,-1.3301,-1.2151,-0.0926,-8.2554,-4.59,-7.3169,433.3334,-72.5864
2015-04-23,1194.4,0.6319,-0.3005,0.2266,-8.1725,-4.5244,-6.9927,436.0716,-72.4132
2015-04-24,1175.2,-1.6075,-2.3028,-1.8458,-9.0825,-5.5913,-8.9345,429.0617,-72.8566
2015-04-27,1203.3,2.3911,0.8211,-0.1494,-5.9481,-2.0513,-7.4883,439.3209,-72.2076
2015-04-28,1214.0,0.8892,0.9228,1.1835,-6.0153,-1.397,-6.5363,443.2275,-71.9605
2015-04-29,1209.8,-0.346,1.9294,2.1101,-5.918,-1.5702,-6.6512,441.6941,-72.0575
2015-04-30,1182.4,-2.2648,-1.0047,-0.0592,-5.7548,-3.8073,-8.7373,431.6904,-72.6903
2015-05-01,1174.5,-0.6681,-0.0596,-2.7812,-8.1345,-4.0676,-8.4639,428.8061,-72.8728
2015-05-04,1186.8,1.0473,-1.3712,-1.1741,-7.0052,-0.9432,-8.8899,433.2969,-72.5887
2015-05-05,1193.2,0.5393,-1.7133,-2.0844,-5.279,1.8871,-8.8465,435.6334,-72.4409
2015-05-06,1190.3,-0.243,-1.6118,-1.6768,-5.8158,1.7872,-9.0193,434.5747,-72.5079
2015-05-07,1182.4,-0.6637,0.0,-1.7206,-6.3074,1.2849,-8.2415,431.6904,-72.6903
2015-05-08,1189.1,0.5666,1.2431,-0.377,-3.6308,3.8153,-7.6355,434.1365,-72.5356
2015-05-11,1183.2,-0.4962,-0.3033,-1.7765,-4.6422,3.5805,-8.0867,431.9825,-72.6718
2015-05-12,1192.6,0.7945,-0.0503,-0.5587,-3.1666,1.9665,-7.95,435.4144,-72.4547
2015-05-13,1218.4,2.1633,2.3607,2.1462,-0.0492,5.0707,-5.886,444.8339,-71.8588
2015-05-14,1225.4,0.5745,3.6367,1.9892,0.4344,5.3836,-6.15,447.3896,-71.6972
2015-05-15,1225.5,0.0082,3.0611,2.2955,-0.0815,5.7468,-5.2571,447.4261,-71.6948
2015-05-18,1227.8,0.1877,3.7694,2.07,1.6307,5.7446,-5.0646,448.2658,-71.6417
2015-05-19,1206.9,-1.7022,1.1991,1.1228,0.6002,1.8481,-6.7094,440.6353,-72.1244
2015-05-20,1208.9,0.1657,-0.7797,0.4988,0.1491,2.1894,-6.6126,441.3655,-72.0783
2015-05-21,1204.4,-0.3722,-1.7137,1.4744,0.0,0.6434,-6.4907,439.7225,-72.1822
2015-05-22,1204.3,-0.0083,-1.7299,0.8289,0.3333,0.8965,-6.9967,439.686,-72.1845
2015-05-26,1187.2,-1.4199,-3.3067,1.0211,-0.8104,-0.2939,-8.083,433.4429,-72.5795
2015-05-27,1185.9,-0.1095,-1.74,-1.446,-1.2573,-0.9687,-6.2826,432.9683,-72.6095
2015-05-28,1188.1,0.1855,-1.7206,-2.1334,-1.7774,-0.619,-5.6539,433.7715,-72.5587
2015-05-29,1189.4,0.1094,-1.2454,-1.6862,-1.9132,-0.6432,-5.3252,434.2461,-72.5286
2015-06-01,1188.3,-0.0925,-1.3286,0.499,-1.6064,-0.6936,-4.6002,433.8445,-72.554
2015-06-02,1194.1,0.4881,0.5812,1.6688,-0.8223,1.6082,-3.9881,435.962,-72.4201
2015-06-03,1184.7,-0.7872,-0.1012,-0.177,-1.3243,-2.734,-4.7898,432.5301,-72.6372
2015-06-04,1174.9,-0.8272,-1.111,-1.5337,-1.756,-2.0263,-5.5547,428.9522,-72.8635
2015-06-05,1167.8,-0.6043,-1.816,-1.8903,0.3178,-3.3678,-6.7997,426.36,-73.0275
2015-06-08,1173.2,0.4624,-1.2707,-0.7781,0.583,-2.8406,-6.3014,428.3315,-72.9028
2015-06-09,1177.3,0.3495,-1.4069,-0.9923,1.4826,-1.0755,-6.079,429.8284,-72.8081
2015-06-10,1186.1,0.7475,0.1182,0.2451,3.0764,-0.7198,-5.8501,433.0413,-72.6049
2015-06-11,1179.9,-0.5227,0.4256,-1.0649,2.413,-4.19,-6.4166,430.7777,-72.7481
2015-06-12,1178.8,-0.0932,0.9419,-3.2502,2.2731,-4.0768,-7.4435,430.3761,-72.7735
2015-06-15,1185.3,0.5514,1.0314,-3.2724,2.7746,-3.2487,-6.9404,432.7492,-72.6233
2015-06-16,1180.5,-0.405,0.2718,-3.672,2.8041,-3.3961,-7.4045,430.9967,-72.7342
2015-06-17,1176.4,-0.3473,-0.8178,-4.1864,2.1713,-2.5514,-7.4939,429.4998,-72.8289
2015-06-18,1201.5,2.1336,1.8307,-0.4474,2.7714,0.6366,-5.5721,438.6638,-72.2492
2015-06-19,1201.5,0.0,1.9257,-0.6121,1.4095,0.6029,-8.5408,438.6638,-72.2492
2015-06-22,1183.7,-1.4815,-0.135,-1.7187,-0.362,-0.9207,-10.0669,432.165,-72.6603
2015-06-23,1176.2,-0.6336,-0.3643,-2.3333,-1.3007,-1.6473,-10.7587,429.4268,-72.8335
2015-06-24,1172.6,-0.3061,-0.323,-1.2298,-2.063,-0.6018,-11.2272,428.1125,-72.9167
2015-06-25,1171.5,-0.0938,-2.4969,-1.2143,-2.7881,-0.5433,-11.3977,427.7109,-72.9421
2015-06-26,1172.9,0.1195,-2.3804,-1.2793,-2.242,-0.0511,-10.8806,428.222,-72.9097
2015-06-29,1178.5,0.4774,-0.4393,-0.9164,-0.5317,-1.4055,-10.652,430.2665,-72.7804
2015-06-30,1171.5,-0.594,-0.3996,-1.4138,-0.9805,-0.8632,-11.3709,427.7109,-72.9421
2015-07-01,1169.0,-0.2134,-0.307,-2.102,-3.2365,-2.5996,-11.8667,426.7981,-72.9998
2015-07-02,1163.0,-0.5133,-0.7256,-1.8317,-3.156,-1.7654,-12.6024,424.6075,-73.1384
2015-07-06,1172.9,0.8512,0.0,-0.1702,-3.7502,-1.1046,-11.1709,428.222,-72.9097
2015-07-07,1152.4,-1.7478,-2.2147,-1.3187,-4.8075,-4.2778,-12.4649,420.7375,-73.3832
2015-07-08,1163.3,0.9459,-0.7,-0.8438,-3.3081,-4.5928,-11.6033,424.7171,-73.1315
2015-07-09,1159.0,-0.3696,-0.8554,-1.5544,-2.8988,-4.2623,-12.449,423.1471,-73.2308
2015-07-10,1157.7,-0.1122,-0.4557,-2.3944,-3.8934,-4.1956,-13.5206,422.6725,-73.2608
2015-07-13,1155.2,-0.2159,-1.5091,-2.0934,-3.6772,-5.0,-13.5976,421.7598,-73.3186
2015-07-14,1153.3,-0.1645,0.0781,-2.1632,-3.3115,-6.4411,-11.7125,421.0661,-73.3624
2015-07-15,1147.2,-0.5289,-1.384,-3.2144,-4.5194,-7.0566,-11.5429,418.839,-73.5033
2015-07-16,1143.8,-0.2964,-1.3115,-3.1088,-4.5242,-7.3396,-11.9883,417.5977,-73.5819
2015-07-17,1131.8,-1.0491,-2.2372,-3.7912,-5.9107,-10.5084,-14.0427,413.2165,-73.859
2015-07-20,1106.7,-2.2177,-4.1984,-7.8901,-7.2727,-13.3292,-15.4675,404.0526,-74.4387
2015-07-21,1103.4,-0.2982,-4.3267,-8.1648,-8.2717,-14.7427,-16.0082,402.8478,-74.515
2015-07-22,1091.4,-1.0875,-4.864,-7.7976,-8.0462,-15.6373,-16.4382,398.4666,-74.7921
2015-07-23,1094.0,0.2382,-4.3539,-6.9886,-8.4059,-15.8914,-16.1365,399.4159,-74.7321
2015-07-24,1085.6,-0.7678,-4.082,-7.4194,-7.6242,-16.0142,-15.8841,396.349,-74.9261
2015-07-27,1096.5,1.0041,-0.9217,-6.402,-8.8756,-14.2958,-15.8545,400.3286,-74.6743
2015-07-28,1096.3,-0.0182,-0.6435,-6.5308,-9.6952,-15.1273,-15.8828,400.2556,-74.679
2015-07-29,1092.7,-0.3284,0.1191,-7.2804,-9.6793,-15.0245,-15.8361,398.9412,-74.7621
2015-07-30,1088.4,-0.3935,-0.5119,-7.0935,-7.9499,-13.2472,-15.9472,397.3713,-74.8614
2015-07-31,1094.9,0.5972,0.8567,-6.3387,-6.7773,-14.3606,-14.5477,399.7445,-74.7113
2015-08-03,1089.4,-0.5023,-0.6475,-6.3285,-8.2069,-14.6372,-15.7854,397.7364,-74.8383
2015-08-04,1090.7,0.1193,-0.5108,-7.0083,-8.5903,-13.4159,-15.2986,398.211,-74.8083
2015-08-05,1085.7,-0.4584,-0.6406,-5.7879,-8.7877,-14.0924,-15.4439,396.3855,-74.9238
2015-08-06,1090.2,0.4145,0.1654,-6.2839,-7.7977,-13.6133,-16.5685,398.0285,-74.8198
2015-08-07,1094.1,0.3577,-0.0731,-5.5997,-7.9892,-11.3299,-16.5319,399.4524,-74.7298
2015-08-10,1104.2,0.9231,1.3585,-4.6212,-6.6768,-11.009,-15.6391,403.1398,-74.4965
2015-08-11,1107.6,0.3079,1.5495,-4.1205,-7.1273,-10.0682,-15.3535,404.3812,-74.418
2015-08-12,1123.2,1.4084,3.454,-2.6099,-7.8135,-7.8589,-14.1809,410.0767,-74.0577
2015-08-13,1115.7,-0.6677,2.339,-2.7458,-8.9522,-8.5567,-15.0137,407.3384,-74.2309
2015-08-14,1112.9,-0.251,1.7183,-2.7015,-9.1881,-9.2621,-15.298,406.3162,-74.2955
2015-08-17,1118.6,0.5122,1.3041,-1.1663,-8.894,-7.4083,-14.2507,408.3972,-74.1639
2015-08-18,1117.1,-0.1341,0.8577,0.9397,-7.4406,-6.8851,-13.9169,407.8496,-74.1985
2015-08-19,1128.1,0.9847,0.4363,2.2385,-6.6838,-6.5446,-12.8948,411.8656,-73.9445
2015-08-20,1153.0,2.2073,3.3432,5.6441,-4.2677,-4.2677,-10.8551,420.9566,-73.3694
2015-08-21,1159.6,0.5724,4.1962,5.9963,-3.7117,-3.3908,-8.9582,423.3662,-73.2169
2015-08-24,1153.4,-0.5347,3.111,6.2454,-2.847,-3.6344,-9.792,421.1026,-73.3601
2015-08-25,1138.2,-1.3178,1.8888,3.803,-4.0223,-5.229,-10.8902,415.5531,-73.7112
2015-08-26,1124.6,-1.1949,-0.3103,2.5814,-5.3447,-7.0271,-12.4007,410.5878,-74.0253
2015-08-27,1122.4,-0.1956,-2.6539,2.718,-5.6331,-7.4386,-12.4425,409.7846,-74.0761
2015-08-28,1133.1,0.9533,-2.2853,4.1069,-4.6453,-6.177,-12.0742,413.6911,-73.829
2015-08-31,1131.6,-0.1324,-1.8901,3.3519,-5.2341,-6.0133,-11.9925,413.1435,-73.8636
2015-09-01,1138.7,0.6274,0.0439,4.5254,-3.8828,-5.1558,-9.8916,415.7357,-73.6997
2015-09-02,1132.5,-0.5445,0.7025,3.8324,-3.6088,-5.3014,-10.7495,413.4721,-73.8428
2015-09-03,1123.7,-0.777,0.1158,3.5,-3.7763,-3.4705,-11.177,410.2592,-74.0461
2015-09-04,1120.6,-0.2759,-1.1032,2.7885,-4.4835,-3.9266,-11.471,409.1274,-74.1177
2015-09-08,1120.4,-0.0178,-0.9897,2.4038,-4.8331,-3.4221,-10.5612,409.0544,-74.1223
2015-09-09,1102.2,-1.6244,-3.2054,-0.1811,-7.0736,-4.2148,-11.5977,402.4096,-74.5427
2015-09-10,1109.5,0.6623,-2.0309,0.1715,-5.9666,-3.6976,-10.776,405.0749,-74.3741
2015-09-11,1103.5,-0.5408,-1.7976,-1.7539,-6.3879,-4.2599,-10.8211,402.8843,-74.5127
2015-09-14,1107.7,0.3806,-1.1512,-0.717,-6.5469,-3.9539,-9.9358,404.4177,-74.4157
2015-09-15,1102.8,-0.4423,-1.5709,-0.9075,-6.582,-3.9624,-10.6031,402.6287,-74.5288
2015-09-16,1119.2,1.4871,1.5424,0.0536,-4.8623,-2.7966,-9.3912,408.6163,-74.15
2015-09-17,1117.3,-0.1698,0.703,0.0179,-7.0079,-4.4308,-9.4864,407.9226,-74.1939
2015-09-18,1138.1,1.8616,3.1355,0.8864,-5.2767,-3.9416,-7.1469,415.5166,-73.7135
2015-09-21,1133.1,-0.4393,2.293,-1.7259,-4.2747,-4.6212,-6.7638,413.6911,-73.829
2015-09-22,1125.0,-0.7149,2.0131,-2.9838,-4.353,-5.597,-7.5444,410.7339,-74.0161
2015-09-23,1131.6,0.5867,1.1079,-1.8901,-3.4965,-5.4874,-7.3219,413.1435,-73.8636
2015-09-24,1153.8,1.9618,3.2668,1.3706,-1.5109,-4.2569,-5.3176,421.2487,-73.3509
2015-09-25,1146.0,-0.676,0.6941,1.9029,-2.2935,-4.4841,-6.1579,418.4009,-73.531
2015-09-28,1132.0,-1.2216,-0.0971,0.8553,-3.9457,-4.4565,-6.7622,413.2895,-73.8544
2015-09-29,1127.1,-0.4329,0.1867,-0.5295,-3.79,-4.7333,-7.4251,411.5005,-73.9676
2015-09-30,1115.5,-1.0292,-1.4228,-1.4228,-4.5766,-7.6649,-7.848,407.2654,-74.2355
2015-10-01,1114.2,-0.1165,-3.4321,-2.1516,-4.196,-7.2196,-8.2661,406.7908,-74.2655
2015-10-02,1137.1,2.0553,-0.7766,0.4062,-3.0523,-6.688,-6.3499,415.1515,-73.7366
2015-10-05,1138.1,0.0879,0.5389,1.2815,-1.2409,-5.9888,-4.5378,415.5166,-73.7135
2015-10-06,1146.8,0.7644,1.7479,2.338,-1.4184,-4.6796,-4.9639,418.693,-73.5126
2015-10-07,1149.0,0.1918,3.0031,2.5527,-0.8628,-3.7366,-5.1745,419.4962,-73.4618
2015-10-08,1144.7,-0.3742,2.7374,3.8559,-1.1229,-4.9726,-5.0278,417.9262,-73.5611
2015-10-09,1156.3,1.0134,1.6885,4.2181,0.0952,-3.5854,-5.5773,422.1614,-73.2931
2015-10-12,1164.9,0.7437,2.3548,5.5641,1.0058,-2.339,-4.5946,425.3012,-73.0945
2015-10-13,1165.8,0.0773,1.6568,5.2451,1.6213,-2.9713,-5.1655,425.6298,-73.0737
2015-10-14,1180.1,1.2266,2.7067,7.0094,3.1736,-1.4942,-4.3369,430.8507,-72.7434
2015-10-15,1187.9,0.661,3.7739,6.1383,4.9567,-1.247,-4.5173,433.6984,-72.5633
2015-10-16,1183.6,-0.362,2.361,5.9339,6.9486,-0.8295,-4.5869,432.1285,-72.6626
2015-10-19,1173.3,-0.8702,0.7211,3.0929,6.335,-2.4607,-5.2491,428.368,-72.9005
2015-10-20,1178.0,0.4006,1.0465,3.9626,7.9348,-0.7499,-5.3055,430.084,-72.7919
2015-10-21,1167.6,-0.8829,-1.0592,3.7867,6.7276,-2.2438,-6.6667,426.287,-73.0322
2015-10-22,1166.6,-0.0856,-1.7931,3.093,7.4613,-0.7318,-6.2821,425.9219,-73.0552
2015-10-23,1163.3,-0.2829,-1.7151,0.8234,6.0921,-3.3242,-5.3073,424.7171,-73.1315
2015-10-26,1167.0,0.3181,-0.537,1.8325,6.449,-3.8715,-5.2144,426.0679,-73.046
2015-10-27,1166.8,-0.0171,-0.9508,3.0742,6.7814,-3.5543,-5.0687,425.9949,-73.0506
2015-10-28,1177.1,0.8827,0.8136,4.4362,8.1496,-0.4482,-4.2385,429.7554,-72.8127
2015-10-29,1147.2,-2.5401,-1.663,2.8418,4.7767,-2.3244,-6.2975,418.839,-73.5033
2015-10-30,1141.5,-0.4969,-1.874,2.4502,4.7824,-3.817,-4.7241,416.758,-73.635
2015-11-02,1135.8,-0.4993,-2.6735,-0.1143,4.135,-4.8106,-3.0143,414.6769,-73.7666
2015-11-03,1114.2,-1.9018,-4.5081,-2.1,2.625,-6.3934,-4.7204,406.7908,-74.2655
2015-11-04,1106.5,-0.6911,-5.9978,-3.5141,1.4951,-6.4191,-5.2167,403.9796,-74.4434
2015-11-05,1104.4,-0.1898,-3.7308,-3.8816,0.9414,-7.123,-3.5795,403.2129,-74.4919
2015-11-06,1087.6,-1.5212,-4.7219,-4.9882,-1.5033,-8.0798,-4.7886,397.0792,-74.8799
2015-11-09,1087.9,0.0276,-4.2173,-5.9154,-1.7786,-8.7791,-6.9853,397.1888,-74.873
2015-11-10,1088.2,0.0276,-2.3335,-6.5843,-3.1161,-10.6862,-6.1573,397.2983,-74.866
2015-11-11,1084.7,-0.3216,-1.9702,-6.9566,-2.7785,-11.482,-6.7166,396.0204,-74.9469
2015-11-12,1080.8,-0.3595,-2.1369,-8.4145,-2.8844,-11.8074,-6.7391,394.5966,-75.037
2015-11-13,1080.8,0.0,-0.6252,-9.0159,-3.3792,-11.9726,-6.9158,394.5966,-75.037
2015-11-16,1083.7,0.2683,-0.3861,-8.4404,-2.9899,-10.208,-8.5485,395.6553,-74.97
2015-11-17,1068.7,-1.3841,-1.792,-8.915,-5.2655,-11.5973,-9.6619,390.1789,-75.3164
2015-11-18,1068.8,0.0094,-1.4658,-9.2699,-7.3027,-11.2587,-10.6877,390.2154,-75.3141
2015-11-19,1078.0,0.8608,-0.2591,-7.6739,-7.0369,-10.4874,-9.685,393.5743,-75.1016
2015-11-20,1076.4,-0.1484,-0.4071,-7.7319,-6.6759,-9.3329,-9.5994,392.9902,-75.1386
2015-11-23,1066.8,-0.8919,-1.5595,-8.2954,-6.2731,-10.043,-10.9144,389.4852,-75.3603
2015-11-24,1074.3,0.703,0.524,-7.9434,-4.4727,-9.5783,-10.138,392.2235,-75.1871
2015-11-25,1070.5,-0.3537,0.1591,-8.2533,-4.624,-9.9966,-10.5756,390.8361,-75.2749
2015-11-27,1056.2,-1.3358,-2.0223,-10.271,-6.7867,-11.1167,-11.7332,385.6152,-75.6051
2015-11-30,1065.8,0.9089,-0.9848,-7.0955,-5.8148,-10.7445,-9.309,389.1201,-75.3834
2015-12-01,1063.8,-0.1877,-0.2812,-6.8068,-6.5777,-10.2051,-12.6601,388.3899,-75.4296
2015-12-02,1054.2,-0.9024,-1.871,-7.1844,-6.9139,-10.2732,-12.0914,384.885,-75.6513
2015-12-03,1061.7,0.7114,-0.8221,-4.7119,-5.5175,-9.0855,-12.1473,387.6232,-75.4781
2015-12-04,1084.5,2.1475,2.6794,-1.9883,-3.2215,-7.5605,-10.1863,395.9474,-74.9515
2015-12-07,1076.4,-0.7469,0.9946,-2.5353,-3.9272,-8.5705,-9.5538,392.9902,-75.1386
2015-12-08,1076.3,-0.0093,1.175,-1.039,-2.3498,-9.2572,-9.9104,392.9537,-75.1409
2015-12-09,1077.6,0.1208,2.2197,-0.9468,-2.8752,-8.6702,-12.497,393.4283,-75.1109
2015-12-10,1073.1,-0.4176,1.0738,-1.3876,-2.7549,-8.9668,-12.678,391.7853,-75.2148
2015-12-11,1076.9,0.3541,-0.7008,-0.7191,-2.7805,-9.1454,-12.097,393.1727,-75.127
2015-12-14,1064.7,-1.1329,-1.087,-1.4896,-3.4549,-9.8094,-12.8723,388.7185,-75.4088
2015-12-15,1062.9,-0.1691,-1.245,-1.6562,-5.0304,-9.6481,-11.9533,388.0614,-75.4504
2015-12-16,1078.0,1.4206,0.0371,-0.526,-3.5174,-10.2788,-9.7077,393.5743,-75.1016
2015-12-17,1050.8,-2.5232,-2.0781,-1.6749,-7.6707,-12.5427,-12.0154,383.6437,-75.7299
2015-12-18,1066.2,1.4655,-0.9936,-0.2433,-5.9042,-9.9265,-10.7558,389.2661,-75.3742
2015-12-21,1081.9,1.4725,1.6155,0.3618,-3.8311,-8.0173,-9.5326,394.9982,-75.0115
2015-12-22,1074.8,-0.6563,1.1196,-0.1486,-5.0194,-8.3404,-8.8921,392.406,-75.1755
2015-12-23,1069.4,-0.5024,-0.7978,0.2437,-7.315,-8.7153,-9.2113,390.4345,-75.3003
2015-12-24,1077.2,0.7294,2.5124,0.2699,-6.0035,-8.1593,-8.2062,393.2822,-75.1201
2015-12-28,1070.5,-0.622,0.4033,0.0,-5.4329,-9.1642,-10.4409,390.8361,-75.2749
2015-12-29,1077.5,0.6539,-0.4067,2.0167,-4.4007,-8.0239,-8.8178,393.3918,-75.1132
2015-12-30,1060.1,-1.6149,-1.3677,-0.5348,-4.9664,-9.3157,-11.6731,387.0391,-75.5151
2015-12-31,1060.3,0.0189,-0.8509,-0.329,-4.8375,-8.8306,-10.4401,387.1121,-75.5104
2016-01-04,1075.1,1.3958,-0.1949,1.9825,-5.4525,-8.3383,-9.3508,392.5155,-75.1686
2016-01-05,1078.4,0.307,0.738,1.573,-5.2456,-6.4214,-10.4245,393.7204,-75.0924
2016-01-06,1091.9,1.2519,1.3364,0.6823,-4.7872,-6.1377,-10.4486,398.6492,-74.7806
2016-01-07,1107.7,1.447,4.4901,2.9078,-3.5944,-4.4262,-8.4999,404.4177,-74.4157
2016-01-08,1097.8,-0.8937,3.5367,1.9976,-4.0971,-5.174,-9.1526,400.8032,-74.6443
2016-01-11,1096.5,-0.1184,1.9905,1.7539,-5.1717,-5.0814,-9.8273,400.3286,-74.6743
2016-01-12,1085.6,-0.9941,0.6677,1.1648,-6.8075,-5.8701,-11.9332,396.349,-74.9261
2016-01-13,1087.5,0.175,-0.403,0.9843,-6.7164,-5.204,-11.8934,397.0427,-74.8822
2016-01-14,1073.9,-1.2506,-3.0514,0.8641,-8.9992,-6.1112,-13.0023,392.0774,-75.1963
2016-01-15,1091.5,1.6389,-0.5739,2.6907,-8.1152,-3.5607,-13.6949,398.5031,-74.7898
2016-01-19,1089.9,-0.1466,-0.6019,1.1039,-7.9165,-1.518,-14.6448,397.919,-74.8268
2016-01-20,1107.1,1.5781,1.9805,5.3578,-5.6422,0.3353,-14.4568,404.1986,-74.4295
2016-01-21,1099.1,-0.7226,1.0667,3.0857,-6.6978,0.7055,-15.0421,401.2778,-74.6143
2016-01-22,1097.2,-0.1729,2.1697,1.4142,-6.0295,0.2925,-15.6454,400.5841,-74.6582
2016-01-25,1106.2,0.8203,1.3468,2.9215,-5.1774,1.8976,-14.4205,403.87,-74.4503
2016-01-26,1121.7,1.4012,2.9177,4.8906,-3.576,2.2982,-12.3261,409.529,-74.0923
2016-01-27,1116.1,-0.4992,0.8129,3.6112,-4.3616,1.8061,-13.5945,407.4845,-74.2216
2016-01-28,1115.6,-0.0448,1.5012,4.213,-4.3881,2.0957,-13.2436,407.3019,-74.2332
2016-01-29,1116.4,0.0717,1.7499,3.6102,-5.1567,2.5726,-11.0155,407.594,-74.2147
2016-02-01,1127.9,1.0301,1.9617,6.3956,-1.6824,3.014,-11.7794,411.7926,-73.9491
2016-02-02,1127.3,-0.0532,0.4993,6.319,-1.244,3.479,-11.6674,411.5736,-73.963
2016-02-03,1141.3,1.2419,2.2579,6.1576,0.4842,4.6392,-9.3991,416.6849,-73.6396
2016-02-04,1157.6,1.4282,3.7648,7.3442,3.8952,6.6225,-8.4032,422.636,-73.2631
2016-02-05,1157.8,0.0173,3.7084,6.0354,4.6362,6.2007,-8.2567,422.709,-73.2585
2016-02-08,1197.9,3.4635,6.2062,8.143,8.4661,9.4873,-2.9176,437.3494,-72.3323
2016-02-09,1198.7,0.0668,6.3337,9.1911,10.2152,8.5582,-3.393,437.6415,-72.3138
2016-02-10,1194.7,-0.3337,4.6789,8.9558,9.8171,7.8638,-2.9961,436.1811,-72.4062
2016-02-11,1247.9,4.453,7.8006,14.9503,14.6756,11.1022,2.3708,455.6043,-71.1775
2016-02-12,1239.1,-0.7052,7.0219,13.9402,14.2344,11.0603,1.5572,452.3914,-71.3807
2016-02-16,1207.9,-2.518,0.8348,12.4779,11.7598,8.5363,-1.5165,441.0004,-72.1013
2016-02-17,1211.1,0.2649,1.0345,10.9574,12.0559,8.2693,0.2483,442.1687,-72.0274
2016-02-18,1226.1,1.2385,2.6283,12.4966,13.1402,9.7574,2.2006,447.6451,-71.681
2016-02-19,1230.4,0.3507,-1.4024,11.1372,15.1305,9.0683,1.9303,449.2151,-71.5817
2016-02-22,1209.5,-1.6986,-2.3888,10.0446,13.1643,4.9003,0.4234,441.5845,-72.0644
2016-02-23,1222.3,1.0583,1.1922,11.4018,13.3859,5.407,1.8329,446.2578,-71.7688
2016-02-24,1238.7,1.3417,2.2789,11.9779,15.078,7.3955,3.4923,452.2453,-71.39
2016-02-25,1238.2,-0.0404,0.9869,10.386,16.0667,8.7858,3.0974,452.0628,-71.4015
2016-02-26,1219.8,-1.486,-0.8615,9.2913,13.5437,8.4652,0.8433,445.345,-71.8265
2016-02-29,1233.9,1.1559,2.0174,10.6042,15.2639,9.9341,1.7566,450.4929,-71.5008
2016-03-01,1230.3,-0.2918,0.6545,10.2024,16.4836,8.5782,1.8713,449.1786,-71.584
2016-03-02,1241.1,0.8778,0.1938,10.0363,16.4477,9.6766,3.0814,453.1216,-71.3345
2016-03-03,1257.4,1.3134,1.5506,11.5408,18.1989,10.4242,4.731,459.0727,-70.9581
2016-03-04,1269.9,0.9941,4.1072,11.2678,20.461,12.1325,6.1878,463.6364,-70.6693
2016-03-07,1263.2,-0.5276,2.3746,9.1223,18.979,12.4143,8.513,461.1902,-70.8241
2016-03-08,1262.1,-0.0871,2.5847,9.0085,16.3762,12.6272,8.2047,460.7886,-70.8495
2016-03-09,1256.6,-0.4358,1.2489,4.9002,16.741,12.1564,8.3182,458.7806,-70.9765
2016-03-10,1272.0,1.2255,1.1611,6.115,18.1827,15.4056,10.5414,464.4031,-70.6208
2016-03-11,1258.7,-1.0456,-0.882,5.357,16.8059,13.4475,9.2527,459.5473,-70.928
2016-03-14,1244.4,-1.1361,-1.4883,-0.2805,15.9631,12.7685,7.9646,454.3264,-71.2583
2016-03-15,1230.4,-1.125,-2.5117,-0.7021,14.2539,11.077,6.6852,449.2151,-71.5817
2016-03-16,1229.3,-0.0894,-2.1725,1.7717,15.4598,11.4708,7.0539,448.8135,-71.6071
2016-03-17,1264.5,2.8634,-0.5896,4.4092,18.967,12.9825,9.8228,461.6649,-70.7941
2016-03-18,1253.8,-0.8462,-0.3893,2.2592,16.308,12.217,7.2449,457.7583,-71.0412
2016-03-21,1243.8,-0.7976,-0.0482,1.0891,18.367,9.2874,4.9797,454.1074,-71.2722
2016-03-22,1248.2,0.3537,1.4467,3.1997,17.07,10.158,5.0673,455.7138,-71.1705
2016-03-23,1223.7,-1.9628,-0.4556,0.1145,13.1066,8.7733,2.6852,446.7689,-71.7364
2016-03-24,1221.4,-0.1879,-3.4085,-1.3966,13.6397,7.9357,2.0129,445.9292,-71.7895
2016-03-28,1219.9,-0.1228,-2.7038,-1.4779,14.0733,5.7289,1.2281,445.3815,-71.8242
2016-03-29,1235.6,1.287,-0.6593,1.2953,14.7048,7.8185,2.9838,451.1135,-71.4616
2016-03-30,1226.9,-0.7041,-1.7065,-0.5673,14.61,8.3834,3.5533,447.9372,-71.6625
2016-03-31,1234.2,0.595,0.8581,0.317,14.5429,9.5023,4.3192,450.6024,-71.4939
2016-04-01,1222.2,-0.9723,0.0655,-1.5228,15.291,9.5652,1.1671,446.2212,-71.7711
2016-04-04,1218.0,-0.3436,-0.1558,-3.1335,14.8731,9.3161,1.4239,444.6879,-71.8681
2016-04-05,1228.4,0.8539,-0.5827,-3.268,14.2591,8.0292,0.8042,448.4849,-71.6279
2016-04-06,1222.5,-0.4803,-0.3586,-3.222,13.3624,7.4159,0.983,446.3308,-71.7641
2016-04-07,1236.2,1.1207,0.162,-2.0521,13.2155,7.7956,2.7512,451.3326,-71.4477
2016-04-08,1242.5,0.5096,1.6609,-1.1221,12.1694,8.1375,4.0969,453.6327,-71.3022
2016-04-11,1256.7,1.1429,3.1773,-1.2028,14.4744,9.7842,4.3251,458.8171,-70.9742
2016-04-12,1259.4,0.2149,2.5236,0.0556,14.8564,8.9164,5.0113,459.8029,-70.9119
2016-04-13,1246.8,-1.0005,1.9877,0.1929,14.8489,7.0306,4.5272,455.2027,-71.2029
2016-04-14,1225.0,-1.7485,-0.906,-0.4389,12.6437,5.0781,1.9559,447.2435,-71.7064
2016-04-15,1233.1,0.6612,-0.7565,0.3091,14.8245,4.4911,2.9299,450.2008,-71.5193
2016-04-18,1233.6,0.0405,-1.8381,-2.4437,13.0188,3.8471,2.5522,450.3834,-71.5078
2016-04-19,1253.0,1.5726,-0.5082,-0.0638,14.9647,5.8635,4.9853,457.4662,-71.0597
2016-04-20,1253.2,0.016,0.5133,0.7557,13.1966,6.8098,4.1816,457.5392,-71.0551
2016-04-21,1249.0,-0.3351,1.9592,0.0641,13.6384,6.0272,5.2321,456.0059,-71.1521
2016-04-22,1228.7,-1.6253,-0.3568,0.4086,11.9851,5.233,2.8717,448.5944,-71.6209
2016-04-25,1238.9,0.8302,0.4296,1.4328,11.996,6.1975,5.4204,452.3184,-71.3853
2016-04-26,1242.2,0.2664,-0.8619,1.828,10.7426,6.7824,3.2328,453.5232,-71.3091
2016-04-27,1249.2,0.5635,-0.3192,1.1007,11.9255,7.0437,2.8995,456.0789,-71.1475
2016-04-28,1265.5,1.3048,1.3211,3.1461,13.4367,8.459,4.6041,462.0299,-70.771
2016-04-29,1289.2,1.8728,4.9239,4.4563,15.4783,9.5234,9.0325,470.6827,-70.2236
2016-05-02,1294.7,0.4266,4.504,5.9319,14.7885,12.8574,10.2341,472.6908,-70.0965
2016-05-03,1290.7,-0.309,3.9044,5.9688,14.4948,13.0705,8.7546,471.2304,-70.1889
2016-05-04,1273.3,-1.3481,1.9292,3.6552,11.5658,12.106,6.713,464.8777,-70.5908
2016-05-05,1271.4,-0.1492,0.4662,4.0,9.8307,14.1088,6.8134,464.184,-70.6347
2016-05-06,1292.9,1.691,0.287,4.5866,11.6687,16.8459,9.3454,472.0336,-70.1381
2016-05-09,1265.6,-2.1115,-2.2476,1.8592,5.6516,14.5962,6.4334,462.0664,-70.7687
2016-05-10,1263.9,-0.1343,-2.0764,0.5729,5.4392,16.21,6.8205,461.4458,-70.8079
2016-05-11,1274.6,0.8466,0.1021,1.2069,6.6879,17.1615,6.8757,465.3523,-70.5608
2016-05-12,1270.3,-0.3374,-0.0865,1.8848,1.795,16.7341,4.2597,463.7824,-70.6601
2016-05-13,1271.9,0.126,-1.6243,3.8286,2.6471,17.2582,3.7947,464.3666,-70.6232
2016-05-16,1273.4,0.1179,0.6163,3.2682,5.4226,17.8201,3.9086,464.9142,-70.5885
2016-05-17,1276.2,0.2199,0.9732,3.4533,5.3753,18.0792,3.942,465.9365,-70.5238
2016-05-18,1273.7,-0.1959,-0.0706,1.652,3.8822,17.5325,5.5348,465.0237,-70.5816
2016-05-19,1254.2,-1.531,-1.2674,0.0798,1.9343,17.3575,3.7472,457.9043,-71.032
2016-05-20,1252.4,-0.1435,-1.5331,0.2722,3.5469,17.1781,3.9854,457.2472,-71.0735
2016-05-23,1251.1,-0.1038,-1.7512,1.8231,2.3562,16.0575,3.8861,456.7725,-71.1036
2016-05-24,1228.9,-1.7744,-3.7063,-0.8072,-0.7911,14.1676,3.5125,448.6674,-71.6163
2016-05-25,1223.5,-0.4394,-3.9413,-1.5054,-1.1872,14.6888,3.1706,446.6959,-71.741
2016-05-26,1220.1,-0.2779,-2.7189,-2.3295,0.0246,13.5716,2.6934,445.4545,-71.8196
2016-05-27,1213.8,-0.5163,-3.0821,-4.0853,-1.629,13.3863,2.0515,443.1545,-71.9651
2016-05-31,1214.8,0.0824,-2.9014,-5.771,-1.2599,15.0161,2.2301,443.5196,-71.942
2016-06-01,1211.9,-0.2387,-1.3834,-6.3953,-2.3527,13.708,1.4907,442.4608,-72.009
2016-06-02,1209.8,-0.1733,-1.1197,-6.2679,-3.7856,13.7244,2.1187,441.6941,-72.0575
2016-06-03,1240.1,2.5045,1.6392,-2.6074,-2.3466,17.6342,5.5494,452.7565,-71.3576
2016-06-06,1244.6,0.3629,2.5375,-2.1079,-1.4724,17.2271,6.5765,454.3994,-71.2537
2016-06-07,1244.4,-0.0161,2.4366,-3.7513,-1.4024,14.7441,6.0689,454.3264,-71.2583
2016-06-08,1259.8,1.2375,3.9525,-0.4583,0.2547,17.0383,7.0076,459.9489,-70.9026
2016-06-09,1270.2,0.8255,4.9926,0.4985,-0.1415,18.0154,7.0905,463.7459,-70.6624
2016-06-10,1273.4,0.2519,2.6853,-0.0941,1.1679,18.17,7.9244,464.9142,-70.5885
2016-06-13,1284.4,0.8638,3.1978,1.11,3.2144,19.6906,8.9583,468.9303,-70.3344
2016-06-14,1285.6,0.0934,3.3108,1.0771,4.4863,19.3797,8.462,469.3684,-70.3067
2016-06-15,1285.8,0.0156,2.0638,0.9738,4.5961,20.7664,8.92,469.4414,-70.3021
2016-06-16,1296.1,0.8011,2.0391,1.5593,2.499,21.94,10.1751,473.2019,-70.0642
2016-06-17,1292.5,-0.2778,1.4999,1.476,3.0866,19.898,7.5739,471.8876,-70.1474
2016-06-20,1290.0,-0.1934,0.436,2.8544,3.7144,22.7636,7.3658,470.9748,-70.2051
2016-06-21,1270.5,-1.5116,-1.1745,1.4452,1.7866,19.1615,7.3329,463.8554,-70.6555
2016-06-22,1268.0,-0.1968,-1.3844,1.3508,3.6202,17.2012,7.8048,462.9427,-70.7132
2016-06-23,1261.2,-0.5363,-2.6927,2.6284,3.2585,17.3428,7.5559,460.46,-70.8703
2016-06-24,1320.0,4.6622,2.1277,7.8872,8.2056,23.4337,12.6761,481.9277,-69.5122
2016-06-27,1322.5,0.1894,2.5194,8.3928,7.033,22.772,12.7547,482.8405,-69.4545
2016-06-28,1315.3,-0.5444,3.5262,8.3622,7.2052,22.8678,11.608,480.2118,-69.6207
2016-06-29,1323.9,0.6538,4.4085,8.9809,7.2679,22.8678,13.009,483.3516,-69.4221
2016-06-30,1318.4,-0.4154,4.5354,8.7879,7.8711,24.3656,12.7802,481.3436,-69.5492
2016-07-01,1336.7,1.388,1.2651,10.4893,9.7455,26.0681,14.9355,488.0248,-69.1265
2016-07-05,1356.4,1.4738,2.5633,9.3783,10.4201,26.165,15.645,495.2173,-68.6715
2016-07-06,1364.9,0.6267,3.771,9.6658,11.6483,26.5671,18.4398,498.3206,-68.4751
2016-07-07,1360.1,-0.3517,2.7343,9.2976,10.0227,24.5627,16.9174,496.5681,-68.586
2016-07-08,1356.6,-0.2573,2.8974,7.6838,9.1831,22.47,17.0492,495.2903,-68.6669
2016-07-11,1355.0,-0.1179,1.369,6.6761,7.8221,23.4287,17.0424,494.7061,-68.7038
2016-07-12,1334.1,-1.5424,-1.6441,4.7668,5.9314,21.6689,15.4865,487.0756,-69.1865
2016-07-13,1342.4,0.6221,-1.6485,4.5157,7.6676,23.6551,16.3964,490.1059,-68.9948
2016-07-14,1331.3,-0.8269,-2.1175,3.5548,8.6776,22.4184,16.0478,486.0533,-69.2512
2016-07-15,1326.5,-0.3606,-2.2188,3.1653,7.5744,23.5217,15.9731,484.3009,-69.3621
2016-07-18,1328.4,0.1432,-1.9631,2.4921,7.6848,21.7041,17.3706,484.9945,-69.3182
2016-07-19,1331.5,0.2334,-0.1949,3.0174,6.265,22.1672,20.3126,486.1263,-69.2466
2016-07-20,1318.8,-0.9538,-1.758,2.2326,5.2346,19.122,19.5215,481.4896,-69.5399
2016-07-21,1330.5,0.8872,-0.0601,4.7226,6.5252,21.0536,21.9076,485.7612,-69.2697
2016-07-22,1323.1,-0.5562,-0.2563,4.3454,7.6829,20.5888,20.9415,483.0595,-69.4406
2016-07-25,1319.3,-0.2872,-0.685,4.6067,6.4896,19.2642,21.5273,481.6722,-69.5284
2016-07-26,1320.7,0.1061,-0.8111,0.053,6.3194,17.7409,20.4469,482.1833,-69.496
2016-07-27,1326.6,0.4467,0.5914,0.31,6.196,18.8603,21.007,484.3374,-69.3598
2016-07-28,1332.3,0.4297,0.1353,1.2925,5.2785,19.4245,21.9273,486.4184,-69.2281
2016-07-29,1349.0,1.2535,1.9575,1.8959,4.6385,20.8348,23.9434,492.5155,-68.8424
2016-08-01,1351.4,0.1779,2.4331,2.503,4.3794,19.8156,23.4268,493.3918,-68.787
2016-08-02,1364.4,0.962,3.3089,2.0723,5.7101,21.0326,25.2433,498.138,-68.4867
2016-08-03,1356.1,-0.6083,2.2237,-0.0221,6.5028,18.8206,24.333,495.1077,-68.6784
2016-08-04,1358.8,0.1991,1.989,-0.4469,6.8743,17.3808,25.1543,496.0935,-68.616
2016-08-05,1336.4,-1.6485,-0.934,-1.7425,3.3645,15.4258,22.583,487.9153,-69.1334
2016-08-08,1333.4,-0.2245,-1.332,-1.7102,5.3571,11.3115,21.8719,486.82,-69.2027
2016-08-09,1339.0,0.42,-1.8616,-1.1808,5.9419,11.7044,21.2643,488.8646,-69.0734
2016-08-10,1344.3,0.3958,-0.8701,0.7646,5.4684,12.522,21.3705,490.7996,-68.9509
2016-08-11,1342.5,-0.1339,-1.1996,0.0074,5.6837,7.5807,19.5246,490.1424,-68.9925
2016-08-12,1335.8,-0.4991,-0.0449,0.338,5.024,7.8041,19.7275,487.6963,-69.1473
2016-08-15,1340.3,0.3369,0.5175,1.0403,5.2537,10.9612,20.4331,489.3392,-69.0433
2016-08-16,1350.5,0.761,0.8588,1.6637,5.822,11.5102,20.7313,493.0632,-68.8077
2016-08-17,1342.7,-0.5776,-0.119,0.8412,5.4173,9.5098,20.1951,490.2154,-68.9879
2016-08-18,1351.2,0.6331,0.648,2.4568,7.734,9.8179,19.7766,493.3187,-68.7916
2016-08-19,1340.4,-0.7993,0.3444,0.7441,7.0265,10.8227,16.2533,489.3757,-69.041
2016-08-22,1337.7,-0.2014,-0.194,1.1035,6.9219,9.4412,15.3587,488.3899,-69.1034
2016-08-23,1340.6,0.2168,-0.7331,1.6145,9.0894,8.2264,16.2303,489.4487,-69.0364
2016-08-24,1324.4,-1.2084,-1.3629,0.2802,8.2468,6.9617,16.3592,483.5342,-69.4106
2016-08-25,1320.1,-0.3247,-2.3017,-0.49,8.196,8.2227,17.384,481.9642,-69.5099
2016-08-26,1321.5,0.1061,-1.41,-0.8106,8.873,7.0994,17.7388,482.4754,-69.4776
2016-08-29,1322.9,0.1059,-1.1064,-1.9348,8.8986,7.5266,16.7505,482.9865,-69.4452
2016-08-30,1311.7,-0.8466,-2.1558,-2.9377,8.235,5.6885,15.9155,478.8974,-69.7039
2016-08-31,1306.9,-0.3659,-1.3214,-4.2143,8.0261,3.9367,14.7712,477.145,-69.8148
2016-09-01,1312.2,0.4055,-0.5984,-3.2372,5.814,3.331,15.8675,479.0799,-69.6924
2016-09-02,1322.1,0.7545,0.0454,-2.7009,6.2269,4.6628,17.656,482.6944,-69.4637
2016-09-06,1349.4,2.0649,2.0032,0.9728,8.4378,6.917,20.4176,492.6616,-68.8331
2016-09-07,1344.3,-0.3779,2.4853,0.8175,6.7074,6.9792,19.9839,490.7996,-68.9509
2016-09-08,1336.8,-0.5579,2.2879,-0.1643,5.2433,5.0943,21.2847,488.0614,-69.1242
2016-09-09,1330.1,-0.5012,1.3641,-1.0563,4.4526,5.6725,19.8828,485.6152,-69.2789
2016-09-12,1321.0,-0.6842,-0.0832,-1.6015,2.8496,6.1556,19.71,482.2928,-69.4891
2016-09-13,1319.0,-0.1514,-2.2529,-1.2577,2.598,7.2009,19.0756,481.5626,-69.5353
2016-09-14,1321.5,0.1895,-1.6961,-1.4027,2.7765,7.5002,19.8313,482.4754,-69.4776
2016-09-15,1313.5,-0.6054,-1.743,-2.7397,1.3425,3.875,17.3606,479.5546,-69.6623
2016-09-16,1305.8,-0.5862,-1.8269,-2.7482,1.029,4.1474,16.871,476.7434,-69.8402
2016-09-19,1313.5,0.5897,-0.5678,-2.7901,1.8217,5.6038,15.4117,479.5546,-69.6623
2016-09-20,1313.7,0.0152,-0.4018,-1.9919,3.4002,5.2476,15.9386,479.6276,-69.6577
2016-09-21,1326.9,1.0048,0.4086,-0.8074,4.6451,8.4334,17.9467,484.4469,-69.3528
2016-09-22,1340.4,1.0174,2.048,-0.0149,6.2797,9.7429,18.4518,489.3757,-69.041
2016-09-23,1337.2,-0.2387,2.4046,0.9665,1.303,9.6155,15.8953,488.2074,-69.1149
2016-09-26,1339.7,0.187,1.9947,1.4847,1.3006,8.4251,16.9023,489.1201,-69.0572
2016-09-27,1325.9,-1.0301,0.9287,0.333,0.8059,8.0691,17.129,484.0818,-69.3759
2016-09-28,1319.4,-0.4902,-0.5652,-0.2646,-0.3399,6.9033,17.0615,481.7087,-69.5261
2016-09-29,1321.7,0.1743,-1.3951,0.7624,0.2503,8.1411,18.485,482.5484,-69.4729
2016-09-30,1313.3,-0.6355,-1.7873,0.4897,-1.7506,7.8243,17.8693,479.4816,-69.6669
2016-10-03,1309.0,-0.3274,-2.2916,-0.2439,-3.4945,6.5614,15.1174,477.9117,-69.7663
2016-10-04,1266.3,-3.262,-4.4951,-4.2206,-7.224,3.5828,11.2644,462.322,-70.7525
2016-10-05,1265.2,-0.0869,-4.1079,-6.2398,-6.9774,2.3459,10.3244,461.9204,-70.7779
2016-10-06,1249.8,-1.2172,-5.44,-7.0297,-7.8726,0.5875,8.7729,456.2979,-71.1336
2016-10-07,1248.9,-0.072,-4.9037,-6.5754,-7.8303,-0.6207,9.1028,455.9694,-71.1544
2016-10-11,1253.0,0.3283,-4.2781,-5.7966,-6.079,-0.5082,8.3629,457.4662,-71.0597
2016-10-12,1251.1,-0.1516,-1.2004,-5.2914,-6.8013,0.3449,7.3998,456.7725,-71.1036
2016-10-13,1255.0,0.3117,-0.8062,-4.8522,-5.7312,2.449,7.6514,458.1964,-71.0135
2016-10-14,1253.1,-0.1514,0.264,-5.1759,-5.5334,1.6219,6.1859,457.5027,-71.0574
2016-10-17,1254.4,0.1037,0.4404,-4.4994,-5.5706,1.6861,5.5981,457.9774,-71.0273
2016-10-18,1260.8,0.5102,0.6225,-3.4462,-5.3098,0.6225,6.5225,460.314,-70.8795
2016-10-19,1267.9,0.5631,1.3428,-3.4716,-3.8596,1.173,8.0627,462.9062,-70.7155
2016-10-20,1265.6,-0.1814,0.8446,-3.6614,-4.8779,1.3291,7.4363,462.0664,-70.7687
2016-10-21,1265.9,0.0237,1.0215,-4.5972,-4.3232,3.0276,8.419,462.176,-70.7617
2016-10-24,1262.0,-0.3081,0.6059,-5.849,-4.3432,1.8646,8.1776,460.7521,-70.8518
2016-10-25,1271.9,0.7845,0.8804,-4.8833,-3.695,2.3909,9.3355,464.3666,-70.6232
2016-10-26,1264.8,-0.5582,-0.2445,-5.5908,-4.6585,1.2488,8.3805,461.7744,-70.7871
2016-10-27,1267.9,0.2451,0.1817,-4.3744,-4.8337,0.1897,8.6647,462.9062,-70.7155
2016-10-28,1275.5,0.5994,0.7584,-3.3273,-5.4485,-1.0627,8.3595,465.6809,-70.54
2016-10-31,1271.5,-0.3136,0.7528,-3.7981,-5.9124,-1.7919,10.8351,464.2205,-70.6324
2016-11-01,1286.4,1.1718,1.14,-2.0483,-5.7168,-0.3331,12.6938,469.6605,-70.2882
2016-11-02,1306.8,1.5858,3.3207,-0.1681,-3.6354,2.631,15.0555,477.1085,-69.8171
2016-11-03,1302.1,-0.3597,2.6974,2.8271,-4.1728,2.4147,16.8641,475.3925,-69.9256
2016-11-04,1303.3,0.0922,2.1795,3.0114,-2.4768,0.8044,17.7858,475.8306,-69.8979
2016-11-07,1278.3,-1.9182,0.5348,2.2804,-4.1323,1.0035,15.7461,466.7032,-70.4753
2016-11-08,1273.4,-0.3833,-1.0106,1.9617,-4.8992,0.7516,17.0835,464.9142,-70.5885
2016-11-09,1272.6,-0.0628,-2.6171,1.5642,-5.3336,-0.1569,16.9777,464.6221,-70.607
2016-11-10,1265.5,-0.5579,-2.8108,1.151,-5.7356,-0.3779,16.293,462.0299,-70.771
2016-11-14,1221.2,-3.5006,-6.2994,-2.6932,-8.5791,-3.9862,12.5841,445.8561,-71.7942
2016-11-15,1224.0,0.2293,-4.2478,-2.3222,-8.6772,-3.8794,13.2494,446.8784,-71.7295
2016-11-16,1223.4,-0.049,-3.9265,-2.4713,-9.4113,-4.1373,13.1939,446.6594,-71.7433
2016-11-17,1216.5,-0.564,-4.4083,-3.5136,-9.399,-4.4908,12.2543,444.1402,-71.9027
2016-11-18,1208.5,-0.6576,-4.5041,-4.6849,-10.561,-3.6438,13.0813,441.2194,-72.0875
2016-11-21,1209.6,0.091,-0.9499,-4.4248,-9.7583,-3.4174,13.1736,441.621,-72.0621
2016-11-22,1211.0,0.1157,-1.0621,-4.3368,-9.4715,-3.2052,12.3377,442.1322,-72.0297
2016-11-23,1189.1,-1.8084,-2.8037,-5.7765,-11.3009,-3.2387,10.4701,434.1365,-72.5356
2016-11-25,1178.2,-0.9167,-3.1484,-7.3669,-11.039,-3.7025,10.4424,430.157,-72.7873
2016-11-28,1190.6,1.0525,-1.4812,-5.8665,-9.8099,-2.4178,10.8256,434.6842,-72.5009
2016-11-29,1187.9,-0.2268,-1.794,-6.3096,-10.1097,-2.1338,10.9668,433.6984,-72.5633
2016-11-30,1170.8,-1.4395,-3.3196,-8.2085,-11.4975,-3.622,10.8502,427.4553,-72.9582
2016-12-01,1166.9,-0.3331,-1.867,-8.2265,-11.0391,-3.7132,9.4858,426.0314,-73.0483
2016-12-02,1175.1,0.7027,-0.2631,-8.6521,-10.0849,-2.8682,10.4625,429.0252,-72.8589
2016-12-05,1174.0,-0.0936,-1.3943,-10.1622,-10.5319,-5.3302,11.3641,428.6236,-72.8843
2016-12-06,1167.6,-0.5451,-1.7089,-10.3295,-11.686,-6.1867,9.9746,426.287,-73.0322
2016-12-07,1175.0,0.6338,0.3587,-9.8442,-12.9243,-5.577,8.3449,428.9887,-72.8612
2016-12-08,1169.8,-0.4425,0.2485,-8.4878,-12.9807,-7.144,8.6771,427.0902,-72.9813
2016-12-09,1159.4,-0.889,-1.3361,-8.9524,-13.2705,-8.723,7.7209,423.2932,-73.2215
2016-12-12,1163.5,0.3536,-0.8944,-8.573,-12.5254,-8.6304,7.9714,424.7901,-73.1268
2016-12-13,1156.7,-0.5844,-0.9335,-8.5974,-12.4376,-9.9424,7.7905,422.3074,-73.2839
2016-12-14,1161.3,0.3977,-1.166,-4.905,-11.956,-9.6686,7.8373,423.9869,-73.1777
2016-12-15,1127.8,-2.8847,-3.5904,-7.8595,-14.6576,-12.2881,5.9266,411.7561,-73.9514
2016-12-16,1135.3,0.665,-2.0787,-7.2012,-13.5668,-12.4064,6.8116,414.4944,-73.7782
2016-12-19,1140.5,0.458,-1.9768,-6.2474,-12.6589,-11.7602,5.7978,416.3929,-73.6581
2016-12-20,1131.5,-0.7891,-2.1786,-6.3715,-13.8561,-12.2868,7.6799,413.107,-73.8659
2016-12-21,1131.1,-0.0354,-2.6005,-6.4897,-13.8997,-10.9721,6.087,412.9609,-73.8752
2016-12-22,1128.8,-0.2033,0.0887,-6.7878,-14.9295,-10.9779,4.335,412.1212,-73.9283
2016-12-23,1131.9,0.2746,-0.2995,-4.8104,-15.5551,-10.2521,5.3126,413.253,-73.8567
2016-12-27,1137.3,0.4771,-0.2806,-3.4714,-14.9491,-13.8409,6.3494,415.2246,-73.732
2016-12-28,1139.4,0.1846,0.6982,-4.3003,-14.9511,-13.845,5.7742,415.9913,-73.6835
2016-12-29,1156.4,1.492,2.2368,-2.6517,-12.7838,-12.0809,8.0243,422.1979,-73.2908
2016-12-30,1150.0,-0.5534,1.8781,-1.7766,-12.8392,-13.1354,6.7285,419.8613,-73.4387
2017-01-03,1160.4,0.9043,2.5179,-0.557,-12.204,-11.9842,9.4614,423.6583,-73.1984
2017-01-04,1163.8,0.293,2.3301,-0.9616,-11.3835,-12.9348,9.7614,424.8996,-73.1199
2017-01-05,1179.7,1.3662,3.5369,0.4855,-9.8778,-13.0271,9.7293,430.7046,-72.7527
2017-01-06,1171.9,-0.6612,1.3404,0.3683,-7.4548,-14.1402,8.6703,427.8569,-72.9328
2017-01-09,1183.5,0.9898,2.913,0.7234,-6.4575,-12.9843,8.389,432.092,-72.6649
2017-01-10,1184.2,0.0591,2.051,1.231,-5.2488,-12.7082,6.9062,432.3476,-72.6487
2017-01-11,1195.6,0.9627,2.7324,3.1223,-4.2678,-11.7638,8.9087,436.5097,-72.3854
2017-01-12,1198.9,0.276,1.6275,3.0425,-4.3176,-10.1342,9.3388,437.7145,-72.3092
2017-01-13,1195.3,-0.3003,1.9968,3.3371,-4.4601,-10.958,10.105,436.4002,-72.3924
2017-01-17,1212.0,1.3971,2.4081,4.3658,-3.4263,-8.9612,11.4483,442.4973,-72.0067
2017-01-18,1211.3,-0.0578,2.2885,7.4038,-3.3357,-8.6845,12.7945,442.2417,-72.0228
2017-01-19,1200.9,-0.8586,0.4433,5.7782,-4.265,-9.598,10.0229,438.4447,-72.263
2017-01-20,1204.3,0.2831,0.4504,5.594,-4.4813,-9.5531,10.4964,439.686,-72.1845
2017-01-23,1215.0,0.8885,1.6481,7.3796,-4.1723,-7.8708,9.7462,443.5926,-71.9374
2017-01-24,1210.3,-0.3868,-0.1403,7.002,-4.3695,-9.0342,10.1174,441.8766,-72.0459
2017-01-25,1197.3,-1.0741,-1.1558,6.0684,-5.4191,-9.508,9.1232,437.1304,-72.3462
2017-01-26,1189.5,-0.6515,-0.9493,5.0888,-5.7448,-9.8386,7.5303,434.2826,-72.5263
2017-01-27,1188.1,-0.1177,-1.3452,4.4667,-6.5886,-10.0401,5.9196,433.7715,-72.5587
2017-01-30,1193.2,0.4293,-1.7942,4.7218,-5.661,-10.0558,6.908,435.6334,-72.4409
2017-01-31,1208.6,1.2906,-0.1405,4.514,-4.677,-9.2847,8.3363,441.2559,-72.0852
2017-02-01,1205.6,-0.2482,0.6932,4.8348,-5.4802,-10.6301,7.99,440.1606,-72.1545
2017-02-02,1216.7,0.9207,2.2867,4.8518,-4.3099,-9.9674,7.873,444.2132,-71.8981
2017-02-03,1218.5,0.1479,2.5587,4.7001,-5.2783,-10.6933,8.0901,444.8704,-71.8565
2017-02-06,1230.0,0.9438,3.0841,4.2638,-5.877,-9.2987,7.7718,449.069,-71.5909
2017-02-07,1234.2,0.3415,2.1182,5.3161,-5.2147,-9.1699,6.6171,450.6024,-71.4939
2017-02-08,1237.6,0.2755,2.6543,4.5712,-5.0411,-7.393,6.8924,451.8437,-71.4154
2017-02-09,1235.1,-0.202,1.5123,4.2983,-3.3795,-7.3721,3.1054,450.931,-71.4731
2017-02-10,1234.4,-0.0567,1.3049,3.2452,-3.0627,-7.8118,2.9782,450.6754,-71.4893
2017-02-13,1224.4,-0.8101,-0.4553,2.1269,-3.7875,-8.9191,2.486,447.0245,-71.7203
2017-02-14,1223.9,-0.0408,-0.8345,2.3927,-3.2872,-8.8343,-1.9232,446.8419,-71.7318
2017-02-15,1231.7,0.6373,-0.4767,1.6254,0.8598,-7.7931,-0.5972,449.6897,-71.5516
2017-02-16,1240.0,0.6739,0.3967,2.3694,1.3072,-7.4834,2.6575,452.72,-71.3599
2017-02-17,1237.6,-0.1936,0.2592,3.056,1.1607,-8.3599,2.1881,451.8437,-71.4154
2017-02-21,1237.5,-0.0081,1.0699,2.7568,1.7263,-7.835,0.9298,451.8072,-71.4177
2017-02-22,1232.0,-0.4444,0.6618,1.3992,1.9446,-8.8218,0.13,449.7992,-71.5447
2017-02-23,1250.2,1.4773,1.502,3.2967,3.3565,-6.7293,3.365,456.4439,-71.1244
2017-02-24,1256.9,0.5359,1.3629,4.9779,3.7903,-6.0402,2.8307,458.8901,-70.9696
2017-02-27,1257.4,0.0398,1.5999,5.7083,5.7438,-6.2062,1.5097,459.0727,-70.9581
2017-02-28,1252.6,-0.3817,1.2202,5.4288,6.3147,-5.4213,1.163,457.3202,-71.0689
2017-03-01,1248.9,-0.2954,1.3718,4.6681,4.8967,-5.3935,2.3856,455.9694,-71.1544
2017-03-02,1231.9,-1.3612,-1.4638,1.9279,3.704,-6.7802,-0.1621,449.7627,-71.547
2017-03-03,1225.5,-0.5195,-2.4982,1.6506,4.672,-7.3626,-0.3902,447.4261,-71.6948
2017-03-06,1224.5,-0.0816,-2.6165,0.6411,4.9362,-6.6479,-1.3375,447.061,-71.7179
2017-03-07,1215.1,-0.7677,-2.9938,-0.279,3.404,-7.0243,-3.3641,443.6291,-71.9351
2017-03-08,1208.5,-0.5432,-3.2348,-1.748,2.9387,-7.9028,-4.835,441.2194,-72.0875
2017-03-09,1202.4,-0.5048,-2.3947,-2.5766,2.9805,-9.0538,-4.8132,438.9924,-72.2284
2017-03-10,1200.7,-0.1414,-2.0237,-2.9816,2.1872,-11.0197,-4.8649,438.3717,-72.2676
2017-03-13,1202.4,0.1416,-1.8048,-2.6476,2.7868,-10.5557,-4.3132,438.9924,-72.2284
2017-03-14,1201.9,-0.0416,-1.0863,-2.6329,3.6657,-10.0913,-5.511,438.8098,-72.2399
2017-03-15,1200.1,-0.1498,-0.6951,-1.9846,3.1457,-9.7737,-4.6556,438.1526,-72.2815
2017-03-16,1226.5,2.1998,2.0043,0.2124,6.0344,-7.1537,-1.4384,447.7912,-71.6717
2017-03-17,1229.8,0.2691,2.4236,-0.1543,5.8986,-6.7627,-0.0488,448.996,-71.5955
2017-03-20,1233.6,0.309,2.5948,-0.5161,9.3811,-6.6515,0.3498,450.3834,-71.5078
2017-03-21,1246.1,1.0133,3.6775,0.6868,9.7595,-5.1313,-1.4551,454.9471,-71.2191
2017-03-22,1249.3,0.2568,4.0997,0.9535,9.5397,-4.3268,-0.3589,456.1154,-71.1451
2017-03-23,1246.9,-0.1921,1.6633,1.2094,10.1989,-5.0704,0.2492,455.2392,-71.2006
2017-03-24,1248.2,0.1043,1.4962,-0.16,10.3528,-4.9859,0.0,455.7138,-71.1705
2017-03-27,1255.4,0.5768,1.7672,-0.1193,11.2154,-5.3885,2.5905,458.3425,-71.0042
2017-03-28,1255.3,-0.008,0.7383,-0.167,10.902,-6.3488,2.7755,458.306,-71.0066
2017-03-29,1253.4,-0.1514,0.3282,0.0639,10.2084,-6.2668,2.7461,457.6123,-71.0504
2017-03-30,1245.0,-0.6702,-0.1524,-0.3123,9.268,-7.0687,0.7608,454.5455,-71.2445
2017-03-31,1247.3,0.1847,-0.0721,1.2501,7.8606,-5.928,1.6627,455.3852,-71.1913
2017-04-03,1250.8,0.2806,-0.3664,2.0645,8.7652,-5.1993,1.345,456.663,-71.1105
2017-04-04,1255.0,0.3358,-0.0239,2.4908,8.1524,-5.0465,2.6837,458.1964,-71.0135
2017-04-05,1245.4,-0.7649,-0.6383,2.4936,7.0115,-5.1702,2.2496,454.6915,-71.2352
2017-04-06,1250.3,0.3934,0.4257,3.4588,5.9846,-4.4843,1.7828,456.4805,-71.122
2017-04-07,1254.3,0.3199,0.5612,4.3164,7.0313,-0.9476,2.6012,457.9409,-71.0297
2017-04-10,1251.1,-0.2551,0.024,4.1976,5.7119,-1.1144,1.2053,456.7725,-71.1036
2017-04-11,1271.2,1.6066,1.2908,5.7219,7.3467,1.7123,2.3099,464.111,-70.6393
2017-04-12,1275.3,0.3225,2.4008,6.107,6.6661,2.1139,1.4801,465.6079,-70.5446
2017-04-13,1285.9,0.8312,2.8473,7.1494,7.2567,2.6257,2.1042,469.4779,-70.2998
2017-04-17,1289.4,0.2722,2.7984,5.1284,7.8725,3.0613,3.4167,470.7558,-70.219
2017-04-18,1291.7,0.1784,3.2451,5.0333,6.5759,2.9243,5.4449,471.5955,-70.1658
2017-04-19,1281.4,-0.7974,0.8024,3.8748,5.7872,2.2584,3.917,467.835,-70.4037
2017-04-20,1281.9,0.039,0.5175,2.873,6.7449,2.1923,3.9154,468.0175,-70.3922
2017-04-21,1287.4,0.4291,0.1166,3.0497,6.9003,2.1098,2.7454,470.0256,-70.2652
2017-04-24,1275.8,-0.901,-1.0548,2.3177,5.0041,0.6231,1.8034,465.7905,-70.5331
2017-04-25,1265.6,-0.7995,-2.0206,1.394,4.5691,0.0,1.3291,462.0664,-70.7687
2017-04-26,1262.1,-0.2765,-1.5062,0.5337,5.4122,-0.3002,2.7183,460.7886,-70.8495
2017-04-27,1263.7,0.1268,-1.4198,0.6692,6.2379,0.1347,2.0018,461.3728,-70.8125
2017-04-28,1266.1,0.1899,-1.6545,1.0132,6.5651,-0.456,1.924,462.249,-70.7571
2017-05-01,1253.3,-1.011,-1.7636,0.6667,5.0369,-0.9092,0.3282,457.5758,-71.0528
2017-05-02,1255.1,0.1436,-0.8296,0.6253,3.8474,-1.0095,-0.8218,458.2329,-71.0112
2017-05-03,1246.4,-0.6932,-1.244,-0.3518,3.3842,-2.2815,-3.3199,455.0566,-71.2121
2017-05-04,1226.5,-1.5966,-2.9437,-2.2709,0.8055,-3.5391,-5.2676,447.7912,-71.6717
2017-05-05,1224.8,-0.1386,-3.262,-1.6541,0.517,-4.7886,-5.1057,447.1705,-71.711
2017-05-08,1225.3,0.0408,-2.2341,-1.9995,-0.3821,-6.2366,-3.7697,447.3531,-71.6995
2017-05-09,1214.3,-0.8977,-3.2507,-3.189,-1.6124,-6.7429,-4.4911,443.337,-71.9535
2017-05-10,1217.3,0.2471,-2.3347,-2.7016,-1.6403,-6.5986,-5.8473,444.4323,-71.8842
2017-05-11,1222.7,0.4436,-0.3098,-3.8153,-1.004,-4.3495,-3.3897,446.4038,-71.7595
2017-05-12,1226.2,0.2863,0.1143,-3.8501,-0.6643,-3.7066,-2.9828,447.6816,-71.6787
2017-05-15,1228.6,0.1957,0.2693,-4.456,0.343,-3.4575,-3.609,448.5579,-71.6232
2017-05-16,1235.0,0.5209,1.7047,-4.219,0.9069,-2.4101,-2.7789,450.8945,-71.4754
2017-05-17,1257.5,1.8219,3.3024,-2.6477,2.0947,2.9725,-1.1322,459.1092,-70.9557
2017-05-18,1251.7,-0.4612,2.3718,-2.3178,0.9435,2.2631,-1.7041,456.9916,-71.0897
2017-05-19,1252.7,0.0799,2.1611,-2.2779,1.2201,2.395,-1.8414,457.3567,-71.0666
2017-05-22,1260.7,0.6386,2.6127,-2.074,1.8747,3.6334,-1.0206,460.2775,-70.8818
2017-05-23,1254.8,-0.468,1.6032,-1.646,1.8507,3.8312,0.0478,458.1234,-71.0181
2017-05-24,1252.4,-0.1913,-0.4056,-1.043,0.176,3.5384,0.0,457.2472,-71.0735
2017-05-25,1255.8,0.2715,0.3276,-0.4992,-0.0875,3.6994,0.3757,458.4885,-70.995
2017-05-26,1267.6,0.9396,1.1894,0.3086,0.8112,6.6016,3.1492,462.7966,-70.7225
2017-05-30,1262.1,-0.4339,0.1111,-0.3159,0.7584,7.121,3.1549,460.7886,-70.8495
2017-05-31,1272.0,0.7844,1.3707,1.4921,1.8496,6.8369,4.2538,464.4031,-70.6208
2017-06-01,1267.0,-0.3931,1.1658,0.9481,2.8493,6.6588,4.3829,462.5776,-70.7363
2017-06-02,1276.8,0.7735,1.6722,2.439,4.1861,9.0536,5.1037,466.1556,-70.51
2017-06-05,1279.3,0.1958,0.923,4.3049,4.4753,9.6324,5.5615,467.0683,-70.4522
2017-06-06,1294.4,1.1803,2.5592,5.6826,6.5262,10.1523,6.9929,472.5813,-70.1035
2017-06-07,1290.1,-0.3322,1.423,5.2885,6.7522,9.8893,4.0319,471.0113,-70.2028
2017-06-08,1276.3,-1.0697,0.734,5.1058,6.146,9.3097,2.547,465.973,-70.5215
2017-06-09,1268.5,-0.6111,-0.6501,4.206,5.6467,7.9574,1.9367,463.1252,-70.7017
2017-06-12,1266.1,-0.1892,-1.0318,3.5495,5.2977,8.2322,0.5001,462.249,-70.7571
2017-06-13,1265.8,-0.0237,-2.2095,3.2295,5.3166,9.1772,-0.3464,462.1395,-70.764
2017-06-14,1272.8,0.553,-1.341,3.5976,6.0578,9.3941,-0.0471,464.6952,-70.6024
2017-06-15,1252.2,-1.6185,-1.8883,1.3927,2.0954,8.2562,-2.507,457.1741,-71.0782
2017-06-16,1254.0,0.1438,-1.1431,-0.2783,1.9678,7.9824,-2.458,457.8313,-71.0366
2017-06-19,1244.2,-0.7815,-1.7297,-0.5992,0.8593,10.321,-3.2353,454.2534,-71.2629
2017-06-20,1241.0,-0.2572,-1.9592,-0.934,-0.4093,9.3103,-4.2512,453.0851,-71.3368
2017-06-21,1243.4,0.1934,-2.3099,-1.3722,-0.4723,9.0224,-3.7988,453.9613,-71.2814
2017-06-22,1247.6,0.3378,-0.3674,-0.5738,0.0561,10.2607,-3.2868,455.4947,-71.1844
2017-06-23,1256.2,0.6893,0.1754,0.3034,0.6409,11.06,-1.1255,458.6345,-70.9858
2017-06-26,1246.3,-0.7881,0.1688,-0.7565,-0.7249,10.4093,-1.7114,455.0201,-71.2144
2017-06-27,1246.4,0.008,0.4351,-1.6724,-0.709,10.1157,-1.1735,455.0566,-71.2121
2017-06-28,1248.0,0.1284,0.37,-1.1172,-0.4308,9.7336,-5.4545,455.6408,-71.1752
2017-06-29,1244.2,-0.3045,-0.2725,-2.1855,-0.0643,9.1978,-5.9206,454.2534,-71.2629
2017-06-30,1240.7,-0.2813,-1.2339,-2.0758,-0.5292,7.2899,-5.6717,452.9755,-71.3438
2017-07-03,1217.9,-1.8377,-2.2787,-4.6131,-2.6303,5.9043,-8.0066,444.6514,-71.8704
2017-07-05,1220.4,0.2053,-2.086,-4.6041,-2.757,5.1706,-7.4333,445.5641,-71.8126
2017-07-06,1222.2,0.1475,-2.0673,-5.5779,-1.8629,5.018,-8.5659,446.2212,-71.7711
2017-07-07,1208.6,-1.1127,-2.8613,-6.3173,-3.3352,2.4498,-10.8965,441.2559,-72.0852
2017-07-10,1212.1,0.2896,-2.3051,-5.0302,-3.3644,3.4303,-11.195,442.5338,-72.0043
2017-07-11,1213.6,0.1238,-0.3531,-4.3279,-2.9974,2.5433,-10.7713,443.0814,-71.9697
2017-07-12,1218.1,0.3708,-0.1885,-3.7912,-4.1772,2.8627,-10.2093,444.7244,-71.8658
2017-07-13,1216.3,-0.1478,-0.4827,-3.9106,-4.6264,1.7314,-10.2362,444.0672,-71.9073
2017-07-14,1226.6,0.8468,1.4893,-3.6298,-4.6116,2.3104,-8.0579,447.8277,-71.6694
2017-07-17,1232.8,0.5055,1.7078,-1.5493,-4.3896,3.1373,-8.1645,450.0913,-71.5262
2017-07-18,1241.1,0.6733,2.266,-1.0287,-3.9173,2.401,-6.7753,453.1216,-71.3345
2017-07-19,1241.2,0.0081,1.8964,-0.2411,-3.1372,2.4684,-6.4305,453.1581,-71.3322
2017-07-20,1244.8,0.29,2.3432,0.3062,-2.8941,3.6556,-6.2933,454.4725,-71.2491
2017-07-21,1254.3,0.7632,2.2583,0.8766,-2.5711,4.1518,-5.798,457.9409,-71.0297
2017-07-24,1253.9,-0.0319,1.7115,0.505,-1.7166,3.2016,-4.9211,457.7948,-71.0389
2017-07-25,1251.7,-0.1755,0.8541,-0.3582,-1.0983,3.4206,-5.9226,456.9916,-71.0897
2017-07-26,1249.0,-0.2157,0.6284,0.2166,-1.038,4.318,-5.6005,456.0059,-71.1521
2017-07-27,1259.6,0.8487,1.1889,1.059,-0.3244,5.8932,-4.5251,459.8759,-70.9072
2017-07-28,1268.4,0.6986,1.1241,1.6346,0.1817,6.7587,-3.96,463.0887,-70.704
2017-07-31,1266.6,-0.1419,1.0128,1.8004,1.0612,6.1515,-4.5228,462.4315,-70.7456
2017-08-01,1272.6,0.4737,1.6697,2.5711,1.3943,5.2954,-4.481,464.6221,-70.607
2017-08-02,1271.8,-0.0629,1.8255,4.4257,2.0379,5.491,-5.7228,464.3301,-70.6255
2017-08-03,1267.8,-0.3145,0.651,3.884,3.3673,4.1999,-6.1862,462.8697,-70.7178
2017-08-04,1258.3,-0.7493,-0.7963,2.9537,2.7351,3.2663,-7.7763,459.4013,-70.9373
2017-08-07,1258.2,-0.008,-0.6632,4.1039,2.685,2.2927,-7.2192,459.3647,-70.9396
2017-08-08,1256.4,-0.1431,-1.273,3.6548,3.467,1.7987,-7.5361,458.7076,-70.9812
2017-08-09,1273.0,1.3212,0.0944,4.8945,4.5757,2.8604,-4.7441,464.7682,-70.5977
2017-08-10,1283.7,0.8405,1.2541,5.3854,4.989,3.9349,-3.7273,468.6747,-70.3506
2017-08-11,1287.7,0.3116,2.3365,5.8703,5.0155,4.3179,-3.8312,470.1351,-70.2582
2017-08-14,1284.2,-0.2718,2.0664,4.6959,4.5255,4.884,-4.4707,468.8572,-70.3391
2017-08-15,1273.7,-0.8176,1.3769,3.3176,3.1336,4.069,-5.1248,465.0237,-70.5816
2017-08-16,1276.9,0.2512,0.3064,2.8845,1.5427,3.6697,-4.4093,466.1921,-70.5077
2017-08-17,1286.4,0.744,0.2103,3.6416,2.7722,3.7419,-4.0215,469.6605,-70.2882
2017-08-18,1285.7,-0.0544,-0.1553,3.2857,2.6343,3.8866,-4.7982,469.4049,-70.3044
2017-08-21,1290.8,0.3967,0.5139,2.91,2.3876,4.3071,-3.8653,471.2669,-70.1866
2017-08-22,1285.1,-0.4416,0.895,2.4882,2.4147,4.3101,-4.8919,469.1858,-70.3183
2017-08-23,1288.9,0.2957,0.9398,2.972,2.9144,3.0955,-3.8421,470.5732,-70.2305
2017-08-24,1286.5,-0.1862,0.0078,3.0024,2.4447,2.355,-3.8275,469.697,-70.2859
2017-08-25,1292.5,0.4664,0.5289,2.6119,1.9643,2.7915,-3.5879,471.8876,-70.1474
2017-08-28,1309.7,1.3308,1.4642,3.2561,3.7715,4.5585,-1.1099,478.1672,-69.7501
2017-08-29,1313.1,0.2596,2.1788,3.6712,3.2311,5.1405,-0.5303,479.4085,-69.6716
2017-08-30,1308.1,-0.3808,1.4896,2.7896,3.2439,6.1856,-1.014,477.5831,-69.787
2017-08-31,1316.2,0.6192,2.3086,3.4911,3.0858,7.4011,-0.5065,480.5403,-69.6
2017-09-01,1324.5,0.6306,2.4758,4.4723,3.5332,8.1666,0.9758,483.5707,-69.4083
2017-09-05,1339.2,1.1098,2.2524,6.4293,3.4611,10.2131,2.4715,488.9376,-69.0687
2017-09-06,1333.9,-0.3958,1.584,6.0165,3.3951,10.3765,1.6537,487.0026,-69.1911
2017-09-07,1345.1,0.8396,2.8285,7.0598,5.3906,11.8679,1.7397,491.0916,-68.9325
2017-09-08,1346.0,0.0669,2.2641,5.7345,6.1096,12.1013,-0.252,491.4202,-68.9117
2017-09-11,1331.0,-1.1144,0.4908,3.6847,5.126,10.6953,-0.9894,485.9438,-69.2581
2017-09-12,1328.0,-0.2254,-0.8363,3.1296,4.9139,10.4917,-0.6583,484.8485,-69.3274
2017-09-13,1323.4,-0.3464,-0.7872,3.0525,3.9755,10.2741,-0.5037,483.1691,-69.4337
2017-09-14,1324.7,0.0982,-1.5166,4.0041,5.7898,8.0065,0.2801,483.6437,-69.4036
2017-09-15,1320.4,-0.3246,-1.9019,3.4067,5.2951,7.367,0.1061,482.0738,-69.503
2017-09-18,1306.3,-1.0679,-1.8557,1.547,4.9912,5.8933,-1.1502,476.9259,-69.8286
2017-09-19,1306.2,-0.0077,-1.6416,1.5945,5.2538,4.823,-0.5558,476.8894,-69.8309
2017-09-20,1312.0,0.444,-0.8614,1.6424,5.5171,5.0188,0.4748,479.0069,-69.697
2017-09-21,1290.6,-1.6311,-2.5742,0.428,3.4466,3.5047,-1.7434,471.1939,-70.1912
2017-09-22,1293.3,0.2092,-2.0524,0.3414,2.9534,3.6132,-1.5529,472.1797,-70.1289
2017-09-25,1306.8,1.0438,0.0383,1.5779,4.8544,4.0943,-1.5148,477.1085,-69.8171
2017-09-26,1297.0,-0.7499,-0.7043,0.3482,4.0597,3.3219,-3.2378,473.5305,-70.0434
2017-09-27,1283.4,-1.0486,-2.1799,-2.0081,2.8365,2.3935,-4.0233,468.5652,-70.3575
2017-09-28,1285.5,0.1636,-0.3952,-2.1019,3.3194,3.253,-4.0457,469.3319,-70.309
2017-09-29,1281.5,-0.3112,-0.9124,-2.0335,3.2885,2.7419,-3.3487,467.8715,-70.4014
2017-10-02,1272.7,-0.6867,-2.6094,-3.305,4.4995,1.7509,-3.5395,464.6586,-70.6047
2017-10-03,1271.5,-0.0943,-1.9661,-4.0015,4.1871,1.3147,-3.7981,464.2205,-70.6324
2017-10-04,1273.7,0.173,-0.7558,-4.891,4.2137,2.2724,-3.0153,465.0237,-70.5816
2017-10-05,1269.9,-0.2983,-1.2135,-4.798,5.072,1.5676,-2.987,463.6364,-70.6693
2017-10-06,1271.6,0.1339,-0.7725,-5.4643,4.9088,1.3792,0.4185,464.257,-70.6301
2017-10-09,1281.8,0.8021,0.715,-4.7697,5.6197,2.4538,1.3121,467.981,-70.3945
2017-10-10,1290.6,0.6865,1.5022,-3.0353,5.9519,1.5261,3.2645,471.1939,-70.1912
2017-10-11,1285.8,-0.3719,0.95,-3.1777,5.7141,0.8233,2.9546,469.4414,-70.3021
2017-10-12,1293.3,0.5833,1.8427,-2.2744,5.4378,0.5755,3.2163,472.1797,-70.1289
2017-10-13,1301.5,0.634,2.3514,-1.7513,5.5727,0.9384,4.0285,475.1734,-69.9395
2017-10-16,1299.9,-0.1229,1.4121,-1.5526,4.7377,0.6348,3.5777,474.5893,-69.9764
2017-10-17,1283.0,-1.3001,-0.5889,-1.7837,3.3677,0.1249,2.3861,468.4191,-70.3668
2017-10-18,1279.9,-0.2416,-0.4589,-2.0135,2.8197,-0.156,2.0328,467.2874,-70.4384
2017-10-19,1286.9,0.5469,-0.4949,-1.9131,2.5991,-0.0388,2.0701,469.843,-70.2767
2017-10-20,1277.4,-0.7382,-1.8517,-1.0228,1.8742,0.1254,0.7493,466.3746,-70.4961
2017-10-23,1277.7,0.0235,-1.7078,-1.2062,2.0772,0.9561,0.9561,466.4841,-70.4892
2017-10-24,1275.0,-0.2113,-0.6235,-2.4334,2.0817,1.0221,0.7189,465.4984,-70.5516
2017-10-25,1275.4,0.0314,-0.3516,-1.6654,1.2544,0.9259,1.0618,465.6444,-70.5423
2017-10-26,1266.3,-0.7135,-1.6007,-1.3324,-0.1656,0.0158,-0.4403,462.322,-70.7525
2017-10-27,1268.5,0.1737,-0.6967,-1.3224,0.15,1.2128,0.2925,463.1252,-70.7017
2017-10-30,1274.1,0.4415,-0.2818,-0.5775,0.1179,1.5138,0.489,465.1698,-70.5723
2017-10-31,1267.0,-0.5573,-0.6275,-0.4479,-0.3774,1.6528,-0.6664,462.5776,-70.7363
2017-11-01,1274.1,0.5604,-0.1019,0.2045,0.4969,3.881,0.2045,465.1698,-70.5723
2017-11-02,1274.9,0.0628,0.6791,0.0942,1.3192,4.0905,-0.894,465.4619,-70.5539
2017-11-03,1266.5,-0.6589,-0.1577,-0.2677,0.6597,3.3624,-3.0839,462.395,-70.7479
2017-11-06,1279.4,1.0186,0.416,0.6134,1.8306,5.3611,-1.7433,467.1048,-70.4499
2017-11-07,1273.7,-0.4455,0.5288,-0.6319,0.055,4.6332,-2.2712,465.0237,-70.5816
2017-11-08,1281.6,0.6202,0.5887,-0.6974,-0.1636,4.8172,0.2581,467.908,-70.3991
2017-11-09,1285.6,0.3121,0.8393,-0.0156,-0.1631,4.8442,0.9581,469.3684,-70.3067
2017-11-10,1272.4,-1.0268,0.4659,-1.616,-0.9189,3.565,-0.0157,464.5491,-70.6116
2017-11-13,1277.3,0.3851,-0.1641,-1.8594,0.2826,3.4251,0.9324,466.3381,-70.4984
2017-11-14,1281.5,0.3288,0.6124,-1.4155,0.3602,1.9085,4.9378,467.8715,-70.4014
2017-11-15,1276.5,-0.3902,-0.3979,-0.5066,-0.7696,1.9813,4.2892,466.046,-70.5169
2017-11-16,1277.4,0.0705,-0.6378,-0.1953,-0.6456,1.9717,4.4139,466.3746,-70.4961
2017-11-17,1295.8,1.4404,1.839,0.6916,0.3874,2.7842,6.5187,473.0924,-70.0711
2017-11-20,1274.6,-1.6361,-0.2114,-0.2192,-0.8171,1.5779,5.4696,465.3523,-70.5608
2017-11-21,1281.1,0.51,-0.0312,0.2661,-0.6052,2.2916,5.911,467.7254,-70.4107
2017-11-22,1291.6,0.8196,1.1829,1.302,0.3964,2.8508,6.6557,471.559,-70.1681
2017-11-24,1286.7,-0.3794,0.728,0.886,-0.4487,1.5068,8.2079,469.77,-70.2813
2017-11-27,1293.8,0.5518,-0.1543,2.1717,-1.214,2.5117,9.8116,472.3622,-70.1173
2017-11-28,1294.7,0.0696,1.577,2.0654,-1.4013,1.7846,8.7435,472.6908,-70.0965
2017-11-29,1282.1,-0.9732,0.0781,0.6279,-1.9876,1.1918,7.93,468.0905,-70.3876
2017-11-30,1273.2,-0.6942,-1.4246,0.4893,-3.267,-0.282,8.7461,464.8412,-70.5931
2017-12-01,1278.8,0.4398,-0.614,0.3689,-3.4504,-0.0391,9.5895,466.8858,-70.4638
2017-12-04,1274.3,-0.3519,-1.5072,-0.0471,-4.8462,-1.5528,8.4418,465.2428,-70.5677
2017-12-05,1261.6,-0.9966,-2.5566,-0.3869,-5.4202,-2.2091,7.4617,460.6061,-70.8611
2017-12-06,1262.8,0.0951,-1.5053,-1.2975,-6.1185,-1.0577,8.1535,461.0442,-70.8333
2017-12-07,1249.8,-1.0295,-1.8379,-1.8764,-7.1471,-1.4742,6.366,456.2979,-71.1336
2017-12-08,1245.2,-0.3681,-2.6275,-2.8402,-6.4463,-1.6507,6.4455,454.6185,-71.2398
2017-12-11,1243.7,-0.1205,-2.4013,-3.2592,-6.3479,-1.7459,7.271,454.0708,-71.2745
2017-12-12,1238.5,-0.4181,-1.831,-2.6643,-6.4153,-2.6948,6.4461,452.1723,-71.3946
2017-12-13,1245.4,0.5571,-1.3779,-2.4975,-5.9863,-0.543,7.6684,454.6915,-71.2352
2017-12-14,1253.8,0.6745,0.3201,-2.1615,-5.0439,-0.0159,7.9652,457.7583,-71.0412
2017-12-15,1254.3,0.0399,0.7308,-1.7391,-3.9807,0.8118,11.2165,457.9409,-71.0297
2017-12-18,1262.2,0.6298,1.4875,-1.1899,-3.3686,1.7083,11.1777,460.8251,-70.8472
2017-12-19,1260.7,-0.1188,1.7925,-2.7088,-3.9101,1.3913,10.5392,460.2775,-70.8818
2017-12-20,1266.1,0.4283,1.6621,-0.6669,-1.8983,1.4828,11.8957,462.249,-70.7571
2017-12-21,1267.3,0.0948,1.0767,-1.0772,-2.0104,0.8836,12.0414,462.6871,-70.7294
2017-12-22,1275.4,0.6392,1.6822,-1.2543,-2.4028,2.3349,12.9872,465.6444,-70.5423
2017-12-26,1284.1,0.6821,1.7351,-0.2021,-0.9946,3.0247,13.4464,468.8207,-70.3414
2017-12-27,1287.0,0.2258,2.0861,-0.5256,0.2805,3.125,13.1627,469.8795,-70.2744
2017-12-28,1294.1,0.5517,2.2115,-0.0463,0.669,4.0106,13.5773,472.4717,-70.1104
2017-12-29,1306.3,0.9427,3.0774,1.8875,1.9352,5.2873,12.9626,476.9259,-69.8286
2018-01-02,1313.7,0.5665,3.003,3.181,3.2215,7.866,14.2348,479.6276,-69.6577
2018-01-03,1316.2,0.1903,2.4998,2.9246,3.5155,7.8499,13.4264,480.5403,-69.6
2018-01-04,1319.4,0.2431,2.5175,3.5392,3.588,7.9529,13.37,481.7087,-69.5261
2018-01-05,1320.3,0.0682,2.0246,4.6528,3.9688,9.2421,11.9183,482.0373,-69.5053
2018-01-08,1318.6,-0.1288,0.9416,4.4187,3.6961,8.7864,12.5181,481.4166,-69.5445
2018-01-09,1311.7,-0.5233,-0.1522,4.9528,2.3326,8.0834,10.8323,478.8974,-69.7039
2018-01-10,1317.4,0.4346,0.0912,5.7983,2.0766,8.152,11.2481,480.9785,-69.5722
2018-01-11,1320.6,0.2429,0.0909,6.1832,2.7065,8.5752,10.455,482.1468,-69.4983
2018-01-12,1333.4,0.9693,0.9922,7.6625,3.1006,8.707,11.2186,486.82,-69.2027
2018-01-16,1335.4,0.15,1.2741,7.2266,2.6047,8.3225,11.7209,487.5502,-69.1565
2018-01-17,1338.0,0.1947,2.005,6.7156,2.931,7.8076,10.396,488.4995,-69.0965
2018-01-18,1326.0,-0.8969,0.6528,5.7163,3.3515,6.8321,9.4692,484.1183,-69.3736
2018-01-19,1331.9,0.4449,0.8557,5.5221,4.0628,6.9971,10.9085,486.2724,-69.2373
2018-01-22,1330.9,-0.0751,-0.1875,5.5683,3.4191,6.107,10.5123,485.9073,-69.2604
2018-01-23,1335.7,0.3607,0.0225,5.4972,4.564,6.5236,9.9342,487.6597,-69.1496
2018-01-24,1355.9,1.5123,1.3378,6.9912,6.1204,8.3247,12.0301,495.0347,-68.683
2018-01-25,1362.4,0.4794,2.7451,6.8214,6.8549,9.0793,13.7894,497.4078,-68.5329
2018-01-26,1351.6,-0.7927,1.4791,5.2566,5.9746,7.3039,13.6276,493.4648,-68.7823
2018-01-30,1335.4,-1.1986,0.3381,3.7607,5.4568,5.2822,12.398,487.5502,-69.1565
2018-01-31,1339.0,0.2696,0.2471,3.4696,5.5577,5.7161,12.2192,488.8646,-69.0734
2018-02-01,1344.3,0.3958,-0.8555,2.909,5.5098,5.6341,11.2279,490.7996,-68.9509
2018-02-02,1333.7,-0.7885,-2.1066,1.5224,5.2644,4.8671,10.6254,486.9295,-69.1958
2018-02-05,1333.0,-0.0525,-1.3761,1.2764,4.6229,5.1428,9.5586,486.674,-69.2119
2018-02-06,1326.1,-0.5176,-0.6964,0.5078,4.016,5.3882,8.8305,484.1548,-69.3713
2018-02-07,1311.6,-1.0934,-2.0463,-0.6589,3.561,4.2442,6.6341,478.8609,-69.7062
2018-02-08,1316.9,0.4041,-2.0382,-0.1289,2.9311,4.8153,6.7007,480.7959,-69.5838
2018-02-09,1313.1,-0.2886,-1.5446,0.1067,3.0934,3.15,6.1005,479.4085,-69.6716
2018-02-12,1324.2,0.8453,-0.6602,0.5162,3.324,3.1549,7.214,483.4611,-69.4152
2018-02-13,1328.1,0.2945,0.1508,0.5679,3.3058,3.1374,7.5907,484.885,-69.3251
2018-02-14,1355.5,2.0631,3.3471,1.6574,6.531,5.5521,10.7073,494.8887,-68.6923
2018-02-15,1352.1,-0.2508,2.6729,1.2506,5.8561,6.1553,10.4747,493.6473,-68.7708
2018-02-16,1353.2,0.0814,3.0538,1.136,5.595,5.9754,9.8644,494.0489,-68.7454
2018-02-20,1328.8,-1.8031,0.3474,0.2112,4.0971,3.296,7.1613,485.1406,-69.3089
2018-02-21,1330.0,0.0903,0.1431,-0.1427,4.1177,3.4456,7.4661,485.5787,-69.2812
2018-02-22,1330.6,0.0451,-1.837,-0.0225,2.6856,3.0834,7.5232,485.7977,-69.2674
2018-02-23,1328.2,-0.1804,-1.7676,-0.5615,4.2052,3.3538,7.8084,484.9215,-69.3228
2018-02-26,1330.7,0.1882,-1.6627,-1.8585,3.8717,3.2431,6.439,485.8342,-69.2651
2018-02-27,1315.5,-1.1423,-1.0009,-3.4425,1.8504,2.2542,4.6623,480.2848,-69.6161
2018-02-28,1315.5,0.0,-1.0902,-2.6709,2.2383,1.7795,4.6206,480.2848,-69.6161
2018-03-01,1302.9,-0.9578,-2.0818,-2.4337,0.7034,-0.5192,4.0157,475.6846,-69.9072
2018-03-02,1321.1,1.3969,-0.5346,-1.3368,2.0391,0.6092,5.7811,482.3293,-69.4868
2018-03-05,1318.1,-0.2271,-0.9469,-1.949,2.8079,0.7645,6.9973,481.234,-69.5561
2018-03-06,1333.6,1.1759,1.3759,-0.0075,4.744,1.322,8.8209,486.893,-69.1981
2018-03-07,1326.0,-0.5699,0.7982,-0.5251,3.691,0.1133,8.2891,484.1183,-69.3736
2018-03-08,1319.9,-0.46,1.3048,-0.4675,3.5784,-1.4412,8.6248,481.8912,-69.5145
2018-03-09,1322.4,0.1894,0.0984,0.8234,4.8193,-0.8621,9.4249,482.804,-69.4568
2018-03-12,1319.4,-0.2269,0.0986,0.1898,4.4821,-1.9106,9.7305,481.7087,-69.5261
2018-03-13,1325.9,0.4926,-0.5774,0.9748,6.089,-1.4933,10.4273,484.0818,-69.3759
2018-03-14,1324.4,-0.1131,-0.1207,0.0151,6.3604,-0.4959,10.1464,483.5342,-69.4106
2018-03-15,1316.8,-0.5738,-0.2349,-0.8508,5.8776,-0.8434,9.5599,480.7594,-69.5861
2018-03-16,1311.3,-0.4177,-0.8394,-3.2608,5.8781,-0.9143,9.2659,478.7514,-69.7131
2018-03-19,1316.8,0.4194,-0.1971,-2.6107,5.7331,-0.5964,7.3624,480.7594,-69.5861
2018-03-20,1311.1,-0.4329,-1.1162,-3.1111,4.5701,-0.7043,6.6108,478.6784,-69.7178
2018-03-21,1320.7,0.7322,-0.2794,-0.6096,5.2938,1.1023,7.0606,482.1833,-69.496
2018-03-22,1326.6,0.4467,0.7442,-0.2556,5.1022,1.5618,6.4602,484.3374,-69.3598
2018-03-23,1349.3,1.7111,2.8979,1.4054,7.0278,2.843,8.0045,492.6251,-68.8355
2018-03-26,1354.4,0.378,2.8554,1.9726,6.9742,4.9434,8.6214,494.4871,-68.7177
2018-03-27,1341.3,-0.9672,2.3034,0.7966,5.8392,3.7114,7.4587,489.7043,-69.0202
2018-03-28,1324.2,-1.2749,0.265,0.6613,3.8262,1.3315,5.4803,483.4611,-69.4152
2018-03-29,1322.8,-0.1057,-0.2864,0.5549,3.0138,1.9892,5.3772,482.95,-69.4475
2018-04-02,1342.1,1.459,-0.5336,3.0087,4.2813,4.5738,7.0767,489.9964,-69.0018
2018-04-03,1332.8,-0.6929,-1.5948,0.8856,2.9905,3.6795,7.0522,486.601,-69.2166
2018-04-04,1335.8,0.2251,-0.41,1.3428,2.2583,4.2372,7.0953,487.6963,-69.1473
2018-04-05,1324.3,-0.8609,0.0076,-0.6974,0.8069,4.0544,5.8762,483.4977,-69.4129
2018-04-06,1331.9,0.5739,0.6879,0.4449,1.1928,4.7503,6.1275,486.2724,-69.2373
2018-04-09,1336.3,0.3304,-0.4322,1.2425,1.2809,4.9148,7.2989,487.8788,-69.1357
2018-04-10,1342.0,0.4265,0.6903,1.4822,1.6436,5.6776,7.3342,489.9599,-69.0041
2018-04-11,1356.5,1.0805,1.5496,2.8119,2.8743,6.6766,8.148,495.2538,-68.6692
2018-04-12,1338.4,-1.3343,1.0647,0.9428,2.0355,4.4157,6.9779,488.6455,-69.0872
2018-04-13,1344.8,0.4782,0.9685,1.5403,2.0799,4.1996,5.7898,490.9821,-68.9394
2018-04-16,1347.5,0.2008,0.8381,2.3314,2.037,4.7986,5.6614,491.9679,-68.877
2018-04-17,1347.2,-0.0223,0.3875,2.7377,1.0349,4.1676,4.7671,491.8583,-68.884
2018-04-18,1351.2,0.2969,-0.3907,2.6124,1.1832,3.8187,4.7929,493.3187,-68.7916
2018-04-19,1346.8,-0.3256,0.6276,2.7229,0.6577,3.608,4.2657,491.7123,-68.8932
2018-04-20,1336.7,-0.7499,-0.6023,1.2115,0.8069,4.1855,4.3156,488.0248,-69.1265
2018-04-23,1322.5,-1.0623,-1.8553,-0.3091,-0.7058,3.3284,3.1672,482.8405,-69.4545
2018-04-24,1331.4,0.673,-1.1728,-1.3266,0.0376,3.4579,3.4177,486.0898,-69.2489
2018-04-25,1321.2,-0.7661,-2.2202,-2.4513,-1.0856,3.4288,3.5585,482.3658,-69.4845
2018-04-26,1316.3,-0.3709,-2.2646,-1.8639,-2.9206,3.0211,4.006,480.5769,-69.5977
2018-04-27,1320.3,0.3039,-1.2269,-0.2945,-3.0901,3.5529,4.6114,482.0373,-69.5053
2018-04-30,1316.2,-0.3105,-0.4764,-0.4989,-2.6191,3.199,4.1545,480.5403,-69.6
2018-05-01,1303.8,-0.9421,-2.073,-2.8537,-2.3663,2.9614,2.9777,476.0132,-69.8864
2018-05-02,1302.6,-0.092,-1.4078,-2.2659,-2.7184,2.6882,3.9336,475.575,-69.9141
2018-05-03,1310.7,0.6218,-0.4254,-1.879,-2.4994,2.8726,4.4299,478.5323,-69.727
2018-05-04,1312.7,0.1526,-0.5756,-0.8759,-1.5746,3.6069,5.3193,479.2625,-69.6808
2018-05-07,1312.2,-0.0381,-0.3039,-1.4791,-1.5604,2.9903,6.9874,479.0799,-69.6924
2018-05-08,1312.0,-0.0152,0.6289,-1.8185,-1.0633,2.91,7.1195,479.0069,-69.697
2018-05-09,1311.3,-0.0533,0.6679,-2.2876,-0.0229,3.5373,7.0187,478.7514,-69.7131
2018-05-10,1320.8,0.7245,0.7706,-2.6318,0.2962,3.2359,8.7705,482.2198,-69.4937
2018-05-11,1319.0,-0.1363,0.4799,-1.4495,0.4493,3.5566,8.3546,481.5626,-69.5353
2018-05-14,1316.5,-0.1895,0.3277,-2.1044,-0.5815,2.7232,7.6716,480.6499,-69.593
2018-05-15,1288.9,-2.0965,-1.7607,-4.3488,-2.9516,0.2567,5.1134,470.5732,-70.2305
2018-05-16,1290.2,0.1009,-1.6091,-4.231,-4.8174,1.3989,5.0138,471.0478,-70.2005
2018-05-17,1288.2,-0.155,-2.4682,-4.6625,-4.726,0.8534,4.3077,470.3176,-70.2467
2018-05-18,1290.2,0.1553,-2.1835,-4.2026,-4.6556,0.6789,2.6004,471.0478,-70.2005
2018-05-21,1290.2,0.0,-1.9977,-3.4787,-2.9049,1.0732,3.0758,471.0478,-70.2005
2018-05-22,1291.7,0.1163,0.2172,-2.3289,-2.8797,1.1195,3.1133,471.5955,-70.1658
2018-05-23,1289.3,-0.1858,-0.0697,-3.1621,-3.1039,-0.5016,2.2686,470.7193,-70.2213
2018-05-24,1303.7,1.1169,1.2032,-1.3246,-1.8446,2.2831,3.897,475.9766,-69.8887
2018-05-25,1303.3,-0.0307,1.0154,-0.9876,-2.0591,1.7329,4.0642,475.8306,-69.8979
2018-05-29,1298.7,-0.353,0.6588,-1.636,-1.2771,0.5497,3.4161,474.1511,-70.0042
2018-05-30,1301.5,0.2156,0.7587,-1.1168,-1.0642,1.1502,2.6743,475.1734,-69.9395
2018-05-31,1300.1,-0.1076,0.8377,-0.2838,-0.2149,0.4869,3.0109,474.6623,-69.9718
2018-06-01,1294.8,-0.4077,-0.6827,-0.5988,-1.9908,0.0077,1.7925,472.7273,-70.0942
2018-06-04,1293.1,-0.1313,-0.7826,-1.3428,-1.8967,0.858,2.06,472.1066,-70.1335
2018-06-05,1297.5,0.3403,-0.0924,-1.1579,-2.707,1.9086,1.6212,473.713,-70.0319
2018-06-06,1297.1,-0.0308,-0.3381,-1.1507,-2.1795,1.431,1.3914,473.567,-70.0411
2018-06-07,1298.7,0.1234,-0.1077,-1.0137,-1.6062,1.9148,0.3322,474.1511,-70.0042
2018-06-08,1298.1,-0.0462,0.2549,-1.0066,-1.8376,2.8932,0.6201,473.9321,-70.018
2018-06-11,1298.9,0.0616,0.4485,-1.6581,-1.5537,2.8587,1.7707,474.2242,-69.9995
2018-06-12,1295.1,-0.2926,-0.185,-1.812,-2.323,3.6246,2.097,472.8368,-70.0873
2018-06-13,1296.9,0.139,-0.0154,-1.4888,-2.0764,4.1519,2.4327,473.494,-70.0457
2018-06-14,1304.0,0.5475,0.4081,1.1715,-0.9721,4.8484,3.0179,476.0862,-69.8817
2018-06-15,1274.6,-2.2546,-1.8103,-1.2091,-2.7988,2.9148,0.1414,465.3523,-70.5608
2018-06-18,1276.2,0.1255,-1.7476,-0.9315,-3.0832,2.4731,1.9166,465.9365,-70.5238
2018-06-19,1275.6,-0.047,-1.5057,-1.1316,-2.7077,1.7387,1.7225,465.7174,-70.5377
2018-06-20,1271.2,-0.3449,-1.9817,-1.4726,-3.748,1.3474,2.1701,464.111,-70.6393
2018-06-21,1267.2,-0.3147,-2.8221,-1.8967,-4.4776,0.3961,2.1112,462.6506,-70.7317
2018-06-22,1267.4,0.0158,-0.5649,-1.6986,-6.0698,0.5315,1.9302,462.7236,-70.7271
2018-06-25,1265.6,-0.142,-0.8306,-2.9224,-6.5564,-0.0395,1.4428,462.0664,-70.7687
2018-06-26,1256.6,-0.7111,-1.4895,-3.5832,-6.3148,-0.8443,0.0318,458.7806,-70.9765
2018-06-27,1252.8,-0.3024,-1.4474,-3.5343,-5.3919,-1.772,0.5215,457.3932,-71.0643
2018-06-28,1247.8,-0.3991,-1.5309,-4.126,-5.6698,-2.8269,0.1123,455.5678,-71.1798
2018-06-29,1251.3,0.2805,-1.2703,-3.7536,-6.7655,-2.7739,0.2644,456.8456,-71.0989
2018-07-02,1239.8,-0.919,-2.0386,-4.2478,-6.9778,-4.196,-0.3536,452.647,-71.3646
2018-07-03,1251.6,0.9518,-0.3979,-3.2093,-6.3033,-4.1874,0.8785,456.9551,-71.092
2018-07-05,1257.3,0.4554,0.3592,-3.0983,-5.0593,-4.2932,3.2351,459.0362,-70.9604
2018-07-06,1254.3,-0.2386,0.5209,-3.2997,-5.8263,-4.7029,2.7778,457.9409,-71.0297
2018-07-09,1258.1,0.303,0.5434,-3.1262,-5.852,-4.6461,2.9373,459.3282,-70.9419
2018-07-10,1253.8,-0.3418,1.1292,-3.4127,-6.5723,-5.0367,3.7399,457.7583,-71.0412
2018-07-11,1242.8,-0.8773,-0.7031,-4.319,-8.3819,-5.7485,2.5328,453.7423,-71.2953
2018-07-12,1245.0,0.177,-0.9783,-3.8684,-6.9785,-5.085,2.5873,454.5455,-71.2445
2018-07-13,1239.6,-0.4337,-1.172,-4.4182,-7.8227,-5.9056,1.765,452.5739,-71.3692
2018-07-16,1238.1,-0.121,-1.5897,-5.0537,-8.1187,-6.2472,1.7923,452.0263,-71.4038
2018-07-17,1225.7,-1.0015,-2.2412,-3.8365,-9.0187,-8.0771,-0.0734,447.4991,-71.6902
2018-07-18,1226.3,0.049,-1.3276,-3.91,-9.2436,-8.1698,-0.5273,447.7182,-71.6764
2018-07-19,1222.4,-0.318,-1.8153,-4.1706,-9.2367,-8.6398,-1.5067,446.2943,-71.7664
2018-07-20,1229.5,0.5808,-0.8148,-3.2804,-8.0197,-7.2775,-0.9426,448.8865,-71.6025
2018-07-23,1224.0,-0.4473,-1.1388,-3.4091,-7.448,-8.1012,-1.671,446.8784,-71.7295
2018-07-24,1223.9,-0.0082,-0.1468,-3.4322,-8.0742,-8.0397,-2.4237,446.8419,-71.7318
2018-07-25,1231.4,0.6128,0.4159,-2.7023,-6.7968,-7.8086,-1.7944,449.5802,-71.5586
2018-07-26,1225.3,-0.4954,0.2372,-2.4908,-6.9133,-9.632,-2.1091,447.3531,-71.6995
2018-07-27,1222.6,-0.2204,-0.5612,-2.4106,-7.3998,-10.2613,-2.1137,446.3673,-71.7618
2018-07-30,1221.3,-0.1063,-0.2206,-2.1237,-7.2101,-9.6404,-3.0406,445.8927,-71.7919
2018-07-31,1223.7,0.1965,-0.0163,-2.2057,-6.1436,-8.3645,-3.5241,446.7689,-71.7364
2018-08-01,1217.9,-0.474,-1.0963,-1.7664,-6.5024,-9.0441,-3.8449,444.6514,-71.8704
2018-08-02,1210.6,-0.5994,-1.1997,-3.2758,-7.6371,-9.9457,-4.8719,441.9861,-72.039
2018-08-03,1214.2,0.2974,-0.6871,-3.428,-7.5036,-8.96,-4.529,443.3005,-71.9558
2018-08-06,1208.6,-0.4612,-1.0399,-3.6435,-7.8951,-9.3323,-4.6695,441.2559,-72.0852
2018-08-07,1209.6,0.0827,-1.1522,-3.855,-7.8049,-8.7852,-3.8703,441.621,-72.0621
2018-08-08,1212.6,0.248,-0.4352,-3.286,-7.5269,-7.548,-3.6242,442.7163,-71.9928
2018-08-09,1211.9,-0.0577,0.1074,-2.4863,-8.245,-7.9733,-3.5419,442.4608,-72.009
2018-08-10,1211.1,-0.066,-0.2553,-2.7229,-8.1804,-7.7679,-4.8625,442.1687,-72.0274
2018-08-13,1191.3,-1.6349,-1.4314,-3.8964,-9.5101,-10.0362,-7.1979,434.9398,-72.4848
2018-08-14,1193.0,0.1427,-1.3724,-3.6427,-7.4405,-10.1724,-7.3542,435.5604,-72.4455
2018-08-15,1177.5,-1.2992,-2.8946,-3.9324,-8.7351,-13.1317,-8.3087,429.9014,-72.8035
2018-08-16,1176.2,-0.1104,-2.9458,-4.0855,-8.6943,-13.0094,-7.6549,429.4268,-72.8335
2018-08-17,1176.5,0.0255,-2.8569,-3.7549,-8.8126,-13.0579,-7.8628,429.5363,-72.8266
2018-08-20,1186.8,0.8755,-0.3777,-3.473,-8.0143,-10.6863,-7.7425,433.2969,-72.5887
2018-08-21,1192.6,0.4887,-0.0335,-2.5654,-7.6721,-10.3308,-7.2412,435.4144,-72.4547
2018-08-22,1196.3,0.3103,1.5966,-2.2551,-7.2132,-10.0932,-7.321,436.7653,-72.3693
2018-08-23,1187.0,-0.7774,0.9182,-3.6057,-8.9514,-10.6309,-7.6336,433.3699,-72.5841
2018-08-24,1206.3,1.626,2.5329,-1.5506,-7.4426,-9.3485,-6.4086,440.4162,-72.1383
2018-08-27,1209.0,0.2238,1.8706,-1.1124,-6.9069,-8.0958,-6.0241,441.402,-72.0759
2018-08-28,1207.4,-0.1323,1.241,-1.1381,-7.2301,-8.2174,-6.5841,440.8178,-72.1129
2018-08-29,1204.5,-0.2402,0.6854,-1.569,-7.3533,-7.5524,-8.0324,439.759,-72.1799
2018-08-30,1197.7,-0.5646,0.9014,-1.6586,-7.4992,-9.3407,-8.7884,437.2764,-72.3369
2018-08-31,1200.3,0.2171,-0.4974,-0.8508,-7.1765,-8.9371,-8.241,438.2257,-72.2769
2018-09-04,1192.7,-0.6332,-1.3482,-1.7707,-8.0771,-10.5654,-9.3831,435.4509,-72.4524
2018-09-05,1194.9,0.1845,-1.0353,-1.1335,-7.8791,-9.8869,-9.7848,436.2541,-72.4016
2018-09-06,1197.9,0.2511,-0.5479,-0.9673,-7.7616,-9.2431,-10.5511,437.3494,-72.3323
2018-09-07,1193.6,-0.359,-0.3423,-1.5669,-8.0502,-9.7399,-10.518,435.7795,-72.4316
2018-09-10,1193.0,-0.0503,-0.6082,-1.5595,-8.1531,-9.5801,-11.3077,435.5604,-72.4455
2018-09-11,1195.4,0.2012,0.2264,-1.2963,-7.6982,-9.8424,-11.1887,436.4367,-72.3901
2018-09-12,1204.7,0.778,0.8201,1.1248,-7.1093,-9.0381,-9.4891,439.832,-72.1753
2018-09-13,1202.0,-0.2241,0.3423,0.7544,-7.8221,-8.7181,-9.488,438.8463,-72.2376
2018-09-14,1195.0,-0.5824,0.1173,1.4862,-6.2451,-8.8691,-9.7023,436.2906,-72.3993
2018-09-17,1199.7,0.3933,0.5616,1.998,-5.9944,-8.8928,-9.4361,438.0066,-72.2907
2018-09-18,1196.8,-0.2417,0.1171,1.7255,-6.1775,-8.7179,-9.3608,436.9478,-72.3577
2018-09-19,1202.2,0.4512,-0.2075,1.2976,-5.4279,-8.9725,-7.9691,438.9193,-72.233
2018-09-20,1206.2,0.3327,0.3494,1.1404,-4.8138,-9.0758,-7.6558,440.3797,-72.1406
2018-09-21,1196.2,-0.829,0.1004,-0.0084,-5.6178,-11.3466,-8.8262,436.7287,-72.3716
2018-09-24,1199.3,0.2592,-0.0333,1.0362,-5.2386,-11.4516,-7.0742,437.8606,-72.3
2018-09-25,1200.0,0.0584,0.2674,-0.5223,-4.5042,-10.5346,-7.2141,438.1161,-72.2838
2018-09-26,1194.0,-0.5,-0.6821,-1.2407,-4.6935,-9.8323,-8.6318,435.9255,-72.4224
2018-09-27,1182.3,-0.9799,-1.9814,-2.0788,-5.2492,-10.6214,-8.8435,431.6539,-72.6926
2018-09-28,1191.5,0.7781,-0.3929,-1.0793,-4.779,-11.2212,-7.1607,435.0128,-72.4801
2018-10-01,1187.1,-0.3693,-1.0173,-0.885,-4.2507,-10.9319,-7.6546,433.4064,-72.5818
2018-10-02,1202.4,1.2889,0.2,0.175,-3.931,-9.9865,-6.1725,438.9924,-72.2284
2018-10-03,1198.3,-0.341,0.3601,0.4695,-4.6926,-9.5145,-5.8458,437.4955,-72.3231
2018-10-04,1197.2,-0.0918,1.2602,0.1925,-4.5523,-10.1134,-5.8435,437.0938,-72.3485
2018-10-05,1201.2,0.3341,0.8141,0.2755,-4.5227,-10.11,-5.6921,438.5542,-72.2561
2018-10-08,1184.4,-1.3986,-0.2274,-0.7708,-5.5352,-11.7437,-6.7328,432.4206,-72.6441
2018-10-09,1187.2,0.2364,-1.2641,-0.4862,-4.4738,-12.4807,-6.6373,433.4429,-72.5795
2018-10-10,1189.3,0.1769,-0.7511,-0.5103,-4.4739,-11.1402,-7.2164,434.2096,-72.5309
2018-10-11,1223.5,2.8756,2.1968,1.5606,-1.2988,-9.0199,-5.1991,446.6959,-71.741
2018-10-12,1218.1,-0.4414,1.4069,1.3394,-1.6154,-9.603,-5.2652,444.7244,-71.8658
2018-10-15,1226.4,0.6814,3.5461,2.6276,0.0571,-8.9667,-5.1728,447.7547,-71.6741
2018-10-16,1227.3,0.0734,3.3777,2.3006,0.0815,-9.1696,-5.7011,448.0833,-71.6533
2018-10-17,1223.7,-0.2933,2.8924,2.2477,0.1063,-9.1402,-5.862,446.7689,-71.7364
2018-10-18,1226.5,0.2288,0.2452,2.0213,-0.244,-8.2442,-4.4037,447.7912,-71.6717
2018-10-19,1225.3,-0.0978,0.5911,1.5835,0.1062,-7.3497,-4.266,447.3531,-71.6995
2018-10-22,1221.2,-0.3346,-0.424,2.09,-0.2206,-8.277,-5.1053,445.8561,-71.7942
2018-10-23,1233.4,0.999,0.497,2.8433,0.1624,-6.6455,-3.4445,450.3104,-71.5124
2018-10-24,1227.8,-0.454,0.3351,2.3167,0.204,-6.7234,-3.9054,448.2658,-71.6417
2018-10-25,1229.1,0.1059,0.212,2.9397,0.5317,-6.9075,-3.6,448.7404,-71.6117
2018-10-26,1232.5,0.2766,0.5876,4.246,0.9171,-6.3592,-3.3637,449.9818,-71.5332
2018-10-29,1224.5,-0.6491,0.2702,2.7696,0.0654,-6.0822,-3.301,447.061,-71.7179
2018-10-30,1222.6,-0.1552,-0.8756,2.9905,0.3859,-6.1416,-3.6184,446.3673,-71.7618
2018-10-31,1212.3,-0.8425,-1.2624,0.8234,0.1404,-7.5074,-4.8505,442.6068,-71.9997
2018-11-01,1236.0,1.955,0.5614,3.1461,1.7954,-5.8429,-2.4467,451.2596,-71.4523
2018-11-02,1230.9,-0.4126,-0.1298,2.8149,1.8451,-6.1957,-3.3906,449.3976,-71.5701
2018-11-05,1229.8,-0.0894,0.4328,2.381,1.67,-6.2652,-3.5375,448.996,-71.5955
2018-11-06,1223.8,-0.4879,0.0982,3.3266,0.9236,-6.6728,-3.3715,446.8054,-71.7341
2018-11-07,1226.2,0.1961,1.1466,3.285,1.18,-7.1623,-4.1582,447.6816,-71.6787
2018-11-08,1222.9,-0.2691,-1.0599,2.8252,0.9743,-7.2858,-3.9884,446.4768,-71.7549
2018-11-09,1206.4,-1.3493,-1.9904,-1.3976,1.2675,-8.3631,-5.8677,440.4527,-72.136
2018-11-12,1201.3,-0.4227,-2.3174,-1.3792,0.6957,-6.7965,-6.5572,438.5908,-72.2538
2018-11-13,1199.2,-0.1748,-2.0101,-2.2179,1.8429,-7.0532,-5.7529,437.824,-72.3023
2018-11-14,1207.9,0.7255,-1.4924,-1.5807,2.6951,-6.2335,-5.4333,441.0004,-72.1013
2018-11-15,1212.8,0.4057,-0.8259,-0.8907,3.0854,-5.9991,-5.3609,442.7894,-71.9882
2018-11-16,1220.8,0.6596,1.1936,-0.4647,2.8648,-5.379,-4.3635,445.7101,-71.8034
2018-11-19,1223.1,0.1884,1.8147,-0.1796,2.5574,-5.3108,-4.2508,446.5498,-71.7503
2018-11-20,1219.0,-0.3352,1.6511,-0.1801,1.8975,-5.4526,-5.9268,445.0529,-71.845
2018-11-21,1225.8,0.5578,1.4819,-0.6162,3.2687,-5.9753,-3.8286,447.5356,-71.6879
2018-11-23,1221.0,-0.3916,0.6761,-0.5538,1.2186,-6.3147,-4.6913,445.7831,-71.7988
2018-11-26,1220.2,-0.0655,-0.0492,-0.7241,0.9264,-6.0445,-5.528,445.491,-71.8173
2018-11-27,1211.2,-0.7376,-0.9729,-1.7282,0.3147,-6.9382,-5.8677,442.2052,-72.0251
2018-11-28,1221.4,0.8421,0.1969,-0.2532,1.4031,-6.0534,-5.5959,445.9292,-71.7895
2018-11-29,1224.1,0.2211,-0.1387,0.1227,2.2042,-5.4603,-5.453,446.9149,-71.7272
2018-11-30,1220.2,-0.3186,-0.0655,0.6516,1.6579,-5.6376,-4.828,445.491,-71.8173
2018-12-03,1233.9,1.1228,1.1228,-0.1699,3.4544,-4.9017,-3.0867,450.4929,-71.5008
2018-12-04,1241.1,0.5835,2.4686,0.8287,3.8664,-4.3173,-2.9481,453.1216,-71.3345
2018-12-06,1238.1,-0.2417,1.3673,0.6749,3.3559,-4.6662,-2.8408,452.0263,-71.4038
2018-12-07,1246.8,0.7027,1.8544,1.8794,4.4571,-3.9519,-1.1731,455.2027,-71.2029
2018-12-10,1243.7,-0.2486,1.9259,1.4272,4.2498,-4.2498,-1.5125,454.0708,-71.2745
2018-12-11,1241.9,-0.1447,0.6484,1.5537,3.8899,-4.1078,-0.6321,453.4137,-71.3161
2018-12-12,1244.4,0.2013,0.2659,3.1499,3.2954,-4.0481,-0.0642,454.3264,-71.2583
2018-12-13,1242.7,-0.1366,0.3715,3.4463,3.386,-4.7009,-0.0804,453.7057,-71.2976
2018-12-14,1237.0,-0.4587,-0.786,3.1521,3.5146,-2.9499,-0.1211,451.6247,-71.4292
2018-12-17,1247.4,0.8407,0.2975,3.2701,3.976,-2.2567,0.1606,455.4217,-71.189
2018-12-18,1249.2,0.1443,0.5878,3.0013,4.3783,-2.0696,-0.3669,456.0789,-71.1475
2018-12-19,1252.1,0.2322,0.6188,2.5639,4.1507,-1.5025,-0.1754,457.1376,-71.0805
2018-12-20,1263.6,0.9185,1.6818,3.3113,4.7587,-0.2841,0.1109,461.3363,-70.8149
2018-12-21,1253.8,-0.7756,1.3581,2.8548,4.8153,-1.0731,-0.5473,457.7583,-71.0412
2018-12-24,1267.5,1.0927,1.6113,3.4019,5.6866,0.1501,0.1106,462.7601,-70.7248
2018-12-26,1269.2,0.1341,1.601,3.9476,5.7667,1.0027,0.1499,463.3808,-70.6855
2018-12-27,1277.3,0.6382,2.0126,4.6796,6.9766,1.9556,0.149,466.3381,-70.4984
2018-12-28,1279.9,0.2036,1.29,5.6721,8.2551,2.5725,-0.3271,467.2874,-70.4384
2018-12-31,1278.3,-0.125,1.9541,4.6586,7.2849,2.1578,-0.676,466.7032,-70.4753
2019-01-02,1281.0,0.2112,1.0651,4.6483,7.91,3.3231,-1.0123,467.6889,-70.413
2019-01-03,1291.8,0.8431,1.7807,5.8679,7.4351,3.2119,-1.11,471.632,-70.1635
2019-01-04,1282.7,-0.7045,0.4228,3.9549,7.0433,2.0202,-2.3597,468.3096,-70.3737
2019-01-07,1286.8,0.3196,0.5391,3.6822,7.4841,2.5911,-2.2337,469.8065,-70.279
2019-01-08,1283.2,-0.2798,0.3833,3.6427,6.8265,1.9951,-2.7437,468.4921,-70.3622
2019-01-09,1289.3,0.4754,0.6479,3.4087,8.8568,2.8314,-2.348,470.7193,-70.2213
2019-01-10,1284.7,-0.3568,-0.5496,3.2966,8.2126,3.3714,-2.5709,469.0398,-70.3275
2019-01-11,1287.1,0.1868,0.343,3.6396,8.2233,3.3815,-1.8754,469.916,-70.2721
2019-01-14,1289.1,0.1554,0.1787,3.5921,5.3617,3.9932,-2.1482,470.6462,-70.2259
2019-01-15,1286.2,-0.225,0.2338,3.5004,5.5907,3.885,-2.6049,469.5874,-70.2929
2019-01-16,1291.6,0.4198,0.1784,4.4139,5.3164,5.3765,-3.1348,471.559,-70.1681
2019-01-17,1291.0,-0.0465,0.4904,3.4953,5.1903,5.276,-3.3248,471.3399,-70.182
2019-01-18,1281.3,-0.7514,-0.4506,2.5697,4.707,4.8184,-4.2377,467.7985,-70.406
2019-01-22,1282.5,0.0937,-0.512,2.4279,4.5658,4.3107,-3.2805,468.2366,-70.3783
2019-01-23,1283.1,0.0468,-0.241,1.5432,4.7172,4.8284,-3.6639,468.4556,-70.3645
2019-01-24,1279.1,-0.3117,-0.9678,2.0179,4.7412,4.5102,-3.8921,466.9953,-70.4569
2019-01-25,1297.4,1.4307,0.4957,2.359,5.1889,5.3598,-2.8674,473.6765,-70.0342
2019-01-28,1302.4,0.3854,1.6468,2.6158,6.0759,6.2923,-3.9457,475.502,-69.9187
2019-01-29,1308.2,0.4453,2.0039,2.4192,6.4356,7.0015,-3.9783,477.6196,-69.7847
2019-01-30,1309.9,0.13,2.0887,2.3439,6.2799,7.2546,-3.0852,478.2403,-69.7455
2019-01-31,1319.7,0.7481,3.1741,3.2387,7.7746,7.8451,-1.1757,481.8182,-69.5191
2019-02-01,1316.9,-0.2122,1.503,2.8025,7.7131,8.1287,-1.6505,480.7959,-69.5838
2019-02-04,1314.3,-0.1974,0.9137,1.7418,8.4138,8.566,-2.2316,479.8467,-69.6438
2019-02-05,1314.2,-0.0076,0.4586,2.4558,6.3269,8.2359,-1.4621,479.8101,-69.6462
2019-02-06,1309.5,-0.3576,-0.0305,1.7641,6.3856,8.3485,-1.7629,478.0942,-69.7547
2019-02-07,1309.4,-0.0076,-0.7805,2.0418,6.4726,8.2507,-1.2593,478.0577,-69.757
2019-02-08,1313.7,0.3284,-0.243,1.8925,7.346,8.3375,0.1601,479.6276,-69.6577
2019-02-11,1307.0,-0.51,-0.5554,1.7358,6.5895,7.8472,-0.7518,477.1815,-69.8125
2019-02-12,1309.2,0.1683,-0.3805,1.717,7.057,8.1001,-0.297,477.9847,-69.7616
2019-02-13,1310.8,0.1222,0.0993,1.6834,8.6538,10.0311,-1.0119,478.5688,-69.7247
2019-02-14,1309.8,-0.0763,0.0306,1.8349,9.0319,9.7904,-1.3779,478.2038,-69.7478
2019-02-15,1318.1,0.6337,0.3349,2.0517,9.9149,11.9405,-2.7591,481.234,-69.5561
2019-02-19,1340.1,1.6691,2.5325,3.8033,10.9446,13.9347,-0.8875,489.2662,-69.048
2019-02-20,1343.3,0.2388,2.6047,4.8388,10.7602,14.1776,-0.7316,490.4345,-68.974
2019-02-21,1323.5,-1.474,0.9689,3.1969,8.4125,11.5184,-0.3989,483.2056,-69.4314
2019-02-22,1329.2,0.4307,1.4811,3.5929,8.6747,11.454,-0.0602,485.2866,-69.2997
2019-02-25,1325.9,-0.2483,0.5918,3.6588,8.7695,10.8334,-0.3532,484.0818,-69.3759
2019-02-26,1325.1,-0.0603,-1.1193,2.135,8.1008,11.6344,-0.2334,483.7897,-69.3944
2019-02-27,1317.7,-0.5585,-1.9058,1.1747,7.9197,9.2348,-0.9769,481.088,-69.5653
2019-02-28,1312.8,-0.3719,-0.8085,0.3516,7.5889,8.5856,-0.2052,479.299,-69.6785
2019-03-01,1296.4,-1.2492,-2.4676,-1.0306,7.0344,7.3712,-1.4519,473.3114,-70.0573
2019-03-04,1284.8,-0.8948,-3.0998,-2.6445,5.1908,6.6667,-1.3892,469.0763,-70.3252
2019-03-05,1282.0,-0.2179,-3.2526,-2.6502,4.73,7.0385,-2.9597,468.054,-70.3899
2019-03-06,1284.9,0.2262,-2.4892,-2.2369,5.3024,7.0482,-2.5188,469.1128,-70.3229
2019-03-07,1283.8,-0.0856,-2.209,-2.3132,4.0441,7.6381,-3.7342,468.7112,-70.3483
2019-03-08,1297.0,1.0282,0.0463,-0.9546,4.5041,8.5446,-2.187,473.5305,-70.0434
2019-03-11,1288.8,-0.6322,0.3113,-1.5732,4.095,7.5883,-2.3562,470.5367,-70.2328
2019-03-12,1296.3,0.5819,1.1154,-1.3245,3.9702,8.6042,-1.9737,473.2749,-70.0596
2019-03-13,1307.5,0.864,1.7589,0.0383,5.1299,9.5977,-0.9019,477.364,-69.8009
2019-03-14,1293.4,-1.0784,0.7478,-1.2068,4.1469,8.1981,-2.4512,472.2162,-70.1266
2019-03-15,1301.8,0.6495,0.3701,-0.6866,4.6127,8.0601,-1.7064,475.283,-69.9326
2019-03-18,1300.3,-0.1152,0.8923,-0.7253,4.6351,8.178,-1.253,474.7353,-69.9672
2019-03-19,1305.0,0.3615,0.6711,-0.9939,5.4972,9.205,-0.4804,476.4513,-69.8586
2019-03-20,1300.5,-0.3448,-0.5354,-2.955,4.2569,8.4021,-1.2379,474.8083,-69.9626
2019-03-21,1306.1,0.4306,0.9819,-2.7693,4.5549,9.1327,-0.3814,476.8529,-69.8332
2019-03-22,1311.6,0.4211,0.7528,-0.8991,4.752,9.1,-0.689,478.8609,-69.7062
2019-03-25,1321.9,0.7853,1.6612,-0.5492,4.6138,9.5921,-0.3543,482.6214,-69.4683
2019-03-26,1314.3,-0.5749,0.7126,-0.8749,4.8253,9.8729,-2.5939,479.8467,-69.6438
2019-03-27,1309.9,-0.3348,0.7228,-1.1471,3.3452,9.222,-3.2856,478.2403,-69.7455
2019-03-28,1289.8,-1.5345,-1.248,-2.1173,1.6231,7.4833,-3.8396,470.9018,-70.2097
2019-03-29,1293.0,0.2481,-1.4181,-1.5082,1.2292,8.2915,-2.3561,472.0701,-70.1358
2019-04-01,1288.4,-0.3558,-2.5342,-0.6171,0.6641,8.974,-2.6005,470.3907,-70.2421
2019-04-02,1290.0,0.1242,-1.8489,0.4047,0.9153,8.2669,-3.882,470.9748,-70.2051
2019-04-03,1289.9,-0.0078,-1.5268,0.6162,0.6948,8.6598,-3.2188,470.9383,-70.2074
2019-04-04,1289.0,-0.0698,-0.062,0.3191,-0.2168,7.2023,-3.5035,470.6097,-70.2282
2019-04-05,1290.4,0.1086,-0.2011,0.5141,0.6003,7.6859,-2.5598,471.1209,-70.1959
2019-04-08,1297.1,0.5192,0.6753,0.0077,0.8004,8.3445,-2.6128,473.567,-70.0411
2019-04-09,1303.5,0.4934,1.0465,1.1406,1.582,8.5165,-2.4545,475.9036,-69.8933
2019-04-10,1309.1,0.4296,1.4885,0.9874,1.5357,10.5285,-2.4516,477.9482,-69.764
2019-04-11,1288.6,-1.566,-0.031,-1.4455,0.3036,8.5411,-5.0055,470.4637,-70.2374
2019-04-12,1290.6,0.1552,0.0155,-0.2165,0.2719,8.5176,-3.5714,471.1939,-70.1912
2019-04-15,1286.8,-0.2944,-0.7941,-1.1523,-0.1784,5.1737,-4.3129,469.8065,-70.279
2019-04-16,1272.6,-1.1035,-2.3705,-2.1303,-1.0574,4.4742,-5.5584,464.6221,-70.607
2019-04-17,1272.2,-0.0314,-2.8187,-2.5134,-1.502,3.7345,-5.5671,464.4761,-70.6162
2019-04-18,1271.9,-0.0236,-1.296,-2.1992,-1.4795,3.634,-5.8689,464.3666,-70.6232
2019-04-22,1273.5,0.1258,-1.325,-2.496,-0.6088,4.0696,-5.4425,464.9507,-70.5862
2019-04-23,1269.3,-0.3298,-1.36,-3.2251,-1.0292,3.4896,-5.0423,463.4173,-70.6832
2019-04-24,1275.5,0.4885,0.2279,-3.5101,-0.5923,4.097,-3.5539,465.6809,-70.54
2019-04-25,1275.8,0.0235,0.283,-2.9293,-0.258,4.471,-4.1761,465.7905,-70.5331
2019-04-26,1284.9,0.7133,1.0221,-1.9085,-0.9635,4.1754,-2.7475,469.1128,-70.3229
2019-04-29,1278.6,-0.4903,0.4005,-0.8684,-1.8274,4.1375,-2.8641,466.8127,-70.4684
2019-04-30,1282.8,0.3285,1.0636,-0.7889,-1.9416,4.3691,-2.8403,468.3461,-70.3714
2019-05-01,1281.4,-0.1091,0.4626,-0.5433,-2.1757,3.9675,-2.644,467.835,-70.4037
2019-05-02,1269.7,-0.9131,-0.4781,-1.5736,-3.7887,3.6913,-2.6154,463.5633,-70.674
2019-05-03,1279.2,0.7482,-0.4436,-0.8295,-2.8628,4.6295,-1.7964,467.0318,-70.4545
2019-05-06,1281.7,0.1954,0.2425,-0.5663,-2.4804,5.7246,-2.2126,467.9445,-70.3968
2019-05-07,1283.5,0.1404,0.0546,-0.5347,-2.336,3.843,-2.2244,468.6017,-70.3552
2019-05-08,1279.4,-0.3194,-0.1561,-1.3646,-2.2986,3.9402,-2.4996,467.1048,-70.4499
2019-05-09,1283.5,0.3205,1.0869,-1.5343,-1.978,4.3666,-2.1723,468.6017,-70.3552
2019-05-10,1285.7,0.1714,0.5081,-1.7875,-2.1314,5.058,-1.9523,469.4049,-70.3044
2019-05-13,1300.1,1.12,1.4356,0.8924,-0.5279,6.0268,-1.5672,474.6623,-69.9718
2019-05-14,1294.7,-0.4154,0.8726,0.3177,-1.1075,5.8713,-1.8423,472.6908,-70.0965
2019-05-15,1296.3,0.1236,1.3209,0.7383,-1.1062,7.4519,-1.5344,473.2749,-70.0596
2019-05-16,1285.0,-0.8717,0.1169,0.9744,-1.8934,6.9674,-0.3026,469.1493,-70.3206
2019-05-17,1274.5,-0.8171,-0.8711,0.1808,-3.3078,6.2792,-1.2169,465.3158,-70.5631
2019-05-20,1276.1,0.1255,-1.846,0.3302,-4.7758,5.6462,-0.9393,465.9,-70.5261
2019-05-21,1272.0,-0.3213,-1.7533,-0.1178,-5.3078,4.8813,-1.4106,464.4031,-70.6208
2019-05-22,1273.6,0.1258,-1.7511,0.3388,-3.7703,4.325,-1.2866,464.9872,-70.5839
2019-05-23,1284.8,0.8794,-0.0156,0.7291,-3.3403,5.0446,-0.5342,469.0763,-70.3252
2019-05-24,1283.0,-0.1401,0.6669,0.5643,-3.2355,5.2502,-0.4886,468.4191,-70.3668
2019-05-28,1276.5,-0.5066,0.0313,-0.6537,-3.6676,4.1361,-2.0864,466.046,-70.5169
2019-05-29,1280.6,0.3212,0.6761,0.1564,-2.8155,4.8812,-1.7417,467.5429,-70.4222
2019-05-30,1287.1,0.5076,1.06,0.3352,-1.9577,5.4827,-0.8932,469.916,-70.2721
2019-05-31,1305.8,1.4529,1.6345,1.9042,0.7251,7.8104,0.3304,476.7434,-69.8402
2019-06-03,1322.7,1.2942,3.0943,4.1742,2.9499,8.2938,1.7383,482.9135,-69.4498
2019-06-04,1323.4,0.0529,3.6741,3.4553,3.2293,8.1121,2.2088,483.1691,-69.4337
2019-06-05,1328.3,0.3703,3.7248,3.6358,3.3777,8.8592,2.7221,484.958,-69.3205
2019-06-06,1337.6,0.7001,3.9235,4.215,4.1907,8.4042,3.0906,488.3534,-69.1057
2019-06-07,1341.2,0.2691,2.711,4.8304,3.4079,8.0654,3.3999,489.6678,-69.0225
2019-06-10,1324.7,-1.2302,0.1512,3.21,2.7855,6.9946,2.002,483.6437,-69.4036
2019-06-11,1326.4,0.1283,0.2267,3.1656,2.322,6.3843,2.1801,484.2643,-69.3644
2019-06-12,1331.9,0.4147,0.271,2.446,1.8662,7.0917,2.5406,486.2724,-69.2373
2019-06-13,1339.2,0.5481,0.1196,3.4371,3.541,7.8348,3.4051,488.9376,-69.0687
2019-06-14,1340.1,0.0672,-0.082,3.3788,2.9421,7.6904,3.331,489.2662,-69.048
2019-06-17,1338.7,-0.1045,1.0568,4.179,2.9532,7.7251,2.661,488.755,-69.0803
2019-06-18,1346.6,0.5901,1.5229,5.6571,3.1877,8.8601,5.6488,491.6393,-68.8978
2019-06-19,1344.6,-0.1485,0.9535,5.3679,3.391,7.7922,5.3597,490.9091,-68.944
2019-06-20,1392.9,3.5922,4.0099,9.5047,6.6457,11.5034,9.1957,508.5433,-67.8284
2019-06-21,1396.2,0.2369,4.1863,9.6263,6.4501,11.5087,9.8332,509.7481,-67.7522
2019-06-24,1414.3,1.2964,5.6473,10.0794,6.9899,11.9262,11.6083,516.3564,-67.3342
2019-06-25,1414.9,0.0424,5.072,10.2806,7.6543,12.8489,11.638,516.5754,-67.3203
2019-06-26,1411.6,-0.2332,4.9829,10.5836,7.7639,11.3688,11.536,515.3706,-67.3965
2019-06-27,1408.4,-0.2267,1.1128,9.9797,9.1952,10.9675,12.0802,514.2023,-67.4704
2019-06-28,1409.7,0.0923,0.9669,9.5253,9.0255,10.3656,12.5239,514.6769,-67.4404
2019-07-01,1385.6,-1.7096,-2.0293,6.1112,7.5442,8.2585,11.0434,505.8781,-67.997
2019-07-02,1404.6,1.3712,-0.728,6.1919,8.8837,9.8803,12.2513,512.8149,-67.5582
2019-07-03,1417.7,0.9326,0.4321,7.1256,9.9077,10.6713,14.3491,517.5977,-67.2556
2019-07-05,1396.7,-1.4813,-0.8307,5.1494,8.3553,8.1204,11.5932,509.9306,-67.7407
2019-07-08,1397.0,0.0215,-0.9009,4.4408,8.261,8.9109,11.1111,510.0402,-67.7337
2019-07-09,1397.5,0.0358,0.8588,4.1977,7.7403,8.6027,11.4167,510.2227,-67.7222
2019-07-10,1410.1,0.9016,0.3916,6.4467,8.178,9.8893,12.0817,514.8229,-67.4312
2019-07-11,1404.3,-0.4113,-0.9452,5.873,7.2722,8.9196,12.0035,512.7054,-67.5651
2019-07-12,1409.9,0.3988,0.9451,5.8563,9.4133,9.7455,13.4454,514.7499,-67.4358
2019-07-15,1411.4,0.1064,1.0308,5.3913,9.36,9.6574,13.3655,515.2976,-67.4011
2019-07-16,1409.2,-0.1559,0.8372,5.1563,9.512,9.3166,13.6818,514.4943,-67.452
2019-07-17,1421.3,0.8587,0.7943,6.1702,11.6847,10.5038,14.7969,518.912,-67.1725
2019-07-18,1426.1,0.3377,1.5524,5.9038,12.0972,10.4134,16.3498,520.6645,-67.0616
2019-07-19,1425.1,-0.0701,1.0781,5.9869,12.045,10.3873,16.2114,520.2994,-67.0847
2019-07-22,1425.3,0.014,0.9848,2.3261,11.9199,11.2386,16.5985,520.3724,-67.0801
2019-07-23,1420.1,-0.3648,0.7735,1.7118,11.8806,10.729,15.5022,518.4739,-67.2002
2019-07-24,1422.8,0.1901,0.1055,0.601,11.5484,10.8877,16.2418,519.4597,-67.1378
2019-07-25,1413.9,-0.6255,-0.8555,-0.0707,10.8246,10.5387,15.5241,516.2103,-67.3434
2019-07-26,1418.5,0.3253,-0.4631,0.4888,10.3977,9.3341,15.1941,517.8898,-67.2372
2019-07-29,1419.6,0.0775,-0.3999,0.7952,11.0277,8.9988,15.8573,518.2913,-67.2118
2019-07-30,1429.7,0.7115,0.676,1.4187,11.4515,9.2876,16.9393,521.9788,-66.9785
2019-07-31,1426.1,-0.2518,0.2319,2.9229,11.2923,8.8709,16.769,520.6645,-67.0616
2019-08-01,1420.9,-0.3646,0.4951,1.1605,11.9083,7.6684,16.1151,518.766,-67.1817
2019-08-02,1445.6,1.7383,1.9105,1.968,13.0081,9.7729,18.6961,527.7839,-66.6112
2019-08-05,1464.6,1.3143,3.1699,4.8615,14.2701,11.4357,20.9813,534.7207,-66.1724
2019-08-06,1472.4,0.5326,2.9866,5.3973,14.7176,12.0377,21.265,537.5685,-65.9922
2019-08-07,1507.3,2.3703,5.6939,7.8569,17.813,15.105,24.7146,550.3104,-65.1862
2019-08-08,1497.7,-0.6369,5.405,6.2123,16.6887,14.3806,23.8178,546.8054,-65.4079
2019-08-09,1496.6,-0.0734,3.5279,6.5727,16.4035,13.9225,23.4207,546.4038,-65.4333
2019-08-12,1505.3,0.5813,2.7789,6.7664,15.7834,15.1722,24.2099,549.5802,-65.2324
2019-08-13,1502.2,-0.2059,2.0239,6.4333,16.0269,14.7418,24.036,548.4483,-65.304
2019-08-14,1515.9,0.912,0.5706,7.5717,16.9405,15.6469,27.2475,553.4502,-64.9875
2019-08-15,1519.6,0.2441,1.4622,6.9162,18.2568,16.0177,27.3764,554.801,-64.9021
2019-08-16,1512.5,-0.4672,1.0624,6.0585,18.674,14.7485,28.4501,552.2088,-65.0661
2019-08-19,1500.4,-0.8,-0.3255,5.2838,17.577,11.9618,27.5633,547.7912,-65.3455
2019-08-20,1504.6,0.2799,0.1598,5.5637,18.2862,12.0077,27.8878,549.3246,-65.2485
2019-08-21,1504.6,0.0,-0.7454,5.9503,18.1376,13.6834,26.7779,549.3246,-65.2485
2019-08-22,1497.3,-0.4852,-1.4675,5.2362,16.5395,12.6467,25.5492,546.6594,-65.4171
2019-08-23,1526.6,1.9569,0.9322,7.9709,18.9867,15.1369,27.6101,557.3567,-64.7404
2019-08-26,1526.3,-0.0196,1.7262,7.5996,19.5691,15.1838,28.5847,557.2472,-64.7473
2019-08-27,1541.0,0.9631,2.4192,8.5517,20.3342,16.9462,27.746,562.6141,-64.4078
2019-08-28,1537.8,-0.2077,2.2066,7.561,19.4779,17.1389,27.196,561.4458,-64.4817
2019-08-29,1526.5,-0.7348,1.9502,7.0402,16.9015,17.7491,26.4287,557.3202,-64.7427
2019-08-30,1519.1,-0.4848,-0.4913,6.9111,14.8484,18.2363,26.1187,554.6185,-64.9136
2019-09-03,1545.9,1.7642,1.2841,6.9383,16.8128,20.585,29.0724,564.4031,-64.2946
2019-09-04,1550.3,0.2846,0.6035,5.8514,16.7131,20.6553,29.1594,566.0095,-64.193
2019-09-05,1515.4,-2.2512,-1.4566,2.9204,13.2925,18.0402,27.0563,553.2676,-64.9991
2019-09-06,1506.2,-0.6071,-1.3298,-0.073,12.3024,16.1295,26.0524,549.9087,-65.2116
2019-09-09,1502.2,-0.2656,-1.1125,0.3005,13.3993,16.558,25.4028,548.4483,-65.304
2019-09-10,1490.3,-0.7922,-3.5966,-0.4209,12.3568,14.9657,24.8576,544.1037,-65.5788
2019-09-11,1494.4,0.2751,-3.6058,-0.7241,12.2006,14.2945,25.264,545.6006,-65.4841
2019-09-12,1498.7,0.2877,-1.102,-0.233,11.9101,15.8729,25.3723,547.1705,-65.3848
2019-09-13,1490.9,-0.5204,-1.0158,-1.6492,11.2529,14.526,23.757,544.3228,-65.5649
2019-09-16,1503.1,0.8183,0.0599,-1.0858,12.2806,15.5964,25.0499,548.7769,-65.2832
2019-09-17,1505.1,0.1331,0.9931,-0.4893,11.7704,15.3333,25.9498,549.5071,-65.237
2019-09-18,1507.5,0.1595,0.8766,0.4732,12.1151,15.917,25.6564,550.3834,-65.1815
2019-09-19,1498.4,-0.6036,-0.02,-0.4121,7.5741,14.7232,25.2005,547.061,-65.3917
2019-09-20,1507.3,0.594,1.1,0.1795,7.9573,14.9207,25.3785,550.3104,-65.1862
2019-09-23,1523.7,1.088,1.3705,1.7632,7.7353,15.2659,26.3223,556.2979,-64.8074
2019-09-24,1532.1,0.5513,1.7939,0.3603,8.2833,16.5716,28.0806,559.3647,-64.6134
2019-09-25,1504.6,-1.7949,-0.1924,-1.4217,6.5883,14.8637,25.4565,549.3246,-65.2485
2019-09-26,1507.5,0.1927,0.6073,-2.1739,7.0364,16.8786,25.625,550.3834,-65.1815
2019-09-27,1499.1,-0.5572,-0.544,-2.5166,6.3418,15.9397,25.5528,547.3165,-65.3756
2019-09-30,1465.7,-2.228,-3.8065,-3.983,5.7809,13.7612,23.9702,535.1223,-66.147
2019-10-01,1482.0,1.1121,-3.27,-2.4422,5.5105,14.8837,24.381,541.0734,-65.7705
2019-10-02,1501.0,1.2821,-0.2393,-2.9045,5.8757,16.3656,26.4426,548.0102,-65.3317
2019-10-03,1507.1,0.4064,-0.0265,-2.7866,7.9043,16.9201,25.341,550.2373,-65.1908
2019-10-04,1506.2,-0.0597,0.4736,-0.6071,7.8167,16.7235,25.6947,549.9087,-65.2116
2019-10-07,1497.7,-0.5643,2.1833,-0.5643,7.1699,15.4653,25.1002,546.8054,-65.4079
2019-10-08,1497.2,-0.0334,1.0256,-0.3328,6.1769,14.86,24.642,546.6228,-65.4194
2019-10-09,1506.1,0.5944,0.3398,1.0602,7.2492,15.0485,27.1614,549.8722,-65.2139
2019-10-10,1494.8,-0.7503,-0.8161,0.0268,6.0217,16.0019,25.9097,545.7467,-65.4749
2019-10-11,1482.7,-0.8095,-1.5602,-1.0676,5.0517,14.8845,24.67,541.3289,-65.7543
2019-10-14,1491.7,0.607,-0.4006,0.0537,5.8544,15.9232,21.9207,544.6148,-65.5465
2019-10-15,1477.6,-0.9452,-1.3091,-1.6965,3.9612,16.1088,21.3037,539.467,-65.8721
2019-10-16,1488.0,0.7038,-1.2018,-1.1361,4.3405,16.9627,21.3307,543.264,-65.6319
2019-10-17,1492.3,0.289,-0.1672,-1.0083,4.7155,17.3284,21.5921,544.8339,-65.5326
2019-10-18,1488.2,-0.2748,0.3709,-0.6807,4.4131,16.859,21.6148,543.337,-65.6273
2019-10-21,1482.4,-0.3897,-0.6234,-1.652,4.387,16.7888,20.8642,541.2194,-65.7613
2019-10-22,1481.7,-0.0472,0.2775,-2.7564,4.1397,16.1662,20.9255,540.9638,-65.7774
2019-10-23,1489.9,0.5534,0.1277,-2.7544,5.3752,16.7816,22.003,543.9577,-65.588
2019-10-24,1498.9,0.6041,0.4423,-0.3788,5.668,16.655,21.5259,547.2435,-65.3802
2019-10-25,1499.5,0.04,0.7593,-0.5307,5.6283,17.2767,22.129,547.4626,-65.3663
2019-10-28,1490.0,-0.6335,0.5127,-0.607,4.2177,16.1522,21.2269,543.9942,-65.5857
2019-10-29,1487.0,-0.2013,0.3577,1.4532,4.2704,16.0449,20.6491,542.8989,-65.655
2019-10-30,1493.2,0.4169,0.2215,0.7557,5.0883,17.6026,21.9436,545.1625,-65.5118
2019-10-31,1511.4,1.2189,0.8339,0.6929,4.5517,18.152,23.6218,551.8073,-65.0915
2019-11-01,1508.0,-0.225,0.5669,0.0597,2.9633,17.6562,24.3916,550.5659,-65.17
2019-11-04,1508.0,0.0,1.2081,0.1195,2.4178,17.4912,22.0065,550.5659,-65.17
2019-11-05,1480.8,-1.8037,-0.4169,-1.1284,-1.7581,15.7418,20.3022,540.6353,-65.7982
2019-11-06,1490.2,0.6348,-0.2009,-0.4675,-0.5008,16.1044,21.1742,544.0672,-65.5811
2019-11-07,1464.2,-1.7447,-3.1229,-2.782,-2.1649,13.8835,19.6437,534.5747,-66.1816
2019-11-08,1461.3,-0.1981,-3.0968,-2.2411,-2.923,12.3991,19.1731,533.5159,-66.2486
2019-11-11,1455.5,-0.3969,-3.4814,-1.8345,-3.1088,12.4199,19.0204,531.3983,-66.3826
2019-11-12,1452.1,-0.2336,-1.9381,-2.6547,-4.2087,12.0188,20.3664,530.157,-66.4611
2019-11-13,1461.7,0.6611,-1.9125,-1.0761,-3.8102,13.751,21.6765,533.6619,-66.2394
2019-11-14,1471.8,0.691,0.5191,-1.0887,-2.6909,15.4806,22.7318,537.3494,-66.0061
2019-11-15,1467.3,-0.3057,0.4106,-1.6753,-2.2061,14.9832,21.4753,535.7065,-66.11
2019-11-18,1470.9,0.2453,1.0581,-1.1625,-2.2398,15.6368,21.2813,537.0208,-66.0269
2019-11-19,1473.3,0.1632,1.46,-0.6139,-2.0803,15.68,20.6832,537.8971,-65.9715
2019-11-20,1473.3,0.0,0.7936,-0.5669,-1.6029,14.6715,20.4562,537.8971,-65.9715
2019-11-21,1463.1,-0.6923,-0.5911,-1.7988,-4.1596,14.0374,20.0246,534.1731,-66.207
2019-11-22,1463.1,0.0,-0.2862,-2.3884,-4.1407,14.6181,19.3588,534.1731,-66.207
2019-11-25,1456.6,-0.4443,-0.9722,-2.861,-5.477,13.7436,19.2957,531.7999,-66.3572
2019-11-26,1459.8,0.2197,-0.9163,-2.0268,-5.0722,13.4178,19.6361,532.9683,-66.2833
2019-11-27,1453.4,-0.4384,-1.3507,-2.2596,-4.7887,11.3034,19.9967,530.6316,-66.4311
2019-11-29,1465.6,0.8394,0.1709,-1.8484,-3.5218,10.8037,19.9934,535.0858,-66.1493
2019-12-02,1462.3,-0.2252,-0.0547,-3.2486,-5.4079,10.4957,19.4592,533.881,-66.2255
2019-12-03,1478.2,1.0873,1.4829,-1.9761,-4.6507,11.2851,21.1441,539.686,-65.8583
2019-12-04,1474.0,-0.2841,0.9727,-2.2546,-2.732,10.1974,19.4586,538.1526,-65.9553
2019-12-05,1476.9,0.1967,1.6169,-0.2634,-1.9453,10.1178,18.9993,539.2114,-65.8883
2019-12-06,1459.1,-1.2052,-0.4435,-2.087,-2.8691,10.1457,17.8499,532.7127,-66.2994
2019-12-09,1459.3,0.0137,-0.2052,-0.3346,-2.0801,10.0196,17.0436,532.7857,-66.2948
2019-12-10,1462.6,0.2261,-1.0553,0.089,-2.1279,9.813,17.6007,533.9905,-66.2186
2019-12-11,1469.4,0.4649,-0.3121,0.955,-1.955,9.7222,18.3187,536.4732,-66.0615
2019-12-12,1466.7,-0.1838,-0.6906,1.0054,-1.6232,9.4471,17.864,535.4874,-66.1239
2019-12-13,1475.6,0.6068,1.1308,0.9509,-1.8296,10.2263,18.7415,538.7368,-65.9183
2019-12-16,1475.0,-0.0407,1.0759,0.2174,-1.9999,9.5351,19.2401,538.5177,-65.9322
2019-12-17,1474.6,-0.0271,0.8205,0.4975,-2.1824,9.6683,18.2139,538.3717,-65.9414
2019-12-18,1472.6,-0.1356,0.2178,0.1156,-1.7218,5.7219,17.8834,537.6415,-65.9876
2019-12-19,1478.2,0.3803,0.7841,0.3326,-1.9306,5.8731,18.0577,539.686,-65.8583
2019-12-20,1474.7,-0.2368,-0.061,0.095,-3.2159,4.2707,16.7062,538.4082,-65.9391
2019-12-23,1482.5,0.5289,0.5085,1.326,-3.2374,4.7777,18.2405,541.2559,-65.759
2019-12-24,1499.1,1.1197,1.6615,2.4605,-0.3655,6.1986,18.2722,547.3165,-65.3756
2019-12-26,1509.3,0.6804,2.4922,3.618,0.1194,7.1642,18.9174,551.0406,-65.14
2019-12-27,1513.8,0.2982,2.4083,3.6991,0.9806,7.3846,18.5156,552.6835,-65.036
2019-12-30,1514.5,0.0462,2.6989,4.2039,3.3295,9.3028,18.3296,552.939,-65.0199
2019-12-31,1519.5,0.3301,2.4958,3.6777,2.5304,8.1803,18.8688,554.7645,-64.9044
2020-01-02,1524.5,0.3291,1.6944,4.2536,1.5656,7.5333,19.0086,556.59,-64.7889
2020-01-03,1549.2,1.6202,2.6436,4.8031,2.7934,10.9186,19.9257,565.6079,-64.2184
2020-01-06,1566.2,1.0973,3.4615,6.2551,3.9835,12.1117,22.1018,571.8145,-63.8258
2020-01-07,1571.8,0.3576,3.7834,6.4256,4.9476,12.4723,22.148,573.8591,-63.6964
2020-01-08,1557.4,-0.9161,2.4942,6.737,4.0208,10.4461,21.3685,568.6017,-64.029
2020-01-09,1551.7,-0.366,1.7842,6.3318,3.0277,10.4963,20.3521,566.5206,-64.1607
2020-01-10,1557.5,0.3738,0.5358,6.4884,4.1945,10.4688,21.2345,568.6382,-64.0267
2020-01-13,1548.4,-0.5843,-1.1365,5.3763,4.4311,9.7067,20.3015,565.3158,-64.2369
2020-01-14,1542.4,-0.3875,-1.8705,5.1613,3.3988,9.4522,19.6494,563.1252,-64.3755
2020-01-15,1552.1,0.6289,-0.3403,5.1843,5.042,9.2028,20.6733,566.6667,-64.1514
2020-01-16,1549.0,-0.1997,-0.174,5.0169,4.0995,8.6179,19.9288,565.5349,-64.223
2020-01-17,1558.8,0.6327,0.0835,5.71,4.4562,9.3818,20.7436,569.1128,-63.9967
2020-01-21,1556.4,-0.154,0.5167,5.6906,4.5827,9.1981,21.4704,568.2366,-64.0521
2020-01-22,1555.3,-0.0707,0.8364,5.2158,4.9177,9.5205,21.271,567.835,-64.0775
2020-01-23,1564.6,0.598,0.8054,6.0962,5.5949,9.9663,21.9391,571.2304,-63.8627
2020-01-24,1571.1,0.4154,1.4267,5.9764,5.45,11.1182,22.8286,573.6035,-63.7126
2020-01-27,1576.8,0.3628,1.1547,5.1831,5.1971,11.1597,21.5354,575.6846,-63.5809
2020-01-28,1569.2,-0.482,0.8224,3.9687,4.6482,10.5382,20.4853,572.9098,-63.7565
2020-01-29,1569.8,0.0382,0.9323,3.6993,5.3557,9.7993,19.997,573.1289,-63.7426
2020-01-30,1583.5,0.8727,1.208,4.556,6.4896,11.0371,20.8871,578.1307,-63.4262
2020-01-31,1582.9,-0.0379,0.7511,4.1724,6.0072,11.4012,19.9439,577.9117,-63.44
2020-02-03,1577.2,-0.3601,0.0254,3.4569,4.3536,9.1035,19.7661,575.8306,-63.5717
2020-02-04,1550.4,-1.6992,-1.1981,0.0775,2.8117,5.8583,17.9639,566.046,-64.1907
2020-02-05,1557.8,0.4773,-0.7644,-0.5363,3.3024,5.8001,18.536,568.7477,-64.0198
2020-02-06,1565.1,0.4686,-1.162,-0.4263,5.6929,3.8347,19.5189,571.4129,-63.8512
2020-02-07,1568.6,0.2236,-0.9034,0.7191,5.261,4.7339,19.7953,572.6908,-63.7703
2020-02-10,1574.7,0.3889,-0.1585,1.4822,7.5468,5.2185,19.8676,574.9178,-63.6294
2020-02-11,1565.6,-0.5779,0.9804,0.5201,7.1375,4.0058,19.7858,571.5955,-63.8396
2020-02-12,1567.4,0.115,0.6163,1.2271,7.6881,4.3403,19.722,572.2527,-63.798
2020-02-13,1575.1,0.4913,0.6389,2.1201,8.4705,3.9053,20.1633,575.0639,-63.6202
2020-02-14,1582.7,0.4825,0.8989,1.9715,8.278,4.1524,20.8352,577.8386,-63.4447
2020-02-18,1600.0,1.0931,1.6067,3.2924,8.7104,5.7851,21.3868,584.1548,-63.0451
2020-02-19,1607.5,0.4687,2.6763,3.1242,9.555,7.1381,19.9537,586.893,-62.8719
2020-02-20,1616.6,0.5661,3.139,3.8679,9.9055,7.4438,20.3454,590.2154,-62.6617
2020-02-21,1644.6,1.732,4.4124,5.7417,11.627,9.3048,24.2614,600.4381,-62.015
2020-02-24,1672.4,1.6904,5.6675,6.8899,13.5139,11.6944,25.82,610.5878,-61.3729
2020-02-25,1646.9,-1.5248,2.9313,4.8246,12.5624,7.8803,24.21,601.2779,-61.9618
2020-02-26,1640.0,-0.419,2.0218,4.0081,12.0908,7.4494,23.7642,598.7587,-62.1212
2020-02-27,1640.0,0.0,1.4475,4.5119,12.591,6.4244,24.4593,598.7587,-62.1212
2020-02-28,1564.1,-4.6281,-4.8948,-0.3631,7.1448,1.7102,19.1423,571.0478,-63.8743
2020-03-02,1592.3,1.803,-4.7895,0.5557,9.5569,4.3105,22.8247,581.3436,-63.2229
2020-03-03,1642.1,3.1275,-0.2915,3.74,12.0428,8.0969,27.8098,599.5254,-62.0727
2020-03-04,1641.1,-0.0609,0.0671,4.0515,12.2273,6.1582,28.0109,599.1603,-62.0958
2020-03-05,1666.4,1.5417,1.6098,7.4819,12.7317,7.4889,29.691,608.3972,-61.5115
2020-03-06,1670.8,0.264,6.8218,7.2538,13.3514,10.2547,30.1449,610.0037,-61.4098
2020-03-09,1674.5,0.2214,5.1623,6.99,13.3794,11.1738,29.1056,611.3545,-61.3244
2020-03-10,1659.1,-0.9197,1.0353,5.7695,13.7071,10.4447,28.7321,605.732,-61.6801
2020-03-11,1641.4,-1.0668,0.0183,4.2357,12.4786,10.1389,26.6219,599.2698,-62.0889
2020-03-12,1589.3,-3.1741,-4.6267,1.5138,8.6627,6.3504,21.5526,580.2483,-63.2922
2020-03-13,1515.7,-4.631,-9.283,-3.2985,3.1509,1.1343,17.1873,553.3771,-64.9921
2020-03-16,1485.9,-1.9661,-11.2631,-5.6631,1.3091,-0.3354,14.142,542.4973,-65.6804
2020-03-17,1524.9,2.6247,-8.0887,-3.652,3.341,1.4503,17.2729,556.7361,-64.7797
2020-03-18,1477.3,-3.1215,-9.9976,-7.6687,0.1559,-1.847,13.2031,539.3575,-65.8791
2020-03-19,1478.6,0.088,-6.9653,-8.0187,0.2713,-1.9171,13.6947,539.8321,-65.849
2020-03-20,1484.0,0.3652,-2.0914,-8.2024,0.7741,-0.961,13.6207,541.8036,-65.7243
2020-03-23,1567.0,5.593,5.458,-4.7185,6.0073,3.9607,19.4724,572.1066,-63.8073
2020-03-24,1660.2,5.9477,8.8727,-0.7295,12.5788,8.9585,25.5919,606.1336,-61.6547
2020-03-25,1632.3,-1.6805,10.4921,-0.8865,10.1046,6.54,24.1954,595.9475,-62.2991
2020-03-26,1650.1,1.0905,11.5988,0.6159,10.0727,9.6703,25.9714,602.4462,-61.8879
2020-03-27,1623.9,-1.5878,9.4272,-0.9817,7.5929,7.7214,25.9032,592.8806,-62.4931
2020-03-30,1622.0,-0.117,3.5099,3.7018,7.1476,8.1983,25.4447,592.1869,-62.537
2020-03-31,1583.4,-2.3798,-4.6259,-0.5589,4.5494,8.0303,22.8966,578.0942,-63.4285
2020-04-01,1578.2,-0.3284,-3.3143,-3.8914,3.8631,6.4912,22.3411,576.1957,-63.5486
2020-04-02,1625.7,3.0098,-1.4787,-0.9384,6.6382,8.3078,26.033,593.5378,-62.4515
2020-04-03,1633.7,0.4921,0.6035,-1.9623,5.4544,8.4002,26.7417,596.4586,-62.2667
2020-04-06,1677.0,2.6504,3.3909,0.3711,7.0745,11.3398,29.9597,612.2673,-61.2666
2020-04-07,1664.8,-0.7275,5.1408,-0.5793,5.9168,11.1571,28.3479,607.8131,-61.5484
2020-04-08,1665.4,0.036,5.5253,0.3797,6.9346,11.2343,27.7637,608.0322,-61.5346
2020-04-09,1736.2,4.2512,6.7971,5.7756,11.8902,15.2779,32.6255,633.881,-59.8993
2020-04-13,1744.8,0.4953,6.8005,9.7842,12.0257,16.7246,35.4028,637.0208,-59.7007
2020-04-14,1756.7,0.682,4.7525,15.9002,13.4526,18.4798,36.115,641.3655,-59.4258
2020-04-15,1727.2,-1.6793,3.7482,16.2393,11.9813,15.7874,34.2244,630.5951,-60.1072
2020-04-16,1720.4,-0.3937,3.3025,12.8205,10.8434,16.4321,35.1878,628.1125,-60.2642
2020-04-17,1689.2,-1.8135,-2.7071,14.3437,9.051,13.5215,32.7779,616.7214,-60.9849
2020-04-20,1701.6,0.7341,-2.4759,15.0818,9.1609,14.0253,33.7841,621.2486,-60.6984
2020-04-21,1678.2,-1.3752,-4.4686,13.0863,7.8257,12.7671,31.7786,612.7054,-61.2389
2020-04-22,1728.7,3.0092,0.0868,10.3191,11.149,16.6149,36.1932,631.1427,-60.0725
2020-04-23,1733.3,0.2661,0.7498,4.4031,10.7823,16.9805,35.8918,632.8222,-59.9663
2020-04-24,1723.5,-0.5654,2.0305,5.5872,9.7002,15.6789,35.0917,629.2443,-60.1926
2020-04-27,1711.9,-0.673,0.6053,3.7452,8.568,14.2104,33.2322,625.0092,-60.4606
2020-04-28,1710.5,-0.0818,1.9247,5.3328,9.0046,14.0714,33.7791,624.498,-60.4929
2020-04-29,1703.4,-0.4151,-1.4635,5.0185,8.5106,14.3221,32.7876,621.9058,-60.6569
2020-04-30,1684.2,-1.1272,-2.8328,6.366,6.3593,13.2616,31.4344,614.8959,-61.1003
2020-05-01,1694.5,0.6116,-1.6826,7.3692,7.0503,13.4811,33.4567,618.6565,-60.8624
2020-05-04,1706.9,0.7318,-0.2921,4.9948,8.2234,12.935,33.435,623.1837,-60.576
2020-05-05,1704.4,-0.1465,-0.3566,4.3276,9.9329,13.0239,32.9796,622.2709,-60.6338
2020-05-06,1684.2,-1.1852,-1.1272,0.4293,8.114,11.6843,31.2193,614.8959,-61.1003
2020-05-07,1721.8,2.2325,2.2325,3.4238,10.0121,16.275,34.5787,628.6236,-60.2319
2020-05-08,1709.9,-0.6911,0.9088,2.672,9.008,14.743,33.2217,624.279,-60.5067
2020-05-11,1695.3,-0.8538,-0.6796,-2.3557,7.6586,15.7834,31.8581,618.9486,-60.844
2020-05-12,1704.4,0.5368,0.0,-2.3155,8.8656,16.6359,31.0976,622.2709,-60.6338
2020-05-13,1713.9,0.5574,1.7635,-2.4364,9.3467,17.7534,32.3782,625.7393,-60.4144
2020-05-14,1738.1,1.412,0.9467,0.6311,10.3485,19.6956,34.0816,634.5747,-59.8554
2020-05-15,1753.4,0.8803,2.544,1.9182,10.7854,19.9562,36.4514,640.1607,-59.502
2020-05-18,1731.8,-1.2319,2.153,2.5219,8.2375,17.6654,35.8807,632.2746,-60.0009
2020-05-19,1744.2,0.716,2.3351,2.5035,8.5039,18.8714,36.6821,636.8017,-59.7145
2020-05-20,1750.6,0.3669,2.1413,4.3141,8.289,19.0156,37.6258,639.1384,-59.5667
2020-05-21,1720.5,-1.7194,-1.0126,-0.4743,4.6151,16.7787,35.0895,628.149,-60.2619
2020-05-22,1734.6,0.8195,-1.0722,0.075,3.7192,17.7357,35.0093,633.2968,-59.9363
2020-05-26,1704.8,-1.718,-1.5591,-1.085,3.5157,16.5197,32.8761,622.417,-60.6245
2020-05-27,1710.3,0.3226,-1.9436,-0.0935,4.2866,16.8956,33.9836,624.425,-60.4975
2020-05-28,1713.3,0.1754,-2.1307,0.1637,4.4695,17.6232,33.7889,625.5203,-60.4282
2020-05-29,1751.7,2.2413,1.8134,2.8355,11.9941,19.9959,36.0967,639.54,-59.5413
2020-06-01,1750.3,-0.0799,0.9051,3.9247,9.9228,20.428,34.0404,639.0289,-59.5736
2020-06-02,1734.0,-0.9313,1.7128,2.3311,5.5965,18.3133,31.0955,633.0778,-59.9501
2020-06-03,1704.8,-1.684,-0.3216,-0.123,3.8815,16.5835,28.8197,622.417,-60.6245
2020-06-04,1727.4,1.3257,0.823,1.3494,3.6606,16.8583,30.0459,630.6682,-60.1026
2020-06-05,1683.0,-2.5703,-3.9219,-0.0712,0.7302,14.1791,25.8224,614.4578,-61.128
2020-06-08,1705.1,1.3131,-2.5824,-0.9699,1.8274,15.4513,27.1324,622.5265,-60.6176
2020-06-09,1721.9,0.9853,-0.6978,0.7018,3.7852,18.0111,29.9842,628.6601,-60.2296
2020-06-10,1720.7,-0.0697,0.9327,1.4983,4.8312,17.9127,29.7271,628.222,-60.2573
2020-06-11,1739.8,1.11,0.7178,2.077,9.4696,18.9526,30.6254,635.1954,-59.8161
2020-06-12,1737.3,-0.1437,3.2264,1.3653,14.6203,18.2319,29.7267,634.2826,-59.8739
2020-06-15,1727.2,-0.5814,1.2961,-0.6271,16.2393,17.761,28.8859,630.5951,-60.1072
2020-06-16,1736.5,0.5384,0.8479,-0.9638,13.8763,17.6809,29.7154,633.9905,-59.8924
2020-06-17,1735.6,-0.0518,0.8659,0.2194,17.4846,17.6678,28.8876,633.6619,-59.9132
2020-06-18,1731.1,-0.2593,-0.5001,-0.7511,17.077,17.3945,28.7446,632.019,-60.0171
2020-06-19,1753.0,1.2651,0.9037,0.1371,18.1267,19.0412,25.8525,640.0146,-59.5113
2020-06-22,1766.4,0.7644,2.2696,2.6678,12.725,19.4967,26.5148,644.9069,-59.2018
2020-06-23,1782.0,0.8832,2.6202,2.7326,7.3365,20.8381,25.9987,650.6024,-58.8415
2020-06-24,1775.1,-0.3872,2.2759,4.1236,8.7484,19.7369,25.4576,648.0832,-59.0008
2020-06-25,1770.6,-0.2535,2.2818,3.5257,7.3026,18.1109,25.4321,646.4403,-59.1048
2020-06-26,1780.3,0.5478,1.5573,3.9106,9.6311,17.9553,26.4059,649.9818,-58.8807
2020-06-29,1781.2,0.0505,0.8379,1.6841,9.815,17.6641,26.3531,650.3103,-58.8599
2020-06-30,1800.5,1.0835,1.0382,2.8681,13.711,18.8841,29.9437,657.3567,-58.4142
2020-07-01,1779.9,-1.1441,0.2704,2.6471,12.7804,17.1372,26.7194,649.8357,-58.89
2020-07-02,1790.0,0.5674,1.0957,4.9977,10.1064,17.4155,26.2608,653.5232,-58.6567
2020-07-06,1793.5,0.1955,0.7414,3.8266,9.7815,15.7694,28.4098,654.801,-58.5759
2020-07-07,1809.9,0.9144,1.6113,7.5401,7.9249,15.56,29.5562,660.7886,-58.1971
2020-07-08,1820.6,0.5912,1.1164,6.7738,9.3585,15.829,30.2755,664.6952,-57.9499
2020-07-09,1803.8,-0.9228,1.3428,4.7564,8.3103,15.8212,27.92,658.5616,-58.338
2020-07-10,1801.9,-0.1053,0.6648,4.719,3.7841,16.1243,28.313,657.8679,-58.3818
2020-07-13,1814.1,0.6771,1.1486,4.2706,3.9718,16.4751,28.6687,662.322,-58.1001
2020-07-14,1813.4,-0.0386,0.1934,4.3804,3.2276,17.1144,28.4824,662.0665,-58.1162
2020-07-15,1813.8,0.0221,-0.3735,5.0139,5.0139,17.596,28.7113,662.2125,-58.107
2020-07-16,1800.3,-0.7443,-0.194,3.6741,4.6443,15.9912,26.6657,657.2837,-58.4188
2020-07-17,1810.0,0.5388,0.4495,4.2867,7.1513,16.8496,26.9196,660.8251,-58.1948
2020-07-20,1817.4,0.4088,0.1819,4.9853,6.8054,16.5897,27.5279,663.5269,-58.0238
2020-07-21,1843.9,1.4581,1.6819,5.1854,9.8737,18.4721,29.3693,673.2019,-57.4118
2020-07-22,1865.1,1.1497,2.8283,5.5876,7.8903,19.919,31.3358,680.942,-56.9221
2020-07-23,1890.0,1.3351,4.9825,6.0606,9.0406,20.7976,32.8367,690.0329,-56.347
2020-07-24,1897.5,0.3968,4.8343,6.8954,10.0957,20.7753,34.2033,692.7711,-56.1738
2020-07-27,1931.0,1.7655,6.2507,9.0591,12.7986,22.4632,36.1297,705.0018,-55.4
2020-07-28,1944.6,0.7043,5.4612,9.2288,13.6861,23.923,36.9822,709.9671,-55.0859
2020-07-29,1953.4,0.4525,4.7343,9.6676,14.6765,24.4362,36.6301,713.18,-54.8827
2020-07-30,1942.3,-0.5682,2.7672,7.8756,15.3248,22.6587,36.1966,709.1275,-55.139
2020-07-31,1962.8,1.0554,3.4414,10.2759,15.8336,24.0003,38.1378,716.6119,-54.6656
2020-08-03,1966.0,0.163,1.8125,9.8324,15.1796,24.6513,35.9989,717.7802,-54.5916
2020-08-04,2021.0,2.7976,3.9288,12.6847,18.5755,30.3535,37.9899,737.8605,-53.3213
2020-08-05,2049.3,1.4003,4.9094,13.2273,21.678,31.5509,39.1809,748.1928,-52.6677
2020-08-06,2069.3999,0.9808,6.5438,13.6658,20.1882,32.2216,37.2918,755.5312,-52.2034
2020-08-07,2028.0,-2.0006,3.3218,12.4293,18.6034,29.2873,35.4076,740.4162,-53.1596
2020-08-10,2039.7,0.5769,3.7487,13.1972,20.315,29.5294,36.2889,744.6878,-52.8894
2020-08-11,1946.3,-4.5791,-3.6962,7.2874,14.1927,24.3166,29.2965,710.5878,-55.0467
2020-08-12,1949.0,0.1387,-4.8944,7.4777,13.7173,24.346,29.743,711.5736,-54.9843
2020-08-13,1970.4,1.098,-4.784,8.6338,13.3652,25.0968,29.9822,719.3867,-54.49
2020-08-14,1949.8,-1.0455,-3.856,8.3042,11.2011,23.1945,28.3101,711.8657,-54.9658
2020-08-17,1998.7,2.5079,-2.0101,10.4254,15.4117,24.9187,32.1455,729.7189,-53.8364
2020-08-18,2013.1,0.7205,3.4321,10.7681,15.4168,25.2317,34.1709,734.9763,-53.5038
2020-08-19,1970.3,-2.1261,1.0929,6.855,12.55,21.8793,30.9518,719.3502,-54.4923
2020-08-20,1946.5,-1.2079,-1.213,4.3644,13.1357,18.357,29.3699,710.6608,-55.042
2020-08-21,1947.0,0.0257,-0.1436,3.0159,12.2449,16.4195,30.0341,710.8434,-55.0305
2020-08-24,1939.2,-0.4006,-2.9769,2.1976,13.7494,17.7485,27.0274,707.9956,-55.2106
2020-08-25,1923.1,-0.8302,-4.4707,-0.4091,12.4423,17.2622,25.9975,702.1176,-55.5825
2020-08-26,1952.5,1.5288,-0.9034,0.4063,13.9614,19.0549,26.7034,712.8514,-54.9035
2020-08-27,1932.6,-1.0192,-0.7141,-1.0648,10.3271,23.5599,25.673,705.586,-55.3631
2020-08-28,1974.9,2.1888,1.433,1.6784,12.8321,24.0281,29.3744,721.0296,-54.3861
2020-08-31,1978.6,0.1873,2.0318,0.805,14.1061,20.4921,30.2482,722.3804,-54.3006
2020-09-01,1978.9,0.0152,2.9016,0.6562,16.0781,20.5838,28.0096,722.49,-54.2937
2020-09-02,1944.7,-1.7282,-0.3995,-3.7754,12.5796,16.7007,25.4402,710.0036,-55.0836
2020-09-03,1937.8,-0.3548,0.2691,-5.4409,15.1396,15.9804,27.8738,707.4845,-55.243
2020-09-04,1934.3,-0.1806,-2.0558,-6.5285,13.442,15.5151,28.4225,706.2067,-55.3238
2020-09-08,1943.2,0.4601,-1.7891,-4.1815,12.8521,17.1237,29.3569,709.456,-55.1183
2020-09-09,1954.9,0.6021,-1.2128,-4.1575,13.6107,19.0995,31.1749,713.7277,-54.848
2020-09-10,1964.3,0.4808,1.0079,0.9248,12.9038,23.5953,31.4441,717.1596,-54.6309
2020-09-11,1947.9,-0.8349,0.5212,-0.0564,12.1223,28.5149,29.9726,711.172,-55.0097
2020-09-14,1963.7,0.8111,1.5199,-0.34,13.6927,32.1556,31.7124,716.9405,-54.6448
2020-09-15,1966.2,0.1273,1.1836,0.8411,13.2278,28.9396,30.8097,717.8532,-54.587
2020-09-16,1970.5,0.2187,0.798,-1.4109,13.5342,33.3852,30.9215,719.4232,-54.4877
2020-09-17,1949.9,-1.0454,-0.7331,-3.1394,12.6394,31.8748,29.3466,711.9022,-54.9635
2020-09-18,1962.1,0.6257,0.729,-0.4162,11.9281,32.217,30.9463,716.3563,-54.6817
2020-09-21,1910.6,-2.6247,-2.7041,-1.8443,8.1635,21.9272,26.7564,697.5539,-55.8712
2020-09-22,1907.6,-0.157,-2.9804,-2.0236,7.0483,14.9018,25.1953,696.4586,-55.9405
2020-09-23,1868.4,-2.0549,-5.1814,-3.651,5.256,14.4643,21.9503,682.1468,-56.8459
2020-09-24,1876.9,0.4549,-3.7438,-2.4024,6.0036,13.7446,24.7441,685.2501,-56.6496
2020-09-25,1866.3,-0.5648,-4.8825,-4.4149,4.8306,14.927,23.801,681.3801,-56.8944
2020-09-28,1882.3,0.8573,-1.4812,-2.6027,5.676,16.0481,25.562,687.2216,-56.5249
2020-09-29,1903.2,1.1103,-0.2307,-3.6306,5.704,20.197,29.8492,694.8521,-56.0421
2020-09-30,1895.5,-0.4046,1.4504,-4.1999,6.4947,20.1052,27.9015,692.0409,-56.22
2020-10-01,1916.3,1.0973,2.0992,-3.1634,7.0559,17.8754,27.6682,699.6349,-55.7396
2020-10-02,1907.6,-0.454,2.2129,-1.9077,6.3619,16.7656,26.5742,696.4586,-55.9405
2020-10-05,1920.1,0.6553,2.0082,-0.9134,6.0887,14.4961,27.4798,701.0223,-55.6518
2020-10-06,1908.8,-0.5885,0.2942,-1.3183,4.8446,14.6564,27.4488,696.8967,-55.9128
2020-10-07,1890.8,-0.943,-0.248,-2.6966,4.8232,13.5343,26.2891,690.325,-56.3285
2020-10-08,1895.1,0.2274,-1.1063,-3.059,5.1723,9.1522,25.8283,691.8949,-56.2292
2020-10-09,1926.2,1.6411,0.975,-1.9396,6.1794,10.3966,28.86,703.2494,-55.5109
2020-10-12,1928.9,0.1402,0.4583,-0.9754,6.3693,9.8025,30.0938,704.2351,-55.4485
2020-10-13,1894.6,-1.7782,-0.7439,-3.5189,4.4547,9.692,27.0095,691.7123,-56.2408
2020-10-14,1907.3,0.6703,0.8726,-2.9956,5.9435,10.8638,29.0809,696.3491,-55.9474
2020-10-15,1908.9,0.0839,0.7282,-3.1261,5.4641,13.0062,28.2863,696.9332,-55.9105
2020-10-16,1906.4,-0.131,-1.0279,-2.2309,4.8971,12.0357,27.7491,696.0205,-55.9682
2020-10-19,1911.7,0.278,-0.8917,-2.5687,3.677,13.9137,28.4572,697.9555,-55.8458
2020-10-20,1915.4,0.1935,1.0979,0.2512,2.6969,10.8,29.2094,699.3063,-55.7603
2020-10-21,1929.5,0.7361,1.1639,1.148,2.0899,11.3194,30.222,704.4542,-55.4347
2020-10-22,1904.6,-1.2905,-0.2253,1.9375,0.3742,10.5077,27.8341,695.3633,-56.0098
2020-10-23,1905.2,0.0315,-0.0629,1.5078,-1.3361,11.2915,27.1065,695.5823,-55.9959
2020-10-26,1905.7,0.0262,-0.3139,2.1111,-2.0004,11.4119,27.089,695.7649,-55.9844
2020-10-27,1911.9,0.3253,-0.1827,1.5725,-2.1245,12.2402,28.3154,698.0285,-55.8412
2020-10-28,1879.2,-1.7103,-2.6069,-1.261,-3.2487,11.5782,26.3752,686.0898,-56.5965
2020-10-29,1868.0,-0.596,-1.9217,-1.4508,-4.8298,10.239,25.1005,682.0007,-56.8551
2020-10-30,1879.9,0.637,-1.3279,-1.8995,-4.3794,10.1353,24.3814,686.3454,-56.5803
2020-11-02,1892.5,0.6702,-0.6927,-0.7916,-6.3582,11.0361,25.4973,690.9456,-56.2893
2020-11-03,1910.4,0.9458,-0.0785,-0.5052,-6.7779,13.4307,26.6844,697.4809,-55.8758
2020-11-04,1896.2,-0.7433,0.9046,-0.6601,-8.3696,10.1289,28.0524,692.2965,-56.2038
2020-11-05,1946.8,2.6685,4.2184,2.9617,-4.0039,13.8546,30.6402,710.7704,-55.0351
2020-11-06,1951.7,0.2517,3.8193,2.9866,-4.3144,15.1242,33.2946,712.5593,-54.9219
2020-11-09,1854.4,-4.9854,-2.0132,-3.7275,-4.7218,8.8008,26.9007,677.0354,-57.1693
2020-11-10,1876.4,1.1864,-1.7797,-2.7218,-3.725,9.4813,28.9179,685.0676,-56.6611
2020-11-11,1861.6,-0.7887,-1.8247,-1.7418,-5.5217,7.1055,28.2005,679.6641,-57.003
2020-11-12,1873.3,0.6285,-3.7754,-1.7826,-3.9235,6.8381,28.159,683.9358,-56.7327
2020-11-13,1886.2,0.6886,-3.356,-1.1892,-5.6287,8.9156,28.156,688.6455,-56.4348
2020-11-16,1887.8,0.0848,1.8011,-0.9757,-6.2242,8.233,28.6581,689.2297,-56.3978
2020-11-17,1885.1,-0.143,0.4637,-1.3914,-4.3242,7.6831,28.1596,688.2439,-56.4602
2020-11-18,1873.9,-0.5941,0.6607,-2.1666,-3.7298,8.916,27.1907,684.1548,-56.7189
2020-11-19,1861.5,-0.6617,-0.6299,-3.5242,-4.3914,7.3158,26.349,679.6276,-57.0053
2020-11-20,1872.4,0.5856,-0.7316,-1.6906,-3.4447,9.8311,27.9749,683.6072,-56.7535
2020-11-23,1837.8,-1.8479,-2.6486,-3.5377,-4.4355,7.4548,25.61,670.9748,-57.5527
2020-11-24,1804.6,-1.8065,-4.2703,-5.3051,-7.5749,5.3289,23.8913,658.8536,-58.3195
2020-11-25,1805.5,0.0499,-3.6501,-5.5651,-6.5766,3.0713,23.6813,659.1822,-58.2987
2020-11-27,1781.9,-1.3071,-4.2761,-5.1777,-9.7726,1.8054,22.6022,650.5659,-58.8438
2020-11-30,1775.7,-0.3479,-5.1645,-4.9411,-10.2547,2.4048,21.1586,648.3023,-58.987
2020-12-01,1814.1,2.1625,-1.2896,-3.5002,-8.3279,6.4113,24.058,662.322,-58.1001
2020-12-02,1830.2,0.8875,1.4186,-3.2919,-5.8878,5.9511,23.8127,668.2001,-57.7282
2020-12-03,1841.1,0.5956,1.9718,-3.6275,-4.9902,9.3939,24.905,672.1796,-57.4764
2020-12-04,1840.0,-0.0597,3.2606,-2.9638,-4.8752,7.9116,24.5853,671.778,-57.5018
2020-12-07,1866.0,1.413,5.0853,-4.1504,-3.9728,8.3687,27.8871,681.2706,-56.9013
2020-12-08,1874.9,0.477,3.3515,-3.935,-4.0923,8.9615,28.4794,684.5199,-56.6958
2020-12-09,1838.5,-1.9414,0.4535,-0.8574,-6.4043,5.6731,25.7008,671.2304,-57.5365
2020-12-10,1837.4,-0.0598,-0.201,-2.0784,-5.6728,5.7618,25.0442,670.8288,-57.5619
2020-12-11,1843.6,0.3374,0.1957,-0.9669,-6.116,6.7392,25.6971,673.0924,-57.4187
2020-12-14,1832.1,-0.6238,-1.8167,-2.1993,-6.8203,5.5053,24.1597,668.8938,-57.6843
2020-12-15,1855.3,1.2663,-1.0454,-1.6382,-5.8462,6.8968,25.7831,677.364,-57.1485
2020-12-16,1859.1,0.2048,1.1205,-1.5203,-4.6567,7.3941,26.0749,678.7514,-57.0607
2020-12-17,1890.4,1.6836,2.8845,0.2812,-3.6542,7.838,28.3716,690.1789,-56.3378
2020-12-18,1888.9,-0.0793,2.4572,0.8005,-1.1358,6.935,27.7838,689.6313,-56.3724
2020-12-21,1882.8,-0.3229,2.7673,1.1442,-1.3001,5.6566,27.6734,687.4042,-56.5133
2020-12-22,1870.3,-0.6639,0.8085,-0.1122,0.1017,5.3631,26.1585,682.8405,-56.802
2020-12-23,1878.1,0.417,1.022,2.1928,0.0639,6.0714,25.2818,685.6882,-56.6219
2020-12-24,1883.2,0.2715,-0.3809,4.3555,0.9055,5.7799,24.7731,687.5502,-56.5041
2020-12-28,1880.4,-0.1487,-0.45,4.1484,-0.1009,5.5693,24.2172,686.528,-56.5687
2020-12-29,1882.9,0.133,0.0053,5.6681,-1.0666,4.5765,24.3249,687.4407,-56.511
2020-12-30,1893.4,0.5577,1.2351,6.6284,-0.1108,6.3768,24.6068,691.2742,-56.2685
2020-12-31,1895.1,0.0898,0.9052,4.465,-1.1063,5.8715,24.3096,691.8949,-56.2292
2021-01-04,1946.6,2.7175,3.3666,6.36,2.0445,8.5364,25.652,710.6973,-55.0397
2021-01-05,1954.4,0.4007,3.9353,6.1539,1.7864,7.9839,24.7861,713.5451,-54.8596
2021-01-06,1908.6,-2.3434,1.3649,3.7283,-0.0105,4.8336,21.4277,696.8237,-55.9174
2021-01-07,1913.6,0.262,1.0669,2.5509,1.2058,6.0871,22.8714,698.6491,-55.8019
2021-01-08,1835.4,-4.0865,-3.1502,-2.1068,-3.1502,1.8591,18.2832,670.0986,-57.6081
2021-01-11,1850.8,0.8391,-4.9214,0.669,-3.9144,2.023,18.8315,675.7211,-57.2524
2021-01-12,1844.2,-0.3566,-5.6386,0.3701,-4.3911,1.6985,19.1036,673.3114,-57.4048
2021-01-13,1854.9,0.5802,-2.8136,0.6129,-2.0954,2.266,20.2606,677.218,-57.1577
2021-01-14,1851.4,-0.1887,-3.2504,1.0534,-2.9308,2.8384,19.2836,675.9401,-57.2385
2021-01-15,1829.9,-1.1613,-0.2997,-1.3691,-4.1385,1.0994,18.1343,668.0906,-57.7351
2021-01-19,1840.2,0.5629,-0.5727,-1.0166,-3.4725,1.2545,18.0523,671.851,-57.4972
2021-01-20,1866.5,1.4292,1.2092,-1.2643,-2.3644,1.2257,19.9242,681.4531,-56.8898
2021-01-21,1865.9,-0.0321,0.593,-1.2176,-2.5843,0.0429,19.9704,681.2341,-56.9036
2021-01-22,1856.2,-0.5199,0.2593,-1.4128,-3.7989,-1.7884,18.6374,677.6926,-57.1277
2021-01-25,1855.2,-0.0539,1.3826,-0.8074,-2.5937,-2.2293,18.0829,677.3275,-57.1508
2021-01-26,1850.9,-0.2318,0.5815,-1.4483,-2.8501,-4.1481,17.3833,675.7576,-57.2501
2021-01-27,1844.9,-0.3242,-1.1572,-2.0338,-3.1904,-5.127,17.5695,673.567,-57.3887
2021-01-28,1837.9,-0.3794,-1.5006,-2.2602,-3.8705,-5.9128,17.0786,671.0113,-57.5504
2021-01-29,1847.3,0.5115,-0.4795,-1.8907,-1.6975,-4.8911,16.6593,674.4433,-57.3332
2021-02-01,1863.9,0.8986,0.469,-1.558,-0.2195,-5.0387,17.7522,680.5039,-56.9498
2021-02-02,1833.4,-1.6364,-0.9455,-3.2558,-2.4735,-6.7447,16.244,669.3684,-57.6543
2021-02-03,1835.1,0.0927,-0.5312,-5.7279,-3.033,-9.1984,18.363,669.9891,-57.615
2021-02-04,1791.2,-2.3922,-2.5409,-8.3504,-6.2395,-12.5945,14.9827,653.9613,-58.629
2021-02-05,1813.0,1.2171,-1.8568,-5.0089,-4.3877,-12.3901,15.8392,661.9204,-58.1255
2021-02-08,1834.2,1.1693,-1.5934,-4.1492,-5.7839,-9.5562,16.9323,669.6605,-57.6358
2021-02-09,1837.5,0.1799,0.2236,0.1144,-5.8513,-9.9132,16.6889,670.8653,-57.5596
2021-02-10,1842.7,0.283,0.4141,-0.4377,-0.6309,-5.3229,17.6993,672.7638,-57.4395
2021-02-11,1826.8,-0.8629,1.9875,-0.9435,-2.6434,-6.2699,16.5497,666.9588,-57.8067
2021-02-12,1823.2,-0.1971,0.5626,-1.709,-2.0627,-7.4706,15.7514,665.6444,-57.8899
2021-02-16,1799.0,-1.3273,-1.9191,-2.8303,-3.9663,-7.7341,13.6665,656.8091,-58.4488
2021-02-17,1772.8,-1.4564,-3.5211,-3.1204,-6.0121,-11.3023,10.8,647.2436,-59.054
2021-02-18,1775.0,0.1241,-3.674,-3.5431,-5.9752,-11.8275,10.4199,648.0467,-59.0031
2021-02-19,1777.4,0.1352,-2.7042,-4.7736,-5.7132,-9.7904,9.9468,648.923,-58.9477
2021-02-22,1808.4,1.7441,-0.8118,-3.0816,-3.4954,-7.0948,9.9599,660.241,-58.2317
2021-02-23,1805.9,-0.1382,0.3835,-2.7098,-2.9868,-7.247,7.9825,659.3282,-58.2894
2021-02-24,1797.9,-0.443,1.4158,-3.0886,-3.9789,-7.2865,9.1687,656.4075,-58.4742
2021-02-25,1775.4,-1.2515,0.0225,-4.0791,-3.3954,-7.6803,8.2561,648.1928,-58.9939
2021-02-26,1728.8,-2.6248,-2.7343,-6.293,-4.2004,-11.4571,5.4146,631.1793,-60.0702
2021-03-01,1723.0,-0.3355,-4.7224,-6.2517,-4.5694,-10.8455,10.1592,629.0617,-60.2042
2021-03-02,1733.6,0.6152,-4.0035,-6.1549,-2.7106,-12.2183,8.874,632.9317,-59.9594
2021-03-03,1715.8,-1.0268,-4.5664,-7.9457,-3.3733,-13.2821,4.4882,626.433,-60.3705
2021-03-04,1700.7,-0.8801,-4.2075,-7.2379,-6.251,-14.0583,3.6317,620.92,-60.7192
2021-03-05,1698.5,-0.1294,-1.7527,-7.4437,-7.1959,-12.66,1.9263,620.1168,-60.77
2021-03-08,1678.0,-1.2069,-2.6117,-6.3198,-8.8588,-13.407,0.4309,612.6324,-61.2435
2021-03-09,1716.9,2.3182,-0.9633,-5.3006,-6.6902,-11.2392,2.5321,626.8346,-60.3451
2021-03-10,1721.8,0.2854,0.3497,-6.128,-7.7278,-11.3936,3.7792,628.6236,-60.2319
2021-03-11,1722.6,0.0465,1.2877,-6.2531,-8.1231,-11.883,4.947,628.9157,-60.2134
2021-03-12,1719.8,-0.1625,1.2541,-6.6696,-6.4563,-12.4472,8.2112,627.8934,-60.2781
2021-03-15,1729.2,0.5466,3.0512,-5.3427,-5.8888,-11.2275,14.0859,631.3253,-60.061
2021-03-16,1730.9,0.0983,0.8154,-5.0625,-6.113,-11.8552,16.4883,631.946,-60.0217
2021-03-17,1727.1,-0.2195,0.3078,-3.9967,-5.7311,-12.1605,13.2599,630.5586,-60.1095
2021-03-18,1732.5,0.3127,0.5747,-2.2732,-6.6189,-12.0782,17.2748,632.5301,-59.9848
2021-03-19,1741.7,0.531,1.2734,-1.8761,-6.3149,-10.6775,17.7939,635.889,-59.7723
2021-03-22,1738.1,-0.2067,0.5147,-2.2111,-8.0565,-11.4163,17.1226,634.5747,-59.8554
2021-03-23,1725.1,-0.7479,-0.3351,-4.6063,-8.6717,-9.709,10.0893,629.8284,-60.1557
2021-03-24,1733.2,0.4695,0.3532,-4.0257,-7.9456,-9.1424,4.3971,632.7857,-59.9686
2021-03-25,1725.1,-0.4673,-0.4271,-4.0492,-7.7635,-7.6697,5.6852,629.8284,-60.1557
2021-03-26,1732.3,0.4174,-0.5397,-2.4276,-7.7632,-7.7042,4.9815,632.4571,-59.9894
2021-03-29,1712.2,-1.1603,-1.4901,-0.9602,-9.0803,-8.257,5.4375,625.1187,-60.4536
2021-03-30,1683.9,-1.6528,-2.3883,-2.2693,-10.4499,-10.5403,3.8163,614.7864,-61.1073
2021-03-31,1713.8,1.7756,-1.1193,-1.1421,-8.9808,-9.9517,8.2354,625.7028,-60.4167
2021-04-01,1728.4,0.8519,0.1913,0.7343,-8.7145,-8.8156,9.5172,631.0332,-60.0795
2021-04-05,1728.8,0.0231,-0.202,1.6523,-8.7753,-9.7845,6.3419,631.1793,-60.0702
2021-04-06,1743.0,0.8214,1.7989,2.62,-10.4593,-8.6286,6.6903,636.3637,-59.7422
2021-04-07,1741.6,-0.0803,3.4266,3.7902,-10.8883,-9.2964,3.8521,635.8525,-59.7746
2021-04-08,1758.2,0.9531,2.5907,2.4055,-7.8801,-7.8898,5.6103,641.9131,-59.3912
2021-04-09,1744.8,-0.7621,0.9489,1.3358,-8.8211,-7.7216,4.7676,637.0208,-59.7007
2021-04-12,1732.7,-0.6935,0.2256,0.5863,-5.5955,-8.5695,-0.2016,632.6031,-59.9801
2021-04-13,1747.6,0.8599,0.2639,1.6165,-5.576,-9.2721,0.1605,638.0431,-59.636
2021-04-14,1736.3,-0.6466,-0.3043,0.4106,-5.8508,-9.985,-1.1613,633.9175,-59.897
2021-04-15,1766.8,1.7566,0.4891,2.0741,-4.7496,-6.7455,2.2927,645.053,-59.1925
2021-04-16,1780.2,0.7584,2.0289,3.0745,-3.8457,-6.6639,3.4759,649.9452,-58.883
2021-04-19,1770.6,-0.5393,2.1873,2.1991,-3.2406,-7.245,4.8189,646.4403,-59.1048
2021-04-20,1778.4,0.4405,1.7624,2.1071,-3.3583,-6.7142,4.5134,649.2881,-58.9246
2021-04-21,1793.1,0.8266,3.2713,3.1644,-3.9325,-6.2039,6.8466,654.655,-58.5851
2021-04-22,1782.0,-0.619,0.8603,3.2984,-4.4965,-6.9646,3.0832,650.6024,-58.8415
2021-04-23,1777.8,-0.2357,-0.1348,2.5733,-4.2237,-7.8621,2.5674,649.069,-58.9385
2021-04-26,1780.1,0.1294,0.5365,3.1882,-4.0481,-6.5368,3.284,649.9087,-58.8853
2021-04-27,1778.8,-0.073,0.0225,2.6843,-3.8954,-6.6345,3.9079,649.4341,-58.9154
2021-04-28,1773.9,-0.2755,-1.0708,3.6036,-3.8484,-6.9161,3.7065,647.6451,-59.0285
2021-04-29,1768.3,-0.3157,-0.7688,5.0122,-3.7869,-7.5109,3.81,645.6006,-59.1579
2021-04-30,1767.7,-0.0339,-0.5681,3.1451,-4.309,-5.9334,4.9578,645.3815,-59.1718
2021-05-03,1791.8,1.3634,0.6573,3.6681,-3.8682,-4.0792,5.7421,654.1804,-58.6151
2021-05-04,1776.0,-0.8818,-0.1574,2.7302,-3.1308,-5.5269,4.0483,648.4118,-58.98
2021-05-05,1784.3,0.4673,0.5863,2.3695,-2.7682,-5.7173,4.6879,651.4422,-58.7883
2021-05-06,1815.7,1.7598,2.6805,4.2547,1.3678,-4.9571,7.8079,662.9062,-58.0631
2021-05-07,1831.3,0.8592,3.5979,4.1577,1.0094,-3.4226,6.3596,668.6017,-57.7028
2021-05-10,1837.6,0.344,2.5561,5.3187,0.1854,-5.6092,7.4683,670.9018,-57.5573
2021-05-11,1836.1,-0.0816,3.384,5.9676,-0.0762,-5.923,8.3053,670.3541,-57.5919
2021-05-12,1822.8,-0.7244,2.1577,4.303,-1.0799,-1.7041,6.9467,665.4984,-57.8991
2021-05-13,1824.0,0.0658,0.4571,5.051,-0.1533,-2.7926,6.4239,665.9365,-57.8714
2021-05-14,1838.1,0.773,0.3713,4.0355,0.8172,-1.2624,5.7534,671.0843,-57.5457
2021-05-17,1867.6,1.6049,1.6326,4.9096,3.8132,-0.3043,6.5131,681.8547,-56.8644
2021-05-18,1868.0,0.0214,1.7374,5.501,5.37,-0.9649,7.8646,682.0007,-56.8551
2021-05-19,1881.5,0.7227,3.2203,5.7973,6.0,-0.3337,7.8718,686.9296,-56.5433
2021-05-20,1881.9,0.0213,3.1743,4.9523,5.8794,-0.1697,7.5003,687.0756,-56.5341
2021-05-21,1876.7,-0.2763,2.1,5.3143,3.7768,0.1494,9.0788,685.1771,-56.6542
2021-05-24,1884.5,0.4156,0.9049,6.0018,4.3524,1.2356,8.6418,688.0248,-56.474
2021-05-25,1898.0,0.7164,1.606,6.6232,5.5676,1.3672,11.3327,692.9536,-56.1622
2021-05-26,1901.2,0.1686,1.047,6.881,7.0857,3.4498,11.1618,694.1219,-56.0883
2021-05-27,1895.7,-0.2893,0.7333,6.8662,9.6541,5.0482,10.6461,692.1139,-56.2154
2021-05-28,1902.5,0.3587,1.3748,7.5892,10.4179,5.3725,8.6088,694.5966,-56.0583
2021-06-01,1905.0,0.1314,1.0878,7.7672,9.8869,6.9084,8.8385,695.5093,-56.0006
2021-06-02,1909.9,0.2572,0.627,6.5911,11.3125,7.5576,10.1442,697.2983,-55.8874
2021-06-03,1873.3,-1.9163,-1.4675,5.4786,10.1488,3.2633,9.8839,683.9358,-56.7327
2021-06-04,1892.0,0.9982,-0.1952,6.036,11.3924,3.3767,9.5288,690.7631,-56.3008
2021-06-07,1898.8,0.3594,-0.1945,4.5768,13.1585,3.134,12.8223,693.2457,-56.1438
2021-06-08,1894.4,-0.2317,-0.5564,3.4456,10.3384,2.9565,11.102,691.6393,-56.2454
2021-06-09,1895.5,0.0581,-0.754,3.1509,10.0883,1.5809,10.0819,692.0409,-56.22
2021-06-10,1896.4,0.0475,1.2331,3.2841,10.0894,1.1467,10.211,692.3695,-56.1992
2021-06-11,1879.6,-0.8859,-0.6554,3.1161,9.2918,2.2355,8.0354,686.2359,-56.5872
2021-06-14,1865.9,-0.7289,-1.7327,2.2972,7.9054,1.5511,7.4023,681.2341,-56.9036
2021-06-15,1856.4,-0.5091,-2.0059,0.9956,7.2506,0.6943,7.4803,677.7656,-57.1231
2021-06-16,1861.4,0.2693,-1.799,-0.332,7.776,1.5993,7.1926,679.5911,-57.0076
2021-06-17,1774.8,-4.6524,-6.4121,-4.9893,2.4416,-4.3389,2.2586,647.9737,-59.0078
2021-06-18,1769.0,-0.3268,-5.8842,-5.9793,1.5674,-4.8464,2.1894,645.8562,-59.1417
2021-06-21,1782.9,0.7858,-4.4483,-5.2606,2.5775,-5.6866,1.7056,650.931,-58.8207
2021-06-22,1777.4,-0.3085,-4.2555,-5.2912,3.0317,-5.9029,0.6227,648.923,-58.9477
2021-06-23,1783.4,0.3376,-4.1904,-5.3648,2.8964,-5.2794,0.0786,651.1136,-58.8091
2021-06-24,1776.7,-0.3757,0.107,-6.3909,2.9911,-5.0045,0.0901,648.6674,-58.9639
2021-06-25,1777.8,0.0619,0.4975,-6.4906,2.6266,-5.3405,0.4066,649.069,-58.9385
2021-06-28,1780.7,0.1631,-0.1234,-6.0664,4.0007,-5.4429,0.0225,650.1278,-58.8715
2021-06-29,1763.6,-0.9603,-0.7764,-7.3009,4.7331,-6.2114,-0.9881,643.8846,-59.2664
2021-06-30,1771.6,0.4536,-0.6617,-7.0026,3.3726,-5.9111,-1.6051,646.8054,-59.0817
2021-07-01,1776.8,0.2935,0.0056,-6.9689,2.8003,-6.1582,-0.1742,648.7039,-58.9616
2021-07-02,1783.3,0.3658,0.3094,-4.8044,3.1525,-5.8994,-0.3743,651.0771,-58.8114
2021-07-06,1794.2,0.6112,0.7581,-5.1691,2.9375,-7.829,0.039,655.0566,-58.5597
2021-07-07,1802.1,0.4403,2.183,-5.0927,3.4738,-7.7927,-0.431,657.9409,-58.3772
2021-07-08,1800.2,-0.1054,1.6144,-4.9726,2.3888,-5.6796,-1.1205,657.2472,-58.4211
2021-07-09,1810.6,0.5777,1.9023,-4.479,3.7712,-5.3825,0.377,661.0442,-58.1809
2021-07-12,1805.9,-0.2596,1.2673,-4.7722,4.2246,-1.6073,0.222,659.3282,-58.2894
2021-07-13,1809.9,0.2215,0.875,-3.7082,3.5649,-2.2099,-0.2315,660.7886,-58.1971
2021-07-14,1825.0,0.8343,1.2707,-2.192,5.1086,-1.0411,0.6397,666.3016,-57.8483
2021-07-15,1829.0,0.2192,1.5998,-1.476,3.5205,-1.3963,0.838,667.762,-57.7559
2021-07-16,1815.0,-0.7654,0.243,-2.4927,1.9548,-1.9661,0.8165,662.6506,-58.0793
2021-07-19,1809.2,-0.3196,0.1827,1.9382,2.1801,-1.1312,-0.0442,660.533,-58.2132
2021-07-20,1811.4,0.1216,0.0829,2.3968,1.8556,-1.565,-0.3301,661.3363,-58.1624
2021-07-21,1803.4,-0.4416,-1.1836,1.1498,0.5744,-3.3807,-2.1964,658.4155,-58.3472
2021-07-22,1805.4,0.1109,-1.2903,1.5753,1.3131,-3.2424,-3.2009,659.1457,-58.301
2021-07-23,1801.8,-0.1994,-0.7273,1.0317,1.35,-2.9307,-4.6667,657.8314,-58.3841
2021-07-26,1799.2,-0.1443,-0.5527,1.2664,1.073,-3.0185,-5.1805,656.8821,-58.4442
2021-07-27,1799.8,0.0334,-0.6404,1.2375,1.1806,-2.7608,-6.7944,657.1012,-58.4303
2021-07-28,1799.7,-0.0056,-0.2052,1.067,1.4544,-2.45,-7.4514,657.0646,-58.4327
2021-07-29,1831.2,1.7503,1.429,3.8331,3.5571,-0.3646,-6.2558,668.5652,-57.7051
2021-07-30,1812.6,-1.0157,0.5994,2.3143,2.54,-1.8784,-6.6777,661.7744,-58.1347
2021-08-02,1822.2,0.5296,1.2783,2.5551,1.6966,-2.2372,-7.1632,665.2793,-57.913
2021-08-03,1814.1,-0.4445,0.7945,1.7271,2.1453,-1.0527,-7.7263,662.322,-58.1001
2021-08-04,1814.5,0.0221,0.8224,1.1314,1.6925,-1.1226,-10.2177,662.4681,-58.0908
2021-08-05,1808.9,-0.3086,-1.2178,0.3773,-0.3745,0.9882,-11.7308,660.4235,-58.2202
2021-08-06,1763.1,-2.5319,-2.7309,-2.0609,-3.7241,-2.7523,-14.8014,643.7021,-59.278
2021-08-09,1726.5,-2.0759,-5.2519,-4.6449,-6.0459,-5.8718,-14.8669,630.3396,-60.1233
2021-08-10,1731.7,0.3012,-4.5422,-4.1088,-5.686,-5.7578,-15.1003,632.238,-60.0032
2021-08-11,1753.3,1.2473,-3.3728,-3.1272,-3.8128,-4.8516,-9.9163,640.1242,-59.5043
2021-08-12,1751.8,-0.0856,-3.1566,-4.011,-3.9583,-4.1055,-10.118,639.5765,-59.539
2021-08-13,1778.2,1.507,0.8564,-2.7775,-3.2588,-2.4682,-9.7544,649.215,-58.9292
2021-08-16,1789.8,0.6524,3.6664,-1.3884,-4.1658,-0.5114,-8.206,653.4502,-58.6613
2021-08-17,1787.8,-0.1117,3.2396,-1.1828,-4.2934,0.8461,-10.5519,652.72,-58.7075
2021-08-18,1784.4,-0.1902,1.7738,-1.4906,-5.1608,0.5296,-11.3606,651.4787,-58.786
2021-08-19,1783.1,-0.0729,1.7867,-1.1257,-5.25,0.3207,-9.5011,651.004,-58.8161
2021-08-20,1784.0,0.0505,0.3262,-1.1853,-4.9395,-1.3493,-8.3483,651.3326,-58.7953
2021-08-23,1806.3,1.25,0.9219,0.2498,-4.1496,0.0222,-7.2265,659.4743,-58.2802
2021-08-24,1808.5,0.1218,1.1578,0.5169,-4.7155,0.5896,-6.7399,660.2775,-58.2294
2021-08-25,1791.0,-0.9677,0.3699,-0.4889,-5.7963,0.8787,-6.8691,653.8883,-58.6336
2021-08-26,1795.2,0.2345,0.6786,-0.25,-5.3015,3.8408,-8.0563,655.4217,-58.5366
2021-08-27,1819.5,1.3536,1.9899,-0.6389,-4.3627,5.6007,-5.8522,664.2936,-57.9753
2021-08-30,1812.2,-0.4012,0.3266,-0.0221,-4.8714,4.5339,-8.2384,661.6283,-58.1439
2021-08-31,1818.1,0.3256,0.5308,-0.225,-4.8065,5.9622,-8.1118,663.7824,-58.0077
2021-09-01,1816.0,-0.1155,1.3959,0.1047,-3.0588,6.7796,-8.2318,663.0157,-58.0562
2021-09-02,1811.5,-0.2478,0.908,-0.1653,-4.2548,6.6529,-6.8494,661.3728,-58.1601
2021-09-03,1833.7,1.2255,0.7804,1.371,-3.4285,9.2789,-5.3721,669.4779,-57.6474
2021-09-07,1798.5,-1.9196,-0.756,2.0078,-5.0623,4.7528,-7.0206,656.6265,-58.4604
2021-09-08,1793.5,-0.278,-1.3531,3.8807,-5.3812,4.1642,-7.7038,654.801,-58.5759
2021-09-09,1800.0,0.3624,-0.8811,3.9441,-5.0833,4.4932,-7.9237,657.1742,-58.4257
2021-09-10,1792.1,-0.4389,-1.0709,2.213,-4.6552,4.204,-8.7665,654.2899,-58.6082
2021-09-13,1794.4,0.1283,-2.1432,2.4318,-3.8319,3.7705,-7.8803,655.1296,-58.5551
2021-09-14,1807.1,0.7078,0.4782,1.6252,-2.6557,4.4023,-7.9747,659.7663,-58.2617
2021-09-15,1794.8,-0.6806,0.0725,0.2794,-3.578,3.9199,-8.7173,655.2757,-58.5458
2021-09-16,1756.7,-2.1228,-2.4056,-1.7396,-1.0198,1.3968,-10.85,641.3655,-59.4258
2021-09-17,1751.4,-0.3017,-2.2711,-1.8494,-0.9949,0.5569,-10.18,639.4305,-59.5482
2021-09-20,1763.8,0.708,-1.7053,-1.0824,-1.0713,1.4786,-10.1065,643.9577,-59.2618
2021-09-21,1778.2,0.8164,-1.5992,-0.3251,0.045,3.0781,-6.9298,649.215,-58.9292
2021-09-22,1778.8,0.0337,-0.8915,-1.5224,-0.2579,2.631,-6.7519,649.4341,-58.9154
2021-09-23,1749.8,-1.6303,-0.3928,-3.2458,-1.514,1.4318,-6.3477,638.8463,-59.5852
2021-09-24,1751.7,0.1086,0.0171,-2.1943,-1.4681,1.1199,-6.6706,639.54,-59.5413
2021-09-27,1752.0,0.0171,-0.669,-2.4064,-1.6117,2.3245,-6.1244,639.6495,-59.5344
2021-09-28,1737.5,-0.8276,-2.2888,-4.5067,-1.4799,3.1831,-7.6927,634.3556,-59.8693
2021-09-29,1722.9,-0.8403,-3.1426,-4.9277,-2.7489,0.531,-9.4735,629.0252,-60.2065
2021-09-30,1757.0,1.9792,0.4115,-3.3606,-1.1144,1.6547,-7.3068,641.475,-59.4189
2021-10-01,1758.4,0.0797,0.3825,-3.1718,-1.3963,1.7122,-8.2398,641.9861,-59.3865
2021-10-04,1767.6,0.5232,0.8904,-2.4234,-1.4826,1.4114,-7.3391,645.345,-59.1741
2021-10-05,1760.9,-0.379,1.3468,-3.9701,-2.2862,1.1082,-8.2912,642.8989,-59.3288
2021-10-06,1761.8,0.0511,2.2578,-2.0406,-2.1331,0.2048,-7.7012,643.2275,-59.308
2021-10-07,1759.2,-0.1476,0.1252,-1.9125,-2.8388,0.8253,-6.96,642.2782,-59.3681
2021-10-08,1757.4,-0.1023,-0.0569,-2.3667,-2.6856,1.4255,-7.2661,641.6211,-59.4096
2021-10-11,1755.7,-0.0967,-0.6732,-2.0311,-2.9946,0.4635,-8.8516,641.0004,-59.4489
2021-10-12,1759.3,0.2051,-0.0909,-1.9561,-3.6,1.3247,-8.7926,642.3147,-59.3658
2021-10-13,1794.7,2.0122,1.8674,-0.6862,-1.8753,1.5791,-5.2729,655.2391,-58.5481
2021-10-14,1797.9,0.1783,2.1999,0.1727,-0.9421,0.9943,-5.7359,656.4075,-58.4742
2021-10-15,1768.3,-1.6464,0.6202,0.6603,-2.2607,-0.1299,-7.3655,645.6006,-59.1579
2021-10-18,1765.7,-0.147,0.5696,0.8165,-2.5229,-0.7141,-7.3804,644.6513,-59.2179
2021-10-19,1770.5,0.2718,0.6366,0.3799,-1.8243,-1.2604,-7.3861,646.4038,-59.1071
2021-10-20,1784.9,0.8133,-0.546,0.3768,-1.1355,0.1627,-6.8132,651.6612,-58.7745
2021-10-21,1781.9,-0.1681,-0.8899,0.1743,-1.1045,0.2306,-7.6496,650.5659,-58.8438
2021-10-22,1796.3,0.8081,1.5834,2.6574,-0.1612,0.9101,-5.6862,655.8233,-58.5112
2021-10-25,1806.8,0.5845,2.3277,3.1455,0.3889,1.5741,-5.1648,659.6568,-58.2687
2021-10-26,1793.4,-0.7416,1.2934,2.363,-0.3501,1.0993,-5.8928,654.7645,-58.5782
2021-10-27,1798.8,0.3011,0.7788,3.5281,-1.7693,1.7248,-5.9156,656.7361,-58.4534
2021-10-28,1802.6,0.2112,1.1617,4.6259,-0.5517,1.9743,-4.0762,658.1234,-58.3657
2021-10-29,1783.9,-1.0374,-0.6903,1.531,-2.1019,-0.4409,-4.5021,651.2961,-58.7976
2021-11-01,1795.8,0.6671,-0.6088,2.1269,-1.0088,1.1149,-4.4736,655.6408,-58.5227
2021-11-02,1789.4,-0.3564,-0.223,1.2333,-1.3833,0.2858,-5.4478,653.3041,-58.6705
2021-11-03,1763.9,-1.4251,-1.9402,0.1704,-2.4877,-2.8529,-7.6686,643.9942,-59.2595
2021-11-04,1793.5,1.6781,-0.5048,1.7993,1.7242,-2.0641,-5.4161,654.801,-58.5759
2021-11-05,1816.8,1.2991,1.8443,3.2742,5.2302,-1.1319,-6.6776,663.3078,-58.0377
2021-11-08,1828.0,0.6165,1.7931,4.0173,5.561,-0.4412,-6.3381,667.3969,-57.779
2021-11-09,1830.8,0.1532,2.3136,4.2775,4.4202,0.4389,-1.2726,668.4192,-57.7143
2021-11-10,1848.3,0.9559,4.7849,5.0588,5.5086,1.3322,-1.4975,674.8084,-57.3101
2021-11-11,1863.9,0.844,3.9253,3.8558,4.8195,1.4036,0.1236,680.5039,-56.9498
2021-11-12,1868.5,0.2468,2.8457,3.9268,4.3971,0.0482,-0.2562,682.1833,-56.8436
2021-11-15,1866.6,-0.1017,2.1116,5.559,4.4076,-0.0749,-1.0391,681.4896,-56.8875
2021-11-16,1854.1,-0.6697,1.2727,5.0065,3.9061,-1.4563,-1.7852,676.9259,-57.1762
2021-11-17,1870.2,0.8683,1.1849,5.6312,4.8847,-0.6217,-0.7904,682.8039,-56.8043
2021-11-18,1861.4,-0.4705,-0.1341,4.286,4.3386,-0.8153,-0.6671,679.5911,-57.0076
2021-11-19,1851.6,-0.5265,-0.9045,3.9116,2.5079,-1.7458,-0.5318,676.0131,-57.2339
2021-11-22,1806.3,-2.4465,-3.2305,0.5567,-0.1216,-4.8314,-3.5302,659.4743,-58.2802
2021-11-23,1783.8,-1.2456,-3.7916,-1.273,-0.402,-6.175,-2.9383,651.2596,-58.7999
2021-11-24,1784.3,0.028,-4.5931,-0.5074,-0.6072,-5.8765,-1.1249,651.4422,-58.7883
2021-11-26,1785.5,0.0673,-4.0776,-0.7394,-1.8686,-6.1498,-1.1077,651.8803,-58.7606
2021-11-29,1782.3,-0.1792,-3.7427,-1.1261,-1.6499,-6.4409,0.0224,650.712,-58.8345
2021-11-30,1773.6,-0.4881,-1.8103,-0.5774,-2.4476,-7.1365,-0.1183,647.5356,-59.0355
2021-12-01,1784.3,0.6033,0.028,-0.6404,-1.7456,-4.751,-1.6427,651.4422,-58.7883
2021-12-02,1762.7,-1.2106,-1.2106,-1.4921,-2.6939,-6.834,-3.6881,643.556,-59.2872
2021-12-03,1783.9,1.2027,-0.0896,1.1339,-2.7158,-6.0512,-3.1068,651.2961,-58.7976
2021-12-06,1779.5,-0.2467,-0.1571,-0.7806,-1.0564,-6.0652,-3.288,649.6897,-58.8992
2021-12-07,1784.7,0.2922,0.6258,-1.7668,-0.4907,-5.8454,-4.3569,651.5882,-58.7791
2021-12-08,1785.5,0.0448,0.0673,-2.3249,-0.8056,-5.8479,-4.7683,651.8803,-58.7606
2021-12-09,1776.7,-0.4929,0.7942,-2.955,-0.8593,-5.4746,-3.3614,648.6674,-58.9639
2021-12-10,1784.8,0.4559,0.0505,-3.4356,-0.535,-4.3464,-2.8627,651.6247,-58.7768
2021-12-13,1788.3,0.1961,0.4945,-4.056,-1.0403,-3.6684,-2.9996,652.9026,-58.696
2021-12-14,1772.3,-0.8947,-0.6948,-5.1485,-1.2536,-4.7867,-3.264,647.061,-59.0655
2021-12-15,1764.5,-0.4401,-1.1761,-5.4698,0.444,-0.5803,-4.8941,644.2132,-59.2457
2021-12-16,1798.2,1.9099,1.2101,-3.0149,2.6721,1.6506,-3.2758,656.517,-58.4673
2021-12-17,1804.9,0.3726,1.1262,-3.4916,2.3302,1.2339,-4.5229,658.9631,-58.3125
2021-12-20,1794.6,-0.5707,0.3523,-3.5887,0.9223,0.9677,-4.9923,655.2026,-58.5504
2021-12-21,1788.7,-0.3288,0.9253,-3.3971,0.5565,0.2972,-4.9979,653.0486,-58.6867
2021-12-22,1802.2,0.7547,2.1366,-0.227,2.9946,1.4352,-3.6411,657.9774,-58.3749
2021-12-23,1811.7,0.5271,0.7508,1.5641,3.4252,1.9068,-3.5355,661.4458,-58.1555
2021-12-27,1808.8,-0.1601,0.2161,1.3731,3.242,1.578,-3.9507,660.387,-58.2225
2021-12-28,1810.9,0.1161,0.9083,1.4226,4.2245,2.682,-3.696,661.1537,-58.174
2021-12-29,1805.8,-0.2816,0.956,1.3185,4.8117,1.9305,-4.0947,659.2917,-58.2918
2021-12-30,1814.1,0.4596,0.6603,2.2835,3.2499,2.0993,-4.1882,662.322,-58.1001
2021-12-31,1828.6,0.7993,0.9328,2.4828,3.9923,2.5402,-3.509,667.6159,-57.7652
2022-01-03,1800.1,-1.5586,-0.481,2.1217,1.8387,0.3288,-7.5259,657.2107,-58.4234
2022-01-04,1814.6,0.8055,0.2043,1.7209,3.0496,0.6936,-7.1531,662.5046,-58.0885
2022-01-05,1825.1,0.5786,1.0688,2.5625,3.5929,1.3832,-4.3749,666.3381,-57.846
2022-01-06,1789.2,-1.967,-1.3726,0.2521,1.7053,-1.1819,-6.5008,653.2311,-58.6752
2022-01-07,1797.4,0.4583,-1.7062,0.6665,2.2761,-0.4707,-2.0704,656.2249,-58.4858
2022-01-10,1798.8,0.0779,-0.0722,1.2439,2.4549,-0.6133,-2.8096,656.7361,-58.4534
2022-01-11,1818.5,1.0952,0.2149,1.8882,3.365,-0.3562,-1.3936,663.9285,-57.9984
2022-01-12,1827.3,0.4839,0.1205,2.1808,1.8165,-0.0929,-1.4879,667.1413,-57.7952
2022-01-13,1821.4,-0.3229,1.7997,2.7704,1.3071,0.3526,-1.6204,664.9872,-57.9314
2022-01-14,1816.5,-0.269,1.0626,2.947,2.7258,0.4035,-0.7323,663.1983,-58.0446
2022-01-18,1812.4,-0.2257,0.7561,0.7897,2.6448,0.0552,-1.5107,661.7014,-58.1393
2022-01-19,1843.2,1.6994,1.3583,2.122,4.1062,2.2069,-1.2483,672.9463,-57.4279
2022-01-20,1842.6,-0.0326,0.8373,2.6747,3.2327,2.0605,-1.2487,672.7273,-57.4418
2022-01-21,1831.8,-0.5861,0.571,2.4096,2.8004,1.665,-1.3145,668.7843,-57.6912
2022-01-24,1841.7,0.5404,1.3873,2.1918,2.5274,2.3622,-0.7277,672.3987,-57.4626
2022-01-25,1852.5,0.5864,2.2125,2.252,2.5293,2.9281,0.0864,676.3417,-57.2131
2022-01-26,1829.7,-1.2308,-0.7324,1.1555,2.0241,1.6669,-0.8239,668.0175,-57.7397
2022-01-27,1793.1,-2.0003,-2.6864,-0.9829,-0.3169,-2.0806,-2.4376,654.655,-58.5851
2022-01-28,1784.9,-0.4573,-2.5603,-1.1574,-0.9819,-1.5282,-3.3779,651.6612,-58.7745
2022-01-31,1795.0,0.5659,-2.5357,-1.0529,0.6222,-1.4927,-3.6966,655.3487,-58.5412
2022-02-01,1801.5,0.3621,-2.753,-1.482,0.3174,-0.6946,-1.7399,657.7218,-58.3911
2022-02-02,1810.3,0.4885,-1.0603,0.5666,1.168,-0.2315,-1.3514,660.9347,-58.1878
2022-02-03,1804.1,-0.3425,0.6135,-0.5786,2.279,-0.2654,0.7202,658.6711,-58.331
2022-02-04,1807.8,0.2051,1.283,-0.9479,0.7973,2.5353,-0.2868,660.0219,-58.2456
2022-02-07,1821.8,0.7744,1.493,1.822,0.2752,5.5198,-0.676,665.1333,-57.9222
2022-02-08,1827.9,0.3348,1.4654,1.6969,-0.0055,5.5552,-0.5224,667.3604,-57.7813
2022-02-09,1836.6,0.476,1.4528,2.1014,0.3168,4.751,-0.331,670.5367,-57.5804
2022-02-10,1837.4,0.0436,1.8458,1.0393,-0.5897,4.8864,0.5802,670.8288,-57.5619
2022-02-11,1842.1,0.2558,1.8973,0.8099,-1.1696,3.5935,1.0366,672.5447,-57.4533
2022-02-14,1869.4,1.482,2.6128,2.6353,0.0482,4.4474,3.9133,682.5119,-56.8228
2022-02-15,1856.2,-0.7061,1.5482,2.1855,-0.5572,3.8259,4.7044,677.6926,-57.1277
2022-02-16,1871.5,0.8243,1.9003,3.2609,0.9385,4.8812,5.4366,683.2786,-56.7743
2022-02-17,1902.0,1.6297,3.5158,3.1901,1.7004,6.6682,7.0102,694.414,-56.0698
2022-02-18,1899.8,-0.1157,3.1323,3.1043,2.063,6.491,5.0542,693.6108,-56.1207
2022-02-22,1907.4,0.4,2.0327,4.1271,3.0136,5.5971,5.6205,696.3856,-55.9451
2022-02-23,1910.4,0.1573,2.9199,3.7303,5.7632,5.6345,6.2573,697.4809,-55.8758
2022-02-24,1926.3,0.8323,2.9281,3.9838,7.9886,7.5544,8.4995,703.2859,-55.5086
2022-02-25,1887.6,-2.009,-0.7571,3.1645,5.7894,5.1471,9.1856,689.1566,-56.4024
2022-02-28,1900.7,0.694,0.0474,6.0008,6.452,4.4628,10.3134,693.9394,-56.0999
2022-03-01,1943.8,2.2676,1.9084,8.9025,9.0613,7.2619,12.1251,709.6751,-55.1044
2022-03-02,1922.3,-1.1061,0.6229,7.0919,8.3841,5.7313,12.0352,701.8255,-55.601
2022-03-03,1935.9,0.7075,0.4984,7.4605,8.4963,6.6024,13.8296,706.7908,-55.2869
2022-03-04,1966.6,1.5858,4.1852,8.6339,11.5675,8.562,15.7845,717.9993,-54.5778
2022-03-07,1995.9,1.4899,5.0087,10.6313,11.8841,8.8455,18.9452,728.6966,-53.9011
2022-03-08,2043.3,2.3749,5.1188,13.0269,14.8244,13.6113,19.011,746.0022,-52.8063
2022-03-09,1988.2,-2.6966,3.4282,9.1338,11.4025,10.8559,15.4722,725.8854,-54.0789
2022-03-10,2000.4,0.6136,3.3318,9.4371,12.0358,11.1333,16.1268,730.3396,-53.7971
2022-03-11,1985.0,-0.7698,0.9356,8.0801,11.724,10.7639,15.4204,724.7171,-54.1528
2022-03-14,1960.8,-1.2191,-1.7586,6.716,9.861,9.2733,13.3935,715.8817,-54.7118
2022-03-15,1929.7,-1.5861,-5.5596,4.7554,7.9069,6.7843,11.4854,704.5272,-55.4301
2022-03-16,1909.2,-1.0623,-3.9734,2.129,7.7244,6.374,10.5437,697.0427,-55.9035
2022-03-17,1943.2,1.7809,-2.8594,4.687,10.1275,10.6165,12.1616,709.456,-55.1183
2022-03-18,1929.3,-0.7153,-2.806,3.0884,7.2906,10.1576,10.7711,704.3812,-55.4393
2022-03-21,1929.5,0.0104,-1.5963,1.4458,6.9034,9.3945,11.012,704.4542,-55.4347
2022-03-22,1921.5,-0.4146,-0.4249,1.1422,7.0712,8.0587,11.3848,701.5334,-55.6195
2022-03-23,1937.3,0.8223,1.4718,1.5676,8.3077,8.9105,11.7759,707.302,-55.2545
2022-03-24,1962.2,1.2853,0.9778,2.7115,8.878,12.1385,13.7441,716.3928,-54.6794
2022-03-25,1954.2,-0.4077,1.2906,1.4484,7.8655,11.5602,12.8096,713.4721,-54.8642
2022-03-28,1939.8,-0.7369,0.5338,2.7654,7.2424,10.7192,13.2928,708.2147,-55.1968
2022-03-29,1912.2,-1.4228,-0.484,0.605,5.5939,10.0547,13.5578,698.138,-55.8343
2022-03-30,1933.5,1.1139,-0.1962,-0.5299,7.0717,12.2236,12.8195,705.9146,-55.3423
2022-03-31,1949.2,0.812,-0.6625,1.3994,7.4472,10.9391,12.7748,711.6466,-54.9797
2022-04-01,1923.7,-1.3082,-1.5607,-0.6302,5.2007,9.4006,11.2737,702.3366,-55.5686
2022-04-04,1934.0,0.5354,-0.299,-1.6577,7.4385,9.4139,10.9581,706.0971,-55.3307
2022-04-05,1927.5,-0.3361,0.8001,-3.427,6.2218,9.4611,10.6741,703.724,-55.4809
2022-04-06,1923.1,-0.2283,-0.5379,-5.8826,5.3696,9.1554,9.3789,702.1176,-55.5825
2022-04-07,1937.8,0.7644,-0.5849,-2.535,8.3054,10.1523,11.0614,707.4845,-55.243
2022-04-08,1945.6,0.4025,1.1384,-2.7395,8.2452,10.709,12.2872,710.3322,-55.0628
2022-04-11,1948.2,0.1336,0.7342,-1.8539,8.3055,10.9643,11.4786,711.2815,-55.0028
2022-04-12,1976.1,1.4321,2.5214,0.7803,8.6665,12.3231,13.811,721.4677,-54.3584
2022-04-13,1984.7,0.4352,3.2032,2.8502,8.6138,10.5867,12.333,724.6075,-54.1597
2022-04-14,1974.9,-0.4938,1.9145,3.4412,8.4276,9.8448,10.937,721.0296,-54.3861
2022-04-18,1986.4,0.5823,2.097,2.2231,9.3532,12.3339,12.188,725.2282,-54.1205
2022-04-19,1959.0,-1.3794,0.5544,1.5394,8.0887,10.9475,10.1552,715.2246,-54.7533
2022-04-20,1955.6,-0.1736,-1.0374,1.3527,6.0981,10.4547,9.0625,713.9832,-54.8319
2022-04-21,1948.2,-0.3784,-1.8391,1.3895,5.731,9.149,9.3266,711.2815,-55.0028
2022-04-22,1934.3,-0.7135,-2.0558,-0.1549,5.5956,8.5527,8.803,706.2067,-55.3238
2022-04-25,1896.0,-1.98,-4.5509,-3.3738,2.9484,5.5503,6.5109,692.2235,-56.2084
2022-04-26,1904.1,0.4272,-2.8025,-2.5637,2.7854,5.3852,7.0441,695.1807,-56.0213
2022-04-27,1888.7,-0.8088,-3.4209,-2.6343,3.2246,5.3139,6.4716,689.5582,-56.377
2022-04-28,1891.3,0.1377,-2.9206,-1.093,5.4766,5.1423,6.9558,690.5075,-56.317
2022-04-29,1911.7,1.0786,-1.1684,-1.1275,7.104,6.0524,8.1462,697.9555,-55.8458
2022-05-02,1863.6,-2.5161,-1.7089,-4.3915,3.8217,4.4677,4.0071,680.3943,-56.9568
2022-05-03,1870.6,0.3756,-1.7594,-2.7603,3.8357,4.1653,5.3266,682.95,-56.7951
2022-05-04,1868.8,-0.0962,-1.0536,-3.3712,3.2315,4.4372,4.7358,682.2928,-56.8367
2022-05-05,1875.7,0.3692,-0.8248,-2.6874,3.9687,6.3382,3.3045,684.812,-56.6773
2022-05-06,1882.8,0.3785,-1.5117,-2.0956,4.1487,4.9791,2.8122,687.4042,-56.5133
2022-05-09,1858.6,-1.2853,-0.2683,-4.0871,2.02,2.3007,1.1428,678.5688,-57.0722
2022-05-10,1841.0,-0.9469,-1.5824,-5.3762,0.7167,0.7112,0.2669,672.1431,-57.4788
2022-05-11,1853.7,0.6898,-0.808,-4.8506,0.9311,1.2508,1.6952,676.7798,-57.1854
2022-05-12,1824.6,-1.5698,-2.7243,-7.6666,-0.6966,-1.2823,0.0329,666.1555,-57.8575
2022-05-13,1808.2,-0.8988,-3.9622,-8.893,-1.8403,-2.9884,-1.6267,660.1679,-58.2363
2022-05-16,1814.0,0.3208,-2.3997,-8.1472,-2.9635,-2.9168,-2.87,662.2855,-58.1024
2022-05-17,1818.9,0.2701,-1.2004,-8.4323,-2.0095,-2.5554,-2.6285,664.0745,-57.9892
2022-05-18,1815.9,-0.1649,-2.0392,-7.3047,-2.9709,-2.0603,-3.4866,662.9792,-58.0585
2022-05-19,1841.2,1.3932,0.9098,-5.8499,-3.1966,-1.5506,-2.1627,672.2161,-57.4741
2022-05-20,1842.1,0.0489,1.8748,-5.4461,-3.0372,-1.0369,-1.8437,672.5447,-57.4533
2022-05-23,1847.8,0.3094,1.8633,-4.4719,-3.1247,-0.2052,-1.9475,674.6258,-57.3217
2022-05-24,1865.4,0.9525,2.5565,-1.6139,-2.3555,3.2719,-1.7176,681.0515,-56.9152
2022-05-25,1846.3,-1.0239,1.6741,-3.0356,-4.153,3.5038,-2.8876,674.0782,-57.3563
2022-05-26,1847.6,0.0704,0.3476,-2.1761,-2.1191,3.5476,-2.5373,674.5528,-57.3263
2022-05-27,1851.3,0.2003,0.4994,-2.1149,-2.599,3.6852,-2.6912,675.9036,-57.2409
2022-05-31,1842.7,-0.4645,-0.276,-3.6094,-5.2012,3.3889,-3.2703,672.7638,-57.4395
2022-06-01,1848.7,0.3256,-0.8953,-0.7995,-3.8288,4.2343,-3.2044,674.9544,-57.3009
2022-06-02,1871.4,1.2279,1.3595,0.0428,-3.3318,4.8815,-0.1014,683.2421,-56.7766
2022-06-03,1850.2,-1.1328,0.1407,-0.9953,-5.9188,4.964,-2.2093,675.502,-57.2663
2022-06-06,1843.7,-0.3513,-0.4105,-1.706,-7.6256,3.3522,-2.9018,673.1289,-57.4164
2022-06-07,1852.1,0.4556,0.5101,-1.6306,-9.3574,4.0798,-2.2329,676.1957,-57.2224
2022-06-08,1856.5,0.2376,0.4219,-0.113,-6.6241,4.0231,-2.0575,677.8021,-57.1208
2022-06-09,1852.8,-0.1993,-0.9939,0.641,-7.3785,3.7693,-2.2991,676.4513,-57.2062
2022-06-10,1875.5,1.2252,1.3674,1.176,-5.5164,5.5609,-0.2181,684.739,-56.6819
2022-06-13,1831.8,-2.33,-0.6454,0.3946,-6.5789,2.6333,-1.8275,668.7843,-57.6912
2022-06-14,1813.5,-0.999,-2.0841,0.2931,-6.0217,1.4092,-2.3109,662.103,-58.1139
2022-06-15,1819.6,0.3364,-1.9876,0.3087,-4.6931,2.6688,-2.2456,664.3301,-57.973
2022-06-16,1849.9,1.6652,-0.1565,1.7043,-4.8014,4.8399,4.2315,675.3925,-57.2732
2022-06-17,1840.6,-0.5027,-1.8608,1.3602,-4.5975,2.3579,4.0475,671.9971,-57.488
2022-06-21,1838.8,-0.0978,0.3821,-0.1303,-4.7007,1.8782,3.1353,671.3399,-57.5296
2022-06-22,1838.4,-0.0218,1.373,-0.2009,-4.3247,2.4407,3.432,671.1939,-57.5388
2022-06-23,1829.8,-0.4678,0.5606,-0.9741,-5.549,2.2978,2.6018,668.0541,-57.7374
2022-06-24,1830.3,0.0273,-1.0595,-1.8816,-6.722,1.5592,3.0168,668.2366,-57.7259
2022-06-27,1824.8,-0.3005,-0.8584,-1.1645,-6.6216,0.7231,2.6437,666.2286,-57.8529
2022-06-28,1821.2,-0.1973,-0.9572,-1.4289,-6.114,0.6855,2.2744,664.9142,-57.9361
2022-06-29,1817.5,-0.2032,-1.1369,-1.8257,-4.9524,0.3645,3.0563,663.5634,-58.0215
2022-06-30,1807.3,-0.5612,-1.2296,-1.9211,-6.527,0.0831,2.0151,659.8394,-58.2571
2022-07-01,1801.5,-0.3209,-1.5735,-2.5531,-7.5775,-0.6946,1.3901,657.7218,-58.3911
2022-07-05,1763.9,-2.0871,-3.3374,-5.7444,-8.3069,-3.5382,-1.0879,643.9942,-59.2595
2022-07-06,1736.5,-1.5534,-4.6508,-6.1453,-10.212,-3.5331,-3.2159,633.9905,-59.8924
2022-07-07,1739.7,0.1843,-4.2806,-5.6408,-9.7432,-4.1276,-3.4626,635.1588,-59.8185
2022-07-08,1742.3,0.1495,-3.5965,-5.9284,-9.4015,-4.5367,-3.2163,636.1081,-59.7584
2022-07-11,1731.7,-0.6084,-3.8746,-6.7223,-10.6358,-3.2137,-4.3577,632.238,-60.0032
2022-07-12,1724.8,-0.3984,-2.2167,-6.9085,-11.3487,-4.0392,-4.4908,629.7189,-60.1626
2022-07-13,1735.5,0.6204,-0.0576,-7.4647,-10.9178,-3.519,-4.1107,633.6254,-59.9155
2022-07-14,1705.8,-1.7113,-1.9486,-6.8785,-13.6785,-6.1974,-6.5315,622.7821,-60.6014
2022-07-15,1703.6,-0.129,-2.2212,-6.0601,-14.1633,-6.7696,-6.8562,621.9788,-60.6523
2022-07-18,1710.2,0.3874,-1.2416,-6.0123,-13.4032,-6.1052,-5.7741,624.3885,-60.4998
2022-07-19,1710.7,0.0292,-0.8175,-7.5247,-13.8794,-5.8244,-5.4444,624.571,-60.4883
2022-07-20,1700.2,-0.6138,-2.034,-7.6279,-13.2108,-6.1907,-6.1389,620.7375,-60.7308
2022-07-21,1713.4,0.7764,0.4455,-6.8197,-12.3849,-7.0421,-4.9906,625.5568,-60.4259
2022-07-22,1727.4,0.8171,1.397,-6.0379,-11.3335,-6.252,-4.3204,630.6682,-60.1026
2022-07-25,1719.1,-0.4805,0.5204,-6.0498,-11.1255,-6.1524,-4.5899,627.6378,-60.2943
2022-07-26,1717.7,-0.0814,0.4092,-6.152,-9.404,-6.7329,-4.5298,627.1267,-60.3266
2022-07-27,1719.1,0.0815,1.1116,-5.7924,-9.7159,-7.2011,-4.4838,627.6378,-60.2943
2022-07-28,1750.3,1.8149,2.1536,-3.893,-7.3278,-4.3395,-2.7449,639.0289,-59.5736
2022-07-29,1762.9,0.7199,2.0551,-3.0041,-6.789,-1.6842,-3.7298,643.6291,-59.2826
2022-08-01,1787.7,1.4068,3.9905,-1.0845,-6.4864,0.1569,-1.3737,652.6835,-58.7098
2022-08-02,1789.7,0.1119,4.1917,-0.655,-3.9654,-0.2953,-1.7836,653.4137,-58.6636
2022-08-03,1776.4,-0.7431,3.3331,0.7087,-5.0358,-1.3933,-2.0782,648.5579,-58.9708
2022-08-04,1806.9,1.717,3.2337,4.0541,-3.3123,-0.1878,-0.4188,659.6933,-58.2664
2022-08-05,1791.2,-0.8689,1.6053,2.9603,-4.505,-0.715,-0.9785,653.9613,-58.629
2022-08-08,1805.2,0.7816,0.9789,3.6102,-4.1215,-0.1438,2.3878,659.0727,-58.3056
2022-08-09,1812.3,0.3933,1.2628,4.6544,-2.4911,-0.5215,4.9696,661.6649,-58.1416
2022-08-10,1813.7,0.0772,2.0997,5.1542,-1.4829,-0.7769,4.7352,662.176,-58.1093
2022-08-11,1807.2,-0.3584,0.0166,4.1314,-2.5085,-1.6008,3.0742,659.8028,-58.2594
2022-08-12,1815.5,0.4593,1.3566,6.431,-0.4987,-1.1919,3.6363,662.8332,-58.0677
2022-08-15,1798.1,-0.9584,-0.3933,5.5471,-0.5586,-2.3886,1.1191,656.4805,-58.4696
2022-08-16,1789.7,-0.4672,-1.247,4.6486,-1.3396,-4.2634,-0.0056,653.4137,-58.6636
2022-08-17,1776.7,-0.7264,-2.04,3.8581,-2.3201,-4.2829,-0.6209,648.6674,-58.9639
2022-08-18,1771.2,-0.3096,-1.992,4.176,-2.4616,-5.3593,-0.7397,646.6594,-59.0909
2022-08-19,1762.9,-0.4686,-2.8973,2.889,-4.2527,-7.3134,-1.1329,643.6291,-59.2826
2022-08-22,1748.4,-0.8225,-2.764,1.2157,-5.0866,-7.9693,-1.9955,638.3352,-59.6175
2022-08-23,1761.2,0.7321,-1.5924,2.449,-4.6867,-7.6649,-2.4968,643.0084,-59.3219
2022-08-24,1761.5,0.017,-0.8555,2.5499,-5.5699,-7.7942,-2.5988,643.1179,-59.3149
2022-08-25,1771.4,0.562,0.0113,3.0423,-4.0568,-8.0413,-1.0944,646.7324,-59.0863
2022-08-26,1749.8,-1.2194,-0.7431,-0.0286,-5.2933,-7.3003,-2.529,638.8463,-59.5852
2022-08-29,1749.7,-0.0057,0.0743,-0.7488,-5.488,-7.9444,-3.8362,638.8098,-59.5875
2022-08-30,1736.3,-0.7658,-1.4138,-2.8752,-5.7741,-10.675,-4.1883,633.9175,-59.897
2022-08-31,1726.2,-0.5817,-2.004,-3.5481,-6.6263,-10.2013,-5.0547,630.23,-60.1303
2022-09-01,1709.3,-0.979,-3.5057,-3.7773,-8.662,-11.7051,-5.8755,624.0599,-60.5206
2022-09-02,1722.6,0.7781,-1.5545,-4.6655,-6.8966,-12.4072,-4.9075,628.9157,-60.2134
2022-09-06,1712.9,-0.5631,-2.1032,-4.3714,-7.0944,-14.1791,-6.5878,625.3742,-60.4375
2022-09-07,1727.8,0.8699,-0.4895,-4.2876,-6.7113,-15.4407,-3.9311,630.8142,-60.0933
2022-09-08,1720.2,-0.4399,-0.3476,-5.0819,-7.3418,-13.4795,-4.087,628.0394,-60.2688
2022-09-09,1728.6,0.4883,1.1291,-4.6921,-6.7034,-13.5873,-3.9667,631.1062,-60.0748
2022-09-12,1740.6,0.6942,1.0449,-3.6853,-7.1927,-12.3123,-2.8737,635.4874,-59.7977
2022-09-13,1717.4,-1.3329,0.2627,-5.4035,-6.2452,-12.4133,-4.2911,627.0172,-60.3335
2022-09-14,1709.1,-0.4833,-1.0823,-4.9497,-5.7568,-11.4318,-5.4231,623.9869,-60.5252
2022-09-15,1677.3,-1.8606,-2.4939,-6.2804,-7.8204,-12.1464,-6.5467,612.3768,-61.2597
2022-09-16,1683.5,0.3696,-2.609,-5.2457,-8.9951,-13.3646,-4.1669,614.6404,-61.1165
2022-09-19,1678.2,-0.3148,-3.585,-5.2507,-8.8232,-13.0151,-4.1795,612.7054,-61.2389
2022-09-20,1671.1,-0.4231,-2.6959,-5.2073,-9.1201,-13.3921,-5.2557,610.1132,-61.4029
2022-09-21,1675.7,0.2753,-1.9542,-4.1581,-8.8501,-12.7921,-5.7643,611.7926,-61.2967
2022-09-22,1681.1,0.3223,0.2266,-4.548,-8.1266,-13.2246,-5.4925,613.7642,-61.1719
2022-09-23,1655.6,-1.5169,-1.6573,-6.0119,-9.5449,-15.6253,-5.3835,604.4542,-61.7609
2022-09-26,1633.4,-1.3409,-2.6695,-7.7904,-10.4888,-16.4159,-6.7534,596.3491,-62.2737
2022-09-27,1636.2,0.1714,-2.0884,-6.4922,-10.1581,-15.6511,-6.6096,597.3713,-62.209
2022-09-28,1670.0,2.0658,-0.3402,-4.5551,-8.1155,-12.666,-3.8849,609.7116,-61.4283
2022-09-29,1668.6,-0.0838,-0.7436,-3.8991,-7.6744,-13.7005,-3.1517,609.2004,-61.4606
2022-09-30,1672.0,0.2038,0.9906,-3.1398,-7.1885,-14.2212,-4.8378,610.4418,-61.3821
2022-10-03,1702.0,1.7943,4.1998,-0.4271,-3.5093,-11.5247,-3.2075,621.3947,-60.6892
2022-10-04,1730.5,1.6745,5.7634,0.4586,-0.3455,-10.5222,-2.0989,631.7999,-60.031
2022-10-05,1720.8,-0.5605,3.0419,0.4612,-1.0864,-10.7237,-2.2772,628.2585,-60.255
2022-10-06,1720.8,0.0,3.1284,-0.4051,-1.234,-10.5195,-2.3272,628.2585,-60.255
2022-10-07,1709.3,-0.6683,2.2309,-0.6336,-1.2935,-11.7917,-2.8365,624.0599,-60.5206
2022-10-10,1675.2,-1.995,-1.5746,-3.0892,-2.8757,-13.898,-4.6774,611.6101,-61.3082
2022-10-11,1686.0,0.6447,-2.5715,-3.1368,-2.8522,-13.4586,-3.9699,615.5531,-61.0588
2022-10-12,1677.5,-0.5042,-2.5163,-2.3233,-1.659,-15.1106,-4.6496,612.4498,-61.2551
2022-10-13,1677.0,-0.0298,-2.5453,-1.8782,-1.5614,-15.5036,-6.5582,612.2673,-61.2666
2022-10-14,1648.9,-1.6756,-3.5336,-1.6932,-3.5844,-16.5072,-8.2874,602.0081,-61.9157
2022-10-17,1664.0,0.9158,-0.6686,-1.1583,-2.7299,-16.2304,-5.8983,607.521,-61.5669
2022-10-18,1655.8,-0.4928,-1.7912,-1.3348,-2.6115,-15.4773,-6.2242,604.5272,-61.7563
2022-10-19,1634.2,-1.3045,-2.5812,-2.2081,-4.6224,-16.4349,-7.6984,596.6411,-62.2552
2022-10-20,1636.8,0.1591,-2.3971,-2.3214,-5.2449,-15.984,-8.2974,597.5904,-62.1951
2022-10-21,1656.3,1.1913,0.4488,-1.4752,-3.6531,-14.3721,-7.0487,604.7098,-61.7447
2022-10-24,1654.1,-0.1328,-0.595,-0.0906,-3.7026,-12.7584,-7.9163,603.9065,-61.7955
2022-10-25,1658.0,0.2358,0.1329,1.5061,-3.5542,-12.9247,-8.2356,605.3304,-61.7055
2022-10-26,1669.2,0.6755,2.1417,2.0169,-4.6335,-11.6218,-6.9254,609.4195,-61.4468
2022-10-27,1665.6,-0.2157,1.7595,-0.2635,-5.5193,-11.9336,-7.4049,608.1052,-61.5299
2022-10-28,1644.8,-1.2488,-0.6943,-1.4263,-7.9935,-13.9614,-8.754,600.5112,-62.0103
2022-10-31,1640.7,-0.2493,-0.8101,-1.872,-8.3254,-11.9607,-8.0274,599.0142,-62.105
2022-11-01,1649.7,0.5485,-0.5006,-3.0729,-7.1324,-11.809,-8.1357,602.3001,-61.8972
2022-11-02,1650.0,0.0182,-1.1502,-4.6518,-8.6834,-11.7081,-7.7903,602.4097,-61.8902
2022-11-03,1630.9,-1.1576,-2.0833,-5.2243,-8.9493,-13.0511,-7.5401,595.4363,-62.3314
2022-11-04,1676.6,2.8021,1.9334,-2.5686,-7.1239,-10.9518,-6.518,612.1212,-61.2759
2022-11-07,1680.5,0.2326,2.4258,-1.6849,-7.2725,-9.5825,-7.5022,613.5451,-61.1858
2022-11-08,1716.0,2.1125,4.0189,2.4355,-5.3868,-6.7898,-6.1269,626.506,-60.3659
2022-11-09,1713.7,-0.134,3.8606,1.6429,-5.1737,-7.5525,-6.3961,625.6663,-60.419
2022-11-10,1753.7,2.3341,7.5296,4.5425,-3.404,-3.8858,-5.1182,640.2702,-59.4951
2022-11-11,1769.4,0.8953,5.535,5.5098,-1.5961,-2.1458,-5.07,646.0022,-59.1325
2022-11-14,1776.9,0.4239,5.7364,7.7628,-0.7152,-2.0452,-4.9023,648.7404,-58.9593
2022-11-15,1776.8,-0.0056,3.5431,6.7788,0.0056,-2.3146,-4.8109,648.7039,-58.9616
2022-11-16,1775.8,-0.0563,3.6237,7.2473,0.2597,-2.2083,-4.2231,648.3388,-58.9847
2022-11-17,1763.0,-0.7208,0.5303,7.8815,0.0057,-4.2472,-5.732,643.6656,-59.2803
2022-11-18,1754.4,-0.4878,-0.8477,7.1847,0.3432,-4.7609,-5.7484,640.5258,-59.4789
2022-11-21,1739.6,-0.8436,-2.0992,5.0293,-1.2264,-5.8556,-6.0488,635.1223,-59.8208
2022-11-22,1739.9,0.0172,-2.0768,5.1871,-1.2262,-6.7278,-3.676,635.2319,-59.8138
2022-11-23,1745.6,0.3276,-1.7006,5.2835,-1.4565,-5.4542,-2.1415,637.3129,-59.6822
2022-11-25,1754.0,0.4812,-0.5105,5.0803,0.24,-5.066,-1.6981,640.3797,-59.4882
2022-11-28,1740.3,-0.7811,-0.8037,4.4849,-0.5372,-5.9958,-2.5315,635.3779,-59.8046
2022-11-29,1748.4,0.4654,0.5059,6.2986,0.6969,-5.1175,-1.902,638.3352,-59.6175
2022-11-30,1746.0,-0.1373,0.3506,6.418,1.147,-5.5553,-1.5562,637.4589,-59.6729
2022-12-01,1815.2,3.9633,3.9872,10.0321,6.1955,-3.0031,1.7318,662.7236,-58.0747
2022-12-02,1809.6,-0.3085,3.1699,9.6727,5.0505,-2.1944,2.6607,660.6791,-58.204
2022-12-05,1781.3,-1.5639,2.3559,9.2219,3.9932,-3.3845,-0.1457,650.3469,-58.8576
2022-12-06,1782.4,0.0618,1.9446,6.3104,3.1601,-3.7633,0.163,650.7485,-58.8322
2022-12-07,1798.0,0.8752,2.9782,6.992,4.5227,-3.1511,0.7452,656.444,-58.4719
2022-12-08,1801.5,0.1947,-0.7547,4.9825,4.2173,-2.7688,0.8961,657.7218,-58.3911
2022-12-09,1810.7,0.5107,0.0608,5.6603,4.0273,-3.4551,1.9137,661.0807,-58.1786
2022-12-12,1792.3,-1.0162,0.6175,2.2011,4.3612,-2.1563,0.4202,654.3629,-58.6036
2022-12-13,1825.5,1.8524,2.4181,3.1706,6.8106,0.6617,2.0802,666.4841,-57.8368
2022-12-14,1818.7,-0.3725,1.1513,2.3524,8.4302,-0.0495,2.6181,664.0015,-57.9938
2022-12-15,1787.8,-1.699,-0.7605,0.6191,6.1954,-3.3569,1.3205,652.72,-58.7075
2022-12-16,1800.2,0.6936,-0.5799,1.374,7.2697,-2.1949,0.1112,657.2472,-58.4211
2022-12-19,1797.7,-0.1389,0.3013,1.9682,7.5758,-2.2352,-0.3989,656.3344,-58.4788
2022-12-20,1825.4,1.5409,-0.0055,4.047,8.9336,-0.7071,1.7163,666.4476,-57.8391
2022-12-21,1825.4,0.0,0.3684,4.9322,8.5837,-0.2405,2.0518,666.4476,-57.8391
2022-12-22,1795.3,-1.649,0.4195,3.1841,8.438,-1.9123,-0.3829,655.4582,-58.5343
2022-12-23,1804.2,0.4957,0.2222,3.357,10.4567,-1.1289,-0.414,658.7076,-58.3287
2022-12-27,1823.1,1.0476,1.4129,3.9396,11.4228,0.1043,0.7906,665.6079,-57.8922
2022-12-28,1815.8,-0.4004,-0.5259,4.3383,8.7305,-0.0935,0.2706,662.9427,-58.0608
2022-12-29,1826.0,0.5617,0.0329,4.4383,9.4331,1.0347,1.1186,666.6667,-57.8252
2022-12-30,1826.2,0.011,1.7212,4.5934,9.2225,1.3711,0.667,666.7397,-57.8206
2023-01-03,1846.1,1.0897,2.3224,1.7023,8.4665,4.6601,0.957,674.0051,-57.361
2023-01-04,1859.0,0.6988,1.9692,2.7299,7.4256,7.0544,3.272,678.7149,-57.063
2023-01-05,1840.6,-0.9898,1.3658,3.329,6.9619,5.7999,1.4328,671.9971,-57.488
2023-01-06,1869.7,1.581,2.3932,4.8979,8.6529,7.3122,2.4437,682.6214,-56.8159
2023-01-09,1877.8,0.4332,2.8255,4.4383,9.8578,8.4368,4.9519,685.5787,-56.6288
2023-01-10,1876.5,-0.0692,1.6467,4.1632,12.0165,8.7952,4.4008,685.1041,-56.6588
2023-01-11,1878.9,0.1279,1.0705,3.7665,11.4413,8.2627,4.453,685.9803,-56.6034
2023-01-12,1898.8,1.0591,3.162,5.9421,13.1923,11.3143,4.4157,693.2457,-56.1438
2023-01-13,1921.7,1.206,2.7812,5.2698,14.5915,12.8023,5.1661,701.6064,-55.6148
2023-01-17,1909.9,-0.614,1.7094,5.0146,15.8287,11.677,4.8589,697.2983,-55.8874
2023-01-18,1907.0,-0.1518,1.6254,6.6674,14.6034,11.4748,4.9821,696.2395,-55.9544
2023-01-19,1923.9,0.8862,2.395,6.8715,16.1916,13.1573,6.1521,702.4097,-55.564
2023-01-20,1928.2,0.2235,1.5483,7.2593,17.9905,12.5365,4.6115,703.9796,-55.4647
2023-01-23,1928.6,0.0207,0.3591,5.6536,17.8275,11.6476,4.6673,704.1256,-55.4555
2023-01-24,1935.4,0.3526,1.3351,6.0261,16.8508,12.5822,5.6556,706.6083,-55.2984
2023-01-25,1942.6,0.372,1.8668,8.2048,17.4415,13.0931,5.4786,709.237,-55.1321
2023-01-26,1930.0,-0.6486,0.3171,6.9726,16.4053,12.268,4.1835,704.6367,-55.4231
2023-01-27,1929.4,-0.0311,0.0622,5.8307,15.5883,10.2325,5.449,704.4177,-55.437
2023-01-30,1922.9,-0.3369,-0.2955,5.8982,15.4479,9.076,7.2389,702.0446,-55.5871
2023-01-31,1929.5,0.3432,-0.3048,5.6681,17.3091,7.932,8.1013,704.4542,-55.4347
2023-02-01,1942.8,0.6893,0.0103,6.3848,18.4129,8.5545,8.234,709.31,-55.1275
2023-02-02,1930.8,-0.6177,0.0415,4.5881,17.0395,8.6917,7.1774,704.9288,-55.4047
2023-02-03,1876.6,-2.8071,-2.7366,0.9467,13.7333,3.8574,3.6624,685.1406,-56.6565
2023-02-06,1879.5,0.1545,-2.257,2.1134,15.2431,4.9297,4.1794,686.1994,-56.5895
2023-02-07,1884.8,0.282,-2.3167,0.8076,12.418,4.4095,4.2593,688.1344,-56.4671
2023-02-08,1890.7,0.313,-2.6817,0.687,12.5082,4.326,3.782,690.2884,-56.3308
2023-02-09,1878.5,-0.6453,-2.7087,0.1066,9.4697,3.5728,2.7682,685.8343,-56.6126
2023-02-10,1874.5,-0.2129,-0.1119,-0.2342,9.3832,3.724,2.0636,684.3739,-56.705
2023-02-13,1863.5,-0.5868,-0.8513,-1.8591,6.2611,2.6439,1.4205,680.3578,-56.9591
2023-02-14,1865.4,0.102,-1.0293,-2.9297,5.4256,3.7428,1.2649,681.0515,-56.9152
2023-02-15,1845.3,-1.0775,-2.4012,-3.3824,3.8494,3.1067,-1.2892,673.7131,-57.3794
2023-02-16,1851.8,0.3522,-1.4213,-2.8946,4.2211,4.2269,-0.237,676.0862,-57.2293
2023-02-17,1850.2,-0.0864,-1.2963,-3.8308,4.1897,4.4603,-1.1381,675.502,-57.2663
2023-02-21,1842.5,-0.4162,-1.1269,-4.4446,4.5094,4.5153,-3.1283,672.6908,-57.4441
2023-02-22,1841.5,-0.0543,-1.2812,-4.5162,4.9647,5.3249,-3.0687,672.3257,-57.4672
2023-02-23,1826.8,-0.7983,-1.0025,-5.6112,5.0127,3.7247,-4.2256,666.9588,-57.8067
2023-02-24,1817.1,-0.531,-1.8739,-6.4604,4.437,3.1564,-4.8838,663.4173,-58.0308
2023-02-27,1824.9,0.4293,-1.3674,-5.4456,4.5429,3.0202,-5.264,666.2651,-57.8506
2023-02-28,1836.7,0.6466,-0.3148,-4.8046,4.7149,4.9663,-2.6965,670.5732,-57.5781
2023-03-01,1845.4,0.4737,0.2118,-4.0304,6.0392,5.4695,-2.9095,673.7496,-57.3771
2023-03-02,1840.5,-0.2655,0.7499,-4.6126,5.2677,6.0013,-5.3143,671.9606,-57.4903
2023-03-03,1854.6,0.7661,2.0637,-4.5398,6.2199,7.4383,-3.5218,677.1084,-57.1646
2023-03-06,1854.6,0.0,1.6275,-3.9466,2.1706,8.5006,-4.1996,677.1084,-57.1646
2023-03-07,1820.0,-1.8656,-0.9092,-3.0161,0.5747,5.6542,-7.4545,664.4761,-57.9638
2023-03-08,1818.6,-0.0769,-1.4523,-3.2402,2.094,6.1708,-8.8832,663.965,-57.9961
2023-03-09,1834.6,0.8798,-0.3206,-2.6634,2.9286,6.1813,-10.2139,669.8065,-57.6266
2023-03-10,1867.2,1.777,0.6794,-1.2429,3.8487,8.5455,-6.0859,681.7087,-56.8736
2023-03-13,1916.5,2.6403,3.3376,2.0229,6.3836,10.8701,-4.1942,699.7079,-55.7349
2023-03-14,1910.9,-0.2922,4.9945,1.9419,5.5338,9.784,-3.733,697.6634,-55.8643
2023-03-15,1931.3,1.0676,6.1971,3.6383,7.7554,12.4549,-1.5045,705.1114,-55.3931
2023-03-16,1923.0,-0.4298,4.8185,3.0878,5.341,12.5154,-0.3472,702.0811,-55.5848
2023-03-17,1973.5,2.6261,5.693,6.9474,8.5116,17.6593,3.3679,720.5185,-54.4184
2023-03-20,1982.8,0.4712,3.4594,7.0742,10.9073,17.7784,2.0379,723.9139,-54.2036
2023-03-21,1941.1,-2.1031,1.5804,4.913,7.8269,15.6656,0.6116,708.6893,-55.1668
2023-03-22,1949.6,0.4379,0.9475,5.8128,8.4497,16.6657,1.0417,711.7926,-54.9704
2023-03-23,1995.9,2.3748,3.791,8.3845,9.3404,19.1084,3.872,728.6966,-53.9011
2023-03-24,1983.8,-0.6062,0.5219,8.5943,8.6776,18.0061,2.4002,724.279,-54.1805
2023-03-27,1953.8,-1.5122,-1.4626,7.523,8.8286,18.0116,-0.4281,713.3261,-54.8734
2023-03-28,1973.5,1.0083,1.6692,8.1429,9.3837,20.8216,0.9876,720.5185,-54.4184
2023-03-29,1966.9,-0.3344,0.8874,7.0888,7.8877,20.2115,1.397,718.1088,-54.5709
2023-03-30,1980.3,0.6813,-0.7816,7.3101,9.0594,18.5808,3.5613,723.0011,-54.2614
2023-03-31,1969.0,-0.5706,-0.746,6.9818,7.8313,18.0031,1.836,718.8755,-54.5224
2023-04-03,2000.4,1.5947,2.3851,7.8615,9.5389,19.6411,2.6267,730.3396,-53.7971
2023-04-04,2038.2,1.8896,3.2784,9.8997,10.4057,19.7532,5.9521,744.1402,-52.9241
2023-04-05,2035.6,-0.1276,3.4928,11.8462,9.4997,17.6307,5.2534,743.191,-52.9841
2023-04-06,2026.4,-0.452,2.3279,11.4264,10.0945,17.7592,5.131,739.8321,-53.1966
2023-04-10,2003.8,-1.1153,1.7674,9.2227,7.1723,16.4458,4.1964,731.5809,-53.7186
2023-04-11,2019.0,0.7586,0.9298,8.1298,7.5194,18.1185,4.1903,737.1304,-53.3675
2023-04-12,2024.9,0.2922,-0.6525,5.6561,7.9083,20.8751,4.0759,739.2844,-53.2312
2023-04-13,2055.3,1.5013,0.9678,7.5566,9.3885,21.9039,5.4974,750.3834,-52.5291
2023-04-14,2015.8,-1.9219,-0.5231,4.3753,6.1618,20.1669,2.009,735.9621,-53.4414
2023-04-17,2007.0,-0.4366,0.1597,4.3682,4.4388,19.678,1.1236,732.7492,-53.6447
2023-04-18,2019.7,0.6328,0.0347,2.341,5.749,22.4877,2.2685,737.3859,-53.3514
2023-04-19,2007.3,-0.6139,-0.8692,1.2356,5.2596,20.631,1.0522,732.8587,-53.6377
2023-04-20,2019.1,0.5879,-1.7613,4.0183,4.9483,21.9411,3.0679,737.1669,-53.3652
2023-04-21,1990.5,-1.4165,-1.2551,2.0979,3.231,21.8027,1.7846,726.7251,-54.0258
2023-04-24,1999.8,0.4672,-0.3587,0.1954,3.6918,22.1774,2.6486,730.1205,-53.811
2023-04-25,2004.5,0.235,-0.7526,1.0434,3.5703,21.0228,3.6292,731.8365,-53.7024
2023-04-26,1996.0,-0.424,-0.5629,2.1599,2.7489,20.6699,5.2743,728.7331,-53.8987
2023-04-27,1999.0,0.1503,-0.9955,1.2921,3.5751,20.5669,4.984,729.8284,-53.8295
2023-04-28,1999.1,0.005,0.4321,1.6371,3.6125,19.764,5.8453,729.8649,-53.8271
2023-05-01,1992.2,-0.3452,-0.38,0.6009,3.6039,19.6085,5.3349,727.3457,-53.9865
2023-05-02,2023.3,1.5611,0.9379,2.7577,4.8614,23.0119,5.8377,738.7003,-53.2682
2023-05-03,2037.0,0.6771,2.0541,1.8296,4.8487,24.1543,9.3046,743.7021,-52.9518
2023-05-04,2055.7,0.918,2.8364,0.8586,6.4688,24.6105,9.8952,750.5294,-52.5199
2023-05-05,2024.8,-1.5031,1.2856,-0.5306,7.8973,22.7152,8.3476,739.2479,-53.2336
2023-05-08,2033.2,0.4149,2.058,0.3356,8.1777,24.6674,8.3969,742.3147,-53.0395
2023-05-09,2042.9,0.4771,0.9687,1.9513,8.3882,21.8478,8.5033,745.8562,-52.8155
2023-05-10,2037.1,-0.2839,0.0049,0.8965,7.7432,21.2199,9.604,743.7386,-52.9495
2023-05-11,2020.5,-0.8149,-1.7123,-0.2173,7.5592,17.7448,9.7501,737.678,-53.3329
2023-05-12,2019.8,-0.0346,-0.2469,-1.7272,7.7514,17.8619,8.9605,737.4225,-53.349
2023-05-15,2022.7,0.1436,-0.5164,0.3423,8.5431,15.339,10.8572,738.4812,-53.2821
2023-05-16,1993.0,-1.4683,-2.4426,-0.6976,6.8404,12.6371,10.2201,727.6378,-53.968
2023-05-17,1984.9,-0.4064,-2.5625,-1.723,7.5652,11.7058,9.4212,724.6806,-54.1551
2023-05-18,1959.8,-1.2645,-3.0042,-2.3664,5.8322,10.2994,7.7464,715.5166,-54.7348
2023-05-19,1981.6,1.1124,-1.8913,-1.8573,7.1019,11.5891,9.1249,723.4757,-54.2313
2023-05-22,1977.2,-0.222,-2.2495,-0.6682,7.3107,12.1497,7.3865,721.8693,-54.333
2023-05-23,1974.5,-0.1366,-0.9282,-1.2651,7.2224,12.5456,7.1875,720.8836,-54.3953
2023-05-24,1964.6,-0.5014,-1.0227,-1.9905,7.5432,12.934,6.321,717.2691,-54.624
2023-05-25,1943.7,-1.0638,-0.8215,-2.6202,6.9671,11.7133,4.1975,709.6386,-55.1067
2023-05-26,1944.3,0.0309,-1.8823,-2.7364,6.5428,11.3829,5.3079,709.8576,-55.0928
2023-05-30,1958.0,0.7046,-0.9711,-2.0559,6.6042,11.6306,5.9753,714.8595,-54.7764
2023-05-31,1963.9,0.3013,-0.5368,-1.4205,6.4214,12.8484,6.0822,717.0135,-54.6402
2023-06-01,1995.5,1.609,1.5728,-1.374,8.4216,14.1329,8.2922,728.5506,-53.9103
2023-06-02,1969.6,-1.2979,1.3325,-3.3088,6.2008,12.8064,6.5397,719.0946,-54.5085
2023-06-05,1974.3,0.2386,1.543,-3.9597,6.4542,8.7649,5.4986,720.8105,-54.3999
2023-06-06,1981.5,0.3647,1.2002,-2.1385,8.8736,9.4993,7.0965,723.4392,-54.2336
2023-06-07,1958.4,-1.1658,-0.2801,-3.6789,7.6872,9.9422,6.2212,715.0055,-54.7672
2023-06-08,1978.6,1.0315,-0.8469,-3.1475,7.8491,11.0076,6.8301,722.3804,-54.3006
2023-06-09,1977.2,-0.0708,0.3859,-2.9405,5.8912,9.9666,6.5015,721.8693,-54.333
2023-06-12,1969.7,-0.3793,-0.233,-2.5142,2.7759,9.3367,6.3094,719.1311,-54.5062
2023-06-13,1958.6,-0.5635,-1.1557,-3.03,2.4962,8.1681,4.4308,715.0785,-54.7626
2023-06-14,1968.9,0.5259,0.5362,-2.6598,1.9469,9.8533,7.4844,718.839,-54.5247
2023-06-15,1970.7,0.0914,-0.3993,-1.1189,2.4805,7.954,8.6683,719.4962,-54.4831
2023-06-16,1971.2,0.0254,-0.3035,-0.6902,-0.1165,8.3851,8.3315,719.6787,-54.4715
2023-06-20,1947.7,-1.1922,-1.1169,-0.6174,-1.7702,8.9439,5.2868,711.0989,-55.0143
2023-06-21,1944.9,-0.1438,-0.6995,-1.852,0.1958,8.038,5.6666,710.0767,-55.079
2023-06-22,1923.7,-1.09,-2.2957,-2.7058,-1.3285,7.009,4.6171,702.3366,-55.5686
2023-06-23,1929.6,0.3067,-2.0856,-2.274,-3.3218,5.7083,4.9608,704.4907,-55.4324
2023-06-26,1933.8,0.2177,-1.8973,-1.5677,-2.5204,5.9384,5.6837,706.0241,-55.3354
2023-06-27,1923.8,-0.5171,-1.2271,-1.0238,-1.5355,7.1576,5.1085,702.3732,-55.5663
2023-06-28,1922.2,-0.0832,-1.1672,-1.1367,-2.5994,6.5403,5.3376,701.789,-55.6033
2023-06-29,1917.9,-0.2237,-0.3015,-2.048,-2.4912,5.1999,5.3097,700.2191,-55.7026
2023-06-30,1929.4,0.5996,-0.0104,-1.7567,-2.5703,6.2562,6.1568,704.4177,-55.437
2023-07-03,1929.5,0.0052,-0.2224,-3.3074,-2.0061,5.6681,6.7615,704.4542,-55.4347
2023-07-05,1927.1,-0.1244,0.1715,-2.1578,-3.6643,5.5251,6.972,703.578,-55.4901
2023-07-06,1915.4,-0.6071,-0.3538,-2.9833,-6.0249,3.7539,8.5889,699.3063,-55.7603
2023-07-07,1932.5,0.8928,0.7612,-2.4729,-5.0648,3.9537,11.2871,705.5495,-55.3654
2023-07-10,1931.0,-0.0776,0.0829,-1.3991,-4.7079,4.9114,10.9962,705.0018,-55.4
2023-07-11,1937.1,0.3159,0.3939,-2.0974,-3.3287,3.6049,11.1806,707.2289,-55.2591
2023-07-12,1961.7,1.2699,1.7954,-0.7839,-2.838,4.468,13.2817,716.2103,-54.691
2023-07-13,1963.8,0.1071,2.5269,-0.2995,-3.0174,4.6523,13.8567,716.977,-54.6425
2023-07-14,1964.4,0.0306,1.6507,0.2961,-4.4227,4.5505,13.1893,717.1961,-54.6286
2023-07-17,1956.4,-0.4072,1.3154,-0.6349,-2.9467,3.0335,14.6911,714.2753,-54.8134
2023-07-18,1980.8,1.2472,2.256,0.5125,-1.3054,3.0754,16.2714,723.1837,-54.2498
2023-07-19,1980.8,0.0,0.9737,0.487,-1.926,3.7122,15.8227,723.1837,-54.2498
2023-07-20,1970.9,-0.4998,0.3615,1.1912,-1.8134,3.3508,15.2102,719.5692,-54.4785
2023-07-21,1966.6,-0.2182,0.112,1.1157,-2.6002,2.2194,15.6687,717.9993,-54.5778
2023-07-24,1962.2,-0.2237,0.2965,2.0014,-1.4218,1.7633,14.5208,716.3928,-54.6794
2023-07-25,1963.7,0.0764,-0.8633,1.7672,-1.8052,1.82,13.6795,716.9405,-54.6448
2023-07-26,1970.1,0.3259,-0.5402,1.8771,-1.7161,1.7929,14.6007,719.2771,-54.497
2023-07-27,1945.7,-1.2385,-1.2786,1.1384,-2.52,0.1596,13.2736,710.3687,-55.0605
2023-07-28,1960.4,0.7555,-0.3153,1.9873,-1.931,1.5751,14.0364,715.7357,-54.721
2023-07-31,1970.5,0.5152,0.423,2.7426,-1.4306,2.1302,12.5807,719.4232,-54.4877
2023-08-01,1978.8,0.4212,0.769,2.5604,-0.6726,2.9071,12.2469,722.4535,-54.296
2023-08-02,1975.0,-0.192,0.2487,2.3581,-2.3872,2.3581,10.4772,721.0661,-54.3838
2023-08-03,1968.8,-0.3139,1.1872,2.1639,-3.3481,1.3383,10.0073,718.8025,-54.527
2023-08-04,1976.1,0.3708,0.8009,3.169,-3.8722,2.3462,11.2418,721.4677,-54.3584
2023-08-07,1970.0,-0.3087,-0.0254,1.9405,-2.7064,4.9771,9.0265,719.2406,-54.4993
2023-08-08,1959.9,-0.5127,-0.9551,1.4966,-3.6052,4.2777,9.4183,715.5531,-54.7325
2023-08-09,1950.6,-0.4745,-1.2354,0.6969,-4.5181,3.4911,8.0545,712.1577,-54.9473
2023-08-10,1948.9,-0.0872,-1.0108,-0.6525,-4.3297,3.0782,7.5374,711.5371,-54.9866
2023-08-11,1946.6,-0.118,-1.4928,-0.8759,-3.6575,3.6252,7.3276,710.6973,-55.0397
2023-08-14,1944.0,-0.1336,-1.3198,-1.0385,-3.7528,3.7077,7.5697,709.7481,-55.0998
2023-08-15,1935.2,-0.4527,-1.2603,-1.0836,-4.3259,3.8476,6.5932,706.5352,-55.303
2023-08-16,1928.3,-0.3565,-1.1432,-2.6504,-3.2464,3.3719,7.241,704.0161,-55.4624
2023-08-17,1915.2,-0.6794,-1.7292,-3.3118,-3.5115,3.788,7.0123,699.2333,-55.765
2023-08-18,1916.5,0.0679,-1.5463,-2.7602,-2.2094,3.4939,7.8685,699.7079,-55.7349
2023-08-21,1923.0,0.3392,-1.0802,-2.217,-2.9572,3.9347,8.5705,702.0811,-55.5848
2023-08-22,1926.0,0.156,-0.4754,-1.8449,-2.5895,4.5319,9.2518,703.1764,-55.5155
2023-08-23,1948.1,1.1475,1.0268,-0.7944,-1.337,5.7888,11.4219,711.245,-55.0051
2023-08-24,1947.1,-0.0513,1.6656,-1.1675,-0.8908,6.5853,10.5553,710.8799,-55.0282
2023-08-25,1939.9,-0.3698,1.221,-0.2981,-0.1955,6.758,10.1277,708.2512,-55.1945
2023-08-28,1946.8,0.3557,1.2377,-0.6937,0.1286,6.6798,9.9018,710.7704,-55.0351
2023-08-29,1965.1,0.94,2.0301,-0.274,0.3626,6.9908,12.3043,717.4516,-54.6124
2023-08-30,1973.0,0.402,1.2782,-0.2931,0.4634,6.9145,12.7622,720.3359,-54.43
2023-08-31,1965.9,-0.3599,0.9655,-0.4608,-1.4833,6.8134,13.2235,717.7437,-54.594
2023-09-01,1967.1,0.061,1.4021,-0.0864,-0.1269,6.066,13.9555,718.1818,-54.5662
2023-09-05,1952.6,-0.7371,0.2979,-1.1892,-1.0991,5.2842,14.2339,712.8879,-54.9011
2023-09-06,1944.2,-0.4302,-1.0636,-1.3096,-1.8824,6.8242,12.8643,709.8211,-55.0952
2023-09-07,1942.5,-0.0874,-1.5459,-0.8878,-0.8119,6.8129,13.4042,709.2005,-55.1344
2023-09-08,1942.7,0.0103,-1.1801,-0.405,-1.8144,5.8923,12.4378,709.2735,-55.1298
2023-09-11,1947.2,0.2316,-1.0116,-0.0872,-1.5173,4.2845,13.1961,710.9164,-55.0259
2023-09-12,1935.1,-0.6214,-0.8962,-0.5908,-1.7566,0.9705,11.9461,706.4987,-55.3053
2023-09-13,1932.5,-0.1344,-0.6018,-0.5916,-1.3326,1.1304,11.0249,705.5495,-55.3654
2023-09-14,1932.8,0.0155,-0.4994,-0.124,-1.8335,0.0777,12.5422,705.659,-55.3585
2023-09-15,1946.2,0.6933,0.1802,0.9283,-1.2432,1.2064,13.8728,710.5513,-55.049
2023-09-18,1953.4,0.37,0.3184,1.9946,-0.903,-1.0185,16.461,713.18,-54.8827
2023-09-19,1953.7,0.0154,0.9612,1.941,0.3081,-1.4676,16.0499,713.2895,-54.8757
2023-09-20,1967.1,0.6859,1.7904,2.2933,1.1414,1.3394,17.2149,718.1818,-54.5662
2023-09-21,1939.6,-1.398,0.3518,0.7061,0.8265,-0.5129,16.0673,708.1417,-55.2014
2023-09-22,1945.6,0.3093,-0.0308,-0.1283,0.8292,-2.5202,16.1067,710.3322,-55.0628
2023-09-25,1936.6,-0.4626,-0.86,-0.5393,0.1448,-2.3793,15.1984,707.0464,-55.2707
2023-09-26,1919.8,-0.8675,-1.7352,-1.0361,-0.2079,-1.7402,15.958,700.9128,-55.6587
2023-09-27,1890.9,-1.5054,-3.8737,-2.8714,-1.6283,-4.1855,15.7647,690.3615,-56.3262
2023-09-28,1878.6,-0.6505,-3.145,-4.4018,-2.0491,-4.4893,14.8148,685.8708,-56.6103
2023-09-29,1866.1,-0.6654,-4.0861,-5.4181,-3.2808,-5.7668,11.7425,681.3071,-56.899
2023-10-02,1847.2,-1.0128,-4.6163,-6.038,-4.2654,-6.1859,10.7036,674.4067,-57.3356
2023-10-03,1841.5,-0.3086,-4.0786,-6.385,-4.4419,-7.9434,10.1376,672.3257,-57.4672
2023-10-04,1834.8,-0.3638,-2.9668,-6.033,-4.208,-9.9794,7.8026,669.8796,-57.622
2023-10-05,1831.8,-0.1635,-2.4912,-5.7813,-5.2109,-10.0118,5.8538,668.7843,-57.6912
2023-10-06,1845.2,0.7315,-1.12,-5.009,-4.4433,-8.942,7.2292,673.6765,-57.3817
2023-10-09,1864.3,1.0351,0.9257,-4.0356,-3.7582,-6.9618,8.3391,680.6499,-56.9406
2023-10-10,1875.3,0.59,1.8355,-3.6925,-4.4043,-7.1174,9.7116,684.666,-56.6865
2023-10-11,1887.3,0.6399,2.8613,-2.4702,-3.8955,-6.7954,12.6612,689.0471,-56.4094
2023-10-12,1883.0,-0.2278,2.7951,-2.5614,-4.1438,-8.3832,11.6845,687.4772,-56.5087
2023-10-13,1941.5,3.1067,5.2189,0.4501,-0.7616,-3.6859,15.7377,708.8354,-55.1575
2023-10-16,1934.3,-0.3708,3.7548,-0.6114,-2.3475,-3.6223,15.3429,706.2067,-55.3238
2023-10-17,1935.7,0.0724,3.2208,-0.9061,-2.2769,-4.159,17.3934,706.7178,-55.2915
2023-10-18,1968.3,1.6842,4.2918,0.7473,-0.1319,-1.9429,18.2873,718.62,-54.5385
2023-10-19,1980.5,0.6198,5.1779,0.6812,0.7068,-1.9117,19.6099,723.0741,-54.2567
2023-10-20,1994.4,0.7018,2.7247,2.8253,1.641,0.1959,22.0414,728.149,-53.9357
2023-10-23,1987.8,-0.3309,2.7659,2.169,1.2273,-0.6001,21.4443,725.7394,-54.0881
2023-10-24,1986.1,-0.0855,2.6037,2.556,0.8121,-0.9179,19.9118,725.1187,-54.1274
2023-10-25,1994.9,0.4431,1.3514,3.9119,2.5287,-0.0551,20.6034,728.3315,-53.9242
2023-10-26,1997.4,0.1253,0.8533,5.6322,1.8874,-0.08,20.4704,729.2443,-53.8664
2023-10-27,1998.5,0.0551,0.2056,6.3824,1.421,-0.03,19.728,729.6459,-53.841
2023-10-30,2005.6,0.3553,0.8955,7.4755,1.3544,0.6726,20.4131,732.2381,-53.677
2023-10-31,1994.3,-0.5634,0.4129,7.9634,0.9772,-1.4333,21.2488,728.1125,-53.938
2023-11-01,1987.5,-0.341,-0.3709,7.9283,0.9498,-2.43,21.1373,725.6298,-54.0951
2023-11-02,1993.5,0.3019,-0.1953,8.6494,0.8805,-3.0257,20.8402,727.8204,-53.9565
2023-11-03,1999.2,0.2859,0.035,9.1385,1.4822,-1.2643,21.1636,729.9014,-53.8248
2023-11-06,1988.6,-0.5302,-0.8476,7.7715,1.4644,-2.1936,21.9327,726.0314,-54.0697
2023-11-07,1973.5,-0.7593,-1.043,5.8574,1.174,-3.3971,17.7085,720.5185,-54.4184
2023-11-08,1957.8,-0.7955,-1.4943,4.3993,0.4567,-3.8928,16.501,714.7865,-54.781
2023-11-09,1969.8,0.6129,-1.1889,4.3713,1.1918,-2.5093,14.7902,719.1676,-54.5039
2023-11-10,1937.7,-1.6296,-3.0762,2.9049,-0.3241,-4.0648,13.0711,707.448,-55.2453
2023-11-13,1950.2,0.6451,-1.931,0.4481,0.7751,-3.5843,11.2049,712.0117,-54.9566
2023-11-14,1966.5,0.8358,-0.3547,1.6647,1.981,-1.3297,11.1394,717.9628,-54.5801
2023-11-15,1964.3,-0.1119,0.332,1.4775,2.5637,-1.0378,10.5465,717.1596,-54.6309
2023-11-16,1987.3,1.1709,0.8884,0.9653,3.6942,1.4032,11.8471,725.5568,-54.0997
2023-11-17,1984.7,-0.1308,2.4256,0.2121,3.2085,0.1564,11.7637,724.6075,-54.1597
2023-11-20,1980.3,-0.2217,1.5434,-0.707,2.8193,0.1568,12.3256,723.0011,-54.2614
2023-11-21,2001.6,1.0756,1.7849,0.6942,2.7463,1.3725,14.0903,730.7777,-53.7694
2023-11-22,1992.8,-0.4396,1.4509,0.3373,2.3471,1.4354,14.5551,727.5648,-53.9727
2023-11-23,1993.3,0.0251,0.3019,-0.0802,2.7527,2.5518,14.5641,727.7474,-53.9611
2023-11-24,2003.0,0.4866,0.9221,0.2804,2.8868,3.0191,14.7456,731.2888,-53.7371
2023-11-27,2012.4,0.4693,1.621,0.6955,2.407,2.7783,14.732,734.7207,-53.52
2023-11-28,2040.0,1.3715,1.9185,1.7152,3.3958,3.8749,17.2212,744.7974,-52.8825
2023-11-29,2047.1,0.348,2.7248,2.6475,4.1304,2.5858,17.0842,747.3896,-52.7185
2023-11-30,2038.1,-0.4396,2.2475,2.5459,3.6094,3.4779,16.7297,744.1037,-52.9264
2023-12-01,2089.7,2.5318,4.3285,4.8257,7.0214,5.8451,15.1223,762.9427,-51.7346
2023-12-04,2042.2,-2.2731,1.4808,2.1509,5.0406,3.0633,12.8537,745.6006,-52.8317
2023-12-05,2036.3,-0.2889,-0.1814,2.3987,4.8288,3.9777,14.3154,743.4465,-52.9679
2023-12-06,2047.9,0.5697,0.0391,3.77,5.4151,3.5025,14.8956,747.6817,-52.7
2023-12-07,2046.4,-0.0732,0.4072,4.5255,5.0945,3.4999,13.8154,747.134,-52.7347
2023-12-08,2014.5,-1.5588,-3.5986,2.2693,4.1031,2.2745,11.8235,735.4874,-53.4715
2023-12-11,1993.7,-1.0325,-2.3749,2.89,3.1669,1.7921,10.1066,727.8934,-53.9519
2023-12-12,1993.2,-0.0251,-2.1166,2.2049,3.125,1.2342,11.2091,727.7108,-53.9634
2023-12-13,1997.3,0.2057,-2.4708,1.5662,2.6256,1.3498,9.4111,729.2078,-53.8687
2023-12-14,2044.9,2.3832,-0.0733,4.1032,4.6841,3.7388,12.4375,746.5864,-52.7693
2023-12-15,2035.7,-0.4499,1.0524,2.4355,4.1972,4.5181,13.8662,743.2275,-52.9818
2023-12-18,2040.5,0.2358,2.3474,2.8115,3.7314,4.9154,13.3485,744.9799,-52.8709
2023-12-19,2052.1001,0.5685,2.9551,3.6257,5.8002,6.6746,14.1514,749.2151,-52.603
2023-12-20,2047.7,-0.2144,2.5234,2.3032,5.2477,6.1204,12.1781,747.6086,-52.7046
2023-12-21,2051.3,0.1758,0.313,2.9356,5.9228,6.0761,12.3754,748.923,-52.6215
2023-12-22,2069.1001,0.8677,1.6407,3.8027,7.7769,7.5528,15.2509,755.4217,-52.2104
2023-12-26,2069.8,0.0338,1.4359,3.335,9.4611,7.6787,14.7212,755.6773,-52.1942
2023-12-27,2093.1001,1.1257,1.998,4.0101,11.4181,9.135,14.8099,764.1841,-51.656
2023-12-28,2083.5,-0.4587,1.7483,2.1324,11.65,7.9869,14.7428,760.6791,-51.8778
2023-12-29,2071.8,-0.5616,0.9994,1.2066,12.1589,7.375,13.4611,756.4075,-52.148
2024-01-02,2073.3999,0.0772,0.2078,1.732,12.593,7.5917,13.5363,756.9916,-52.1111
2024-01-03,2042.8,-1.4758,-1.3045,-2.2443,11.3364,6.6514,10.6549,745.8197,-52.8178
2024-01-04,2050.0,0.3525,-2.0592,0.3819,11.9118,6.0802,10.2743,748.4484,-52.6515
2024-01-05,2049.8,-0.0098,-1.6175,0.663,11.0882,6.1523,11.3659,748.3754,-52.6561
2024-01-08,2033.5,-0.7952,-1.8486,-0.7032,9.0758,4.9765,8.7608,742.4243,-53.0326
2024-01-09,2033.0,-0.0246,-1.9485,-0.6548,8.4093,3.6346,8.265,742.2417,-53.0442
2024-01-10,2027.8,-0.2558,-0.7343,0.6602,7.4445,3.259,8.0629,740.3432,-53.1643
2024-01-11,2019.2,-0.4241,-1.5024,1.279,7.2331,2.7897,7.4671,737.2034,-53.3629
2024-01-12,2051.6001,1.6046,0.0878,2.93,5.6709,4.8661,8.0472,749.0325,-52.6146
2024-01-16,2030.2,-1.0431,-0.1623,1.6472,4.9579,2.4939,5.646,741.2194,-53.1088
2024-01-17,2006.5,-1.1674,-1.3035,-1.8778,3.6576,1.2975,5.0579,732.5666,-53.6562
2024-01-18,2021.6,0.7526,-0.3058,-0.6926,2.7079,2.5724,6.0094,738.0796,-53.3075
2024-01-19,2029.3,0.3809,0.5002,-0.5489,2.464,3.1882,5.4785,740.8909,-53.1296
2024-01-22,2022.2,-0.3499,-1.433,-1.4571,1.3939,3.0578,4.875,738.2986,-53.2936
2024-01-23,2025.8,0.178,-0.2167,-1.0695,1.9117,3.1624,5.0399,739.613,-53.2105
2024-01-24,2016.0,-0.4838,0.4735,-1.7209,1.5055,2.3298,4.1645,736.0351,-53.4368
2024-01-25,2017.8,0.0893,-0.188,-2.4793,1.1479,3.7056,3.8711,736.6923,-53.3952
2024-01-26,2017.3,-0.0248,-0.5913,-2.5365,0.9963,2.9025,4.5233,736.5097,-53.4068
2024-01-29,2025.4,0.4015,0.1582,-3.2344,1.346,2.7861,4.9756,739.467,-53.2197
2024-01-30,2031.5,0.3012,0.2814,-2.4958,1.2914,2.6632,5.6477,741.6941,-53.0788
2024-01-31,2048.3999,0.8319,1.6071,-1.1295,2.7127,3.7165,6.1622,747.8642,-52.6885
2024-02-01,2071.1001,1.1082,2.6415,-0.1109,4.2063,5.1961,6.6039,756.1519,-52.1642
2024-02-02,2053.7,-0.8401,1.8044,0.5336,3.0198,3.9269,6.3652,749.7992,-52.5661
2024-02-05,2042.9,-0.5259,0.864,-0.3463,2.1859,3.7005,8.8618,745.8562,-52.8155
2024-02-06,2051.3999,0.4161,0.9796,0.078,3.158,4.6686,9.146,748.9595,-52.6192
2024-02-07,2051.7,0.0146,0.1611,0.895,3.9625,5.183,8.855,749.069,-52.6123
2024-02-08,2047.9,-0.1852,-1.1202,0.7329,4.6021,5.0798,8.3144,747.6817,-52.7
2024-02-09,2038.7,-0.4492,-0.7304,0.5375,3.4978,4.7313,8.5281,744.3227,-52.9125
2024-02-12,2033.0,-0.2796,-0.4846,0.6834,4.9182,4.5782,8.4556,742.2417,-53.0442
2024-02-13,2007.2,-1.2691,-2.1546,-2.1642,2.9228,3.7205,7.7113,732.8222,-53.6401
2024-02-14,2004.3,-0.1445,-2.3103,-1.2757,1.9222,3.9413,7.4461,731.7635,-53.707
2024-02-15,2014.9,0.5289,-1.6114,0.4186,2.576,5.2057,9.1909,735.6335,-53.4622
2024-02-16,2024.1,0.4566,-0.7161,0.1237,1.8518,5.6144,9.3045,738.9923,-53.2497
2024-02-20,2039.8,0.7757,0.3345,0.5174,2.7762,6.0738,10.2475,744.7244,-52.8871
2024-02-21,2034.3,-0.2696,1.3501,0.5984,2.7269,5.6231,10.4098,742.7164,-53.0141
2024-02-22,2030.7,-0.177,1.3172,0.2419,1.4538,4.24,10.2742,741.402,-53.0973
2024-02-23,2049.3999,0.9209,1.7122,1.6567,2.8402,5.254,12.1852,748.2293,-52.6654
2024-02-26,2038.9,-0.5123,0.7312,1.0457,2.2877,5.1034,12.2063,744.3958,-52.9079
2024-02-27,2044.1,0.255,0.2108,1.3285,2.0519,4.9979,12.0116,746.2943,-52.7878
2024-02-28,2042.7,-0.0685,0.4129,0.8541,1.5057,3.9489,11.2158,745.7831,-52.8201
2024-02-29,2054.7,0.5875,1.1819,1.142,0.7206,4.1409,11.3417,750.1643,-52.543
2024-03-01,2095.7,1.9954,2.2592,2.3091,2.3741,6.6026,13.8658,765.1333,-51.596
2024-03-04,2126.3,1.4601,4.2866,2.6652,4.3276,8.0931,14.6501,776.3053,-50.8892
2024-03-05,2141.8999,0.7337,4.7845,4.2947,2.498,9.6948,15.4912,782.0007,-50.5289
2024-03-06,2158.2,0.761,5.6543,5.6439,5.6801,11.0071,18.5824,787.9518,-50.1524
2024-03-07,2165.2,0.3243,5.3779,5.5474,6.3301,11.4646,19.0586,790.5075,-49.9908
2024-03-08,2185.5,0.9376,4.285,6.5214,6.7191,12.4981,19.1268,797.919,-49.5219
2024-03-11,2188.6001,0.1418,2.93,6.8705,6.9488,12.3973,17.2129,799.0508,-49.4503
2024-03-12,2166.1001,-1.0281,1.1298,6.2491,7.5254,11.9374,13.0237,790.8361,-49.97
2024-03-13,2180.8,0.6786,1.0472,7.27,9.3846,12.8486,14.1242,796.203,-49.6305
2024-03-14,2167.5,-0.6099,0.1062,7.9863,8.7447,12.143,12.2301,791.3472,-49.9376
2024-03-15,2161.5,-0.2768,-1.0981,7.8431,8.2211,11.0626,12.4025,789.1566,-50.0762
2024-03-18,2164.3,0.1295,-1.1103,7.4148,5.8389,10.7966,9.6681,790.1789,-50.0115
2024-03-19,2159.7,-0.2125,-0.2955,6.6993,6.0913,10.5441,8.9217,788.4995,-50.1178
2024-03-20,2161.0,0.0602,-0.9079,5.9418,5.9054,9.8572,11.3286,788.9741,-50.0878
2024-03-21,2184.7,1.0967,0.7935,7.3932,6.4617,12.6366,12.0589,797.6269,-49.5404
2024-03-22,2160.0,-1.1306,-0.0694,6.3673,5.4842,11.0197,8.2219,788.609,-50.1109
2024-03-25,2176.3999,0.7593,0.5591,6.1969,6.0986,12.3825,9.7086,794.5966,-49.7321
2024-03-26,2177.2,0.0368,0.8103,6.7831,5.2245,13.4076,11.4341,794.8886,-49.7136
2024-03-27,2190.6001,0.6155,1.3697,7.167,5.8363,15.8496,11.0008,799.781,-49.4041
2024-03-28,2217.3999,1.2234,1.4968,8.5524,5.9386,18.0347,12.7358,809.5655,-48.7851
2024-04-01,2257.1001,1.7904,4.4954,9.8506,8.3321,20.9528,13.9777,824.0599,-47.8682
2024-04-02,2281.8,1.0943,4.8429,8.8801,10.1361,23.5275,15.8862,833.0778,-47.2977
2024-04-03,2315.0,1.455,6.3292,8.8746,11.6524,25.7127,15.7269,845.199,-46.5309
2024-04-04,2308.5,-0.2808,5.3821,7.7781,13.0067,25.8175,13.2617,842.8259,-46.681
2024-04-05,2345.3999,1.5984,5.7725,8.6739,14.4098,28.038,15.2191,856.2979,-45.8287
2024-04-08,2351.0,0.2388,4.1602,8.5812,14.6941,27.4117,16.0186,858.3425,-45.6994
2024-04-09,2362.3999,0.4849,3.5323,8.0943,16.1741,26.7178,17.896,862.5045,-45.4361
2024-04-10,2348.3999,-0.5926,1.4428,7.3015,15.514,25.228,16.315,857.3932,-45.7594
2024-04-11,2372.7,1.0347,2.781,9.5379,17.0086,25.7193,17.1762,866.2651,-45.1982
2024-04-12,2374.1001,0.059,1.2237,8.8637,17.5763,26.0807,15.5111,866.7763,-45.1658
2024-04-15,2383.0,0.3749,1.3611,9.9423,16.1532,22.7401,18.2161,870.0256,-44.9603
2024-04-16,2407.8,1.0407,1.9218,11.3949,18.5992,24.4791,19.9701,879.08,-44.3875
2024-04-17,2388.3999,-0.8057,1.7033,10.3544,19.0331,23.3869,18.2552,871.9971,-44.8356
2024-04-18,2398.0,0.4019,1.0663,11.0339,18.6189,21.831,19.464,875.502,-44.6138
2024-04-19,2413.8,0.6589,1.6722,11.6983,18.9474,21.8783,19.5483,881.2706,-44.2489
2024-04-22,2346.3999,-2.7923,-1.5359,7.4015,16.032,17.6494,17.8799,856.663,-45.8056
2024-04-23,2342.1001,-0.1833,-2.7286,8.4306,15.6136,17.8237,17.1167,855.0932,-45.9049
2024-04-24,2338.3999,-0.158,-2.0935,7.4435,15.9921,17.7383,16.6575,853.7422,-45.9904
2024-04-25,2342.5,0.1753,-2.3144,7.5923,16.0918,17.4244,17.3597,855.2392,-45.8957
2024-04-26,2347.2,0.2006,-2.7591,7.1487,16.3535,17.5128,17.4187,856.9551,-45.7871
2024-04-29,2357.7,0.4473,0.4816,6.3272,16.4066,17.9735,17.9381,860.7886,-45.5446
2024-04-30,2302.8999,-2.3243,-1.6737,2.0291,13.3596,14.8235,15.5958,840.7813,-46.8103
2024-05-01,2311.0,0.3517,-1.1717,1.2797,12.8198,15.8803,14.2193,843.7386,-46.6232
2024-05-02,2309.6001,-0.0606,-1.4045,-0.2333,11.5156,16.2063,13.3824,843.2275,-46.6556
2024-05-03,2308.6001,-0.0433,-1.6445,0.0043,12.4118,15.8064,12.3024,842.8624,-46.6787
2024-05-06,2331.2,0.9789,-1.124,-0.6054,14.1123,16.6066,15.1324,851.1135,-46.1567
2024-05-07,2324.2,-0.3003,0.9249,-1.1399,13.2982,16.8762,14.3124,848.5579,-46.3184
2024-05-08,2322.3,-0.0817,0.489,-1.6974,13.1891,17.6742,13.6766,847.8642,-46.3623
2024-05-09,2340.3,0.7751,1.3292,-0.3449,14.278,19.5372,14.8839,854.436,-45.9465
2024-05-10,2375.0,1.4827,2.8762,0.0969,16.4958,20.5706,17.5452,867.1048,-45.145
2024-05-13,2343.0,-1.3474,0.5062,-1.31,15.2484,20.9166,16.0016,855.4217,-45.8841
2024-05-14,2359.8999,0.7213,1.536,-0.9694,17.5717,21.0081,16.6708,861.5918,-45.4938
2024-05-15,2394.8999,1.4831,3.1262,-0.5358,19.4881,21.7849,20.1656,874.3702,-44.6854
2024-05-16,2385.5,-0.3925,1.9314,-0.1214,18.393,21.4428,20.1824,870.9383,-44.9025
2024-05-17,2417.3999,1.3372,1.7853,0.809,19.4309,21.6424,23.3493,882.5849,-44.1657
2024-05-20,2438.5,0.8728,4.076,1.0233,19.546,22.8649,23.0571,890.2884,-43.6784
2024-05-21,2425.8999,-0.5167,2.7967,3.3882,19.2499,22.5016,22.6937,885.6882,-43.9694
2024-05-22,2392.8999,-1.3603,-0.0835,2.169,17.8362,19.5494,21.1902,873.64,-44.7316
2024-05-23,2337.2,-2.3277,-2.0247,-0.0513,14.0431,17.2822,18.9657,853.3041,-46.0181
2024-05-24,2334.5,-0.1155,-3.4293,-0.3415,14.498,17.1173,20.106,852.3184,-46.0805
2024-05-28,2356.5,0.9424,-3.3627,0.3962,15.283,17.6485,21.2004,860.3505,-45.5723
2024-05-29,2341.2,-0.6493,-3.4915,-0.6998,14.613,16.3387,19.571,854.7645,-45.9257
2024-05-30,2342.8999,0.0726,-2.0895,1.7369,14.0264,14.848,19.2983,855.3852,-45.8865
2024-05-31,2322.8999,-0.8536,-0.6118,0.5149,10.8412,13.4727,16.4069,848.0832,-46.3484
2024-06-03,2369.3,1.9975,1.4907,2.5849,11.4283,16.2504,20.2935,865.0238,-45.2767
2024-06-04,2347.3999,-0.9243,-0.3862,1.6807,9.5943,12.3319,18.8978,857.0281,-45.7825
2024-06-05,2375.5,1.1971,1.4651,1.9003,10.0686,16.3206,19.8839,867.2874,-45.1335
2024-06-06,2390.8999,0.6483,2.0487,2.8698,10.424,17.4139,22.0843,872.9098,-44.7778
2024-06-07,2325.0,-2.7563,0.0904,0.1163,6.383,13.5309,17.5073,848.85,-46.2999
2024-06-10,2327.0,0.086,-1.7853,-0.5683,6.3237,13.7119,17.6917,849.5802,-46.2537
2024-06-11,2326.6001,-0.0172,-0.8861,-2.0379,7.4096,15.4927,18.1195,849.4342,-46.2629
2024-06-12,2354.8,1.2121,-0.8714,0.5036,7.9787,18.1121,20.2287,859.7299,-45.6116
2024-06-13,2318.0,-1.5628,-3.0491,-1.7755,6.9435,16.2954,17.7307,846.2943,-46.4616
2024-06-14,2349.1001,1.3417,1.0366,-1.9124,8.6792,17.6138,19.2013,857.6488,-45.7433
2024-06-17,2329.0,-0.8557,0.0859,-2.3685,7.6098,13.8931,18.1514,850.3104,-46.2075
2024-06-18,2346.8999,0.7686,0.8725,-2.9164,8.6679,15.2871,20.496,856.8455,-45.7941
2024-06-20,2369.0,0.9417,0.603,-2.8501,9.6252,16.099,21.8057,864.9142,-45.2836
2024-06-21,2331.2,-1.5956,0.5695,-3.9037,6.7057,13.6007,21.1831,851.1135,-46.1567
2024-06-24,2344.3999,0.5662,-0.2001,-2.0268,8.537,14.4894,21.4967,855.9328,-45.8518
2024-06-25,2330.8,-0.5801,0.0773,-0.2738,7.0943,13.6255,20.5295,850.9675,-46.1659
2024-06-26,2313.2,-0.7551,-1.4359,-0.9124,6.2466,11.7974,20.2412,844.5418,-46.5724
2024-06-27,2336.6001,1.0116,-1.3677,-0.8445,6.6648,12.8901,21.5586,853.0851,-46.032
2024-06-28,2339.6001,0.1284,0.3603,-0.0683,5.511,11.7768,21.9876,854.1804,-45.9627
2024-07-01,2338.8999,-0.0299,-0.2346,-0.1707,3.6241,12.2582,21.2242,853.9248,-45.9788
2024-07-02,2333.3999,-0.2352,0.1115,0.452,2.2614,12.6267,20.9329,851.9167,-46.1059
2024-07-03,2369.3999,1.5428,2.4295,0.0042,2.3499,14.2761,22.9516,865.0602,-45.2744
2024-07-05,2397.7,1.1944,2.6149,2.1428,3.864,17.3732,25.1801,875.3925,-44.6208
2024-07-08,2363.5,-1.4264,1.0215,-0.5052,0.7717,15.2927,22.3027,862.9062,-45.4107
2024-07-09,2367.8999,0.1862,1.2399,-0.962,0.7188,15.5186,22.6256,864.5126,-45.309
2024-07-10,2379.7,0.4983,1.9842,2.3527,0.7323,17.0248,22.8486,868.8207,-45.0365
2024-07-11,2421.8999,1.7733,2.2158,4.0782,3.1298,19.1294,23.4592,884.2278,-44.0618
2024-07-12,2420.7,-0.0495,0.9593,4.0445,2.023,19.3757,23.2661,883.7897,-44.0895
2024-07-15,2428.8999,0.3387,2.7671,3.1468,2.3082,20.2902,23.6459,886.7835,-43.9001
2024-07-16,2467.8,1.6016,4.2189,6.4625,3.5585,20.2866,26.1398,900.9858,-43.0017
2024-07-17,2459.8999,-0.3201,3.3702,4.7167,2.1638,21.1654,24.1872,898.1015,-43.1841
2024-07-18,2456.3999,-0.1423,1.4245,5.4702,2.8471,22.4221,24.0105,896.8236,-43.265
2024-07-19,2399.1001,-2.3327,-0.8923,2.2242,0.0459,18.6733,21.7261,875.9037,-44.5884
2024-07-22,2394.7,-0.1834,-1.408,1.0848,-0.7913,18.0062,21.7685,874.2972,-44.69
2024-07-23,2407.3,0.5262,-2.4516,3.2644,2.5955,19.0436,22.6837,878.8974,-44.399
2024-07-24,2415.7,0.3489,-1.7968,3.0413,3.1425,19.2467,23.0178,881.9642,-44.205
2024-07-25,2353.5,-2.5748,-4.1891,0.9739,0.6457,16.7411,19.4609,859.2552,-45.6416
2024-07-26,2381.0,1.1685,-0.7545,2.931,1.6435,17.9998,22.3724,869.2954,-45.0065
2024-07-29,2377.8,-0.1344,-0.7057,1.7632,1.3037,17.8704,21.2916,868.1271,-45.0804
2024-07-30,2405.0,1.1439,-0.0955,2.7953,2.0062,18.742,22.0502,878.0577,-44.4521
2024-07-31,2426.5,0.894,0.4471,3.7454,5.3672,19.4438,22.6248,885.9073,-43.9556
2024-08-01,2480.8,2.2378,5.409,6.317,7.3475,21.1092,25.6101,905.7321,-42.7014
2024-08-02,2469.8,-0.4434,3.7295,4.2374,6.9363,19.2506,25.447,901.716,-42.9555
2024-08-05,2444.3999,-1.0284,2.8009,1.9477,5.8823,19.0242,23.6982,892.4425,-43.5421
2024-08-06,2431.6001,-0.5236,1.106,2.8813,4.3068,19.0269,23.4315,887.7693,-43.8378
2024-08-07,2432.3999,0.0329,0.2431,2.7239,4.6554,18.5727,24.1084,888.0613,-43.8193
2024-08-08,2463.3,1.2704,-0.7054,3.5131,6.0716,20.0614,26.2842,899.3429,-43.1056
2024-08-09,2473.3999,0.41,0.1458,2.1264,5.6873,20.7774,26.9126,903.0303,-42.8723
2024-08-12,2504.0,1.2372,2.4382,3.4412,5.4316,22.8234,28.6345,914.2023,-42.1656
2024-08-13,2507.8,0.1518,3.1337,3.2484,7.0337,23.3547,29.0021,915.5897,-42.0778
2024-08-14,2479.7,-1.1205,1.9446,0.4822,5.0765,23.5403,28.1366,905.3304,-42.7268
2024-08-15,2492.3999,0.5122,1.1813,1.3212,4.0712,24.3526,29.2537,909.9671,-42.4335
2024-08-16,2537.8,1.8215,2.6037,3.3138,6.3844,25.9517,32.5084,926.5426,-41.3849
2024-08-19,2541.3,0.1379,1.4896,5.9272,5.1253,25.5521,32.6011,927.8204,-41.304
2024-08-20,2550.6001,0.366,1.7067,6.5102,4.5971,25.0417,32.6365,931.2158,-41.0892
2024-08-21,2547.5,-0.1215,2.7342,5.8239,5.0126,25.2273,32.269,930.084,-41.1608
2024-08-22,2516.7,-1.209,0.975,4.181,5.1736,23.9326,29.1874,918.839,-41.8722
2024-08-23,2546.3,1.1761,0.3349,8.1921,8.9466,24.2461,30.774,929.6459,-41.1886
2024-08-26,2555.2,0.3495,0.547,7.3163,9.4538,25.3225,31.7181,932.8952,-40.983
2024-08-27,2552.8999,-0.09,0.0902,7.3639,8.3344,24.8911,31.1331,932.0555,-41.0361
2024-08-28,2537.8,-0.5915,-0.3808,5.5218,8.3974,24.2375,29.1436,926.5426,-41.3849
2024-08-29,2560.3,0.8866,1.7324,5.5141,9.2791,24.607,29.7669,934.7572,-40.8652
2024-08-30,2527.6001,-1.2772,-0.7344,1.8865,8.8123,20.6089,28.5722,922.8186,-41.6205
2024-09-03,2523.0,-0.182,-1.2602,2.154,6.4871,18.6568,28.2599,921.1391,-41.7267
2024-09-04,2526.0,0.1189,-1.0537,3.3382,7.6084,17.9327,29.366,922.2344,-41.6574
2024-09-05,2543.1001,0.677,0.2088,4.5855,7.0554,17.8343,30.8045,928.4776,-41.2625
2024-09-06,2524.6001,-0.7275,-1.3944,3.7905,5.592,16.5989,29.9665,921.7233,-41.6898
2024-09-09,2532.7,0.3208,0.2018,2.8174,8.9333,15.8865,30.3701,924.6805,-41.5027
2024-09-10,2543.1001,0.4106,0.7967,2.818,9.2866,16.1976,30.6029,928.4776,-41.2625
2024-09-11,2542.3999,-0.0275,0.6492,1.5335,9.2753,17.3722,31.3834,928.222,-41.2786
2024-09-12,2580.6001,1.5025,1.4746,2.9029,9.5889,18.3327,33.5369,942.1687,-40.3963
2024-09-13,2610.7,1.1664,3.4104,5.2829,12.6273,20.4475,35.0735,953.1581,-39.7011
2024-09-16,2608.8999,-0.0689,3.0086,4.6742,11.0595,20.6986,34.051,952.5009,-39.7427
2024-09-17,2592.3999,-0.6325,1.9386,2.1515,11.3096,19.7801,32.7122,946.4768,-40.1238
2024-09-18,2598.6001,0.2392,2.2105,2.2548,10.7248,20.3223,33.0092,948.7405,-39.9806
2024-09-19,2614.6001,0.6157,1.3175,2.5092,10.3672,20.9903,32.9165,954.582,-39.611
2024-09-20,2646.2,1.2086,1.3598,3.8744,13.5124,21.1242,36.4302,966.119,-38.8812
2024-09-23,2652.5,0.2381,1.6712,5.396,13.142,22.8009,36.3333,968.4192,-38.7357
2024-09-24,2677.0,0.9237,3.2634,5.1329,14.8533,23.0013,38.232,977.364,-38.1698
2024-09-25,2684.7,0.2876,3.3133,5.0681,16.06,23.3098,39.8427,980.1753,-37.992
2024-09-26,2694.8999,0.3799,3.0712,5.5623,15.3342,23.0211,42.5194,983.8992,-37.7564
2024-09-27,2668.1001,-0.9945,0.8276,5.1344,14.0409,20.3256,42.026,974.1147,-38.3754
2024-09-30,2659.3999,-0.3261,0.2601,3.8706,13.703,17.8237,42.5111,970.9383,-38.5763
2024-10-01,2690.3,1.1619,0.4968,6.4369,15.2953,17.9025,45.6421,982.2198,-37.8626
2024-10-02,2669.7,-0.7657,-0.5587,5.8145,12.6741,15.3218,44.9742,974.6988,-38.3384
2024-10-03,2679.2,0.3558,-0.5826,6.0649,11.7404,16.058,46.0214,978.1672,-38.119
2024-10-04,2667.8,-0.4255,-0.0112,4.9035,12.875,13.7461,45.6382,974.0052,-38.3823
2024-10-07,2666.0,-0.0675,0.2482,5.6009,12.5892,13.3986,44.483,973.348,-38.4239
2024-10-08,2635.3999,-1.1478,-2.0407,4.055,10.7451,11.556,41.3614,962.176,-39.1306
2024-10-09,2626.0,-0.3567,-1.6369,3.2598,8.4273,11.8208,40.0309,958.7441,-39.3477
2024-10-10,2639.3,0.5065,-1.4892,3.8114,9.0304,11.2361,39.8453,963.5999,-39.0406
2024-10-11,2676.3,1.4019,0.3186,3.7084,10.1857,12.729,42.1296,977.1085,-38.186
2024-10-14,2665.6001,-0.3998,-0.015,2.1029,8.0152,11.859,37.2959,973.202,-38.4331
2024-10-15,2678.8999,0.4989,1.6506,2.6831,8.9028,11.2592,38.4945,978.0577,-38.1259
2024-10-16,2691.3,0.4629,2.4867,3.815,9.5628,12.6821,39.035,982.5849,-37.8395
2024-10-17,2707.5,0.6019,2.584,4.1907,12.8548,12.9066,37.5552,988.4995,-37.4654
2024-10-18,2730.0,0.831,2.0065,4.4137,14.0018,13.0997,37.844,996.7142,-36.9457
2024-10-21,2738.8999,0.326,2.7498,3.5031,13.7748,16.7278,37.3295,999.9635,-36.7401
2024-10-22,2759.8,0.7631,3.0199,4.0452,14.2443,17.8344,38.8369,1007.5941,-36.2574
2024-10-23,2729.3999,-1.1015,1.4157,1.9574,15.972,16.7208,37.4251,996.4951,-36.9595
2024-10-24,2748.8999,0.7144,1.5291,2.3913,15.4515,17.349,37.7964,1003.6144,-36.5092
2024-10-25,2754.6001,0.2074,0.9011,2.2153,15.8466,17.3569,37.9093,1005.6956,-36.3775
2024-10-28,2755.8999,0.0472,0.6207,3.2907,14.5904,16.8893,37.8984,1006.1701,-36.3475
2024-10-29,2781.1001,0.9144,0.7718,4.5762,14.6136,20.7651,38.6667,1015.3706,-35.7654
2024-10-30,2800.8,0.7084,2.616,4.1073,12.8991,21.1943,40.4403,1022.563,-35.3104
2024-10-31,2749.3,-1.8388,0.0146,2.9816,11.3167,19.0379,38.3296,1003.7605,-36.4999
2024-11-01,2749.2,-0.0036,-0.196,2.6127,12.4693,19.0852,37.9082,1003.724,-36.5022
2024-11-04,2746.2,-0.1091,-0.352,2.9387,12.938,17.802,37.3649,1002.6287,-36.5715
2024-11-05,2749.7,0.1274,-1.1291,3.1395,13.0447,18.3074,38.2732,1003.9065,-36.4907
2024-11-06,2676.3,-2.6694,-4.4452,1.552,8.6469,15.2435,35.6119,977.1085,-38.186
2024-11-07,2705.8,1.1023,-1.5822,3.0388,9.396,15.6177,38.2061,987.8788,-37.5046
2024-11-08,2694.8,-0.4065,-1.9788,2.1028,7.6198,13.4653,36.8058,983.8628,-37.7587
2024-11-11,2617.7,-2.8611,-4.6792,-2.1896,4.3823,11.7243,35.0932,955.7138,-39.5395
2024-11-12,2606.3,-0.4355,-5.2151,-2.2246,5.1055,10.4411,33.6427,951.5517,-39.8028
2024-11-13,2586.5,-0.7597,-3.3554,-3.4492,3.7755,8.0003,31.5281,944.3228,-40.2601
2024-11-14,2572.8999,-0.5258,-4.9117,-4.3994,1.3831,7.8558,30.983,939.3574,-40.5742
2024-11-15,2570.1001,-0.1088,-4.6274,-5.0748,1.1333,6.3167,29.3262,938.3352,-40.6389
2024-11-18,2614.6001,1.7315,-0.1184,-4.2271,2.5092,7.2217,31.7378,954.582,-39.611
2024-11-19,2631.0,0.6272,0.9477,-3.9395,3.2777,8.4546,32.8587,960.5696,-39.2323
2024-11-20,2651.7,0.7868,2.5208,-3.917,5.3642,10.8153,32.479,968.1271,-38.7542
2024-11-21,2674.8999,0.8749,3.9644,-1.9968,5.0505,14.4489,34.2282,976.5973,-38.2183
2024-11-22,2712.2,1.3944,5.529,-1.3351,6.1443,16.1791,36.0658,990.2154,-37.3568
2024-11-25,2618.5,-3.4548,0.1492,-4.9408,2.5696,11.1182,30.7289,956.0059,-39.521
2024-11-26,2621.3,0.1069,-0.3687,-4.8841,3.2903,11.964,30.2574,957.0282,-39.4563
2024-11-27,2639.8999,0.7096,-0.445,-5.0771,3.109,12.6766,29.4069,963.8189,-39.0267
2024-11-29,2657.0,0.6478,-0.6692,-5.1342,5.1195,14.3829,29.7934,970.0621,-38.6317
2024-12-02,2658.5,0.0565,-1.9799,-3.3027,5.3706,12.2061,30.4401,970.6097,-38.5971
2024-12-03,2667.8999,0.3536,1.8866,-2.9572,5.6176,13.6534,27.669,974.0416,-38.38
2024-12-04,2676.2,0.3111,2.0944,-2.549,5.2338,12.6584,31.045,977.0719,-38.1883
2024-12-05,2648.3999,-1.0388,0.322,-3.684,4.9037,10.77,30.0594,966.9222,-38.8304
2024-12-06,2659.6001,0.4229,0.0979,-0.624,5.0105,14.3914,29.8696,971.0114,-38.5717
2024-12-09,2685.8,0.9851,1.0269,-0.7392,5.6113,15.419,31.2451,980.5769,-37.9666
2024-12-10,2718.3999,1.2138,1.8929,0.8758,6.9226,16.84,34.9417,992.479,-37.2136
2024-12-11,2756.7,1.4089,3.008,5.31,6.824,17.0673,38.2706,1006.4622,-36.329
2024-12-12,2709.3999,-1.7158,2.3033,3.9558,3.7806,16.8852,35.9322,989.1931,-37.4215
2024-12-13,2675.8,-1.2401,0.6091,3.4525,2.5643,13.9075,33.9709,976.9259,-38.1975
2024-12-16,2670.0,-0.2168,-0.5883,3.774,2.9934,14.6415,30.5687,974.8083,-38.3315
2024-12-17,2662.0,-0.2996,-2.0747,3.5757,2.4398,13.4262,30.7658,971.8876,-38.5163
2024-12-18,2653.3,-0.3268,-3.7509,1.4801,1.4801,12.0008,30.0319,968.7112,-38.7172
2024-12-19,2608.1001,-1.7035,-3.7388,-0.8704,-1.4398,11.878,27.0942,952.2089,-39.7612
2024-12-20,2645.1001,1.4187,-1.1473,-0.2489,-0.279,12.8263,29.1742,965.7175,-38.9066
2024-12-23,2628.2,-0.6389,-1.5655,-1.7459,-1.8229,12.7596,28.1236,959.5473,-39.2969
2024-12-24,2635.5,0.2778,-0.9955,-2.828,-1.8326,13.9331,27.3742,962.2125,-39.1283
2024-12-26,2653.8999,0.6982,0.0226,1.3519,-1.5214,13.5796,28.2201,968.9303,-38.7033
2024-12-27,2631.8999,-0.829,0.9125,0.4044,-1.3568,12.4936,25.7417,960.8981,-39.2115
2024-12-30,2618.1001,-0.5243,-1.0208,-0.8258,-1.553,11.9372,25.6588,955.8599,-39.5302
2024-12-31,2641.0,0.8747,0.487,-0.6022,-1.8325,13.1825,27.4737,964.2205,-39.0013
2025-01-02,2669.0,1.0602,1.2711,0.395,-0.0262,12.6446,28.7258,974.4432,-38.3546
2025-01-03,2654.7,-0.5358,0.0301,-0.4948,-0.9145,10.7186,29.954,969.2223,-38.6849
2025-01-06,2647.3999,-0.275,0.5889,-1.0762,-0.7647,12.0118,29.1415,966.5571,-38.8535
2025-01-07,2665.3999,0.6799,1.8066,0.6419,-0.0225,12.5639,30.0322,973.1289,-38.4377
2025-01-08,2672.3999,0.2626,1.1889,0.4813,1.404,12.2999,31.4187,975.6845,-38.2761
2025-01-09,2690.8,0.6885,0.8168,0.1862,2.4676,11.1029,32.3561,982.4024,-37.8511
2025-01-10,2715.0,0.8994,2.2714,-0.1251,2.8682,12.1576,33.8889,991.2377,-37.2921
2025-01-13,2678.6001,-1.3407,1.1785,-2.8331,0.0859,10.2804,32.6565,977.9482,-38.1329
2025-01-14,2682.3,0.1381,0.6341,-1.0002,0.6265,8.692,30.7419,979.2991,-38.0474
2025-01-15,2717.8,1.3235,1.6989,1.5696,1.4521,10.4842,33.8686,992.26,-37.2275
2025-01-16,2750.8999,1.2179,2.2335,3.03,2.2145,11.9891,37.0994,1004.3446,-36.463
2025-01-17,2748.7,-0.08,1.2413,3.2569,1.5217,14.5721,35.9666,1003.5414,-36.5138
2025-01-21,2759.2,0.382,3.009,3.9913,1.0696,15.2211,35.9681,1007.375,-36.2713
2025-01-22,2770.8999,0.424,3.3031,6.2421,1.1684,15.1041,37.024,1011.6466,-36.001
2025-01-23,2765.0,-0.2129,1.7367,4.5329,0.1884,14.4596,36.4893,1009.4925,-36.1373
2025-01-24,2778.8999,0.5027,1.0178,5.734,1.8136,18.0752,37.8423,1014.5673,-35.8162
2025-01-27,2738.3999,-1.4574,-0.3747,3.9044,-0.382,15.0105,35.7122,999.7809,-36.7517
2025-01-28,2767.5,1.0627,0.3008,4.2805,0.4683,16.3891,37.1883,1010.4053,-36.0795
2025-01-29,2769.8,0.0831,-0.0397,5.2396,0.5044,15.1684,36.7532,1011.245,-36.0264
2025-01-30,2823.0,1.9207,2.0976,7.8263,1.5066,16.3404,38.9614,1030.6682,-34.7977
2025-01-31,2812.5,-0.3719,1.2091,6.4938,0.4177,13.3707,37.3023,1026.8346,-35.0402
2025-02-03,2857.1001,1.5858,4.3347,7.0476,3.921,15.6814,37.9508,1043.118,-34.0101
2025-02-04,2875.8,0.6545,3.9133,8.3286,4.605,17.6485,40.0302,1049.9453,-33.5782
2025-02-05,2893.0,0.5981,4.448,9.277,5.3456,18.9752,41.6124,1056.2249,-33.1809
2025-02-06,2876.7,-0.5634,1.9022,7.9275,4.6187,18.2659,40.2311,1050.2738,-33.5574
2025-02-07,2887.6001,0.3789,2.6702,8.0527,7.8952,17.2249,40.7418,1054.2534,-33.3056
2025-02-10,2934.3999,1.6207,2.7055,9.0531,8.4485,18.6383,43.2882,1071.3399,-32.2247
2025-02-11,2932.6001,-0.0613,1.9751,8.0147,8.8244,17.1166,43.8466,1070.6828,-32.2663
2025-02-12,2928.7,-0.133,1.234,9.337,11.8807,16.7836,44.058,1069.2589,-32.3563
2025-02-13,2945.3999,0.5702,2.3882,9.8087,13.0108,18.7805,46.7417,1075.356,-31.9706
2025-02-14,2900.7,-1.5176,0.4537,6.7297,12.1477,16.3818,44.7238,1059.0362,-33.0031
2025-02-18,2949.0,1.6651,0.4975,7.2013,14.6178,16.203,46.3596,1076.6703,-31.8875
2025-02-19,2936.1001,-0.4374,0.1193,6.8178,14.2407,15.5354,45.0571,1071.9606,-32.1854
2025-02-20,2956.1001,0.6812,0.9356,7.1361,13.0613,15.8982,44.9211,1079.2626,-31.7235
2025-02-21,2953.2,-0.0981,0.2648,6.5791,12.2463,15.9254,45.1703,1078.2037,-31.7905
2025-02-24,2963.2,0.3386,2.1547,7.1682,11.7472,17.7415,45.9201,1081.8547,-31.5595
2025-02-25,2918.8,-1.4984,-1.0241,5.0344,9.1181,14.6291,42.4222,1065.6444,-32.585
2025-02-26,2930.6001,0.4043,-0.1873,7.0187,8.0525,14.6916,43.7344,1069.9526,-32.3125
2025-02-27,2895.8999,-1.1841,-2.0365,4.6396,10.5938,13.4357,41.6711,1057.2837,-33.1139
2025-02-28,2848.5,-1.6368,-3.5453,2.8414,8.6675,12.2429,39.4478,1039.9781,-34.2087
2025-03-03,2901.1001,1.8466,-2.0957,2.7666,9.8943,13.3109,41.1934,1059.1822,-32.9938
2025-03-04,2920.6001,0.6722,0.0617,3.8436,9.921,15.5483,39.3616,1066.3016,-32.5434
2025-03-05,2926.0,0.1849,-0.157,2.4115,10.0621,15.973,37.6099,1068.2731,-32.4187
2025-03-06,2926.6001,0.0205,1.0601,1.7665,9.6968,15.8591,36.6357,1068.4922,-32.4048
2025-03-07,2914.1001,-0.4271,2.303,0.7294,8.8895,14.5885,35.0246,1063.9285,-32.6936
2025-03-10,2899.3999,-0.5045,-0.0586,0.7891,9.4774,14.8459,33.9091,1058.5615,-33.0331
2025-03-11,2920.8999,0.7415,0.0103,1.1532,9.8248,15.3275,33.649,1066.4111,-32.5365
2025-03-12,2946.8,0.8867,0.7109,0.4226,9.7178,15.8743,34.6431,1075.8671,-31.9383
2025-03-13,2991.3,1.5101,2.2108,2.0016,10.039,17.6566,38.0961,1092.114,-30.9105
2025-03-14,3001.1001,0.3276,2.9855,2.4721,8.8657,16.2947,37.6146,1095.6919,-30.6841
2025-03-17,3006.1001,0.1666,3.6801,2.0608,10.9508,15.1454,38.6897,1097.5174,-30.5686
2025-03-18,3040.8,1.1543,4.1049,4.8299,13.6408,16.5549,40.6801,1110.1862,-29.7672
2025-03-19,3041.2,0.0132,3.2035,3.1265,13.9026,17.3121,40.5166,1110.3322,-29.7579
2025-03-20,3043.8,0.0855,1.7551,3.6681,14.3426,17.1323,40.9362,1111.2815,-29.6979
2025-03-21,3021.3999,-0.7359,0.6764,2.209,13.8733,15.5588,39.8149,1103.1033,-30.2153
2025-03-24,3015.6001,-0.192,0.316,2.113,15.6244,13.9596,38.0327,1100.9858,-30.3492
2025-03-25,3025.8999,0.3416,-0.49,2.116,14.3964,14.0773,40.088,1104.7462,-30.1113
2025-03-26,3022.5,-0.1124,-0.6149,3.5528,15.0027,12.9062,38.8761,1103.505,-30.1899
2025-03-27,3061.0,1.2738,0.5651,4.4496,16.1449,14.0165,40.5934,1117.5612,-29.3006
2025-03-28,3086.5,0.8331,2.1546,6.5817,16.3005,14.5312,40.8975,1126.8711,-28.7117
2025-03-31,3122.8,1.1761,3.5548,9.6296,18.6519,17.0421,40.8316,1140.1242,-27.8732
2025-04-01,3146.0,0.7429,3.9691,8.4416,20.1635,18.2974,39.3824,1148.5944,-27.3374
2025-04-02,3166.2,0.6421,4.7543,8.4092,19.8864,17.6895,38.7589,1155.9693,-26.8708
2025-04-03,3121.7,-1.4055,1.983,6.6883,16.9614,16.9307,34.8467,1139.7225,-27.8987
2025-04-04,3035.3999,-2.7645,-1.6556,3.7176,14.3406,13.295,31.488,1108.2147,-29.8919
2025-04-07,2973.6001,-2.036,-4.7778,2.0418,12.3215,11.4626,26.7844,1085.6518,-31.3193
2025-04-08,2990.2,0.5582,-4.9523,3.1317,12.1858,12.1605,27.1884,1091.7123,-30.9359
2025-04-09,3079.3999,2.9831,-2.7415,5.4264,15.2298,16.8475,30.3505,1124.2789,-28.8757
2025-04-10,3177.5,3.1857,1.7875,7.8288,18.0876,21.0015,35.3049,1160.095,-26.6099
2025-04-11,3244.6001,2.1117,6.892,8.4679,19.5064,22.9341,36.7472,1184.593,-25.0601
2025-04-14,3226.3,-0.564,8.4981,7.5039,20.4472,20.5508,35.8957,1177.9117,-25.4827
2025-04-15,3240.3999,0.437,8.3673,7.7941,20.8068,21.5636,35.9799,1183.0595,-25.1571
2025-04-16,3346.3999,3.2712,8.6705,10.05,23.129,24.9169,38.9816,1221.7598,-22.7088
2025-04-17,3328.3999,-0.5379,4.749,9.4436,20.9931,23.6726,39.3569,1215.188,-23.1245
2025-04-21,3425.3,2.9113,5.5693,12.5337,24.6153,26.5115,42.8399,1250.5659,-20.8865
2025-04-22,3419.3999,-0.1723,5.9852,13.1727,23.9272,25.2527,41.6604,1248.4118,-21.0227
2025-04-23,3294.1001,-3.6644,1.6572,9.2353,18.882,20.2709,40.3895,1202.6653,-23.9168
2025-04-24,3348.6001,1.6545,0.0657,10.6646,21.1067,21.3349,42.9743,1222.563,-22.658
2025-04-25,3298.3999,-1.4991,-0.9013,9.1282,18.6944,20.8471,41.0537,1204.2351,-23.8174
2025-04-28,3347.7,1.4947,-2.2655,9.3662,22.2502,21.7833,42.9114,1222.2344,-22.6788
2025-04-29,3333.6001,-0.4212,-2.5092,8.0058,20.4553,21.0194,42.0245,1217.0866,-23.0044
2025-04-30,3319.1001,-0.435,0.7589,6.286,19.8318,20.4362,40.777,1211.7927,-23.3393
2025-05-01,3222.2,-2.9195,-3.7747,2.4221,14.141,15.8606,39.9192,1176.4148,-25.5774
2025-05-02,3243.3,0.6548,-1.6705,2.4351,15.3173,15.7991,40.3418,1184.1183,-25.0901
2025-05-05,3322.3,2.4358,-0.7587,6.426,16.2822,20.8417,43.8474,1212.961,-23.2654
2025-05-06,3422.8,3.025,2.6758,12.7627,19.0208,24.5017,48.263,1249.6532,-20.9442
2025-05-07,3391.8999,-0.9028,2.1934,14.0671,17.2451,23.5125,45.5002,1238.3717,-21.6579
2025-05-08,3306.0,-2.5325,2.6007,10.5612,14.9234,20.2313,42.2425,1207.0099,-23.6419
2025-05-09,3344.0,1.1494,3.1049,8.5926,15.8055,24.9486,43.9952,1220.8836,-22.7642
2025-05-12,3228.0,-3.4689,-2.8384,1.5893,10.0055,19.2993,37.931,1178.5323,-25.4435
2025-05-13,3247.8,0.6134,-5.1128,0.0986,10.7481,20.521,36.7495,1185.7613,-24.9861
2025-05-14,3188.3,-1.832,-6.0025,-1.1778,8.864,21.7978,36.0777,1164.038,-26.3604
2025-05-15,3226.6001,1.2013,-2.4017,-0.4259,9.5471,23.8,36.7261,1178.0212,-25.4758
2025-05-16,3187.2,-1.2211,-4.689,-4.7573,9.8769,23.2244,33.0828,1163.6364,-26.3858
2025-05-19,3233.5,1.4527,0.1704,-2.8512,9.6473,25.6753,35.5481,1180.5404,-25.3164
2025-05-20,3284.6001,1.5803,1.1331,-4.1077,11.8695,27.8005,35.8733,1199.1968,-24.1362
2025-05-21,3313.5,0.8799,3.9269,-3.097,12.0903,26.7307,35.8827,1209.7481,-23.4687
2025-05-22,3295.0,-0.5583,2.1199,0.0273,11.5739,25.2376,35.8259,1202.9938,-23.896
2025-05-23,3365.8,2.1487,5.6037,0.5136,13.5867,26.9299,40.6578,1228.8427,-22.2607
2025-05-27,3300.3999,-1.9431,2.069,0.0606,13.0739,23.3841,41.2117,1204.9653,-23.7713
2025-05-28,3294.8999,-0.1666,0.3136,-1.5772,12.4309,21.4844,41.1394,1202.9573,-23.8983
2025-05-29,3317.1001,0.6738,0.1086,-0.495,14.5447,26.6794,40.7638,1211.0625,-23.3855
2025-05-30,3288.8999,-0.8501,-0.1851,-0.9099,15.4608,25.4683,40.4792,1200.7667,-24.0369
2025-06-02,3397.2,3.2929,0.9329,5.4311,17.1004,28.6867,44.9998,1240.3067,-21.5355
2025-06-03,3377.1001,-0.5917,2.324,4.1254,15.6303,27.102,45.3829,1232.9683,-21.9997
2025-06-04,3399.2,0.6544,3.1655,2.3147,16.1722,27.8616,43.4685,1241.0369,-21.4893
2025-06-05,3375.1001,-0.709,1.7485,-1.3936,15.3249,26.5077,43.7804,1232.2381,-22.0459
2025-06-06,3346.6001,-0.8444,1.7544,-1.3355,14.8416,25.0505,40.8798,1221.8328,-22.7042
2025-06-09,3354.8999,0.248,-1.2451,1.4791,15.7101,26.6765,40.3195,1224.8631,-22.5125
2025-06-10,3343.3999,-0.3428,-0.9979,-0.0179,14.4647,25.7106,43.8021,1220.6645,-22.7781
2025-06-11,3343.7,0.009,-1.6327,3.5843,13.4688,24.4955,43.6914,1220.774,-22.7712
2025-06-12,3402.3999,1.7555,0.8089,4.7601,13.7432,25.1619,46.2391,1242.2052,-21.4154
2025-06-13,3452.8,1.4813,3.1734,8.296,15.0511,25.2512,46.6282,1260.6061,-20.2513
2025-06-16,3417.3,-1.0282,1.86,5.9102,13.6789,26.1276,47.4245,1247.6452,-21.0712
2025-06-17,3406.8999,-0.3043,1.8993,6.8932,12.0396,27.3227,45.03,1243.8481,-21.3114
2025-06-18,3408.1001,0.0352,1.926,5.3997,12.0643,27.6442,46.3332,1244.2863,-21.2837
2025-06-20,3385.7,-0.6573,-0.4908,3.078,11.2327,27.1863,44.2626,1236.1081,-21.8011
2025-06-23,3395.0,0.2747,-1.674,2.4596,12.3651,27.9539,43.3094,1239.5035,-21.5863
2025-06-24,3333.8999,-1.7997,-2.4405,1.1806,10.5551,27.8287,43.0122,1217.196,-22.9975
2025-06-25,3343.1001,0.276,-1.8727,-0.6744,10.4828,26.3884,42.5994,1220.555,-22.785
2025-06-26,3348.0,0.1466,-1.7634,1.4423,10.7692,27.3876,43.6417,1222.3439,-22.6718
2025-06-27,3287.6001,-1.8041,-2.8975,-0.2215,7.4028,24.7429,42.1235,1200.2921,-24.0669
2025-06-30,3307.7,0.6114,-2.5714,-0.2834,7.1667,24.6354,41.5604,1207.6305,-23.6026
2025-07-01,3349.8,1.2728,0.4769,1.8517,7.2691,27.2769,43.1783,1223.0011,-22.6303
2025-07-02,3359.7,0.2955,0.4965,-1.1039,6.7928,28.3259,43.6445,1226.6156,-22.4016
2025-07-03,3342.8999,-0.5,-0.1523,-1.0127,5.5808,26.5771,43.2631,1220.4819,-22.7896
2025-07-04,3346.5,0.1077,1.7916,-1.5504,7.2012,25.384,41.2383,1221.7963,-22.7065
2025-07-07,3342.8,-0.1106,1.0612,-0.957,10.1272,25.9201,39.4169,1220.4455,-22.7919
2025-07-08,3316.8999,-0.7748,-0.9822,-0.8875,11.5449,25.289,40.3385,1210.9894,-23.3902
2025-07-09,3321.0,0.1236,-1.1519,-1.0105,11.0628,24.5967,40.2509,1212.4863,-23.2955
2025-07-10,3325.7,0.1415,-0.5145,-0.5294,7.9983,24.4462,39.7529,1214.2023,-23.1869
2025-07-11,3364.0,1.1516,0.5229,0.6071,5.8694,25.0186,38.8992,1228.1855,-22.3023
2025-07-14,3359.1001,-0.1457,0.4876,-1.2726,3.5289,23.7238,38.7657,1226.3966,-22.4155
2025-07-15,3336.7,-0.6668,0.5969,-3.3625,3.4219,24.5688,37.3749,1218.2183,-22.9328
2025-07-16,3359.1001,0.6713,1.1472,-1.7031,3.6631,25.2321,36.1172,1226.3966,-22.4155
2025-07-17,3345.3,-0.4108,0.5894,-1.8081,-0.0329,23.0885,35.9933,1221.3582,-22.7342
2025-07-18,3358.3,0.3886,-0.1694,-1.4612,0.8983,22.0801,36.7163,1226.1045,-22.4339
2025-07-21,3406.3999,1.4323,1.4081,0.6114,-0.5518,23.9277,41.9866,1243.6656,-21.323
2025-07-22,3443.7,1.095,3.2068,1.4345,0.7107,24.8079,43.8051,1257.2837,-20.4615
2025-07-23,3397.6001,-1.3387,1.1461,1.9107,3.142,22.6172,41.1374,1240.4528,-21.5262
2025-07-24,3373.5,-0.7093,0.843,0.9093,0.7436,22.0072,39.649,1231.6539,-22.0829
2025-07-25,3335.6001,-1.1235,-0.6759,-0.3704,1.1278,20.0331,41.7293,1217.8168,-22.9582
2025-07-28,3310.0,-0.7675,-2.83,0.6813,-1.1261,20.8735,39.0172,1208.4703,-23.5495
2025-07-29,3324.0,0.423,-3.4759,0.4928,-0.288,20.1084,39.7931,1213.5816,-23.2262
2025-07-30,3295.8,-0.8484,-2.9962,-1.612,-0.702,18.9905,37.0395,1203.2859,-23.8775
2025-07-31,3293.2,-0.0789,-2.3803,-1.9793,2.2035,16.656,35.7181,1202.3366,-23.9375
2025-08-01,3399.8,3.237,1.9247,1.7021,4.8253,20.8818,37.0445,1241.256,-21.4754
2025-08-04,3426.3999,0.7824,3.5166,2.3876,3.1334,19.9258,38.7319,1250.9675,-20.8611
2025-08-05,3434.7,0.2422,3.3303,2.7492,0.3477,19.4346,40.513,1253.9978,-20.6693
2025-08-06,3433.3999,-0.0379,4.175,3.5123,1.2235,18.6796,41.1992,1253.5232,-20.6994
2025-08-07,3453.7,0.5913,4.8737,3.9958,4.4676,20.0577,41.9873,1260.9347,-20.2305
2025-08-08,3491.3,1.0887,2.6913,4.9794,4.4049,20.9066,41.7326,1274.6623,-19.3621
2025-08-11,3404.7,-2.4805,-0.6333,1.2099,5.474,16.0271,37.6526,1243.0449,-21.3623
2025-08-12,3399.0,-0.1674,-1.0394,1.1878,4.6555,15.904,35.7428,1240.9639,-21.4939
2025-08-13,3408.3,0.2736,-0.731,2.1458,6.9002,16.3759,35.908,1244.3593,-21.2791
2025-08-14,3383.2,-0.7364,-2.0413,0.7174,4.8534,14.8639,36.4359,1235.1953,-21.8588
2025-08-15,3382.6001,-0.0177,-3.1135,1.115,6.1308,16.6132,35.7166,1234.9763,-21.8727
2025-08-18,3378.0,-0.136,-0.7842,0.5866,4.4688,14.5473,33.1074,1233.2969,-21.9789
2025-08-19,3358.7,-0.5713,-1.1856,-1.4003,2.256,14.3932,32.1646,1226.2505,-22.4247
2025-08-20,3388.5,0.8872,-0.5809,-1.6029,2.2635,14.6274,32.8511,1237.1304,-21.7364
2025-08-21,3381.6001,-0.2036,-0.0473,-0.4709,2.6282,14.5063,32.7419,1234.6112,-21.8958
2025-08-22,3418.5,1.0912,1.0613,1.3339,1.5657,15.3651,35.8326,1248.0833,-21.0435
2025-08-25,3417.5,-0.0293,1.1693,2.4553,3.5481,17.0858,34.2143,1247.7182,-21.0666
2025-08-26,3433.0,0.4535,2.2122,3.716,4.1913,17.1432,34.3535,1253.3772,-20.7086
2025-08-27,3448.6001,0.4544,1.7736,3.7485,3.9643,19.0856,35.0856,1259.0727,-20.3483
2025-08-28,3474.3,0.7452,2.7413,5.416,5.6371,21.9695,36.902,1268.4557,-19.7547
2025-08-29,3516.1001,1.2031,2.8551,6.7685,3.4999,21.1989,37.3316,1283.7167,-18.7893
2025-09-02,3592.2,2.1643,5.1119,5.6592,6.3694,22.9953,42.119,1311.5006,-17.0316
2025-09-03,3635.5,1.2054,5.8986,6.1026,6.9516,24.2481,44.0943,1327.3093,-16.0315
2025-09-04,3606.7,-0.7922,4.5845,5.0077,6.862,23.2386,42.7831,1316.7945,-16.6967
2025-09-05,3653.3,1.292,5.1521,6.4047,9.1645,25.3663,43.6554,1333.808,-15.6204
2025-09-08,3677.3999,0.6597,4.5875,6.4771,9.6128,26.8331,45.6627,1342.6068,-15.0638
2025-09-09,3682.2,0.1305,2.5054,5.4679,10.1334,26.0639,45.3863,1344.3593,-14.9529
2025-09-10,3682.0,-0.0054,1.2791,8.1446,10.1175,24.9491,44.7839,1344.2863,-14.9575
2025-09-11,3673.6001,-0.2281,1.8549,8.0788,7.9709,22.8095,44.4934,1341.2195,-15.1515
2025-09-12,3686.3999,0.3484,0.906,8.1595,6.7655,22.835,42.8505,1345.8927,-14.8559
2025-09-15,3719.0,0.8843,1.1312,9.9255,8.8286,23.7151,42.4522,1357.7948,-14.1029
2025-09-16,3725.1001,0.164,1.1651,10.1253,9.3399,22.5039,42.7843,1360.022,-13.962
2025-09-17,3717.8,-0.196,0.9723,10.0592,9.0872,22.2478,43.4115,1357.3567,-14.1306
2025-09-18,3678.3,-1.0625,0.1279,9.5156,8.6422,20.8457,41.5493,1342.9354,-15.043
2025-09-19,3705.8,0.7476,0.5263,9.364,9.1546,22.6518,41.7349,1352.9756,-14.4078
2025-09-22,3775.1001,1.87,1.5085,11.6365,13.2338,25.1857,42.6612,1378.2768,-12.8072
2025-09-23,3815.7,1.0755,2.4321,11.6191,14.1366,26.1013,43.853,1393.0997,-11.8695
2025-09-24,3768.1001,-1.2475,1.353,10.259,12.5478,24.6683,40.7583,1375.7211,-12.9689
2025-09-25,3771.1001,0.0796,2.5229,9.8485,14.7068,23.1983,40.4664,1376.8164,-12.8996
2025-09-26,3809.0,1.005,2.7848,10.4506,15.1555,23.4084,41.3411,1390.6536,-12.0242
2025-09-29,3855.2,1.2129,2.1218,10.9634,15.0875,23.4533,44.4923,1407.521,-10.9571
2025-09-30,3873.2,0.4669,1.5069,10.1561,15.2841,23.1151,45.6419,1414.0927,-10.5414
2025-10-01,3897.5,0.6274,3.4341,8.499,16.5904,23.0971,44.8723,1422.9646,-9.9801
2025-10-02,3868.1001,-0.7543,2.5722,6.398,15.5864,23.9101,44.8889,1412.2308,-10.6592
2025-10-03,3908.8999,1.0548,2.6227,8.3788,16.9349,28.7771,45.898,1427.1267,-9.7168
2025-10-06,3976.3,1.7243,3.1412,8.8413,19.88,33.7201,49.0479,1451.7343,-8.1601
2025-10-07,4004.3999,0.7067,3.3874,8.8922,20.5781,33.9175,50.2025,1461.9934,-7.5111
2025-10-08,4070.5,1.6507,4.4387,10.5453,22.3953,32.1848,54.4547,1486.1264,-5.9844
2025-10-09,3972.6001,-2.4051,2.7016,7.8925,18.0916,25.0228,51.2795,1450.3834,-8.2456
2025-10-10,4000.3999,0.6998,2.3408,8.8959,19.0914,23.2941,51.5705,1460.533,-7.6035
2025-10-13,4133.0,3.3147,3.9408,12.1148,23.8649,28.1034,54.4296,1508.9449,-4.5408
2025-10-14,4163.3999,0.7355,3.9706,11.9494,23.9439,28.4841,56.19,1520.0438,-3.8387
2025-10-15,4201.6001,0.9175,3.2207,12.7916,25.5971,25.5558,56.8405,1533.9906,-2.9564
2025-10-16,4304.6001,2.4514,8.3572,15.7835,28.1779,29.3294,59.945,1571.5955,-0.5774
2025-10-17,4213.2998,-2.121,5.322,14.5448,23.6878,23.0053,55.6159,1538.2621,-2.6862
2025-10-20,4359.3999,3.4676,5.4779,17.6372,26.5906,27.4902,59.685,1591.6028,0.6883
2025-10-21,4109.1001,-5.7416,-1.3042,8.8474,20.9413,24.7412,50.0274,1500.2191,-5.0928
2025-10-22,4065.3999,-1.0635,-3.2416,6.544,20.5099,21.406,47.3078,1484.2643,-6.1022
2025-10-23,4145.6001,1.9728,-3.6937,10.0183,24.2835,25.6852,51.8869,1513.5452,-4.2498
2025-10-24,4137.7998,-0.1882,-1.7919,9.7239,25.0091,23.6013,50.5257,1510.6973,-4.43
2025-10-27,4019.7,-2.8542,-7.7924,5.5316,20.9296,20.5813,45.9268,1467.5794,-7.1577
2025-10-28,3983.1001,-0.9105,-3.0664,3.3176,20.8538,20.0054,44.5299,1454.2169,-8.003
2025-10-29,4000.7,0.4419,-1.5915,3.2919,21.4837,24.1605,43.8531,1460.6426,-7.5965
2025-10-30,4015.8999,0.3799,-3.1286,3.0378,18.1216,23.8214,43.384,1466.192,-7.2455
2025-10-31,3996.5,-0.4831,-3.4149,3.3195,16.6385,20.2932,45.3643,1459.1092,-7.6936
2025-11-03,4014.0,0.4379,-0.1418,2.6887,16.8661,17.2724,46.0061,1465.4984,-7.2894
2025-11-04,3960.5,-1.3328,-0.5674,-0.3974,15.3521,16.7635,44.2175,1445.9657,-8.525
2025-11-05,3992.8999,0.8181,-0.195,-0.2872,15.6122,20.7774,45.2122,1457.7948,-7.7767
2025-11-06,3991.0,-0.0476,-0.62,-1.9531,14.3127,19.3481,49.1238,1457.1012,-7.8206
2025-11-07,4009.8,0.4711,0.3328,0.9364,17.7725,24.2193,48.1928,1463.965,-7.3864
2025-11-10,4122.0,2.7981,2.6906,3.0397,21.271,26.9167,52.9613,1504.9288,-4.7949
2025-11-11,4116.2998,-0.1383,3.9338,-0.4041,20.7728,29.1064,57.2487,1502.8477,-4.9266
2025-11-12,4213.6001,2.3638,5.5273,1.2058,24.5448,30.5895,61.6698,1538.3717,-2.6792
2025-11-13,4194.5,-0.4533,5.099,-0.169,24.0022,31.6045,62.169,1531.3984,-3.1204
2025-11-14,4094.2,-2.3912,2.1048,-4.8878,21.2019,26.6182,59.1278,1494.7791,-5.437
2025-11-17,4074.5,-0.4812,-1.1524,-3.2943,21.3118,24.0486,58.5347,1487.5867,-5.892
2025-11-18,4066.5,-0.1963,-1.2098,-6.7188,20.0089,22.7252,55.5305,1484.666,-6.0768
2025-11-19,4082.8,0.4008,-3.1042,-0.64,20.7357,23.909,55.1805,1490.6171,-5.7003
2025-11-20,4060.0,-0.5584,-3.2066,-0.1328,18.7655,20.6251,53.1093,1482.2928,-6.2269
2025-11-21,4079.5,0.4803,-0.359,-1.5945,19.3709,23.6062,52.5104,1489.4122,-5.7765
2025-11-24,4094.2,0.3603,0.4835,-1.0537,19.2601,24.2587,50.9549,1494.7791,-5.437
2025-11-25,4140.0,1.1187,1.8075,2.9928,20.0487,24.8078,58.1058,1511.5006,-4.3792
2025-11-26,4165.2002,0.6087,2.0182,4.5718,19.886,26.6442,58.8983,1520.7011,-3.7971
2025-11-28,4254.8999,2.1536,4.8005,6.3539,21.0119,25.2473,61.1766,1553.4502,-1.7253
2025-12-01,4274.7998,0.4677,4.7873,6.4469,19.0023,26.582,60.8882,1560.7156,-1.2657
2025-12-02,4220.7998,-1.2632,3.0922,5.6124,16.0996,24.1704,58.7662,1541.0003,-2.5129
2025-12-03,4232.5,0.2772,2.2343,5.4434,17.351,25.4037,58.6454,1545.272,-2.2427
2025-12-04,4243.0,0.2481,1.8679,7.1329,16.1416,26.7854,58.5457,1549.1055,-2.0002
2025-12-05,4243.0,0.0,-0.2797,6.2636,15.3804,26.4717,60.2099,1549.1055,-2.0002
2025-12-08,4217.7002,-0.5963,-1.3357,5.6803,14.5429,26.15,58.584,1539.8687,-2.5845
2025-12-09,4236.2002,0.4386,0.3649,5.6462,15.0516,26.692,57.7258,1546.623,-2.1572
2025-12-10,4224.7002,-0.2715,-0.1843,2.4915,15.0016,24.1682,55.4113,1542.4243,-2.4229
2025-12-11,4313.0,2.0901,1.6498,4.7786,16.9976,24.9131,56.4552,1574.6623,-0.3834
2025-12-12,4328.2998,0.3547,2.0104,2.7221,16.3834,26.6585,59.7512,1580.2482,-0.03
2025-12-15,4335.2002,0.1594,2.7859,3.3544,16.3781,27.2477,62.0151,1582.7675,0.1293
2025-12-16,4332.2998,-0.0669,2.2685,5.8155,16.5286,27.1177,62.2584,1581.7086,0.0624
2025-12-17,4373.8999,0.9602,3.5316,7.3481,18.9109,29.1875,64.3088,1596.8967,1.0232
2025-12-18,4364.5,-0.2149,1.1941,7.3282,17.7748,28.5567,64.4933,1593.4648,0.8061
2025-12-19,4387.2998,0.5224,1.3631,7.4581,16.2168,31.5966,68.2182,1601.7889,1.3327
2025-12-22,4469.3999,1.8713,3.0956,10.0837,17.1318,33.6903,68.969,1631.7634,3.2289
2025-12-23,4505.7002,0.8122,4.0025,10.4474,19.5749,34.5789,71.4367,1645.0165,4.0674
2025-12-24,4502.7998,-0.0644,2.947,9.98,19.4028,36.9631,70.8518,1643.9576,4.0004
2025-12-26,4552.7002,1.1082,4.3121,9.9686,19.5248,37.6395,71.5475,1662.1761,5.1529
2025-12-29,4343.6001,-4.5929,-0.9961,4.2831,12.6686,29.6674,65.0367,1585.8343,0.3234
2025-12-30,4386.2998,0.983,-1.8593,3.0882,13.2474,30.5563,67.5375,1601.4238,1.3096
2025-12-31,4341.1001,-1.0305,-3.6532,1.551,11.3817,29.8603,64.3733,1584.9216,0.2656
2026-01-02,4329.6001,-0.2649,-3.8465,2.5777,11.9309,29.377,62.2181,1580.723,0.0
2026-01-05,4451.5,2.8155,-2.2229,5.1742,13.8811,33.1668,67.6837,1625.2282,2.8155
2026-01-06,4496.1001,1.0019,3.5109,5.9651,13.0725,35.5513,69.8308,1641.5116,3.8456
2026-01-07,4462.5,-0.7473,1.7372,5.1732,11.4399,34.3722,67.4233,1629.2443,3.0696
2026-01-08,4460.7002,-0.0403,2.7551,5.7614,9.5861,34.1282,66.9174,1628.5872,3.028
2026-01-09,4500.8999,0.9012,3.9565,6.2485,13.2986,33.7961,67.27,1643.264,3.9565
2026-01-12,4614.7002,2.5284,3.6662,9.2314,15.356,37.3791,69.9705,1684.8121,6.5849
2026-01-13,4599.1001,-0.3381,2.2909,6.6334,11.2775,37.8338,71.6979,1679.1165,6.2246
2026-01-14,4635.7002,0.7958,3.8812,7.1021,11.3441,38.0042,72.8256,1692.4791,7.0699
2026-01-15,4623.7002,-0.2589,3.6541,6.6548,10.0462,38.2148,70.1266,1688.098,6.7928
2026-01-16,4595.3999,-0.6121,2.0996,6.073,6.7556,36.8371,67.0508,1677.7656,6.1391
2026-01-20,4765.7998,3.7081,3.2743,8.96,13.1132,39.9072,73.3838,1739.9781,10.0748
2026-01-21,4837.5,1.5045,5.1836,10.8374,10.9671,40.4739,75.3226,1766.1556,11.7309
2026-01-22,4913.3999,1.569,5.9905,11.9914,19.5736,44.6138,77.3215,1793.8664,13.4839
2026-01-23,4979.7002,1.3494,7.6995,11.4176,22.4898,47.6123,80.0977,1818.0724,15.0152
2026-01-26,5082.5,2.0644,10.5997,12.8016,22.5999,52.3714,82.8961,1855.6043,17.3896
2026-01-27,5082.6001,0.002,6.6474,12.8764,22.8334,53.5529,85.6047,1855.6408,17.3919
2026-01-28,5303.6001,4.3482,9.6351,16.4935,31.9402,59.5548,91.6387,1936.3272,22.4963
2026-01-29,5318.3999,0.2791,8.2428,22.4422,33.5241,61.369,92.0139,1941.7306,22.8381
2026-01-30,4745.1001,-10.7796,-4.7111,8.18,18.6067,44.0878,68.0871,1732.4207,9.5967
2026-02-02,4652.6001,-1.9494,-8.4584,7.1756,15.8545,36.8492,65.4258,1698.6492,7.4603
2026-02-03,4935.0,6.0697,-2.904,13.9828,23.483,44.0287,72.7276,1801.7525,13.9828
2026-02-04,4950.7998,0.3202,-6.6521,11.2164,23.3383,44.1407,72.1538,1807.521,14.3477
2026-02-05,4889.5,-1.2382,-8.0645,8.7498,23.4566,42.4099,69.0114,1785.1406,12.9319
2026-02-06,4979.7998,1.8468,4.9461,11.5922,24.7164,44.1874,73.1081,1818.1088,15.0175
2026-02-09,5079.3999,2.0001,9.1734,13.87,27.2714,45.4873,75.9039,1854.4724,17.318
2026-02-10,5031.0,-0.9529,1.9453,11.7776,25.4676,47.7663,71.449,1836.8018,16.2001
2026-02-11,5098.5,1.3417,2.9834,10.4839,23.69,50.0,73.856,1861.4458,17.7591
2026-02-12,4948.3999,-2.944,1.2046,7.595,20.2148,45.1867,68.9623,1806.6448,14.2923
2026-02-13,5046.2998,1.9784,1.3354,8.8573,19.7622,49.1576,71.3282,1842.3877,16.5535
2026-02-17,4905.8999,-2.7822,-3.4158,6.1033,16.9603,45.0334,69.1281,1791.1282,13.3107
2026-02-18,5009.5,2.1117,-0.4274,9.0112,22.356,48.2978,69.8711,1828.9522,15.7035
2026-02-19,4997.3999,-0.2415,-1.9829,4.8596,22.6506,48.7897,70.2054,1824.5345,15.4241
2026-02-20,5080.8999,1.6709,2.6776,5.0315,24.9453,49.9454,71.8785,1855.0201,17.3526
2026-02-23,5225.6001,2.8479,3.5531,6.3541,27.9906,54.5304,76.947,1907.8497,20.6948
2026-02-24,5176.2998,-0.9434,5.5117,3.948,27.4951,51.4202,74.6861,1889.8503,19.5561
2026-02-25,5226.2002,0.964,4.3258,2.8274,28.1088,52.9247,79.053,1908.0688,20.7086
2026-02-26,5194.2002,-0.6123,3.9381,2.1957,26.8673,51.3021,77.2402,1896.3857,19.9695
2026-02-27,5247.8999,1.0338,3.2868,-1.0502,26.7609,52.1748,81.2183,1915.9912,21.2098
2026-03-02,5311.6001,1.2138,1.6457,-0.1279,27.5233,52.8826,86.4701,1939.248,22.6811
2026-03-03,5123.7002,-3.5375,-1.0162,7.9788,20.4188,45.7211,76.6123,1870.6463,18.3412
2026-03-04,5134.7002,0.2147,-1.7508,10.362,20.1156,42.9403,75.8098,1874.6624,18.5953
2026-03-05,5078.7002,-1.0906,-2.2236,2.9119,20.3255,39.6974,73.5714,1854.217,17.3018
2026-03-06,5158.7002,1.5752,-1.6997,4.1993,21.8831,43.031,76.2694,1883.4247,19.1496
2026-03-09,5103.7002,-1.0662,-3.9141,4.3808,20.2852,39.7011,75.1381,1863.3444,17.8793
2026-03-10,5242.1001,2.7118,2.3108,5.2673,23.547,42.5491,80.7995,1913.8738,21.0758
2026-03-11,5179.1001,-1.2018,0.8647,1.9628,22.7944,40.6523,77.3118,1890.8727,19.6207
2026-03-12,5125.7998,-1.0291,0.9274,1.8843,20.9999,39.2124,73.9446,1871.4129,18.3897
2026-03-13,5061.7002,-1.2505,-1.8803,-0.7218,19.8121,37.7858,69.2141,1848.0103,16.9092
2026-03-16,5002.2002,-1.1755,-1.9888,1.0872,15.9796,35.6934,66.6789,1826.2871,15.5349
2026-03-17,5008.2002,0.1199,-4.462,-0.755,15.7083,34.6652,66.6012,1828.4777,15.6735
2026-03-18,4896.2002,-2.2363,-5.4623,-0.1977,12.9406,31.4381,61.0168,1787.5868,13.0867
2026-03-19,4605.7002,-5.9332,-10.1467,-8.0607,6.3107,23.8824,51.4435,1681.5262,6.377
2026-03-20,4574.8999,-0.6687,-9.6173,-8.4544,4.5954,24.3754,50.3022,1670.2811,5.6656
2026-03-23,4407.2998,-3.6635,-11.8928,-13.2575,0.9806,18.9298,45.8695,1609.0909,1.7946
2026-03-24,4402.0,-0.1203,-12.1042,-15.7609,0.3351,16.6062,45.9743,1607.1559,1.6722
2026-03-25,4552.2998,3.4144,-7.0238,-12.0549,1.8548,19.3044,50.4445,1662.0299,5.1437
2026-03-26,4376.2998,-3.8662,-4.9808,-16.2623,-2.8719,16.1408,44.7907,1597.7729,1.0786
2026-03-27,4492.5,2.6552,-1.8011,-13.5093,-0.2287,19.1297,46.7658,1640.1972,3.7625
2026-03-30,4526.0,0.7457,2.6933,-13.756,-0.5865,18.8238,46.6386,1652.4279,4.5362
2026-03-31,4647.6001,2.6867,5.5793,-12.5009,6.9988,20.5541,48.828,1696.8237,7.3448
2026-04-01,4813.1001,3.561,5.729,-6.062,9.7303,24.2668,52.9911,1757.2472,11.1673
2026-04-02,4679.7002,-2.7716,6.9328,-8.8613,7.7999,20.0693,47.8018,1708.5434,8.0862
2026-04-06,4684.7002,0.1068,4.2782,-7.7579,8.2017,21.1111,50.0689,1710.3689,8.2017
2026-04-07,4684.7002,0.0,3.5064,-9.1884,5.2387,19.847,54.3355,1710.3689,8.2017
2026-04-08,4777.2002,1.9745,2.7885,-6.3973,6.2521,20.1418,60.6538,1744.1403,10.3381
2026-04-09,4818.0,0.8541,0.1018,-8.0903,7.9664,20.3177,61.1263,1759.0362,11.2805
2026-04-10,4787.3999,-0.6351,2.3014,-7.5631,7.324,17.6121,55.4654,1747.8642,10.5737
2026-04-13,4767.3999,-0.4178,1.7653,-6.9921,5.921,20.007,50.0362,1740.5623,10.1118
2026-04-14,4850.1001,1.7347,3.5306,-4.1804,5.1011,21.2404,49.4822,1770.7558,12.0219
2026-04-15,4823.6001,-0.5464,0.9713,-3.5704,4.8814,16.7094,49.5087,1761.0808,11.4098
2026-04-16,4808.2998,-0.3172,-0.2013,-3.9915,3.7233,15.4897,48.386,1755.4947,11.0564
2026-04-17,4879.6001,1.4829,1.9259,-0.339,5.5345,16.1367,45.8164,1781.5262,12.7033
2026-04-20,4828.7998,-1.0411,1.2879,4.844,5.079,12.1777,45.0787,1762.9792,11.5299
2026-04-21,4719.6001,-2.2614,-2.6907,3.1629,-0.9694,12.0167,37.7865,1723.1107,9.0078
2026-04-22,4753.0,0.7077,-1.4636,7.8438,-1.7468,9.0288,39.001,1735.3049,9.7792
2026-04-23,4724.0,-0.6101,-1.7532,7.3149,-3.8548,14.9643,43.4079,1724.7171,9.1094
2026-04-24,4740.8999,0.3577,-2.8425,4.143,-4.7955,16.6158,41.5786,1730.8872,9.4997
2026-04-27,4693.7002,-0.9956,-2.7978,7.2527,-7.6498,13.2212,42.3023,1713.6547,8.4096
2026-04-28,4608.3999,-1.8173,-2.3561,2.5799,-9.3299,11.3732,37.6587,1682.5119,6.4394
2026-04-29,4561.5,-1.0177,-4.029,0.7844,-13.9924,13.4786,36.834,1665.3889,5.3562
2026-04-30,4629.6001,1.4929,-1.9983,-0.3873,-12.9513,16.2311,39.4836,1690.252,6.929
2026-05-01,4644.5,0.3218,-2.0334,-3.5029,-2.1201,16.0922,44.1407,1695.6919,7.2732
2026-05-04,4533.2998,-2.3942,-3.4174,-3.1284,-2.5642,12.8838,39.7743,1655.0931,4.7048
2026-05-05,4568.5,0.7765,-0.8658,-2.4804,-7.4265,14.3125,37.5102,1667.9445,5.5178
2026-05-06,4694.2998,2.7536,2.9113,0.2049,-5.181,16.9482,37.1479,1713.8736,8.4234
2026-05-07,4710.8999,0.3536,1.7561,-1.3878,-3.6527,18.9471,38.8868,1719.9343,8.8068
2026-05-08,4730.7002,0.4203,1.856,-1.812,-5.0022,18.4778,43.0944,1727.1633,9.2641
2026-05-11,4728.7002,-0.0423,4.3103,-1.2261,-6.9044,18.4841,41.4085,1726.4331,9.2179
2026-05-12,4686.7002,-0.8882,2.5873,-1.6927,-6.8436,16.8811,45.189,1711.0991,8.2479
2026-05-13,4706.7002,0.4267,0.2642,-2.9566,-7.6846,14.1849,44.9196,1718.401,8.7098
2026-05-14,4685.2998,-0.4547,-0.5434,-2.8672,-5.3169,13.8231,46.9529,1710.5878,8.2155
2026-05-15,4561.8999,-2.6338,-3.5682,-5.1245,-9.5991,8.2661,41.3841,1665.5349,5.3654
2026-05-18,4558.0,-0.0855,-3.6099,-6.5907,-7.0915,8.6661,43.0095,1664.111,5.2753
2026-05-19,4511.2002,-1.0268,-3.7446,-6.5772,-9.9471,10.1851,39.5145,1647.0246,4.1944
2026-05-20,4535.2998,0.5342,-3.6416,-3.905,-9.2468,11.3094,38.0777,1655.8233,4.751
2026-05-21,4542.5,0.1588,-3.0478,-4.4288,-10.5965,11.7054,37.0907,1658.452,4.9173
2026-05-22,4523.2002,-0.4249,-0.8483,-4.2506,-13.4415,10.7867,37.2747,1651.4057,4.4715
2026-05-26,4502.2998,-0.4621,-1.222,-5.0328,-13.0209,10.8941,33.7661,1643.7751,3.9888
2026-05-27,4448.3999,-1.1972,-1.3921,-5.2262,-14.8827,9.0428,34.7837,1624.0964,2.7439
2026-05-28,4499.2998,1.1442,-0.7938,-2.3674,-13.3784,9.8945,36.5535,1642.6798,3.9195
2026-05-29,4593.0,2.0826,1.1117,0.6906,-12.4793,10.942,38.4643,1676.8894,6.0837
2026-06-01,4506.2998,-1.8877,-0.3736,-2.6633,-15.1612,8.1893,37.0154,1645.2355,4.0812
2026-06-02,4519.8999,0.3018,0.3909,-2.6827,-11.7845,6.2281,33.0478,1650.2008,4.3953
2026-06-03,4466.8999,-1.1726,0.4159,-1.4647,-13.0056,4.4938,32.2703,1630.8507,3.1712
2026-06-04,4505.0,0.8529,0.1267,-1.39,-11.2962,6.7333,32.5312,1644.7609,4.0512
2026-06-05,4365.2998,-3.101,-4.9575,-7.0085,-15.3799,3.1376,29.3384,1593.7568,0.8245
2026-06-08,4363.3999,-0.0435,-3.1711,-7.3765,-14.5052,2.8376,30.3831,1593.0632,0.7807
2026-06-09,4286.3999,-1.7647,-5.166,-9.3919,-18.2312,1.0229,27.7654,1564.9507,-0.9978
2026-06-10,4133.2998,-3.5718,-7.4683,-12.5912,-20.1927,-2.0011,23.6256,1509.0544,-4.5339
2026-06-11,4114.0,-0.4669,-8.6792,-12.2197,-19.7394,-2.8847,23.0374,1502.0081,-4.9797
2026-06-12,4238.7998,3.0335,-2.8979,-9.9412,-16.2574,0.3337,24.5826,1547.5721,-2.0972
2026-06-15,4351.6001,2.6611,-0.2704,-7.1223,-13.0063,0.895,26.031,1588.7551,0.5081
2026-06-16,4354.3999,0.0643,1.5864,-4.5485,-13.0546,0.603,27.4222,1589.7773,0.5728
2026-06-17,4381.3999,0.6201,6.0025,-3.8745,-10.5143,1.0657,28.6037,1599.6349,1.1964
2026-06-18,4245.8999,-3.0926,3.2061,-5.8809,-7.8121,-1.9943,24.5826,1550.1643,-1.9332
2026-06-22,4202.7002,-1.0174,-0.8516,-7.3336,-8.1357,-3.9141,24.1309,1534.3922,-2.931
2026-06-23,4149.3999,-1.2682,-4.6466,-8.6538,-5.8517,-4.9284,22.2209,1514.9325,-4.1621
2026-06-24,4008.8,-3.3884,-7.9368,-11.3725,-8.9323,-8.6272,20.2436,1463.5999,-7.4095
2026-06-25,4047.6001,0.9679,-7.6186,-10.0993,-11.0867,-9.4375,21.0733,1477.7657,-6.5133
2026-06-26,4096.2998,1.2032,-3.5234,-7.9152,-6.3981,-9.0863,22.3507,1495.5458,-5.3885
2026-06-29,4038.8999,-1.4013,-3.8975,-10.2327,-10.0968,-10.3025,22.8525,1474.5893,-6.7143
2026-06-30,4038.5,-0.0099,-2.6727,-12.0727,-10.7711,-11.2944,22.0939,1474.4433,-6.7235
2026-07-01,4082.3999,1.087,1.836,-9.4068,-12.1611,-6.0134,21.87,1490.471,-5.7095
2026-07-02,4125.7002,1.0607,1.9295,-8.7214,-14.2819,-5.9412,22.7997,1506.2798,-4.7094
2026-07-06,4167.5,1.0132,1.7382,-6.7026,-10.9451,-3.999,24.6672,1521.5407,-3.744
2026-07-07,4157.3999,-0.2424,2.934,-7.7159,-11.2558,-3.9773,24.2313,1517.8532,-3.9773
2026-07-08,4082.3999,-1.804,1.087,-6.4807,-12.8568,-8.2916,22.1252,1490.471,-5.7095
2026-07-09,4140.7998,1.4305,1.4305,-5.1015,-13.3216,-7.9024,24.8395,1511.7926,-4.3607
2026-07-10,4113.7002,-0.6545,-0.2909,-4.029,-14.6181,-7.8162,23.8693,1501.8986,-4.9866
2026-07-13,4005.7,-2.6254,-3.8824,-3.0871,-16.3283,-10.2002,20.4468,1462.4681,-7.4811
2026-07-14,4069.7,1.5977,-2.1095,-1.0768,-14.6348,-9.5803,20.978,1485.8343,-6.0029
2026-07-15,4051.8,-0.4398,-0.7496,-4.4116,-16.4595,-12.198,20.6216,1479.2991,-6.4163
2026-07-16,3992.1001,-1.4734,-3.5911,-8.2613,-17.2382,-13.1982,19.6422,1457.5028,-7.7952
2026-07-17,4018.8,0.6688,-2.3069,-7.7071,-16.4195,-13.3076,19.6392,1467.2509,-7.1785
2026-07-20,4015.8999,-0.0722,0.2546,-8.3421,-17.7002,-13.1453,20.046,1466.192,-7.2455
2026-07-21,4076.3999,1.5065,0.1646,-3.9921,-15.5815,-11.2939,21.3828,1488.2804,-5.8481
2026-07-22,4151.8999,1.8521,2.4705,-1.2088,-12.0286,-12.8814,21.8853,1515.8452,-4.1043
2026-07-23,4050.2,-2.4495,1.4554,-2.3907,-14.7865,-16.2749,17.6119,1478.7149,-6.4533
2026-07-24,4070.8,0.5086,1.2939,1.5466,-13.8273,-17.149,19.814,1486.2359,-5.9775
2026-07-27,4077.0,0.1523,1.5215,0.7264,-14.0037,-18.1276,20.8537,1488.4995,-5.8343
2026-07-28,4038.7,-0.9394,-0.9248,-1.4061,-13.9549,-20.5371,21.0787,1474.5163,-6.7189
2026-07-29,4036.3,-0.0594,-2.7843,-0.0644,-12.4143,-20.5859,21.9426,1473.6401,-6.7743
2026-07-30,4100.1001,1.5807,1.232,1.5253,-10.1151,-22.6921,23.3484,1496.9333,-5.3007
2026-07-31,4107.0,0.1683,0.8893,0.6026,-11.2882,-22.7775,24.6131,1499.4524,-5.1414
2026-08-03,4090.5,-0.4018,0.3311,-0.8532,-11.9281,-13.7953,24.2105,1493.4283,-5.5225
2026-08-04,4152.6001,1.5182,2.8202,-0.3575,-8.3978,-10.7467,22.1425,1516.1008,-4.0881
2026-08-05,4305.2002,3.6748,6.662,3.5551,-5.7634,-12.7619,25.6479,1571.8146,-0.5636
2026-08-06,4299.6001,-0.1301,4.8657,5.3204,-8.4081,-13.1534,25.1812,1569.7701,-0.6929
2026-08-07,4399.7002,2.3281,7.1269,6.2524,-6.606,-10.0174,28.1441,1606.3163,1.6191
2026-08-10,4419.7002,0.4546,8.0479,7.4386,-6.5741,-11.2474,27.97,1613.6182,2.081
2026-08-11,4441.1001,0.4842,6.9475,10.8695,-6.082,-12.5664,27.2048,1621.4313,2.5753
2026-08-12,4467.5,0.5944,3.7699,9.7747,-4.6771,-11.2006,31.2157,1631.0698,3.185
2026-08-13,4420.3999,-1.0543,2.8096,9.0972,-6.0828,-13.3,30.05,1613.8737,2.0972
2026-08-14,4437.2998,0.3823,0.8546,11.152,-5.2932,-10.3286,30.191,1620.0438,2.4875
2026-08-17,4473.7002,0.8203,1.2218,11.3193,-1.9334,-11.3469,32.2328,1633.3334,3.3283
2026-08-18,4420.6001,-1.1869,-0.4616,10.0774,-3.0145,-9.8922,30.6865,1613.9468,2.1018
2026-08-19,4545.2998,2.8209,1.7415,11.5028,0.7559,-9.2664,34.5559,1659.4742,4.982
2026-08-20,4571.3999,0.5742,3.416,10.1038,0.796,-8.5244,36.1062,1669.0033,5.5848
2026-08-21,4680.6001,2.3888,5.4831,15.5647,3.0402,-7.8785,38.1319,1708.8719,8.107
2026-08-24,4697.7998,0.3675,5.0093,15.4024,3.8601,-10.1003,38.9224,1715.1515,8.5042
2026-08-25,4694.5,-0.0702,6.196,15.1459,4.2689,-9.3078,37.3263,1713.9467,8.428
2026-08-26,4653.2998,-0.8776,2.3761,15.2178,4.6061,-10.9621,36.1609,1698.9047,7.4764
2026-08-27,4664.0,0.2299,2.0256,15.5514,3.6606,-10.2075,35.8579,1702.8113,7.7236
2026-08-28,4529.8999,-2.8752,-3.2197,10.4827,-1.3738,-13.6817,31.3547,1653.8518,4.6263
2026-08-31,4481.5,-1.0685,-4.6043,9.1186,-0.5503,-15.6281,28.99,1636.1811,3.5084
2026-09-01,4396.3999,-1.8989,-6.35,7.4783,-2.7324,-14.1948,25.0363,1605.1114,1.5429
2026-09-02,4414.6001,0.414,-5.1297,6.3093,-1.1708,-14.0242,22.8941,1611.7562,1.9632
2026-09-03,4539.8999,2.8383,-2.6608,5.4515,0.7747,-10.609,24.8769,1657.5027,4.8573
2026-09-04,4476.6001,-1.3943,-1.1766,4.1167,2.5497,-13.2223,24.119,1634.3922,3.3952
2026-09-08,4439.0,-0.8399,-0.9483,0.8932,1.7326,-13.0239,21.5066,1620.6645,2.5268
2026-09-09,4460.7002,0.4889,1.4626,0.9277,4.0664,-14.9062,21.3004,1628.5872,3.028
2026-09-10,4407.2998,-1.1971,-0.1654,-0.7611,6.6291,-14.9022,19.692,1609.0909,1.7946
2026-09-11,4408.8999,0.0363,-2.8855,-1.3117,7.1682,-13.9861,19.742,1609.6751,1.8316
2026-09-14,4351.8999,-1.2928,-2.7856,-1.5496,2.6682,-14.023,18.4642,1588.8645,0.5151
2026-09-15,4332.7998,-0.4389,-2.3924,-2.355,-0.432,-13.3821,17.5347,1581.8912,0.0739
2026-09-16,4387.5,1.2625,-1.641,-1.9268,0.7602,-12.3937,17.9753,1601.862,1.3373
2026-09-17,4399.7002,0.2781,-0.1724,-0.4728,0.4177,-10.1405,18.1096,1606.3163,1.6191
2026-09-18,4426.0,0.5978,0.3879,-2.6247,4.2417,-3.9017,19.0489,1615.9183,2.2265
