date,value,pct_1d,pct_1w,pct_1m,pct_3m,pct_6m,pct_1y,normalized,pct_ytd
2000-01-03,18.0305,,,,,,,100.0,-88.5266
2000-01-04,17.5324,-2.7628,,,,,,97.2372,-88.8436
2000-01-05,17.4542,-0.4456,,,,,,96.8039,-88.8933
2000-01-06,17.6887,1.343,,,,,,98.1039,-88.7441
2000-01-07,18.3626,3.81,,,,,,101.8417,-88.3153
2000-01-10,18.3626,0.0,1.8417,,,,,101.8417,-88.3153
2000-01-11,18.1282,-1.2766,3.3983,,,,,100.5416,-88.4645
2000-01-12,17.9133,-1.1853,2.63,,,,,99.3499,-88.6012
2000-01-13,18.2552,1.9085,3.2027,,,,,101.2459,-88.3837
2000-01-14,18.1282,-0.6956,-1.2766,,,,,100.5416,-88.4645
2000-01-18,18.1086,-0.1078,-1.3829,,,,,100.4333,-88.4769
2000-01-19,18.0501,-0.3236,-0.431,,,,,100.1083,-88.5142
2000-01-20,17.9328,-0.6493,0.1091,,,,,99.4582,-88.5888
2000-01-21,17.7082,-1.2528,-2.9963,,,,,98.2123,-88.7317
2000-01-24,17.2003,-2.8682,-5.1185,,,,,95.3954,-89.0549
2000-01-25,17.1026,-0.5678,-5.5555,,,,,94.8537,-89.1171
2000-01-26,17.2394,0.7995,-4.4914,,,,,95.6121,-89.03
2000-01-27,17.337,0.5666,-3.3224,,,,,96.1538,-88.9679
2000-01-28,16.878,-2.6479,-4.6883,,,,,93.6078,-89.26
2000-01-31,16.9952,0.6945,-1.1925,,,,,94.2578,-89.1854
2000-02-01,16.878,-0.6897,-1.3135,,,,,93.6078,-89.26
2000-02-02,16.8877,0.0578,-2.0397,-6.3381,,,,93.6619,-89.2538
2000-02-03,16.878,-0.0578,-2.6479,-3.7326,,,,93.6078,-89.26
2000-02-04,16.9463,0.4051,0.4051,-2.9099,,,,93.9869,-89.2165
2000-02-07,16.6533,-1.7291,-2.0115,-5.8531,,,,92.3618,-89.403
2000-02-08,16.7217,0.4105,-0.9259,-8.9361,,,,92.741,-89.3595
2000-02-09,16.5459,-1.0514,-2.0243,-9.8935,,,,91.7659,-89.4713
2000-02-10,16.2626,-1.7119,-3.6458,-10.2909,,,,90.195,-89.6516
2000-02-11,15.9208,-2.1021,-6.0519,-11.1232,,,,88.299,-89.8691
2000-02-14,16.1747,1.5951,-2.8739,-11.3965,,,,89.7074,-89.7075
2000-02-15,16.458,1.7512,-1.5771,-9.2133,,,,91.2784,-89.5273
2000-02-16,16.4189,-0.2374,-0.7675,-9.3312,,,,91.0617,-89.5521
2000-02-17,16.4873,0.4165,1.3814,-8.658,,,,91.4409,-89.5086
2000-02-18,16.1259,-2.192,1.2883,-10.0763,,,,89.4366,-89.7386
2000-02-22,16.3896,1.6353,1.3284,-7.4462,,,,90.8992,-89.5708
2000-02-23,16.2626,-0.7747,-1.1869,-5.4514,,,,90.195,-89.6516
2000-02-24,16.1161,-0.9009,-1.8441,-5.7682,,,,89.3824,-89.7448
2000-02-25,15.8329,-1.7576,-3.9692,-8.1586,,,,87.8114,-89.925
2000-02-28,15.8817,0.3085,-1.5142,-8.3943,,,,88.0823,-89.894
2000-02-29,16.0575,1.107,-2.0261,-4.8611,,,,89.0574,-89.7821
2000-03-01,15.9696,-0.5475,-1.8018,-6.0345,,,,88.5698,-89.838
2000-03-02,16.0282,0.367,-0.5454,-5.0347,,,,88.8949,-89.8007
2000-03-03,16.4677,2.7422,4.0099,-2.487,,,,91.3325,-89.5211
2000-03-06,16.3994,-0.4151,3.2595,-2.8356,,,,90.9534,-89.5646
2000-03-07,15.745,-3.9905,-1.9465,-7.0893,,,,87.3239,-89.981
2000-03-08,15.911,1.0546,-0.367,-4.4575,,,,88.2448,-89.8753
2000-03-09,16.077,1.0435,0.3047,-3.8552,,,,89.1657,-89.7697
2000-03-10,16.1161,0.243,-2.1352,-2.5974,,,,89.3824,-89.7448
2000-03-13,15.8719,-1.5152,-3.2163,-2.4025,,,,88.0281,-89.9002
2000-03-14,15.784,-0.5538,0.2481,-0.8589,,,,87.5406,-89.9561
2000-03-15,16.4189,4.0223,3.1921,1.5096,,,,91.0617,-89.5521
2000-03-16,17.3077,5.4135,7.655,5.1632,,,,95.9913,-88.9865
2000-03-17,17.2847,-0.133,7.2511,5.2733,,,,95.8636,-89.0012
2000-03-20,17.3826,0.5663,9.5178,5.4303,,,,96.4064,-88.9389
2000-03-21,17.7545,2.1396,12.484,10.0994,,,,98.4691,-88.7022
2000-03-22,17.6762,-0.441,7.6577,7.8502,,,,98.0349,-88.7521
2000-03-23,18.0873,2.3256,4.5041,11.22,,,,100.3148,-88.4905
2000-03-24,18.195,0.5952,5.2662,12.8991,,,,100.9119,-88.422
2000-03-27,17.9698,-1.2372,3.3784,13.4971,,,,99.6634,-88.5652
2000-03-28,17.9209,-0.2724,0.9372,12.8399,,,,99.392,-88.5964
2000-03-29,18.146,1.2562,2.6578,13.0063,,,,100.6405,-88.4531
2000-03-30,18.2635,0.6472,0.974,14.3638,,,,101.2919,-88.3784
2000-03-31,18.2928,0.1608,0.5379,14.1289,,,,101.4547,-88.3597
2000-04-03,18.3711,0.428,2.2331,11.5583,1.889,,,101.889,-88.3099
2000-04-04,18.1656,-1.1188,1.3654,10.77,3.6116,,,100.7491,-88.4407
2000-04-05,18.0971,-0.3772,-0.2697,14.9388,3.6829,,,100.369,-88.4843
2000-04-06,18.2537,0.8653,-0.0536,14.7235,3.1942,,,101.2376,-88.3846
2000-04-07,18.5277,1.5014,1.2841,15.2433,0.8993,,,102.7575,-88.2102
2000-04-10,18.5571,0.1585,1.0122,15.1461,1.0592,,,102.9204,-88.1915
2000-04-11,18.7822,1.2131,3.3944,18.336,3.6078,,,104.1689,-88.0483
2000-04-12,18.4494,-1.7718,1.947,16.8867,2.9928,,,102.3232,-88.26
2000-04-13,18.4984,0.2652,1.3405,12.665,1.3321,,,102.5946,-88.2289
2000-04-14,17.2847,-6.5608,-6.7089,-0.133,-4.6528,,,95.8636,-89.0012
2000-04-17,17.7056,2.4349,-4.5886,2.4349,-2.2259,,,98.1977,-88.7334
2000-04-18,17.7741,0.387,-5.3674,2.2522,-1.5289,,,98.5777,-88.6898
2000-04-19,17.8426,0.3855,-3.2891,0.4962,-0.5032,,,98.9577,-88.6462
2000-04-20,17.9894,0.8228,-2.7513,1.7719,1.5881,,,99.7719,-88.5528
2000-04-24,18.009,0.1089,4.1903,-0.4329,4.7017,,,99.8805,-88.5403
2000-04-25,18.9486,5.2173,7.0204,4.1419,10.7934,,,105.0916,-87.9424
2000-04-26,18.6648,-1.4979,5.0111,3.8671,8.2683,,,103.5175,-88.123
2000-04-27,18.6843,0.1049,4.7175,4.26,7.7712,,,103.6261,-88.1106
2000-04-28,18.5571,-0.681,3.1556,2.2653,9.9485,,,102.9204,-88.1915
2000-05-01,18.9877,2.3207,5.4348,3.9657,11.7242,,,105.3088,-87.9175
2000-05-02,18.792,-1.0309,-0.8264,2.7287,11.3403,,,104.2232,-88.0421
2000-05-03,18.1656,-3.3333,-2.6744,-1.1188,7.5668,,,100.7491,-88.4407
2000-05-04,18.195,0.1617,-2.6192,0.1617,7.803,,,100.9119,-88.422
2000-05-05,18.5179,1.7751,-0.2109,2.3256,9.274,,,102.7033,-88.2164
2000-05-08,18.5081,-0.0529,-2.5258,1.3941,11.1378,,,102.649,-88.2227
2000-05-09,18.3613,-0.7933,-2.2917,-0.8981,9.8054,,,101.8347,-88.3161
2000-05-10,18.1754,-1.0128,0.0539,-2.057,9.8483,,,100.8033,-88.4344
2000-05-11,18.6256,2.4771,2.3668,-0.8338,14.53,,,103.3003,-88.1479
2000-05-12,18.8507,1.2086,1.797,2.1751,18.4033,,,104.5489,-88.0047
2000-05-15,19.1639,1.6614,3.5431,3.5979,18.4806,,,106.2859,-87.8054
2000-05-16,19.3401,0.9193,5.3306,11.8913,17.512,,,107.263,-87.6933
2000-05-17,19.2128,-0.6579,5.7081,8.513,17.0167,,,106.5573,-87.7743
2000-05-18,19.1248,-0.4585,2.68,7.5992,15.9971,,,106.0688,-87.8303
2000-05-19,18.5962,-2.7636,-1.35,4.2238,15.3192,,,103.1375,-88.1666
2000-05-22,18.2733,-1.7368,-4.6476,1.5779,11.493,,,101.3462,-88.3721
2000-05-23,18.195,-0.4285,-5.921,1.0326,11.882,,,100.9119,-88.422
2000-05-24,18.4592,1.4524,-3.9225,-2.5826,14.5389,,,102.3776,-88.2538
2000-05-25,18.1264,-1.8028,-5.2201,-2.8841,14.4862,,,100.5319,-88.4656
2000-05-26,18.0286,-0.54,-3.0526,-3.5097,13.5178,,,99.9891,-88.5279
2000-05-30,18.3516,1.7916,0.4285,-1.1076,14.2863,,,101.7805,-88.3223
2000-05-31,18.4788,0.6933,1.56,-2.6804,15.7122,,,102.4861,-88.2414
2000-06-01,18.6256,0.7945,0.9013,-0.8854,16.2051,,,103.3003,-88.1479
2000-06-02,18.7626,0.7357,3.5097,3.2866,13.9357,,,104.0603,-88.0607
2000-06-05,18.7333,-0.1565,3.9088,2.9586,14.2316,,,103.8975,-88.0794
2000-06-06,18.5962,-0.7315,1.3333,0.4228,18.1091,,,103.1375,-88.1666
2000-06-07,18.5081,-0.4737,0.1589,0.0,16.3229,,,102.649,-88.2227
2000-06-08,18.2145,-1.5865,-2.207,-0.7995,13.2952,,,101.0205,-88.4095
2000-06-09,18.283,0.3761,-2.5561,0.5924,13.4457,,,101.4004,-88.3659
2000-06-12,18.3026,0.1071,-2.2989,-1.7341,15.3143,,,101.509,-88.3535
2000-06-13,18.3809,0.4278,-1.1579,-2.4922,16.4526,,,101.9433,-88.3036
2000-06-14,18.3418,-0.213,-0.899,-4.2901,11.7113,,,101.7262,-88.3286
2000-06-15,18.5179,0.9605,1.6658,-4.251,6.9923,,,102.7033,-88.2164
2000-06-16,18.1933,-1.7529,-0.4906,-5.3064,5.2569,,,100.903,-88.423
2000-06-19,18.007,-1.0243,-1.6151,-5.8446,3.5922,,,99.8695,-88.5416
2000-06-20,17.448,-3.1046,-5.0757,-6.1748,-1.7266,,,96.769,-88.8973
2000-06-21,17.5166,0.3935,-4.4988,-4.1407,-0.9029,,,97.1497,-88.8536
2000-06-22,17.1341,-2.1836,-7.4729,-5.8304,-5.2699,,,95.0283,-89.097
2000-06-23,17.3204,1.0875,-4.7979,-6.1691,-4.8063,,,96.0618,-88.9784
2000-06-26,17.7324,2.3783,-1.5251,-2.1739,-1.3215,,,98.3464,-88.7163
2000-06-27,17.8108,0.4424,2.0798,-1.2076,-0.6141,,,98.7816,-88.6664
2000-06-28,18.0364,1.2665,2.9675,-1.7172,-0.604,,,100.0327,-88.5229
2000-06-29,17.7226,-1.7401,3.4344,-4.0924,-2.9616,,,98.292,-88.7226
2000-06-30,17.752,0.1661,2.4915,-4.6903,-2.9565,,,98.4552,-88.7038
2000-07-03,17.9874,1.3259,1.438,-4.1319,-2.0889,-0.2393,,99.7607,-88.5541
2000-07-05,17.8305,-0.8724,0.1101,-4.8193,-1.8449,1.7001,,98.8904,-88.6539
2000-07-06,17.7814,-0.275,-1.4138,-4.3816,-1.7442,1.8744,,98.6184,-88.6851
2000-07-07,17.8697,0.4964,0.8301,-3.4496,-2.1036,1.0234,,99.1079,-88.629
2000-07-10,17.8893,0.1098,0.7735,-1.7855,-3.4458,-2.5775,,99.2167,-88.6165
2000-07-11,18.2326,1.9189,1.3632,-0.276,-1.7487,-0.7081,,101.1206,-88.398
2000-07-12,18.3012,0.3765,2.6402,-0.0076,-2.5608,0.9545,,101.5013,-88.3544
2000-07-13,18.4483,0.8039,3.7507,0.3668,-0.0059,2.9868,,102.3173,-88.2607
2000-07-14,18.6347,1.0101,4.281,1.597,0.737,2.0789,,103.3507,-88.1422
2000-07-17,18.7426,0.579,4.7698,1.2131,8.4344,3.3892,,103.9491,-88.0735
2000-07-18,18.7916,0.2616,3.0662,3.2884,6.1339,3.7715,,104.2211,-88.0423
2000-07-19,18.6347,-0.8351,1.8221,3.4858,4.8419,3.2389,,103.3507,-88.1422
2000-07-20,18.8603,1.2106,2.2329,8.0944,5.7036,5.1716,,104.6019,-87.9986
2000-07-21,18.8308,-0.156,1.0527,7.5028,4.6774,6.3398,,104.4387,-88.0173
2000-07-24,18.6935,-0.7292,-0.2616,9.1013,3.8011,8.6815,,103.6772,-88.1047
2000-07-25,18.7328,0.2098,-0.3132,8.154,-1.1389,9.5315,,103.8947,-88.0797
2000-07-26,18.4974,-1.2565,-0.7368,4.3141,-0.8967,7.2974,,102.5893,-88.2295
2000-07-27,18.3699,-0.6893,-2.6001,3.1388,-1.683,5.9574,,101.8821,-88.3107
2000-07-28,17.752,-3.3636,-5.7292,-1.5769,-4.3384,5.1785,,98.4552,-88.7038
2000-07-31,18.0266,1.5469,-3.5677,1.7155,-5.0618,6.0689,,99.9783,-88.5291
2000-08-01,18.1639,0.7617,-3.0367,2.3204,-3.3422,7.619,,100.7398,-88.4417
2000-08-02,18.0855,-0.4319,-2.227,0.5453,-0.4411,7.0922,,100.3046,-88.4917
2000-08-03,18.1149,0.1627,-1.3882,1.5951,-0.4401,7.3285,,100.4678,-88.4729
2000-08-04,18.3405,1.2453,3.3149,3.144,-0.9584,8.2266,,101.7189,-88.3294
2000-08-07,18.8799,2.9411,4.7334,5.6531,2.0084,13.37,,104.7106,-87.9861
2000-08-08,19.0466,0.8832,4.8597,6.4693,3.7322,13.9036,,105.6354,-87.88
2000-08-09,19.2133,0.8754,6.2365,5.3792,5.7109,16.1216,,106.5601,-87.7739
2000-08-10,19.1643,-0.2553,5.7932,4.716,2.8923,17.8426,,106.2881,-87.8051
2000-08-11,19.3801,1.1259,5.6684,5.0505,2.8082,21.7282,,107.4848,-87.6678
2000-08-14,19.5762,1.0121,3.6883,5.0526,2.1515,21.0297,,108.5727,-87.543
2000-08-15,19.331,-1.2524,1.4933,3.1397,-0.0468,17.457,,107.2129,-87.699
2000-08-16,19.2428,-0.4566,0.1531,2.4008,0.1558,17.1989,,106.7233,-87.7552
2000-08-17,19.3408,0.5097,0.9212,3.7895,1.1298,17.3077,,107.2672,-87.6928
2000-08-18,19.282,-0.3042,-0.5061,2.2361,3.6877,19.5718,,106.9409,-87.7302
2000-08-21,19.5566,1.4242,-0.1001,3.8542,7.0232,19.3234,,108.4639,-87.5555
2000-08-22,19.5174,-0.2006,0.9639,4.4071,7.2681,20.0137,,108.2463,-87.5805
2000-08-23,19.4193,-0.5025,0.9174,3.6649,5.2011,20.4962,,107.7024,-87.6429
2000-08-24,19.6253,1.0606,1.4706,6.0975,8.2687,23.9527,,108.8447,-87.5118
2000-08-25,19.7135,0.4498,2.238,7.3144,9.3462,24.1273,,109.3342,-87.4556
2000-08-28,19.9783,1.3433,2.1565,12.5414,8.8646,24.4174,,110.8029,-87.2871
2000-08-29,19.8508,-0.6382,1.7085,10.1197,7.4251,24.3039,,110.0958,-87.3683
2000-08-30,19.6645,-0.9388,1.2626,8.2614,5.5778,22.6868,,109.0622,-87.4869
2000-08-31,19.8116,0.7482,0.9496,9.5445,5.5909,20.3057,,109.8782,-87.3932
2000-09-01,19.9882,0.8911,1.3931,10.3411,6.6988,21.8837,,110.8573,-87.2809
2000-09-05,19.9882,0.0,0.0491,8.984,7.485,26.9495,,110.8573,-87.2809
2000-09-06,20.0862,0.4907,1.1858,6.3896,8.5264,26.2411,,111.4012,-87.2185
2000-09-07,19.9685,-0.5859,1.5461,4.8404,9.6298,24.2053,,110.7485,-87.2934
2000-09-08,19.7332,-1.1788,-0.3961,2.7054,7.9315,22.4436,,109.443,-87.4432
2000-09-11,19.6351,-0.497,-1.7664,2.4565,7.2802,23.7095,,108.8991,-87.5056
2000-09-12,19.5762,-0.2998,-2.0609,1.0121,6.503,24.0255,,108.5727,-87.543
2000-09-13,19.6351,0.3007,-2.2461,0.3007,7.0512,19.5883,,108.8991,-87.5056
2000-09-14,19.6155,-0.0999,-1.7681,1.4713,5.9269,13.3336,,108.7903,-87.5181
2000-09-15,19.1182,-2.5349,-3.1162,-0.6472,5.0837,10.6078,,106.0326,-87.8345
2000-09-18,18.9019,-1.1317,-3.7342,-2.2697,4.9696,8.7403,,104.8326,-87.9721
2000-09-19,18.6855,-1.1447,-4.55,-3.0935,7.0928,5.2438,,103.6326,-88.1098
2000-09-20,18.7839,0.5263,-4.3352,-3.9514,7.2345,6.2663,,104.1781,-88.0472
2000-09-21,18.8429,0.3142,-3.9387,-3.4559,9.9729,4.1774,,104.5054,-88.0097
2000-09-22,18.7052,-0.7308,-2.1605,-3.6774,7.9948,2.8042,,103.7417,-88.0973
2000-09-25,19.2559,2.9443,1.8731,-1.882,8.5918,7.1568,,106.7962,-87.7468
2000-09-26,19.2756,0.1021,3.1579,-2.2216,8.2239,7.5592,,106.9053,-87.7343
2000-09-27,19.1182,-0.8163,1.7802,-4.3052,5.998,5.3578,,106.0326,-87.8345
2000-09-28,19.3739,1.3374,2.8183,-2.4025,9.3178,6.0803,,107.4507,-87.6718
2000-09-29,19.2362,-0.7106,2.8391,-2.1778,8.361,5.1573,,106.6871,-87.7594
2000-10-02,19.0396,-1.0225,-1.1236,-3.897,5.8496,3.6385,,105.5962,-87.8845
2000-10-03,19.4133,1.9628,0.7143,-2.8762,8.877,6.8683,,107.6688,-87.6467
2000-10-04,19.5509,0.7092,2.2633,-2.1874,9.9515,8.0337,,108.4324,-87.5591
2000-10-05,19.5706,0.1006,1.0152,-2.567,9.5185,7.2147,,108.5416,-87.5466
2000-10-06,19.0396,-2.7136,-1.0225,-4.6522,6.4299,2.7625,,105.5962,-87.8845
2000-10-09,19.1576,0.6198,0.6198,-2.9168,5.0733,3.2359,,106.2507,-87.8094
2000-10-10,18.9019,-1.3347,-2.6342,-3.7342,3.282,0.6371,,104.8326,-87.9721
2000-10-11,18.5675,-1.769,-5.0301,-5.1528,0.6459,0.64,,102.9781,-88.1849
2000-10-12,18.1446,-2.2776,-7.2865,-7.5909,-2.6299,-1.9123,,100.6327,-88.454
2000-10-13,18.7052,3.0895,-1.7562,-4.6407,-0.1995,8.2181,,103.7417,-88.0973
2000-10-16,18.9609,1.367,-1.0267,-0.823,0.9008,7.0899,,105.1599,-87.9346
2000-10-17,18.4495,-2.6971,-2.3934,-2.3934,-0.9938,3.7999,,102.3236,-88.26
2000-10-18,18.1151,-1.8124,-2.4365,-3.0526,-3.9509,1.5273,,100.4691,-88.4728
2000-10-19,18.4298,1.7373,1.5719,-1.8848,-2.1296,2.4482,,102.2145,-88.2725
2000-10-20,18.5282,0.5336,-0.9464,-1.6702,-0.8847,2.8829,,102.76,-88.2099
2000-10-23,18.7445,1.1677,-1.1411,0.2103,0.0628,-1.0769,,103.9599,-88.0723
2000-10-24,19.0396,1.574,3.1983,-1.1236,2.9311,2.0081,,105.5962,-87.8845
2000-10-25,18.6855,-1.8595,3.1488,-3.0612,1.7182,0.0063,,103.6326,-88.1098
2000-10-26,18.7839,0.5263,1.921,-1.749,5.8126,1.222,,104.1781,-88.0472
2000-10-27,18.774,-0.0524,1.3269,-3.0965,4.1462,-1.1255,,104.1235,-88.0535
2000-10-30,18.9805,1.1,1.2591,-1.3293,4.4959,1.0034,,105.2689,-87.9221
2000-10-31,19.669,3.627,3.3058,3.3058,8.7557,8.276,,109.087,-87.484
2000-11-01,19.6886,0.1,5.3685,1.4185,8.6877,8.2093,,109.1961,-87.4715
2000-11-02,19.6493,-0.1999,4.6073,0.503,7.1363,6.1095,,108.9779,-87.4965
2000-11-03,19.4919,-0.8008,3.824,-0.402,3.2419,5.3154,,108.1052,-87.5967
2000-11-06,19.669,0.9082,3.627,3.3058,3.2675,7.1217,,109.087,-87.484
2000-11-07,19.7476,0.4,0.4,3.0801,2.7808,8.6506,,109.5234,-87.4339
2000-11-08,19.6198,-0.6475,-0.3497,3.7981,2.3767,5.3378,,108.8143,-87.5153
2000-11-09,19.7476,0.6517,0.5006,6.3559,1.8966,4.7581,,109.5234,-87.4339
2000-11-10,19.2953,-2.2908,-1.009,6.3416,-1.4352,0.6854,,107.0144,-87.7218
2000-11-13,18.9412,-1.8349,-3.7,1.2618,-2.0166,-2.0624,,105.0508,-87.9471
2000-11-14,19.3149,1.973,-2.1913,1.8672,0.3749,0.5313,,107.1234,-87.7093
2000-11-15,19.3543,0.2037,-1.3534,4.904,0.0693,1.2,,107.3416,-87.6843
2000-11-16,19.4526,0.5081,-1.494,7.3833,0.8848,4.6051,,107.887,-87.6217
2000-11-17,19.3739,-0.4045,0.4077,5.1227,-0.9342,6.0234,,107.4507,-87.6718
2000-11-20,19.0986,-1.4213,0.8307,3.0786,-2.1459,4.9663,,105.9235,-87.847
2000-11-21,19.3346,1.2359,0.1019,3.148,-0.4362,4.7422,,107.2325,-87.6968
2000-11-22,19.0199,-1.6276,-1.7276,-0.1033,-3.0846,4.929,,105.4872,-87.897
2000-11-24,19.3346,1.6546,-0.6067,3.4737,-1.9223,7.2443,,107.2325,-87.6968
2000-11-27,19.3739,0.2034,0.0,3.1414,-3.0254,5.571,,107.4507,-87.6718
2000-11-28,19.1281,-1.2691,0.1544,1.8858,-3.6411,3.5136,,106.0871,-87.8282
2000-11-29,19.2854,0.8227,-0.2543,1.6063,-1.9277,3.5426,,106.9598,-87.7281
2000-11-30,19.0002,-1.4789,-0.1035,-3.4,-4.0956,1.2663,,105.378,-87.9096
2000-12-01,19.1674,0.8799,-0.8647,-2.6474,-4.1062,2.3175,,106.3053,-87.8032
2000-12-04,19.6886,2.7194,1.6244,0.2003,-1.4985,5.8743,,109.1961,-87.4715
2000-12-05,20.4065,3.6463,6.6838,4.6923,1.5947,10.2571,,113.1778,-87.0147
2000-12-06,20.0033,-1.9759,3.7226,1.7,0.1743,9.8208,,110.9415,-87.2712
2000-12-07,19.9443,-0.295,4.969,0.996,1.0702,9.0865,,110.6142,-87.3088
2000-12-08,20.2885,1.7258,5.8492,3.4086,3.328,10.8505,,112.5233,-87.0898
2000-12-11,20.5147,1.1148,4.1957,3.8844,4.794,11.6088,,113.7777,-86.9458
2000-12-12,20.2098,-1.4861,-0.9639,4.74,2.9272,10.1849,,112.0868,-87.1398
2000-12-13,19.8558,-1.7517,-0.7374,4.8287,1.2253,7.2248,,110.1233,-87.3651
2000-12-14,19.4329,-2.1298,-2.5641,0.611,1.6461,6.8134,,107.778,-87.6342
2000-12-15,19.1188,-1.6164,-5.7654,-1.2165,1.1477,6.1744,,106.0358,-87.8341
2000-12-18,19.4743,1.8595,-5.0714,0.1117,4.2216,11.6139,,108.0076,-87.6079
2000-12-19,19.1386,-1.7241,-5.3007,-1.2148,1.8884,9.2596,,106.1454,-87.8215
2000-12-20,18.5065,-3.3024,-6.7954,-3.0998,-1.7849,8.0099,,102.6401,-88.2237
2000-12-21,18.6152,0.587,-4.2081,-3.7209,-0.4812,7.4751,,103.2425,-88.1546
2000-12-22,19.0596,2.3873,-0.3099,0.2086,-1.0197,7.4845,,105.7072,-87.8718
2000-12-26,19.2768,1.1399,-1.0143,-0.2988,0.0064,8.2308,,106.9121,-87.7335
2000-12-27,19.5928,1.6394,2.3736,1.1299,2.4825,8.6293,,108.6648,-87.5325
2000-12-28,19.8792,1.4617,7.4173,3.9271,2.6082,12.169,,110.2532,-87.3502
2000-12-29,19.7509,-0.6458,6.1009,2.4134,2.6752,11.2599,,109.5412,-87.4319
2001-01-02,18.8719,-4.4501,-0.9845,-0.6752,-0.8804,4.9176,4.6665,104.6665,-87.9912
2001-01-03,19.6916,4.3433,2.1517,2.7348,1.4337,10.4379,12.3155,109.2125,-87.4696
2001-01-04,19.8496,0.8024,1.3104,0.8175,1.5276,11.6311,13.7235,110.0888,-87.3691
2001-01-05,19.2768,-2.8856,-3.0303,-5.5361,-1.5012,7.8744,8.9784,106.9121,-87.7335
2001-01-08,19.1188,-0.8197,-3.2001,-4.4219,0.4163,6.8729,4.1183,106.0358,-87.8341
2001-01-09,19.1781,0.31,1.6222,-3.842,0.107,5.1858,4.441,106.3645,-87.7964
2001-01-10,19.3558,0.9268,-1.7051,-4.5972,2.4016,5.7625,6.772,107.3503,-87.6833
2001-01-11,19.5928,1.2245,-1.2935,-4.4937,5.5222,6.2038,9.3759,108.6648,-87.5325
2001-01-12,19.5336,-0.3024,1.332,-3.3462,7.655,4.8238,7.003,108.3362,-87.5702
2001-01-16,19.7212,0.9605,3.1508,-0.6779,5.4318,5.2214,8.7876,109.3768,-87.4508
2001-01-17,19.6916,-0.1502,2.6776,1.331,3.8537,4.7892,8.7414,109.2125,-87.4696
2001-01-18,19.82,0.6519,2.3979,3.6673,7.4283,6.3607,9.8056,109.9245,-87.3879
2001-01-19,19.6126,-1.0463,0.1008,0.7099,8.2665,3.989,9.3669,108.7744,-87.5199
2001-01-22,19.5731,-0.2014,0.2022,2.2704,6.2033,3.9416,10.5313,108.5553,-87.545
2001-01-23,19.8298,1.3118,0.5508,7.1504,7.0254,6.0786,15.2878,109.9793,-87.3816
2001-01-24,19.7212,-0.5478,0.1504,5.9416,5.2105,5.2766,15.311,109.3768,-87.4508
2001-01-25,19.7113,-0.05,-0.5481,3.4197,3.5284,6.5629,14.3392,109.3221,-87.457
2001-01-26,19.3855,-1.6533,-1.1581,0.5636,3.7459,5.5285,11.8153,107.5147,-87.6644
2001-01-29,19.4664,0.4177,-0.5449,-0.6452,3.6339,9.6577,15.3363,107.9637,-87.6129
2001-01-30,19.7824,1.6234,-0.239,-0.4869,5.3714,9.7403,16.4003,109.7164,-87.4118
2001-01-31,19.8267,0.2236,0.5348,0.3839,4.458,9.1543,17.4708,109.9618,-87.3836
2001-02-01,19.5676,-1.307,-0.7295,3.686,-0.5156,8.195,15.8684,108.5246,-87.5485
2001-02-02,19.5044,-0.323,0.6133,-0.9508,-0.936,7.6704,15.561,108.1741,-87.5888
2001-02-05,19.5992,0.486,0.6818,-1.2617,-0.2551,6.8629,15.6542,108.6998,-87.5284
2001-02-06,19.694,0.4837,-0.4473,2.164,1.0364,4.3119,18.2584,109.2256,-87.4681
2001-02-07,19.5233,-0.8665,-1.5301,2.1157,-0.7405,2.5028,16.7544,108.2792,-87.5767
2001-02-08,19.498,-0.1295,-0.3553,1.6683,-1.264,1.4817,17.8422,108.139,-87.5928
2001-02-09,19.0367,-2.3663,-2.3979,-1.649,-2.9722,-0.6661,17.0577,105.5801,-87.8864
2001-02-12,19.2579,1.162,-1.7414,-1.7097,-2.4802,-0.6306,20.9606,106.807,-87.7456
2001-02-13,19.4601,1.0502,-1.1874,-0.3761,0.8544,-0.5931,20.3118,107.9287,-87.6169
2001-02-14,19.2579,-1.0393,-1.3597,-2.3495,1.6718,-0.3786,17.0123,106.807,-87.7456
2001-02-15,19.5865,1.7066,0.4538,-0.5336,1.4061,1.7863,19.2925,108.6297,-87.5365
2001-02-16,19.0114,-2.9364,-0.1328,-4.0797,-1.7716,-1.7035,15.3093,105.4399,-87.9025
2001-02-20,19.0809,0.3657,-0.919,-2.711,-1.9109,-1.043,18.3246,105.8255,-87.8582
2001-02-21,18.847,-1.2256,-3.1504,-3.7094,-2.7195,-3.6283,14.9939,104.5285,-88.007
2001-02-22,18.6701,-0.9389,-3.0522,-5.8486,-2.2435,-4.3413,14.8036,103.5471,-88.1196
2001-02-23,18.6448,-0.1354,-4.808,-5.4582,-3.5677,-3.9883,15.6904,103.4068,-88.1357
2001-02-26,19.0177,2.0,0.0332,-3.5191,-0.0116,-3.0959,20.1153,105.4749,-87.8984
2001-02-27,18.9734,-0.2326,-0.5631,-2.1253,-1.8679,-3.7542,19.4673,105.2296,-87.9266
2001-02-28,18.6385,-1.7655,-1.1066,-4.2532,-3.7961,-6.7066,16.0732,103.3718,-88.1397
2001-03-01,18.5057,-0.7121,-0.8802,-6.4537,-3.2534,-6.776,15.881,102.6357,-88.2242
2001-03-02,18.6132,0.5806,-0.1695,-6.1205,-3.4857,-5.3462,16.1277,103.2316,-88.1558
2001-03-05,18.847,1.2564,-0.8973,-3.6822,-0.8062,-4.8687,14.4483,104.5285,-88.007
2001-03-06,19.1188,1.442,0.7662,-1.9767,-0.2535,-4.3493,16.5826,106.0358,-87.8341
2001-03-07,19.3464,1.1901,3.7979,-1.2899,-1.7385,-3.2109,22.8733,107.2978,-87.6893
2001-03-08,19.4664,0.6207,5.1913,-1.1553,-4.6069,-3.0857,22.3457,107.9637,-87.6129
2001-03-09,19.0556,-2.1104,2.3769,-2.3956,-4.7378,-4.5718,18.5269,105.6853,-87.8743
2001-03-12,18.0128,-5.4727,-4.4266,-7.6175,-9.6848,-8.7182,11.7687,99.9015,-88.5379
2001-03-13,18.0381,0.1404,-5.6529,-5.2457,-11.0924,-8.1335,13.6476,100.0418,-88.5218
2001-03-14,17.6588,-2.1023,-8.7227,-8.3032,-13.9211,-9.7945,11.8779,97.9385,-88.7631
2001-03-15,17.5767,-0.4653,-9.7078,-9.6785,-13.0292,-10.4833,7.0514,97.4828,-88.8154
2001-03-16,17.1197,-2.6,-10.1594,-11.1029,-13.7801,-12.7236,-1.0866,94.9483,-89.1062
2001-03-19,17.4619,1.9993,-3.058,-10.8471,-10.1425,-8.6634,1.0254,96.8466,-88.8884
2001-03-20,17.107,-2.0326,-5.1616,-10.017,-10.5227,-9.4957,-1.5854,94.878,-89.1143
2001-03-21,16.6633,-2.5936,-5.6375,-12.6701,-14.4345,-10.8222,-6.1459,92.4173,-89.3966
2001-03-22,16.2133,-2.7006,-7.7566,-13.9742,-15.2846,-13.6848,-8.2761,89.9215,-89.683
2001-03-23,16.5366,1.9937,-3.4061,-11.4275,-10.6448,-12.2397,-8.5736,91.7142,-89.4773
2001-03-26,16.8345,1.8014,-3.5935,-9.7096,-9.5659,-10.0011,-7.4773,93.3664,-89.2877
2001-03-27,17.107,1.619,0.0,-10.0469,-10.2445,-11.1597,-4.8016,94.878,-89.1143
2001-03-28,16.7964,-1.8155,0.7988,-11.474,-12.8672,-12.8616,-6.2746,93.1555,-89.3119
2001-03-29,16.7964,0.0,3.5965,-9.883,-14.2726,-12.1445,-7.4374,93.1555,-89.3119
2001-03-30,16.8535,0.3396,1.9165,-8.9284,-15.2207,-13.0095,-7.7203,93.4719,-89.2756
2001-04-02,16.733,-0.7146,-0.6024,-10.1012,-15.2794,-13.0129,-8.5267,92.804,-89.3522
2001-04-03,16.0358,-4.1666,-6.2616,-14.9159,-15.0281,-15.7762,-12.7117,88.9372,-89.7959
2001-04-04,16.1119,0.4742,-4.0755,-15.7276,-18.1788,-17.0058,-11.3054,89.3589,-89.7475
2001-04-05,17.05,5.8222,1.5094,-11.8699,-14.1042,-12.7921,-5.7861,94.5616,-89.1506
2001-04-06,16.7077,-2.0074,-0.865,-14.1718,-13.3275,-14.6287,-8.4694,92.6634,-89.3684
2001-04-09,17.0056,1.7829,1.6287,-10.7582,-11.0532,-10.6829,-8.2155,94.3155,-89.1788
2001-04-10,17.5063,2.9445,9.17,-2.8116,-8.717,-8.6193,-5.6623,97.0927,-88.8602
2001-04-11,17.3098,-1.1224,7.4351,-4.0372,-10.5705,-8.4227,-7.8392,96.0029,-88.9852
2001-04-12,17.6521,1.9774,3.5317,-0.0381,-9.9053,-4.9301,-4.3216,97.9012,-88.7674
2001-04-16,17.6204,-0.1796,5.4628,0.2488,-9.7943,-2.8891,-4.7461,97.7254,-88.7876
2001-04-17,17.8423,1.2591,4.92,4.2208,-9.5276,-4.6133,3.2257,98.9558,-88.6464
2001-04-18,18.6092,4.2983,6.2997,6.5699,-5.4968,-1.8549,5.1035,103.2093,-88.1584
2001-04-19,18.6726,0.3406,7.8726,9.1515,-5.7892,1.2091,5.055,103.5608,-88.1181
2001-04-20,18.6218,-0.2716,5.4936,11.7535,-5.0516,2.7973,4.3673,103.2795,-88.1503
2001-04-23,18.3366,-1.5316,4.0648,13.0961,-6.3171,-0.5056,1.9302,101.6977,-88.3318
2001-04-24,18.1528,-1.0025,1.7405,9.7738,-8.4571,-2.0259,0.7986,100.6782,-88.4488
2001-04-25,18.5775,2.3394,-0.1703,10.3539,-5.7995,-0.8911,-1.9584,103.0335,-88.1786
2001-04-26,18.8373,1.3988,0.8826,10.1148,-4.434,-1.062,0.9247,104.4748,-88.0132
2001-04-27,18.9768,0.7402,1.9061,12.9811,-2.1081,1.5589,1.5653,105.2481,-87.9245
2001-04-30,18.7803,-1.0354,2.4196,11.8113,-3.5247,-0.0189,1.2029,104.1584,-88.0495
2001-05-01,18.9514,0.9113,4.3995,12.4483,-4.2007,0.9451,-0.1911,105.1075,-87.9406
2001-05-02,18.9578,0.0334,2.047,13.2954,-4.3826,-0.12,0.8822,105.1426,-87.9366
2001-05-03,18.6789,-1.471,-0.8412,16.4822,-4.5415,-5.0336,2.8257,103.596,-88.114
2001-05-04,18.9641,1.527,-0.0667,17.7027,-2.7698,-3.6798,4.2274,105.1779,-87.9325
2001-05-07,19.0338,0.3676,1.35,11.6357,-2.8844,-3.1322,2.7859,105.5645,-87.8882
2001-05-08,19.0655,0.1665,0.602,14.1123,-3.191,-2.1876,3.0116,105.7403,-87.868
2001-05-09,18.9578,-0.5652,0.0,11.4797,-2.8967,-3.6158,3.2484,105.1426,-87.9366
2001-05-10,19.1669,1.1033,2.6128,9.4858,-1.6981,-2.9406,5.4556,106.3027,-87.8035
2001-05-11,19.0719,-0.496,0.5682,10.1795,0.185,-2.7926,2.396,105.7755,-87.864
2001-05-14,19.1606,0.4653,0.6661,8.5458,-0.505,-2.9727,1.644,106.2676,-87.8075
2001-05-15,19.2367,0.3969,0.8976,9.1727,-1.1482,-0.3037,0.3797,106.6894,-87.7591
2001-05-16,19.8578,3.229,4.7476,11.2965,3.1154,4.8392,2.6769,110.1344,-87.3638
2001-05-17,20.1874,1.6598,5.3241,8.4809,3.0679,4.5172,5.0724,111.9624,-87.1541
2001-05-18,20.2508,0.314,6.1814,8.4522,6.5194,4.6322,5.8878,112.3139,-87.1138
2001-05-21,20.4473,0.9703,6.7152,9.8026,7.161,5.1133,9.9539,113.4036,-86.9887
2001-05-22,20.3839,-0.31,5.9638,11.1649,8.1543,5.213,11.5504,113.0521,-87.0291
2001-05-23,20.0733,-1.5236,1.0853,10.5797,7.516,5.1039,10.3236,111.3297,-87.2267
2001-05-24,20.048,-0.1264,-0.6908,7.9154,7.5258,3.6896,8.6068,111.189,-87.2428
2001-05-25,19.7501,-1.4859,-2.4726,4.8452,3.851,3.8389,8.9572,109.5368,-87.4324
2001-05-29,19.6994,-0.2567,-3.6578,3.8076,3.8259,1.8866,9.2675,109.2556,-87.4647
2001-05-30,19.3,-2.027,-5.3172,2.7674,3.5495,-0.3814,5.1684,107.0409,-87.7188
2001-05-31,19.5663,1.3794,-2.5261,3.2442,5.7307,2.2909,5.885,108.5174,-87.5494
2001-06-01,19.5092,-0.2916,-2.6873,2.9088,4.8139,1.1604,4.7441,108.201,-87.5857
2001-06-04,19.636,0.6497,-0.5776,5.1238,4.186,3.3461,4.6547,108.904,-87.505
2001-06-05,19.8451,1.0652,0.74,4.6457,3.799,3.5359,5.9353,110.0641,-87.3719
2001-06-06,19.617,-1.1497,1.6421,3.0637,1.3988,-0.364,5.489,108.7987,-87.5171
2001-06-07,19.7057,0.4523,0.7126,3.3577,1.2291,-3.4345,6.4704,109.2907,-87.4606
2001-06-08,19.4648,-1.2223,-0.2275,2.6747,2.1475,-2.692,6.8644,107.9549,-87.6139
2001-06-11,19.1289,-1.7259,-2.5824,-0.1984,6.1964,-4.0885,4.6265,106.0918,-87.8277
2001-06-12,19.2557,0.6627,-2.9703,0.9637,6.7503,-5.0909,5.2073,106.7949,-87.747
2001-06-13,19.186,-0.362,-2.1971,0.1323,8.648,-6.4771,4.3798,106.4082,-87.7914
2001-06-14,19.0592,-0.6608,-3.2808,-0.9226,8.4346,-5.6936,3.9114,105.7051,-87.872
2001-06-15,18.9607,-0.5166,-2.5898,-4.5175,10.7541,-4.5079,2.3912,105.1591,-87.9347
2001-06-18,18.9353,-0.134,-1.0119,-6.2023,8.4377,-2.5606,4.0783,105.0182,-87.9508
2001-06-19,18.7384,-1.0399,-2.6863,-7.4682,9.5365,-1.9897,4.0619,103.9261,-88.0761
2001-06-20,18.821,0.4407,-1.9022,-7.9535,12.9487,-3.3549,7.8694,104.3841,-88.0236
2001-06-21,18.9036,0.4387,-0.8165,-7.2622,16.5929,-1.2279,7.918,104.842,-87.9711
2001-06-22,18.7384,-0.8737,-1.1725,-6.6502,13.3151,1.2529,9.3632,103.9261,-88.0761
2001-06-25,18.4907,-1.322,-2.3482,-7.7677,9.8384,-0.6687,6.7564,102.5521,-88.2338
2001-06-26,18.5415,0.2748,-1.0508,-6.1192,8.3854,-2.7181,4.563,102.834,-88.2014
2001-06-27,18.5034,-0.2056,-1.6875,-6.0711,10.1627,-4.0122,3.8884,102.6226,-88.2257
2001-06-28,18.5669,0.3433,-1.781,-3.7986,10.5408,-5.2363,2.9412,102.9748,-88.1853
2001-06-29,18.3573,-1.1289,-2.0339,-6.1788,8.9229,-7.6559,3.5815,101.8123,-88.3187
2001-07-02,18.6241,1.4532,0.7214,-4.537,11.3012,-5.705,4.9126,103.2919,-88.1489
2001-07-03,18.7384,0.6139,1.062,-4.571,16.8534,-0.7075,4.1754,103.9261,-88.0761
2001-07-05,18.5923,-0.7796,0.4806,-6.3129,15.3951,-5.5824,4.2729,103.1158,-88.1691
2001-07-06,18.2493,-1.8449,-1.7105,-6.9718,7.0344,-8.062,2.6314,101.2134,-88.3874
2001-07-09,18.3065,0.3132,-0.2768,-7.1006,9.5691,-5.0337,2.4443,101.5305,-88.351
2001-07-10,18.027,-1.5267,-3.206,-7.3869,6.0063,-5.7108,0.7697,99.9804,-88.5289
2001-07-11,17.8428,-1.0218,-4.7796,-6.7234,1.922,-6.9626,-2.1378,98.9588,-88.6461
2001-07-12,18.2747,2.4207,-1.7083,-5.0944,5.5743,-5.5855,-0.1448,101.3543,-88.3712
2001-07-13,18.4208,0.7995,0.9398,-3.988,4.3548,-5.9819,-0.1492,102.1646,-88.2782
2001-07-16,18.1096,-1.6897,-1.0756,-4.9825,2.7761,-7.2901,-2.8179,100.4384,-88.4763
2001-07-17,18.478,2.0344,2.5018,-2.546,3.5631,-6.304,-1.4117,102.4817,-88.2419
2001-07-18,18.5352,0.3094,3.8804,-2.1134,-0.3977,-5.8727,-1.3648,102.7987,-88.2055
2001-07-19,18.4843,-0.2742,1.147,-1.356,-1.008,-6.7389,-0.8068,102.5169,-88.2378
2001-07-20,18.5796,0.5156,0.8621,-1.2825,-0.2267,-5.2668,-1.488,103.0454,-88.1772
2001-07-23,18.3763,-1.0941,1.4731,-2.789,0.2166,-6.1142,-2.4136,101.918,-88.3065
2001-07-24,17.8872,-2.6616,-3.197,-4.5424,-1.4629,-9.7963,-4.3132,99.2054,-88.6178
2001-07-25,18.0079,0.6747,-2.8444,-2.6108,-3.0658,-8.6875,-3.8693,99.8747,-88.541
2001-07-26,18.1858,0.9876,-1.6151,-1.9185,-3.4589,-7.7395,-1.6845,100.8611,-88.4278
2001-07-27,18.3573,0.9431,-1.1966,-0.7895,-3.2645,-5.3038,-0.0685,101.8123,-88.3187
2001-07-30,18.3192,-0.2077,-0.3111,-1.3343,-2.4554,-5.8935,3.195,101.6009,-88.3429
2001-07-31,18.3192,0.0,2.4147,-0.2077,-3.3363,-7.3968,1.623,101.6009,-88.3429
2001-08-01,18.4208,0.5549,2.2928,-1.0914,-2.8324,-7.0908,1.4144,102.1646,-88.2782
2001-08-02,18.4462,0.1379,1.4321,-1.5593,-1.2457,-5.7306,1.9948,102.3055,-88.2621
2001-08-03,18.5352,0.4821,0.9689,-0.3075,-2.262,-4.9691,2.3201,102.7987,-88.2055
2001-08-06,18.135,-2.159,-1.0055,-0.6265,-4.7224,-7.4706,-1.1204,100.5793,-88.4601
2001-08-07,18.2684,0.7355,-0.2774,-0.2082,-4.1812,-7.2388,-3.239,101.3191,-88.3753
2001-08-08,18.1032,-0.904,-1.7242,0.4229,-4.5077,-7.2739,-4.9531,100.4031,-88.4803
2001-08-09,18.1096,0.0351,-1.8251,1.4951,-5.5166,-7.121,-5.7449,100.4384,-88.4763
2001-08-10,18.4462,1.859,-0.4798,0.9385,-3.2805,-3.1015,-3.747,102.3055,-88.2621
2001-08-13,18.2747,-0.9298,0.7706,-0.7931,-4.6235,-5.1052,-5.7036,101.3543,-88.3712
2001-08-14,18.2874,0.0695,0.1044,0.9821,-4.9345,-6.0261,-6.5835,101.4248,-88.3631
2001-08-15,18.2493,-0.2084,0.807,-1.2376,-8.1001,-5.2371,-5.5958,101.2134,-88.3874
2001-08-16,18.243,-0.0348,0.7366,-1.5764,-9.632,-6.8596,-5.1958,101.1782,-88.3914
2001-08-17,18.0206,-1.2187,-2.3071,-2.5085,-11.0126,-5.2112,-6.826,99.9452,-88.5329
2001-08-20,18.0079,-0.0705,-1.4598,-3.077,-11.9299,-5.6232,-6.6075,99.8747,-88.541
2001-08-21,17.9825,-0.1411,-1.6673,-2.1431,-11.7807,-4.587,-8.0489,99.7338,-88.5571
2001-08-22,17.9508,-0.1766,-1.6359,0.3551,-10.5741,-3.8528,-8.0268,99.5576,-88.5774
2001-08-23,18.0079,0.3185,-1.2883,0.0,-10.1757,-3.4157,-7.2679,99.8747,-88.541
2001-08-24,18.3382,1.8342,1.7624,0.8383,-7.1484,-3.5727,-6.558,101.7066,-88.3308
2001-08-27,18.3319,-0.0347,1.7989,-0.1384,-6.9417,-3.3814,-7.0087,101.6714,-88.3348
2001-08-28,17.9825,-1.9057,0.0,-1.8377,-6.8265,-3.5193,-9.9899,99.7338,-88.5571
2001-08-29,17.8618,-0.6711,-0.4954,-2.4965,-8.711,-3.4795,-10.0198,99.0644,-88.6339
2001-08-30,17.5315,-1.8492,-2.6455,-4.8276,-10.1372,-5.8112,-10.8468,97.2325,-88.8441
2001-08-31,17.6903,0.9058,-3.5331,-4.0978,-9.9085,-6.1373,-10.7073,98.1132,-88.7431
2001-09-04,17.5252,-0.9336,-4.4005,-5.449,-11.6903,-8.3354,-12.3222,97.1973,-88.8482
2001-09-05,17.5696,0.2536,-2.2961,-3.1174,-10.4366,-9.1837,-12.0998,97.4438,-88.8199
2001-09-06,17.2647,-1.7353,-3.3428,-5.4937,-12.387,-11.3101,-14.0468,95.7529,-89.0139
2001-09-07,16.8328,-2.5019,-3.9855,-7.0176,-13.522,-11.6648,-15.7033,93.3573,-89.2887
2001-09-10,16.8011,-0.1886,-5.0269,-7.2255,-12.1693,-6.727,-14.8587,93.1812,-89.309
2001-09-17,15.2448,-9.2627,-13.0119,-17.3553,-20.8295,-15.4853,-22.3593,84.55,-90.2992
2001-09-18,15.0288,-1.4167,-14.4613,-17.7615,-21.6675,-14.8933,-23.2291,83.3522,-90.4367
2001-09-19,14.6541,-2.4936,-15.1214,-19.868,-23.1128,-16.6276,-25.3679,81.2737,-90.6751
2001-09-20,13.8156,-5.7218,-17.9245,-24.2952,-27.1357,-19.2998,-29.5678,76.6234,-91.2087
2001-09-21,13.829,0.0969,-17.6897,-24.1954,-26.9672,-20.8049,-27.6659,76.6977,-91.2002
2001-09-24,14.7539,6.6882,-3.2201,-18.1277,-21.2638,-13.7551,-21.9447,81.8274,-90.6116
2001-09-25,14.8496,0.6485,-1.1927,-17.5386,-21.1009,-10.8845,-20.5288,82.3581,-90.5507
2001-09-26,14.5881,-1.7611,-0.4504,-18.8764,-22.829,-10.0241,-22.3372,80.9076,-90.7171
2001-09-27,14.7475,1.0931,6.7455,-17.8445,-21.2978,-10.8186,-21.7342,81.792,-90.6157
2001-09-28,15.0984,2.3789,9.179,-16.1572,-18.3461,-10.3127,-19.2825,83.7378,-90.3924
2001-10-01,14.9644,-0.8872,1.4267,-18.3978,-19.2924,-12.5247,-22.2867,82.9948,-90.4777
2001-10-02,15.2578,1.9608,2.7492,-16.7689,-17.5403,-9.1602,-20.8437,84.6222,-90.291
2001-10-03,15.6278,2.4248,7.1273,-13.0945,-15.8298,-6.9576,-18.2571,86.6742,-90.0555
2001-10-04,15.6469,0.1224,6.0987,-12.4002,-14.7645,-7.159,-19.2371,86.7803,-90.0434
2001-10-05,15.6342,-0.0815,3.5488,-10.8225,-16.0539,-6.567,-18.7254,86.7095,-90.0515
2001-10-08,15.4492,-1.1832,3.2396,-12.6687,-17.5534,-3.6583,-18.8574,85.6835,-90.1692
2001-10-09,15.3918,-0.3715,0.878,-12.1733,-17.2143,-4.4693,-20.715,85.3652,-90.2057
2001-10-10,15.6724,1.8234,0.2857,-10.7981,-14.1203,-8.0792,-19.8379,86.9218,-90.0271
2001-10-11,16.1381,2.9711,3.139,-6.5258,-11.8449,-3.4092,-17.5392,89.5043,-89.7308
2001-10-12,15.985,-0.9486,2.244,-5.0366,-11.3274,-6.0014,-16.0432,88.6552,-89.8282
2001-10-15,16.0934,0.6784,4.1701,-4.2117,-9.8042,-8.0706,-15.9943,89.2567,-89.7592
2001-10-16,16.0552,-0.2378,4.3099,5.3156,-12.1454,-7.2482,-15.0604,89.0444,-89.7836
2001-10-17,15.6788,-2.344,0.0408,4.325,-14.8852,-11.1787,-15.5576,86.9572,-90.0231
2001-10-18,15.615,-0.4069,-3.2411,6.5576,-13.7746,-11.3809,-13.9411,86.6034,-90.0637
2001-10-19,15.5257,-0.5719,-2.8731,12.3783,-15.9771,-12.9833,-16.9976,86.1081,-90.1205
2001-10-22,15.8511,2.0953,-1.5061,14.6219,-14.4811,-14.8213,-16.4013,87.9123,-89.9135
2001-10-23,15.7681,-0.5232,-1.7879,6.8742,-14.6946,-15.5545,-14.5335,87.4524,-89.9662
2001-10-24,15.8447,0.4855,1.0577,6.7011,-14.7202,-14.9135,-12.5334,87.8769,-89.9175
2001-10-25,16.0934,1.5701,3.0637,10.3192,-12.423,-12.2334,-12.6771,89.2567,-89.7592
2001-10-26,16.3932,1.8628,5.5875,11.1592,-8.3524,-9.6931,-11.5226,90.9193,-89.5685
2001-10-29,15.7873,-3.6965,-0.4025,4.5628,-12.3316,-15.0194,-15.7767,87.5585,-89.9541
2001-10-30,15.4428,-2.1818,-2.063,3.197,-15.083,-18.0202,-18.8909,85.6482,-90.1732
2001-10-31,15.3663,-0.4957,-3.0193,0.7107,-16.2934,-19.0259,-17.7637,85.2237,-90.2219
2001-11-01,15.6852,2.0755,-2.5367,0.3673,-14.3782,-16.4806,-16.4963,86.9925,-90.019
2001-11-02,15.9276,1.5454,-2.8404,1.7937,-13.055,-15.9557,-15.1615,88.3368,-89.8648
2001-11-05,16.1636,1.4818,2.3839,3.3864,-12.2536,-14.7389,-14.8411,89.6458,-89.7146
2001-11-06,16.3932,1.4206,6.1544,6.1106,-11.1296,-12.2366,-16.6543,90.9193,-89.5685
2001-11-07,16.355,-0.2335,6.4341,6.2577,-11.7625,-13.7584,-16.932,90.7071,-89.5928
2001-11-08,16.5272,1.0531,5.368,5.4538,-8.8656,-13.1694,-15.8891,91.6623,-89.4832
2001-11-09,16.4698,-0.3474,3.4041,2.0554,-9.8453,-13.6149,-15.5046,91.3439,-89.5198
2001-11-12,16.2784,-1.1619,0.7103,1.8356,-10.08,-14.1333,-17.238,90.2825,-89.6415
2001-11-13,16.6803,2.4687,1.751,3.6464,-7.8924,-12.9737,-15.5328,92.5114,-89.3858
2001-11-14,16.7632,0.4971,2.4961,4.41,-9.1239,-12.1051,-14.5597,92.9712,-89.333
2001-11-15,16.8461,0.4947,1.9298,7.445,-7.8173,-12.0794,-14.6929,93.4312,-89.2803
2001-11-16,16.9801,0.7952,3.0984,8.7418,-7.1489,-11.7306,-11.9987,94.1741,-89.195
2001-11-19,17.1332,0.9015,5.2508,10.3533,-6.1161,-13.7208,-9.5456,95.0231,-89.0976
2001-11-20,16.9035,-1.3403,1.3384,6.6398,-7.3421,-16.2669,-12.4845,93.7496,-89.2437
2001-11-21,16.9354,0.1887,1.0274,7.4029,-6.0221,-16.3715,-12.4976,93.9264,-89.2234
2001-11-23,17.1396,1.2053,1.7418,8.1723,-4.8222,-16.1768,-11.8907,95.0585,-89.0936
2001-11-26,17.2225,0.4838,1.4275,7.0154,-4.2266,-15.5094,-11.1049,95.5184,-89.0408
2001-11-27,17.1076,-0.6667,-0.1489,4.358,-4.6968,-14.7742,-10.4244,94.8816,-89.1139
2001-11-28,16.8397,-1.566,-0.3774,6.6667,-6.4871,-16.0027,-12.9035,93.3958,-89.2843
2001-11-29,16.9354,0.5682,0.0,9.6654,-7.6497,-14.2512,-10.9594,93.9264,-89.2234
2001-11-30,16.9035,-0.1883,-1.377,10.0041,-7.7916,-14.1924,-12.5736,93.7496,-89.2437
2001-12-03,16.7568,-0.8679,-2.7037,6.8321,-6.8161,-13.1772,-13.5083,92.9359,-89.3371
2001-12-04,16.9609,1.2181,-0.8575,6.4878,-5.0437,-13.3154,-11.3295,94.0679,-89.2072
2001-12-05,17.3245,2.1437,2.8788,7.1823,-1.1807,-11.1982,-10.1677,96.0845,-88.9758
2001-12-06,17.535,1.2151,3.5405,6.9651,-0.8779,-10.6994,-7.7114,97.2519,-88.8419
2001-12-07,17.3437,-1.0914,2.6038,6.0453,-1.0358,-12.605,-9.5148,96.1906,-88.9637
2001-12-10,17.0758,-1.5447,1.9033,3.3192,-2.8109,-12.9541,-13.271,94.7047,-89.1341
2001-12-11,16.9992,-0.4483,0.2256,3.2145,-1.538,-13.7345,-16.6973,94.2802,-89.1829
2001-12-12,17.0821,0.4878,-1.3991,4.9373,1.4812,-12.241,-14.6035,94.7401,-89.1301
2001-12-13,16.9609,-0.7095,-3.274,1.6826,0.9517,-11.3334,-14.9586,94.0679,-89.2072
2001-12-14,16.7887,-1.0154,-3.1997,0.1523,10.1274,-12.8115,-17.2502,93.1128,-89.3168
2001-12-17,17.0439,1.5197,-0.1867,1.1738,13.4078,-11.1649,-16.9188,94.5279,-89.1544
2001-12-18,17.4521,2.3952,2.6642,2.7799,19.0938,-8.4321,-13.6455,96.792,-88.8947
2001-12-19,17.618,0.9503,3.1367,2.8295,27.5221,-7.0819,-11.2706,97.7118,-88.7891
2001-12-20,17.5159,-0.5793,3.2719,3.6226,26.6606,-7.4962,-9.8649,97.1458,-88.8541
2001-12-21,17.7136,1.1289,5.5091,4.5951,20.0605,-5.4689,-7.3498,98.2424,-88.7283
2001-12-24,17.7328,0.1081,4.0419,3.4611,19.4158,-5.782,-8.9429,98.3486,-88.7161
2001-12-26,17.7966,0.3597,1.9737,3.3334,21.9939,-5.8561,-7.0121,98.7024,-88.6755
2001-12-27,17.7902,-0.0359,0.9775,3.9896,20.6315,-5.0604,-3.8709,98.6669,-88.6795
2001-12-28,17.8922,0.5737,2.1486,6.25,18.5045,-3.2365,-3.8836,99.233,-88.6146
2001-12-31,17.669,-1.2478,-0.2521,4.3314,18.0734,-4.7058,-7.296,97.9948,-88.7567
2002-01-02,17.669,0.0,-0.3597,4.5283,15.8027,-4.5095,-8.3408,97.9948,-88.7567
2002-01-03,17.6626,-0.0361,-0.7527,5.4054,13.0203,-4.8705,-9.8517,97.9594,-88.7607
2002-01-04,17.669,0.0361,-0.6812,4.1745,12.9229,-3.7496,-11.1184,97.9948,-88.7567
2002-01-07,17.5478,-0.6859,-1.9251,1.2887,12.2399,-5.779,-11.1543,97.3226,-88.8338
2002-01-08,17.4968,-0.2908,-0.9747,-0.2183,13.2535,-6.6263,-7.2869,97.0396,-88.8663
2002-01-09,17.4011,-0.5469,-1.5163,0.331,13.0542,-6.4072,-11.632,96.509,-88.9271
2002-01-10,17.2225,-1.0264,-2.4919,0.8592,9.8901,-5.6267,-13.2351,95.5184,-89.0408
2002-01-11,16.9418,-1.6297,-4.1156,-0.3377,4.9802,-7.4546,-12.1131,93.9618,-89.2194
2002-01-14,16.7504,-1.1295,-4.5438,-1.9418,4.7885,-7.0813,-12.3877,92.9005,-89.3412
2002-01-15,16.7696,0.1143,-4.1561,-1.1283,4.2013,-6.0148,-12.5586,93.0066,-89.329
2002-01-16,16.2019,-3.3853,-6.8915,-3.4955,0.9137,-11.3427,-16.2946,89.858,-89.6902
2002-01-17,16.2657,0.3938,-5.5555,-4.5659,3.7429,-11.6995,-16.9815,90.2119,-89.6496
2002-01-18,16.3805,0.7058,-3.3132,-6.1404,4.902,-9.5479,-16.1419,90.8486,-89.5766
2002-01-22,16.4762,0.5841,-1.6374,-6.4808,6.1216,-10.8336,-16.4546,91.3793,-89.5157
2002-01-23,16.3932,-0.5033,-2.2442,-6.4094,3.4205,-11.556,-16.7501,90.9193,-89.5685
2002-01-24,16.5399,0.895,2.0867,-6.6259,4.8949,-10.5191,-16.549,91.733,-89.4751
2002-01-25,16.7696,1.3883,3.098,-5.4317,5.8373,-9.7421,-14.4958,93.0066,-89.329
2002-01-28,16.7568,-0.0761,2.2975,-5.8423,4.1221,-8.8131,-14.3884,92.9359,-89.3371
2002-01-29,16.119,-3.8066,-2.168,-9.394,-1.6731,-9.8858,-18.7136,89.3982,-89.743
2002-01-30,16.2976,1.1081,-0.5836,-8.9126,3.2324,-9.4978,-17.3602,90.3888,-89.6293
2002-01-31,16.5527,1.5655,0.0772,-6.3176,7.1871,-8.9799,-16.0244,91.8038,-89.467
2002-02-01,16.4251,-0.7708,-2.0541,-7.0398,6.8907,-10.5254,-15.2709,91.0962,-89.5482
2002-02-04,15.698,-4.4271,-6.319,-11.1231,0.0814,-14.3085,-19.3588,87.0633,-90.0109
2002-02-05,15.4811,-1.3816,-3.9573,-12.3827,-2.8034,-15.4924,-21.7433,85.8604,-90.1489
2002-02-06,15.5959,0.7417,-4.3054,-11.1232,-3.5123,-15.3354,-21.3388,86.4972,-90.0758
2002-02-07,15.7809,1.1861,-4.6629,-9.8068,-3.7354,-14.4492,-19.3518,87.5231,-89.9581
2002-02-08,15.8766,0.6063,-3.3398,-8.761,-2.9251,-14.3435,-18.5999,88.0538,-89.8972
2002-02-11,16.221,2.1695,3.3319,-5.8148,-1.8526,-10.554,-17.2362,89.9642,-89.6781
2002-02-12,16.0807,-0.8651,3.8731,-5.0828,-2.3625,-11.9752,-18.3472,89.1858,-89.7674
2002-02-13,16.2529,1.071,4.2127,-2.9703,-0.1567,-10.2209,-16.7513,90.1411,-89.6578
2002-02-14,16.3103,0.3532,3.3549,-2.7387,-2.218,-9.9354,-16.3489,90.4595,-89.6212
2002-02-15,16.1955,-0.7039,2.0088,-0.0393,-3.3866,-12.2015,-14.9246,89.8227,-89.6943
2002-02-19,16.1508,-0.2757,-0.4326,-0.706,-4.1273,-11.6219,-16.1337,89.575,-89.7227
2002-02-20,16.3869,1.4613,1.9041,0.0389,-3.4936,-10.3927,-15.7925,90.884,-89.5725
2002-02-21,16.3231,-0.3893,0.4317,-0.9292,-4.7282,-10.5551,-15.2394,90.5302,-89.6131
2002-02-22,16.4825,0.977,1.056,0.5448,-2.4906,-9.6498,-15.8475,91.4147,-89.5116
2002-02-25,16.9163,2.6316,4.4506,2.2754,-0.113,-6.1282,-11.0201,93.8203,-89.2356
2002-02-26,16.9801,0.3771,5.1343,1.2553,-0.9304,-5.7078,-11.01,94.1741,-89.195
2002-02-27,17.1842,1.2021,4.8657,2.5505,-0.2222,-4.4394,-8.8228,95.3062,-89.0651
2002-02-28,16.9673,-1.2621,3.9469,5.2632,-0.8202,-5.4785,-9.1202,94.1033,-89.2031
2002-03-01,17.3628,2.3308,5.3405,6.5361,3.106,-3.5825,-6.8759,96.2967,-88.9515
2002-03-04,17.956,3.4166,6.1463,8.4778,6.0264,-2.0843,-5.5825,99.5868,-88.574
2002-03-05,17.7328,-1.2433,4.4328,7.9612,4.9057,-3.2682,-6.539,98.3486,-88.7161
2002-03-06,18.2686,3.0216,6.3103,16.3755,9.0217,1.5907,-1.9846,101.3203,-88.3751
2002-03-07,18.0517,-1.1872,6.391,16.6049,6.431,1.063,-2.4535,100.1175,-88.5131
2002-03-08,18.1729,0.6714,4.6657,16.5235,4.8969,3.6583,-2.3655,100.7896,-88.436
2002-03-11,18.2112,0.2106,1.4209,15.4002,3.8559,2.9442,-3.3739,101.0018,-88.4117
2002-03-12,18.1729,-0.2101,2.482,14.4636,4.7812,3.6959,-4.9476,100.7896,-88.436
2002-03-13,17.9241,-1.3689,-1.8855,10.4994,4.9682,2.0176,-7.3514,99.4099,-88.5943
2002-03-14,17.9433,0.1068,-0.6007,11.5828,5.5535,3.9301,-7.8246,99.516,-88.5821
2002-03-15,17.9573,0.0784,-1.1861,10.4869,5.1235,6.6806,-5.7635,99.5941,-88.5732
2002-03-18,17.887,-0.3919,-1.7802,9.6666,5.4597,6.4633,-0.6984,99.2038,-88.618
2002-03-19,18.0789,1.073,-0.5173,11.6291,7.6847,18.5904,0.2264,100.2682,-88.4958
2002-03-20,17.8806,-1.0969,-0.243,10.7098,4.9091,18.975,1.2557,99.1683,-88.622
2002-03-21,17.5223,-2.0036,-2.346,6.929,0.4023,19.5729,-0.3092,97.1814,-88.85
2002-03-22,17.42,-0.5841,-2.9925,6.7198,-1.1239,26.089,1.754,96.6137,-88.9151
2002-03-25,17.1449,-1.5791,-4.1488,4.0184,-2.1182,23.9777,-1.8158,95.088,-89.0902
2002-03-26,17.2536,0.6343,-4.5648,1.9941,-2.5969,16.9427,0.8571,95.6912,-89.021
2002-03-27,17.3688,0.6674,-2.8623,2.2891,-2.0526,16.9647,4.2336,96.3299,-88.9477
2002-03-28,17.4264,0.3315,-0.5476,1.4092,-2.0802,19.4562,7.4818,96.6492,-88.9111
2002-04-01,17.42,-0.0367,0.0,2.6677,-2.081,18.1211,5.3421,96.6137,-88.9151
2002-04-02,17.2536,-0.9548,0.6343,-0.6288,-3.5692,14.2748,2.49,95.6912,-89.021
2002-04-03,17.0169,-1.3718,-1.3718,-5.2299,-3.6903,13.716,-0.5265,94.3785,-89.1716
2002-04-04,17.1513,0.7894,-1.2523,-3.2792,-2.93,12.4096,2.1126,95.1235,-89.0861
2002-04-05,17.228,0.4476,-1.138,-5.6958,-2.4603,10.2397,2.5697,95.5493,-89.0372
2002-04-08,17.3624,0.7798,-0.3305,-3.8186,-1.7352,10.9634,3.0196,96.2944,-88.9518
2002-04-09,17.3496,-0.0736,0.5563,-4.5303,-1.1294,10.9722,3.6847,96.2235,-88.9599
2002-04-10,17.7526,2.323,4.3233,-2.5179,1.4624,14.9097,10.7059,98.4587,-88.7034
2002-04-11,17.1833,-3.2072,0.1865,-5.4457,-1.2517,11.6391,6.6496,95.3009,-89.0657
2002-04-12,17.1577,-0.1489,-0.4085,-4.2761,-0.3763,9.4766,0.6317,95.159,-89.082
2002-04-15,16.9785,-1.0439,-2.2107,-5.3765,0.2169,5.2079,1.6211,94.1656,-89.196
2002-04-16,17.2792,1.7708,-0.4057,-3.7763,3.1567,8.0964,1.609,95.8331,-89.0047
2002-04-17,17.1577,-0.7034,-3.3514,-4.0773,2.3142,6.6127,-1.9916,95.159,-89.082
2002-04-18,17.0297,-0.7457,-0.8935,-5.8032,5.1096,6.07,-1.6181,94.4494,-89.1634
2002-04-19,16.9338,-0.5635,-1.305,-5.2952,4.1073,8.0039,-4.0695,93.9172,-89.2245
2002-04-22,16.6651,-1.5867,-1.8463,-4.8923,1.7373,6.7245,-5.4217,92.427,-89.3955
2002-04-23,16.6331,-0.1919,-3.7393,-4.517,0.9525,7.1324,-6.777,92.2496,-89.4158
2002-04-24,16.4923,-0.8462,-3.8777,-3.8059,0.6046,4.0457,-11.3752,91.469,-89.5054
2002-04-25,16.294,-1.2025,-4.3201,-5.5617,-1.4868,3.3353,-12.7381,90.3691,-89.6316
2002-04-26,16.1277,-1.0209,-4.7601,-7.1455,-3.8277,1.7862,-13.3937,89.4466,-89.7374
2002-04-29,15.7758,-2.1816,-5.3359,-9.4714,-5.8542,-1.9735,-13.9654,87.4952,-89.9613
2002-04-30,16.2237,2.8386,-2.4616,-6.8674,0.6495,-1.0344,-10.6273,89.9788,-89.6764
2002-05-01,16.2748,0.3154,-1.3189,-5.673,-0.1395,3.0884,-12.3948,90.2627,-89.6438
2002-05-02,16.3324,0.3538,0.2355,-4.0226,-1.3309,5.7605,-13.2977,90.582,-89.6072
2002-05-03,16.3388,0.0392,1.309,-4.737,-0.5255,6.329,-13.9011,90.6175,-89.6031
2002-05-06,15.8782,-2.8191,0.6488,-7.8352,1.1481,1.2304,-15.4529,88.0629,-89.8962
2002-05-07,15.891,0.0806,-2.0505,-8.4746,2.6478,-0.2298,-16.1489,88.1338,-89.8881
2002-05-08,16.5499,4.1466,1.6903,-4.6092,6.1171,2.39,-12.7011,91.7884,-89.4688
2002-05-09,16.2684,-1.7009,-0.3917,-8.3604,3.0895,-0.7613,-12.9047,90.2272,-89.6479
2002-05-10,16.0253,-1.4943,-1.9186,-6.7386,0.9371,-2.0154,-15.4965,88.8789,-89.8026
2002-05-13,16.1277,0.6387,1.5713,-6.003,-0.5753,-2.4172,-15.2683,89.4466,-89.7374
2002-05-14,16.4859,2.2214,3.7439,-2.9013,2.5202,0.0981,-13.5301,91.4335,-89.5095
2002-05-15,16.5499,0.3881,0.0,-4.2206,1.8275,1.6679,-12.7011,91.7884,-89.4688
2002-05-16,16.6523,0.6184,2.3594,-2.9456,2.0966,-0.1679,-13.1198,92.356,-89.4036
2002-05-17,16.7994,0.8836,4.8303,-1.3524,3.7289,0.216,-11.9152,93.172,-89.31
2002-05-20,16.6651,-0.7997,3.332,-1.5867,3.1839,-1.0748,-13.0243,92.427,-89.3955
2002-05-21,16.4092,-1.5355,-0.4657,-1.5355,0.1362,-3.3622,-14.6984,91.0078,-89.5583
2002-05-22,16.4795,0.4289,-0.4252,-0.9231,0.9586,-3.8149,-17.0122,91.3981,-89.5135
2002-05-23,16.7866,1.8634,0.8068,1.7843,1.8449,-0.6917,-16.8461,93.1011,-89.3181
2002-05-24,16.6011,-1.1051,-1.1804,1.8846,-1.8632,-1.9741,-18.0224,92.0722,-89.4362
2002-05-28,16.4156,-1.1176,-1.4971,1.785,-3.3245,-4.224,-19.7175,91.0432,-89.5542
2002-05-29,16.2301,-1.1301,-1.0916,2.8792,-5.5525,-5.7623,-20.378,90.0143,-89.6723
2002-05-30,16.1597,-0.4336,-1.941,-0.3943,-4.76,-5.5412,-19.4967,89.624,-89.7171
2002-05-31,16.294,0.8314,-2.9344,0.118,-6.1555,-3.2406,-18.7247,90.3691,-89.6316
2002-06-03,15.6799,-3.7691,-5.5492,-3.9953,-12.6762,-7.4137,-20.6084,86.963,-90.0224
2002-06-04,15.5519,-0.816,-5.2611,-4.816,-12.2983,-7.996,-21.0536,86.2534,-90.1038
2002-06-05,15.8142,1.6865,-2.5621,-0.4029,-13.4349,-5.6252,-18.0612,87.7081,-89.9369
2002-06-06,15.4368,-2.3866,-4.4734,-2.8582,-14.4857,-8.9862,-21.105,85.6148,-90.1771
2002-06-07,15.4368,0.0,-5.261,-6.7259,-15.0559,-10.8963,-20.8743,85.6148,-90.1771
2002-06-10,15.5583,0.7874,-0.7752,-4.3649,-14.567,-11.2728,-20.7661,86.2889,-90.0997
2002-06-11,15.3728,-1.1924,-1.1518,-4.0718,-15.408,-11.3635,-22.5361,85.2599,-90.2178
2002-06-12,15.3664,-0.0416,-2.8317,-4.7203,-14.2697,-10.0104,-21.6678,85.2244,-90.2219
2002-06-13,15.328,-0.2498,-0.7046,-7.0237,-14.575,-9.8309,-22.2152,85.0115,-90.2463
2002-06-14,15.2513,-0.5008,-1.2019,-7.8469,-15.0695,-10.7181,-21.6471,84.5858,-90.2951
2002-06-17,15.6799,2.8104,0.7812,-5.8394,-12.3391,-7.553,-18.0304,86.963,-90.0224
2002-06-18,15.827,0.9384,2.9546,-5.7883,-12.4558,-5.7283,-17.8059,87.779,-89.9288
2002-06-19,15.7055,-0.768,2.2065,-5.7581,-12.1646,-7.8527,-18.1408,87.1049,-90.0061
2002-06-20,15.5839,-0.7739,1.6695,-5.0292,-11.0624,-10.7046,-18.2341,86.4308,-90.0835
2002-06-21,15.1921,-2.5143,-0.388,-7.8124,-12.7891,-13.7693,-19.876,84.2576,-90.3328
2002-06-24,15.4037,1.393,-1.7612,-8.2381,-10.1555,-12.0586,-18.6509,85.4314,-90.1981
2002-06-25,15.0767,-2.1232,-4.7409,-9.1828,-12.6174,-14.8866,-19.5414,83.6175,-90.4062
2002-06-26,15.0703,-0.0425,-4.0446,-8.1954,-13.2336,-15.0147,-19.9285,83.5819,-90.4103
2002-06-27,15.3075,1.5744,-1.7736,-5.6841,-12.1588,-13.986,-19.0231,84.8978,-90.2593
2002-06-28,15.2947,-0.0838,0.6754,-5.3527,-12.2001,-14.0272,-18.3778,84.8267,-90.2675
2002-07-01,14.9548,-2.2223,-2.9143,-8.2191,-13.3236,-16.4173,-19.1225,82.9416,-90.4838
2002-07-02,14.7239,-1.5437,-2.3395,-6.0966,-13.4747,-16.6678,-20.5892,81.6612,-90.6307
2002-07-03,14.7432,0.1307,-2.1702,-5.2003,-14.0402,-16.5589,-20.3216,81.768,-90.6184
2002-07-05,15.3524,4.1323,0.2934,-2.9201,-10.887,-13.0794,-17.3129,85.1469,-90.2308
2002-07-08,15.0959,-1.6709,-1.2998,-2.2083,-13.054,-14.5627,-17.7662,83.7241,-90.394
2002-07-09,14.7175,-2.5064,-1.5866,-4.6593,-15.1707,-16.1288,-20.9757,81.6257,-90.6348
2002-07-10,14.3584,-2.4401,-2.4825,-7.7123,-19.1194,-17.9366,-23.3744,79.634,-90.8633
2002-07-11,14.3777,0.134,-2.4794,-6.4735,-16.3275,-17.3749,-22.6688,79.7407,-90.851
2002-07-12,14.3328,-0.3122,-6.6417,-6.7266,-16.4643,-16.7787,-21.4613,79.4917,-90.8796
2002-07-15,14.2237,-0.7606,-5.7774,-7.2043,-16.2252,-16.0435,-22.3021,78.887,-90.949
2002-07-16,13.9288,-2.0739,-5.3595,-8.6715,-19.3901,-16.8454,-22.7339,77.251,-91.1367
2002-07-17,14.0955,1.1971,-1.8312,-10.1046,-17.8472,-15.9461,-21.0017,78.1757,-91.0306
2002-07-18,13.6851,-2.9117,-4.8171,-13.5335,-19.6401,-15.534,-25.1147,75.8995,-91.2918
2002-07-19,13.2618,-3.0928,-7.472,-15.5592,-21.6841,-18.4674,-28.0063,73.5521,-91.5611
2002-07-22,12.8386,-3.1915,-9.7384,-17.6165,-22.9612,-21.6227,-29.1061,71.2047,-91.8304
2002-07-23,12.55,-2.2478,-9.8987,-17.3913,-24.5481,-23.8294,-32.0814,69.6041,-92.014
2002-07-24,13.2233,5.3654,-6.1874,-14.1549,-19.8213,-19.3366,-28.658,73.3387,-91.5856
2002-07-25,13.2362,0.097,-3.2803,-12.2076,-18.7668,-19.9746,-28.3925,73.4098,-91.5774
2002-07-26,13.4478,1.5988,1.4023,-10.766,-16.6168,-19.8084,-27.6208,74.5835,-91.4427
2002-07-29,14.2879,6.2471,11.2887,-6.661,-9.4319,-14.7339,-22.2485,79.2428,-90.9082
2002-07-30,14.4546,1.167,15.1763,-5.4926,-10.9041,-10.3254,-19.1904,80.1675,-90.8021
2002-07-31,14.429,-0.1775,9.1174,-3.5162,-11.3418,-11.4655,-19.8744,80.0252,-90.8184
2002-08-01,14.1083,-2.2223,6.5892,-4.1812,-13.6177,-14.7674,-22.4212,78.2468,-91.0224
2002-08-02,13.5953,-3.6363,1.0968,-7.786,-16.7914,-17.2287,-25.9407,75.4015,-91.3489
2002-08-05,13.1464,-3.3019,-7.9893,-14.3694,-17.2048,-16.2542,-28.237,72.9118,-91.6345
2002-08-06,13.5953,3.4147,-5.945,-9.9405,-14.4466,-12.1813,-25.7865,75.4015,-91.3489
2002-08-07,13.9352,2.5,-3.4222,-5.3159,-15.7992,-10.6485,-24.3509,77.2866,-91.1326
2002-08-08,14.3392,2.8992,1.6364,-0.134,-11.8589,-9.1357,-22.2649,79.5273,-90.8755
2002-08-09,14.4482,0.7603,6.2736,0.4907,-9.8415,-8.9966,-22.0497,80.1319,-90.8061
2002-08-12,14.2815,-1.154,8.6342,-0.3579,-11.4475,-11.957,-21.249,79.2072,-90.9122
2002-08-13,13.948,-2.335,2.5943,-1.9386,-15.3946,-13.2624,-23.6494,77.3577,-91.1244
2002-08-14,14.2494,2.1609,2.2549,2.3021,-13.9005,-12.327,-21.288,79.0293,-90.9326
2002-08-15,14.3648,0.81,0.1789,1.9108,-13.7365,-11.9279,-20.6782,79.6695,-90.8592
2002-08-16,14.352,-0.0893,-0.6658,4.8735,-14.5684,-11.3827,-22.1954,79.5984,-90.8674
2002-08-19,14.6919,2.3681,2.8737,10.7833,-11.8403,-9.0334,-19.6054,81.4834,-90.6511
2002-08-20,14.6213,-0.4801,4.8275,13.886,-10.8953,-10.774,-20.047,81.0922,-90.696
2002-08-21,14.6662,0.3071,2.9253,16.8626,-11.0034,-10.1502,-19.634,81.3412,-90.6674
2002-08-22,14.8779,1.4429,3.5715,12.5121,-11.3707,-9.7356,-18.446,82.5149,-90.5327
2002-08-23,14.5316,-2.3276,1.2512,9.7869,-12.4662,-14.0972,-19.3615,80.5943,-90.7531
2002-08-26,14.7111,1.2356,0.131,9.3944,-10.3831,-13.3624,-18.3075,81.5901,-90.6388
2002-08-27,14.5829,-0.8718,-0.2631,2.0646,-10.1489,-15.1379,-18.9053,80.8788,-90.7205
2002-08-28,14.3007,-1.935,-2.4924,-1.0648,-11.5038,-15.7162,-20.3337,79.3138,-90.9
2002-08-29,14.1917,-0.7623,-4.6121,-1.6445,-12.9025,-18.2638,-21.192,78.7092,-90.9694
2002-08-30,14.2045,0.0904,-2.2507,0.6819,-9.4093,-20.8927,-22.5416,78.7804,-90.9612
2002-09-03,13.7107,-3.4763,-6.8003,0.849,-11.8391,-22.6814,-25.2083,76.0417,-91.2754
2002-09-04,13.8454,0.9822,-5.0572,5.3171,-12.4497,-24.212,-23.0064,76.7886,-91.1897
2002-09-05,13.6017,-1.7601,-4.8879,0.0471,-11.8878,-24.6514,-23.8505,75.4371,-91.3448
2002-09-06,13.7749,1.273,-2.9372,-1.1505,-10.7661,-24.2011,-21.4281,76.3974,-91.2346
2002-09-09,13.8903,0.838,-2.2122,-3.1306,-10.7213,-23.7266,-21.4809,77.0376,-91.1612
2002-09-10,14.0442,1.108,2.4322,-2.7963,-8.6427,-22.719,-19.8628,77.8912,-91.0632
2002-09-11,14.0442,0.0,1.4358,-1.6615,-8.6046,-21.6464,-20.0655,77.8912,-91.0632
2002-09-12,13.8518,-1.3699,1.8388,-0.6897,-9.6309,-22.8022,-19.7683,76.8242,-91.1857
2002-09-13,13.5183,-2.4074,-1.8622,-5.1305,-11.3625,-24.7197,-19.6906,74.9747,-91.3979
2002-09-16,13.653,0.9962,-1.7082,-4.9553,-12.9266,-23.6706,-18.7372,75.7216,-91.3122
2002-09-17,13.3708,-2.0667,-4.7945,-6.8364,-15.5189,-26.0417,-12.2925,74.1567,-91.4917
2002-09-18,13.3516,-0.1439,-4.9315,-9.1226,-14.9876,-25.329,-11.1601,74.05,-91.5039
2002-09-19,13.0887,-1.9693,-5.5093,-10.4824,-16.0117,-25.3028,-10.6824,72.5918,-91.6713
2002-09-20,13.1382,0.3787,-2.8117,-10.4185,-13.5192,-24.5794,-4.9029,72.8667,-91.6397
2002-09-23,12.9709,-1.2739,-4.9962,-12.8176,-15.7939,-24.3454,-6.2052,71.9384,-91.7462
2002-09-24,12.6941,-2.134,-5.0615,-12.6449,-15.8032,-26.4266,-13.9613,70.4032,-91.9224
2002-09-25,12.9387,1.927,-3.0926,-12.0483,-14.1442,-25.506,-12.8684,71.7599,-91.7667
2002-09-26,13.1897,1.9403,0.7721,-9.5533,-13.835,-24.3116,-9.5855,73.1523,-91.607
2002-09-27,12.6876,-3.8067,-3.4297,-11.2796,-17.0455,-27.1661,-13.9678,70.3675,-91.9265
2002-09-30,12.5653,-0.964,-3.1266,-11.4599,-15.978,-27.1728,-16.7768,69.6892,-92.0043
2002-10-01,13.1125,4.3545,3.2962,-7.6878,-10.9444,-22.9444,-12.3754,72.7239,-91.6561
2002-10-02,12.6619,-3.4365,-2.1393,-7.6497,-14.1171,-26.1752,-17.0138,70.2247,-91.9428
2002-10-03,12.5589,-0.8134,-4.7828,-9.2919,-18.196,-27.102,-19.6375,69.6535,-92.0084
2002-10-04,12.2306,-2.6141,-3.6022,-10.0804,-18.9807,-29.5569,-21.8339,67.8327,-92.2173
2002-10-07,11.9023,-2.6842,-5.2766,-13.594,-19.1285,-31.3972,-23.87,66.012,-92.4262
2002-10-08,11.9924,0.7572,-8.542,-13.6632,-16.4781,-32.447,-22.3751,66.5118,-92.3688
2002-10-09,11.5869,-3.3816,-8.4901,-17.4969,-19.4105,-32.5687,-24.7204,64.2626,-92.6269
2002-10-10,11.986,3.4444,-4.5618,-14.6552,-16.3735,-30.1421,-23.5219,66.4761,-92.3729
2002-10-11,12.5396,4.6187,2.5264,-9.4733,-11.8405,-26.1445,-22.2982,69.5464,-92.0207
2002-10-14,12.4688,-0.5647,4.7593,-7.7639,-10.4818,-27.8394,-21.997,69.1537,-92.0657
2002-10-15,13.0739,4.8529,9.0177,-4.2418,-7.2479,-23.8016,-18.7628,72.5096,-91.6807
2002-10-16,12.752,-2.4619,10.0555,-4.6282,-6.8181,-25.1191,-20.5738,70.7246,-91.8855
2002-10-17,13.1511,3.1297,9.7207,-1.5016,-0.8348,-22.3379,-16.1219,72.938,-91.6315
2002-10-18,13.1318,-0.1468,4.7228,0.3295,2.2839,-21.2016,-15.9029,72.8309,-91.6438
2002-10-21,13.5309,3.0392,8.5183,2.9887,7.816,-18.6507,-12.8486,75.0444,-91.3899
2002-10-22,13.3442,-1.3796,2.068,2.8784,0.9142,-19.0883,-15.8149,74.0091,-91.5086
2002-10-23,13.4794,1.013,5.7042,6.1866,1.8377,-17.2739,-14.5148,74.7588,-91.4226
2002-10-24,13.1962,-2.1013,0.3426,1.99,-1.8711,-18.1769,-16.7154,73.1879,-91.6029
2002-10-25,13.3635,1.2683,1.7647,1.3177,-6.4694,-15.2911,-16.9628,74.1162,-91.4964
2002-10-28,13.1769,-1.3969,-2.6165,3.856,-8.8397,-18.7799,-19.6201,73.0809,-91.6151
2002-10-29,13.0674,-0.8305,-2.0743,3.9959,-9.4361,-19.7077,-17.228,72.4739,-91.6848
2002-10-30,13.0803,0.0985,-2.9609,-0.2455,-7.2866,-19.912,-15.2985,72.5453,-91.6766
2002-10-31,13.1833,0.7874,-0.0975,4.1179,-3.0304,-19.313,-14.2063,73.1166,-91.611
2002-11-01,13.3571,1.3184,-0.0482,6.3557,1.6029,-15.8777,-14.8426,74.0805,-91.5004
2002-11-04,13.37,0.0963,1.4655,9.3158,-1.6573,-15.8645,-16.0578,74.1519,-91.4923
2002-11-05,13.4987,0.963,3.3005,13.4127,-3.132,-18.4364,-16.487,74.8659,-91.4103
2002-11-06,13.7498,1.8598,5.1181,14.6537,-4.1105,-15.4819,-16.1254,76.2583,-91.2506
2002-11-07,13.4537,-2.1535,2.0508,16.1111,-6.8835,-16.0476,-17.7396,74.616,-91.439
2002-11-08,13.2541,-1.4833,-0.7711,10.58,-7.1937,-17.8177,-19.8043,73.5093,-91.566
2002-11-11,13.0031,-1.8941,-2.7443,3.6961,-6.7747,-21.1264,-21.049,72.1169,-91.7257
2002-11-12,13.0095,0.0495,-3.6242,4.3366,-8.7015,-21.3924,-20.0813,72.1526,-91.7216
2002-11-13,12.9837,-0.1979,-5.5712,-0.6893,-9.6144,-22.0302,-22.1611,72.0098,-91.738
2002-11-14,13.164,1.3882,-2.1531,3.2307,-8.2777,-21.6402,-21.4709,73.0095,-91.6233
2002-11-15,13.164,0.0,-0.6799,0.0979,-10.3996,-21.0085,-21.8575,73.0095,-91.6233
2002-11-18,13.0674,-0.7335,0.4951,-0.4902,-10.6277,-20.3651,-23.0426,72.4739,-91.6848
2002-11-19,13.0867,0.1478,0.5938,-3.2826,-10.7696,-20.588,-23.6175,72.581,-91.6725
2002-11-20,13.2799,1.4757,2.2806,-0.4824,-10.7408,-20.8902,-21.4374,73.6521,-91.5496
2002-11-21,13.827,4.1202,5.0366,2.5788,-4.8485,-16.7103,-18.3545,76.6867,-91.2014
2002-11-22,13.7626,-0.4656,4.5476,4.2927,-6.4474,-16.1611,-19.7025,76.3297,-91.2424
2002-11-25,13.7369,-0.187,5.1232,2.7939,-5.8012,-15.3614,-20.2385,76.1869,-91.2588
2002-11-26,13.5438,-1.4058,3.4924,2.7845,-5.2929,-16.1878,-20.832,75.1158,-91.3817
2002-11-27,13.9043,2.6616,4.7019,6.404,-2.0253,-14.6665,-17.4319,77.1151,-91.1523
2002-11-29,13.8721,-0.2314,0.3259,6.0532,-2.3403,-11.5294,-18.0884,76.9366,-91.1728
2002-12-02,13.9622,0.6496,1.45,5.9082,1.8342,-10.2221,-17.4007,77.4364,-91.1154
2002-12-03,13.7305,-1.6598,-0.0469,2.7951,-0.8302,-13.1765,-18.0605,76.1512,-91.2629
2002-12-04,13.6854,-0.3281,1.0456,2.3592,0.6154,-11.3456,-19.3123,75.9013,-91.2915
2002-12-05,13.5438,-1.0348,-2.5926,0.3338,-1.6775,-12.263,-21.8231,75.1158,-91.3817
2002-12-06,13.5373,-0.0475,-2.413,-1.5449,-2.5409,-12.9898,-22.7983,75.0801,-91.3858
2002-12-09,13.3249,-1.5692,-4.5643,-0.957,-5.1215,-13.3216,-23.1713,73.902,-91.5209
2002-12-10,13.4343,0.8213,-2.1566,1.3599,-4.3423,-12.5733,-21.325,74.5089,-91.4513
2002-12-11,13.5052,0.5271,-1.317,3.8614,-2.5025,-11.8924,-20.5542,74.9016,-91.4062
2002-12-12,13.4537,-0.3813,-0.6654,3.4142,-0.4784,-11.7866,-21.2413,74.616,-91.439
2002-12-13,13.2219,-1.7225,-2.33,1.8344,-3.1574,-15.6759,-22.0449,73.3308,-91.5865
2002-12-16,13.5502,2.483,1.6909,2.934,1.3416,-14.3855,-19.2898,75.1516,-91.3776
2002-12-17,13.3828,-1.2352,-0.3833,1.6625,0.234,-14.7886,-21.48,74.2233,-91.4841
2002-12-18,13.3635,-0.1443,-1.0486,2.266,2.1,-14.2479,-23.4273,74.1162,-91.4964
2002-12-19,13.267,-0.7225,-1.3876,1.3773,0.9799,-12.6718,-24.6962,73.5807,-91.5578
2002-12-20,13.4761,1.5759,1.9221,1.4774,3.8947,-12.5143,-23.0638,74.7402,-91.4248
2002-12-23,13.4113,-0.4803,-1.025,-3.0064,5.6503,-11.0458,-24.2881,74.3812,-91.4659
2002-12-24,13.3466,-0.4826,-0.2708,-3.023,3.1526,-11.4375,-24.7348,74.0222,-91.5071
2002-12-26,13.3919,0.3395,0.2123,-2.5114,1.5328,-12.5142,-24.75,74.2735,-91.4783
2002-12-27,13.133,-1.9333,-1.0099,-3.033,3.5102,-14.1337,-26.1783,72.8376,-91.6431
2002-12-30,13.2042,0.5421,-2.0173,-5.0349,5.0843,-11.706,-26.2015,73.2325,-91.5977
2002-12-31,13.3272,0.9313,-0.6275,-3.9281,1.6372,-9.4864,-24.573,73.9145,-91.5195
2003-01-02,13.6702,2.5741,2.4248,-2.0912,7.9636,-7.2777,-22.6315,75.8171,-91.3012
2003-01-03,13.7155,0.3315,2.4166,-0.1086,9.2097,-10.6621,-22.347,76.0684,-91.2724
2003-01-06,13.8385,0.8966,5.3721,1.1189,13.1467,-8.3293,-21.679,76.7505,-91.1941
2003-01-07,13.7608,-0.5613,4.2157,1.6027,15.615,-6.5004,-21.5807,76.3197,-91.2435
2003-01-08,13.5926,-1.223,1.9913,0.4079,13.3428,-5.3339,-22.3138,75.3864,-91.3506
2003-01-09,13.7673,1.2857,0.7102,3.3201,18.8181,-4.2451,-20.8824,76.3556,-91.2394
2003-01-10,13.7414,-0.188,0.1887,2.2858,14.6458,-4.1258,-20.2122,76.212,-91.2559
2003-01-13,13.7155,-0.1884,-0.8887,1.5578,9.3779,-3.573,-19.0432,76.0684,-91.2724
2003-01-14,13.7414,0.1887,-0.1411,2.1389,10.2067,-1.3449,-17.9638,76.212,-91.2559
2003-01-15,13.5472,-1.4131,-0.3333,2.4605,3.6208,-3.8895,-19.2153,75.1351,-91.3795
2003-01-16,13.4696,-0.5733,-2.1626,-0.5951,5.6272,-1.5746,-16.864,74.7043,-91.4289
2003-01-17,13.3725,-0.7208,-2.6848,-0.0774,1.6834,0.8345,-17.787,74.1658,-91.4907
2003-01-21,13.0424,-2.4686,-4.908,-2.4032,-0.6809,1.5875,-20.3785,72.335,-91.7007
2003-01-22,12.7964,-1.8859,-6.877,-3.5469,-5.4282,1.9636,-22.3337,70.9709,-91.8572
2003-01-23,13.0294,1.8209,-3.8223,-3.3142,-2.3591,-1.4664,-20.5194,72.2632,-91.709
2003-01-24,12.6281,-3.0799,-6.247,-5.8398,-6.3154,-4.5937,-23.6507,70.0375,-91.9643
2003-01-27,12.531,-0.7688,-6.2924,-6.1106,-5.0403,-6.8171,-25.2751,69.4991,-92.0261
2003-01-28,12.6087,0.6198,-3.3251,-5.8482,-5.6484,-11.7524,-24.7547,69.9298,-91.9767
2003-01-29,12.6217,0.1027,-1.3657,-3.8935,-4.2134,-12.6807,-21.6968,70.0017,-91.9684
2003-01-30,12.4016,-1.7436,-4.8187,-6.0784,-5.0954,-14.0507,-23.9053,68.7811,-92.1085
2003-01-31,12.6087,1.6702,-0.1538,-5.3909,-3.6053,-10.6292,-23.8269,69.9298,-91.9767
2003-02-03,12.7188,0.8727,1.4979,-6.9602,-3.5238,-6.4474,-22.5653,70.5401,-91.9067
2003-02-04,12.6087,-0.8651,0.0,-8.0698,-5.6029,-4.0898,-19.6793,69.9298,-91.9767
2003-02-05,12.6217,0.1027,0.0,-8.7932,-5.5969,-7.1615,-18.4704,70.0017,-91.9684
2003-02-06,12.5181,-0.8206,0.9394,-9.0311,-7.2646,-10.1691,-19.7347,69.4272,-92.0343
2003-02-07,12.3951,-0.9825,-1.6941,-8.8096,-9.8522,-13.5578,-21.4549,68.7452,-92.1126
2003-02-10,12.4081,0.1045,-2.4428,-9.873,-7.7719,-14.1204,-21.8467,68.817,-92.1044
2003-02-11,12.2786,-1.0433,-2.6181,-10.6453,-7.3599,-14.0242,-24.3043,68.099,-92.1867
2003-02-12,12.175,-0.8435,-3.5385,-11.2317,-6.3678,-12.7112,-24.2877,67.5246,-92.2526
2003-02-13,12.0197,-1.2759,-3.9814,-12.5294,-7.6082,-15.6477,-26.0458,66.6631,-92.3515
2003-02-14,12.298,2.3156,-0.7833,-9.2212,-5.2814,-14.3879,-24.5997,68.2067,-92.1744
2003-02-18,12.434,1.1053,0.2087,-7.6887,-5.5457,-13.3644,-23.2259,68.9606,-92.0879
2003-02-19,12.4922,0.4686,1.7396,-6.5828,-5.1031,-14.972,-22.6529,69.2837,-92.0508
2003-02-20,12.4275,-0.5182,2.0734,-4.7146,-4.8973,-15.0045,-24.1619,68.9247,-92.092
2003-02-21,12.6217,1.5625,5.0081,-1.3657,-3.5538,-13.9407,-22.6759,70.0017,-91.9684
2003-02-24,12.2009,-3.3334,-0.7895,-6.3586,-8.1245,-17.9927,-25.9766,67.6682,-92.2362
2003-02-25,12.3951,1.5915,-0.3124,-1.8453,-10.3558,-14.7022,-26.7268,68.7452,-92.1126
2003-02-26,12.298,-0.7833,-1.5545,-1.8595,-10.642,-16.4032,-27.5738,68.2067,-92.1744
2003-02-27,12.3822,0.6842,-0.3646,-1.7968,-9.862,-15.091,-27.9445,68.6734,-92.1208
2003-02-28,12.4145,0.2614,-1.6411,-1.6411,-8.3377,-13.1893,-26.8327,68.8529,-92.1002
2003-03-03,12.3628,-0.4171,1.3262,-0.3132,-11.0866,-12.8873,-28.7974,68.5657,-92.1332
2003-03-04,12.1362,-1.8325,-2.0888,-3.7475,-12.5134,-14.5609,-32.4115,67.3092,-92.2773
2003-03-05,12.2333,0.8,-0.5263,-3.8168,-12.3827,-10.7757,-31.013,67.8477,-92.2156
2003-03-06,12.1427,-0.7408,-1.9341,-3.6961,-11.5639,-12.298,-33.5324,67.3451,-92.2732
2003-03-07,12.188,0.3731,-1.8248,-3.4359,-10.9416,-10.3936,-32.4829,67.5964,-92.2444
2003-03-10,11.8773,-2.5491,-3.9266,-5.1189,-12.3043,-13.7754,-34.6427,65.8734,-92.4421
2003-03-11,11.6572,-1.8529,-3.9466,-5.953,-13.8883,-16.0763,-35.9885,64.6528,-92.5821
2003-03-12,11.7932,1.166,-3.5979,-4.9557,-11.4954,-16.0282,-35.1058,65.4066,-92.4956
2003-03-13,12.1362,2.9089,-0.0533,-1.1598,-9.6628,-13.5856,-32.2912,67.3092,-92.2773
2003-03-14,12.3304,1.6,1.1683,1.2759,-8.6987,-10.9835,-31.2812,68.3862,-92.1538
2003-03-17,12.6799,2.8347,6.7575,5.4928,-5.7512,-6.2021,-29.3887,70.3247,-91.9314
2003-03-18,12.8482,1.3272,10.2166,4.4737,-2.8265,-5.8947,-28.17,71.2581,-91.8243
2003-03-19,12.9259,0.6045,9.6048,3.9562,-4.6077,-3.3279,-28.5029,71.6888,-91.7749
2003-03-20,12.9194,-0.0501,6.4533,3.4196,-3.463,-3.2371,-27.7462,71.6529,-91.779
2003-03-21,13.3716,3.5004,8.4445,7.5972,0.0605,2.1618,-23.688,74.161,-91.4912
2003-03-24,12.8973,-3.5472,1.7145,2.1839,-2.7864,-1.8338,-25.9624,71.5304,-91.793
2003-03-25,12.9233,0.2015,0.5845,5.9206,-4.1017,-0.3668,-24.6229,71.6746,-91.7765
2003-03-26,12.9233,0.0,-0.0199,4.2613,-3.6389,1.8058,-25.098,71.6746,-91.7765
2003-03-27,12.8908,-0.2514,-0.2212,4.8202,-3.4149,-0.37,-25.7817,71.4944,-91.7972
2003-03-28,12.7479,-1.1089,-4.6648,2.9534,-4.8091,-3.3501,-26.8472,70.7016,-91.8881
2003-03-31,12.5465,-1.58,-2.7204,1.0626,-4.4662,-1.1128,-27.9765,69.5845,-92.0163
2003-04-01,12.7219,1.3982,-1.5586,2.9049,-3.6527,1.2459,-26.2655,70.5575,-91.9047
2003-04-02,13.0078,2.2472,0.6536,7.1815,-2.3966,-0.7987,-23.5598,72.143,-91.7227
2003-04-03,12.9948,-0.0999,0.8064,6.2246,-4.9411,2.629,-24.2343,72.071,-91.731
2003-04-04,13.0273,0.2499,2.1916,7.2848,-5.0183,3.7293,-24.3834,72.2511,-91.7103
2003-04-07,13.1247,0.7482,4.609,7.6857,-5.158,7.3105,-24.4071,72.7917,-91.6483
2003-04-08,13.0727,-0.3961,2.7579,10.0648,-5.0005,9.8337,-24.6511,72.5034,-91.6814
2003-04-09,12.9168,-1.1928,-0.6994,10.805,-4.9715,7.708,-27.24,71.6385,-91.7806
2003-04-10,12.9363,0.1509,-0.45,9.6932,-6.0362,11.646,-24.7157,71.7466,-91.7682
2003-04-11,12.9558,0.1507,-0.5486,6.7532,-5.7173,8.0911,-24.4898,71.8548,-91.7558
2003-04-14,13.1767,1.7051,0.3961,6.8637,-3.9286,5.0808,-22.392,73.08,-91.6152
2003-04-15,13.2872,0.8382,1.6402,4.789,-3.3058,6.5634,-23.1032,73.6926,-91.545
2003-04-16,13.1052,-1.3692,1.4587,2.0004,-3.2629,0.2398,-23.6188,72.6835,-91.6607
2003-04-17,13.3196,1.6361,2.9633,3.0464,-1.1132,4.4513,-21.786,73.8727,-91.5243
2003-04-21,13.2027,-0.878,1.9057,2.1928,-1.2698,0.3922,-22.0333,73.2241,-91.5987
2003-04-22,13.599,3.0019,3.2051,1.7006,4.2679,3.5579,-18.398,75.4222,-91.3465
2003-04-23,13.7095,0.8123,3.1785,6.2972,7.1353,1.3198,-17.5771,76.0349,-91.2762
2003-04-24,13.5795,-0.9478,3.6193,5.0779,4.222,1.7634,-17.6616,75.3142,-91.3589
2003-04-25,13.4756,-0.7656,1.1708,4.2735,6.7108,-0.0284,-17.2974,74.7376,-91.4251
2003-04-28,13.716,1.784,3.8878,6.4012,9.4561,3.9392,-14.9538,76.0709,-91.2721
2003-04-29,13.755,0.2842,1.1467,7.9001,9.0909,2.929,-12.8099,76.2871,-91.2473
2003-04-30,13.9044,1.0864,1.4218,10.8234,10.163,5.5213,-14.2955,77.1159,-91.1522
2003-05-01,13.6965,-1.4953,0.8612,7.6609,10.4413,4.8139,-15.8425,75.9628,-91.2845
2003-05-02,13.8849,1.3757,3.0376,6.7432,10.1215,6.1513,-14.9855,77.0078,-91.1646
2003-05-05,13.8394,-0.3276,0.9,6.5,8.8112,4.977,-15.2972,76.7556,-91.1935
2003-05-06,13.8784,0.2817,0.8975,6.5337,10.07,3.9029,-12.5945,76.9718,-91.1687
2003-05-07,13.8589,-0.1405,-0.3271,5.594,9.8026,3.6571,-12.7876,76.8637,-91.1811
2003-05-08,13.729,-0.9376,0.2372,5.0199,9.673,1.7058,-17.0451,76.143,-91.2638
2003-05-09,13.9369,1.5144,0.3744,7.8974,12.4386,1.3609,-14.3317,77.2961,-91.1315
2003-05-12,14.0409,0.7459,1.4554,8.5385,13.1591,4.3645,-12.3834,77.8727,-91.0654
2003-05-13,13.9954,-0.3239,0.8427,8.0241,13.9817,5.5927,-13.2215,77.6204,-91.0943
2003-05-14,13.9499,-0.325,0.6563,5.8678,14.5776,7.2815,-15.3832,77.3681,-91.1232
2003-05-15,14.0993,1.0713,2.6976,6.1125,17.3018,8.3772,-14.8073,78.197,-91.0281
2003-05-16,14.0344,-0.4608,0.6993,7.0898,14.1187,8.0917,-15.7211,77.8366,-91.0695
2003-05-19,13.6705,-2.5926,-2.6377,2.6341,9.9449,3.8477,-18.6251,75.8186,-91.301
2003-05-20,13.7485,0.5703,-1.7642,4.1338,10.0563,4.44,-17.5013,76.2511,-91.2514
2003-05-21,13.6705,-0.5671,-2.0028,0.5256,10.0021,4.615,-16.6899,75.8186,-91.301
2003-05-22,13.7745,0.7605,-2.3042,0.4739,9.1334,5.255,-16.4149,76.3952,-91.2349
2003-05-23,13.8264,0.3774,-1.4815,1.8182,13.3227,4.1159,-17.6342,76.6835,-91.2018
2003-05-27,14.1643,2.4436,3.6122,5.1108,14.2732,2.4393,-14.6786,78.5573,-90.9868
2003-05-28,14.1123,-0.3669,2.6465,2.8896,14.7528,2.5408,-14.0309,78.2691,-91.0199
2003-05-29,13.9564,-1.105,2.0913,1.4644,12.7136,1.5978,-14.009,77.4042,-91.1191
2003-05-30,14.2813,2.3277,3.6793,2.7103,15.0366,5.4451,-11.6242,79.206,-90.9124
2003-06-02,14.4242,1.0008,4.3233,5.3131,16.6746,3.7393,-11.4756,79.9987,-90.8214
2003-06-03,14.4437,0.1351,1.9725,4.0243,19.0131,4.1205,-7.884,80.1068,-90.809
2003-06-04,14.6321,1.3046,3.6833,5.7277,19.6089,4.7981,-5.9145,81.1519,-90.6891
2003-06-05,14.6711,0.2664,5.121,5.7116,20.8225,6.8508,-7.2285,81.3681,-90.6643
2003-06-06,14.7945,0.8414,3.5941,6.7511,21.3862,8.1046,-4.1605,82.0528,-90.5858
2003-06-09,14.5996,-1.3175,1.2162,6.3417,22.9203,7.7958,-5.4232,80.9717,-90.7098
2003-06-10,14.6776,0.534,1.6194,5.3146,25.9097,8.423,-5.6609,81.4041,-90.6602
2003-06-11,14.97,1.9921,2.309,6.6173,26.9378,12.3458,-2.6204,83.0257,-90.4741
2003-06-12,15.009,0.2604,2.3029,7.2423,23.6709,11.7208,-2.3262,83.242,-90.4493
2003-06-13,14.8465,-1.0823,0.3513,6.4276,20.406,9.9322,-3.1413,82.341,-90.5527
2003-06-16,15.2039,2.4071,4.1389,7.8341,19.9053,13.0093,-0.3106,84.323,-90.3253
2003-06-17,15.2104,0.0427,3.63,8.3796,18.3852,15.0391,-2.9943,84.3591,-90.3211
2003-06-18,15.1324,-0.5126,1.0851,10.6939,17.0707,11.6765,-4.3887,83.9266,-90.3708
2003-06-19,14.853,-1.8463,-1.039,8.0341,14.9669,10.9856,-5.4277,82.3771,-90.5485
2003-06-20,14.9247,0.4822,0.5263,9.1742,11.6144,11.6819,-4.2304,82.7744,-90.503
2003-06-23,14.7423,-1.2217,-3.0359,7.0265,14.3054,11.1203,-2.9606,81.7631,-90.619
2003-06-24,14.7488,0.0443,-3.0343,6.6713,14.126,9.4448,-4.2514,81.7993,-90.6148
2003-06-25,14.5209,-1.5453,-4.0409,2.5178,12.3624,8.2737,-3.6861,80.5353,-90.7599
2003-06-26,14.6967,1.2107,-1.0522,4.1412,14.0094,10.116,-2.4785,81.5103,-90.648
2003-06-27,14.5535,-0.9747,-2.4869,4.2784,14.1641,8.6738,-4.9259,80.7159,-90.7391
2003-06-30,14.5795,0.1789,-1.1042,2.0886,16.2045,11.0145,-4.6759,80.8603,-90.7226
2003-07-01,14.6121,0.2233,-0.9272,1.3027,14.858,10.6625,-2.2917,81.0409,-90.7019
2003-07-02,14.6512,0.2674,0.8969,1.4365,12.6339,9.9345,-0.4943,81.2576,-90.677
2003-07-03,14.6381,-0.0889,-0.3987,0.0412,12.6464,7.0805,-0.7126,81.1853,-90.6853
2003-07-07,14.8335,1.3345,1.9239,1.1069,13.865,8.151,-3.3802,82.2687,-90.561
2003-07-08,14.9442,0.7463,2.5011,1.0115,13.8629,7.9898,-1.005,82.8827,-90.4905
2003-07-09,14.7814,-1.0894,1.1586,1.245,13.0704,7.4163,0.4338,81.9798,-90.5941
2003-07-10,14.5861,-1.3215,-0.4444,-0.6236,12.9231,7.3091,1.5853,80.8964,-90.7184
2003-07-11,14.7358,1.0268,0.6673,-1.5642,13.9107,7.0348,2.4911,81.7271,-90.6231
2003-07-14,14.6837,-0.3535,-1.0096,-2.1669,13.3372,6.8574,2.4487,81.4382,-90.6563
2003-07-15,14.5926,-0.6209,-2.353,-1.7106,10.7451,6.3943,2.5929,80.9325,-90.7143
2003-07-16,14.56,-0.2231,-1.4977,-4.235,9.5795,5.957,4.532,80.752,-90.735
2003-07-17,14.5209,-0.2683,-0.4465,-4.5327,10.8027,7.1873,3.0183,80.5353,-90.7599
2003-07-18,14.7163,1.3453,-0.1326,-2.75,10.4856,9.2556,7.5353,81.6187,-90.6356
2003-07-21,14.6512,-0.4424,-0.2218,-1.3591,10.9711,9.562,10.4763,81.2576,-90.677
2003-07-22,14.8335,1.2444,1.651,-0.6109,9.0776,13.7329,15.5384,82.2687,-90.561
2003-07-23,14.7879,-0.3073,1.5652,0.3092,7.8662,15.5628,17.832,82.0159,-90.59
2003-07-24,14.7879,0.0,1.8385,0.2648,8.8984,13.4961,11.8318,82.0159,-90.59
2003-07-25,15.12,2.2457,2.7434,4.1255,12.2029,19.7326,14.2325,83.8578,-90.3787
2003-07-28,15.133,0.0862,3.2889,2.9686,10.3313,20.7642,12.5317,83.93,-90.3704
2003-07-29,14.9247,-1.3769,0.6146,2.5503,8.5038,18.3677,4.4567,82.7744,-90.503
2003-07-30,14.9247,0.0,0.9248,2.3671,7.3376,18.2463,3.2518,82.7744,-90.503
2003-07-31,15.0614,0.9163,1.8495,3.0749,9.9655,21.4474,4.3831,83.5328,-90.4159
2003-08-01,14.9442,-0.7782,-1.1627,2.0,7.629,18.5227,5.9247,82.8827,-90.4905
2003-08-04,14.9767,0.2178,-1.0327,2.3131,8.2179,17.7532,10.1612,83.0633,-90.4698
2003-08-05,14.7228,-1.6956,-1.3525,-0.7462,6.0841,16.7668,11.9912,81.6548,-90.6314
2003-08-06,14.6967,-0.177,-1.5271,-1.6558,6.0453,16.4406,8.1017,81.5103,-90.648
2003-08-07,14.7879,0.6203,-1.8159,0.0441,7.7131,18.1322,6.1192,82.0159,-90.59
2003-08-08,14.8074,0.1321,-0.9151,1.5178,6.2464,19.462,3.2656,82.1243,-90.5776
2003-08-11,14.9247,0.7916,-0.3478,1.2815,6.2945,20.2819,3.2976,82.7744,-90.503
2003-08-12,15.0679,0.9598,2.3441,2.6163,7.6635,22.7167,5.5067,83.5689,-90.4118
2003-08-13,15.0158,-0.3458,2.171,2.9004,7.6411,23.3326,7.6556,83.2799,-90.445
2003-08-14,15.1916,1.1709,2.7301,4.3381,7.7472,26.3894,6.6124,84.2551,-90.3331
2003-08-15,15.3349,0.9429,3.562,5.6053,9.2667,24.6938,6.7529,85.0495,-90.2419
2003-08-18,15.5628,1.4862,4.2757,5.7522,13.8422,25.1637,8.4363,86.3136,-90.0969
2003-08-19,15.654,0.5857,3.8893,6.8444,13.8596,25.3097,6.5483,86.8192,-90.0389
2003-08-20,15.5628,-0.5823,3.6427,4.9166,13.8422,25.2288,6.4389,86.3136,-90.0969
2003-08-21,15.7451,1.1715,3.6433,6.4729,14.3066,24.7467,7.3561,87.3248,-89.9809
2003-08-22,15.5954,-0.9512,1.6986,5.4602,12.7937,27.8209,4.8225,86.4942,-90.0762
2003-08-25,15.4521,-0.9186,-0.7113,2.1964,9.0918,24.6628,6.3346,85.6996,-90.1673
2003-08-26,15.5433,0.59,-0.7071,2.7109,10.1396,26.3882,5.6565,86.2053,-90.1093
2003-08-27,15.5302,-0.0838,-0.2092,4.0576,11.2768,25.4241,6.4963,86.133,-90.1176
2003-08-28,15.654,0.7966,-0.579,4.8865,9.6119,26.0937,9.4628,86.8192,-90.0389
2003-08-29,15.6474,-0.0416,0.334,3.891,8.4806,26.5693,10.2578,86.7831,-90.043
2003-09-02,15.8753,1.4565,2.7392,6.2309,9.912,30.8098,11.7627,88.0471,-89.898
2003-09-03,16.0056,0.8204,2.9745,6.8696,9.3867,30.8362,16.7378,88.7694,-89.8151
2003-09-04,15.9926,-0.0814,2.977,8.6245,9.0072,31.7053,15.5082,88.6971,-89.8234
2003-09-05,15.8167,-1.0994,1.0399,7.6207,6.9093,29.7731,16.285,87.722,-89.9353
2003-09-08,15.8949,0.4941,1.5814,7.4858,8.8719,33.8257,15.3906,88.1554,-89.8856
2003-09-09,15.7256,-1.0652,-0.9434,6.2005,7.1401,34.8998,13.2128,87.2164,-89.9933
2003-09-10,15.5433,-1.1594,-2.8885,4.1449,3.8296,31.7989,10.6739,86.2053,-90.1093
2003-09-11,15.6735,0.8379,-1.9951,4.019,4.4276,29.1465,11.6012,86.9275,-90.0265
2003-09-12,15.667,-0.0416,-0.9469,4.3366,5.5263,27.0599,13.1042,86.8914,-90.0306
2003-09-15,15.6865,0.1247,-1.311,3.2576,3.1743,23.7115,16.0388,86.9997,-90.0182
2003-09-16,15.8884,1.2869,1.0352,3.6094,4.4574,23.6622,16.3727,88.1193,-89.8897
2003-09-17,15.8233,-0.4099,1.8014,1.6736,4.5653,22.4154,18.3415,87.7581,-89.9312
2003-09-18,16.0121,1.1935,2.1604,2.2879,7.8036,23.9384,19.9264,88.8055,-89.811
2003-09-19,15.9448,-0.4204,1.7732,2.4545,6.8352,19.2435,21.8213,88.4322,-89.8538
2003-09-22,15.7357,-1.3115,0.3134,-0.0599,6.7381,22.0074,19.77,87.2724,-89.9869
2003-09-23,15.7945,0.3737,-0.591,1.2768,7.0896,22.217,21.7688,87.5985,-89.9495
2003-09-24,15.4874,-1.9445,-2.1228,0.2282,6.6554,19.8405,22.0046,85.8952,-90.1449
2003-09-25,15.3697,-0.7595,-4.0117,-1.1164,4.5792,19.2301,18.7889,85.2429,-90.2197
2003-09-26,15.2064,-1.063,-4.6312,-2.0854,4.486,19.2855,15.2893,84.3368,-90.3237
2003-09-29,15.3632,1.0314,-2.3671,-1.8573,5.3751,22.4506,21.088,85.2066,-90.2239
2003-09-30,15.2194,-0.9358,-3.6408,-2.7354,4.1564,19.6319,21.1224,84.4092,-90.3154
2003-10-01,15.52,1.9751,0.211,-2.2382,5.9304,19.3135,18.3606,86.0764,-90.1241
2003-10-02,15.5919,0.4632,1.4456,-2.5846,6.5157,19.986,23.1405,86.4751,-90.0784
2003-10-03,15.7487,1.0058,3.5668,-1.5246,6.1702,20.8907,25.3991,87.3449,-89.9786
2003-10-06,15.7553,0.0415,2.552,-0.3886,5.4274,20.0428,28.8185,87.3811,-89.9744
2003-10-07,15.8337,0.4977,4.0361,-0.385,7.1191,21.12,33.0305,87.8161,-89.9245
2003-10-08,15.7618,-0.454,1.5579,0.2304,8.0608,22.0257,31.4314,87.4174,-89.9703
2003-10-09,15.8664,0.6634,1.7603,2.0788,7.6722,22.6501,36.9339,87.9973,-89.9037
2003-10-10,15.7749,-0.5766,0.166,0.6469,7.4311,21.7594,31.6111,87.4899,-89.9619
2003-10-13,15.8402,0.4142,0.5392,1.1058,8.5501,20.2139,26.3218,87.8523,-89.9204
2003-10-14,15.9187,0.4951,0.5366,1.4799,9.3314,19.8048,27.6681,88.2873,-89.8705
2003-10-15,15.9448,0.1642,1.1609,0.3551,9.8055,21.6674,21.9592,88.4322,-89.8538
2003-10-16,15.9513,0.041,0.5354,0.8094,8.3924,19.7579,25.0887,88.4684,-89.8497
2003-10-17,15.8402,-0.6964,0.4142,-1.0734,8.1158,19.9773,20.4478,87.8523,-89.9204
2003-10-20,15.8794,0.2475,0.2475,-0.4099,7.0512,16.7689,20.9235,88.0697,-89.8954
2003-10-21,15.8533,-0.1646,-0.4106,0.7475,7.2045,15.6375,17.1637,87.9248,-89.912
2003-10-22,15.6703,-1.1542,-1.7213,-0.7861,5.9672,15.3966,17.4314,86.91,-90.0285
2003-10-23,15.7095,0.2502,-1.5158,1.4346,3.899,16.5778,16.5446,87.1274,-90.0035
2003-10-24,15.7161,0.0416,-0.7838,2.2534,3.8528,14.5821,19.0957,87.1637,-89.9994
2003-10-27,15.7226,0.0416,-0.9876,3.3949,5.3465,14.305,17.653,87.1999,-89.9952
2003-10-28,15.9056,1.1637,0.3298,3.5304,6.5725,14.3924,20.7084,88.2147,-89.8788
2003-10-29,16.0101,0.6573,2.1685,5.1953,6.299,16.8922,22.5193,88.7946,-89.8122
2003-10-30,16.1343,0.7756,2.7039,3.9579,7.9637,16.2002,23.3481,89.4832,-89.7332
2003-10-31,16.1604,0.162,2.8275,3.6463,7.9036,16.771,22.5827,89.6282,-89.7166
2003-11-03,16.2389,0.4852,3.2835,3.1121,10.2974,17.008,21.5747,90.0631,-89.6667
2003-11-04,16.2846,0.2817,2.3829,3.3596,10.8041,17.5026,21.7997,90.3168,-89.6376
2003-11-05,16.2715,-0.0802,1.6327,2.7652,10.0327,18.5196,20.5413,90.2443,-89.6459
2003-11-06,16.3565,0.5221,1.3771,3.7728,10.4612,17.361,18.9582,90.7155,-89.5919
2003-11-07,16.2977,-0.3596,0.8492,2.7183,9.1996,16.0732,21.1393,90.3893,-89.6293
2003-11-10,16.1474,-0.9222,-0.5634,2.3612,7.1639,15.3765,21.8292,89.5557,-89.7249
2003-11-11,16.0886,-0.3642,-1.2038,1.5677,7.1441,15.3311,23.729,89.2295,-89.7623
2003-11-12,16.3499,1.6247,0.4819,2.7093,7.6247,15.9626,25.677,90.6792,-89.596
2003-11-13,16.3434,-0.04,-0.0799,2.5,6.5767,16.4529,25.8759,90.643,-89.6002
2003-11-14,16.2192,-0.7597,-0.4812,1.6796,4.2181,18.6441,23.2092,89.9544,-89.6792
2003-11-17,16.1735,-0.282,0.1619,2.104,3.319,17.6386,22.8618,89.7007,-89.7083
2003-11-18,16.0951,-0.485,0.0405,1.358,3.4202,17.7358,23.1694,89.2657,-89.7582
2003-11-19,16.2389,0.8933,-0.6794,2.432,3.1358,17.8911,24.0863,90.0631,-89.6667
2003-11-20,16.1212,-0.7243,-1.3594,2.8775,3.372,16.5971,21.3961,89.4108,-89.7415
2003-11-21,16.1343,0.081,-0.5237,2.7039,4.415,13.9082,16.6868,89.4832,-89.7332
2003-11-24,16.3303,1.215,0.9697,3.9085,5.0638,15.7168,18.657,90.5705,-89.6085
2003-11-25,16.461,0.8003,2.2737,4.6966,5.9935,17.9462,19.8308,91.2954,-89.5253
2003-11-26,16.461,0.0,1.3682,3.4922,5.1558,15.2632,21.5394,91.2954,-89.5253
2003-11-28,16.4806,0.1191,2.2294,2.9388,5.3248,14.2569,18.5294,91.4041,-89.5128
2003-12-01,16.7224,1.4671,3.6452,3.6452,5.3358,15.7767,20.5474,92.7451,-89.359
2003-12-02,16.6898,-0.1954,2.2009,3.2754,4.2745,14.0625,19.5353,92.5639,-89.3798
2003-12-03,16.7028,0.0783,1.4688,2.8571,4.4412,13.8484,21.648,92.6363,-89.3715
2003-12-04,16.7551,0.313,1.7864,2.8893,5.9327,13.2519,22.4305,92.9263,-89.3382
2003-12-05,16.6309,-0.7411,0.912,2.2088,4.6307,13.9135,22.7939,92.2377,-89.4172
2003-12-08,16.7812,0.9037,0.3517,2.5969,6.713,14.3324,23.9625,93.0713,-89.3216
2003-12-09,16.7812,0.0,0.5481,2.9671,7.9647,12.0993,25.9388,93.0713,-89.3216
2003-12-10,16.7486,-0.1947,0.2739,3.7232,6.8592,11.5904,24.6697,92.8901,-89.3424
2003-12-11,17.0099,1.5606,1.521,5.727,8.572,14.5719,25.9515,94.3397,-89.176
2003-12-12,17.0361,0.1537,2.4361,4.1966,8.6034,12.0508,26.6278,94.4847,-89.1594
2003-12-15,17.0557,0.1152,1.6355,4.3583,7.347,12.132,28.9956,94.5935,-89.1469
2003-12-16,17.1603,0.613,2.2586,5.8018,8.4496,13.4006,26.6419,95.1733,-89.0804
2003-12-17,17.1799,0.1143,2.5751,6.2222,7.293,15.6657,28.3722,95.2821,-89.0679
2003-12-18,17.3759,1.1411,2.1514,7.9579,8.9754,16.4242,30.0247,96.3694,-88.9432
2003-12-19,17.389,0.0755,2.0717,7.0828,10.507,17.9531,31.0699,96.4421,-88.9348
2003-12-22,17.4941,0.6043,2.5705,8.5159,10.7609,18.6134,29.8163,97.025,-88.8679
2003-12-23,17.5335,0.2252,2.1751,8.6722,13.2117,20.7464,30.7365,97.2434,-88.8429
2003-12-24,17.4678,-0.3745,1.6762,6.9656,13.6509,18.8552,30.8785,96.8792,-88.8847
2003-12-26,17.435,-0.1879,0.3401,5.9168,14.656,19.7994,30.1906,96.6972,-88.9056
2003-12-29,17.6583,1.2806,1.5484,7.2732,14.9388,21.1168,34.4573,97.9354,-88.7635
2003-12-30,17.5532,-0.595,0.3378,6.508,15.3342,20.1279,32.9365,97.3527,-88.8303
2003-12-31,17.5729,0.1122,0.2247,5.0858,13.2273,19.942,31.8577,97.462,-88.8178
2004-01-02,17.5598,-0.0748,0.5263,5.2128,12.621,19.959,28.4526,97.3891,-88.8262
2004-01-05,17.7305,0.9724,1.6949,6.1528,12.5837,19.5303,29.2732,98.3361,-88.7175
2004-01-06,17.7042,-0.1482,0.2603,5.6647,12.3702,18.469,27.9345,98.1903,-88.7342
2004-01-07,17.7305,0.1484,1.0101,6.6116,11.9796,19.9516,28.8475,98.3361,-88.7175
2004-01-08,17.8421,0.6296,1.5321,6.322,13.1986,22.3233,31.2641,98.9552,-88.6465
2004-01-09,17.6648,-0.9937,0.5984,5.2654,11.3351,19.8769,28.31,97.9719,-88.7593
2004-01-12,17.7239,0.3345,-0.0371,5.8236,12.3554,20.7046,28.9818,98.2996,-88.7217
2004-01-13,17.6517,-0.4075,-0.2967,3.7728,11.4359,20.9637,28.6986,97.899,-88.7677
2004-01-14,17.8947,1.3765,0.9259,5.0399,12.4133,22.903,30.2244,99.2466,-88.613
2004-01-15,17.9209,0.1468,0.4417,5.0731,12.3938,23.4146,32.2848,99.3923,-88.5963
2004-01-16,18.2559,1.8688,3.3457,6.3845,14.4473,24.0521,35.5339,101.2497,-88.3832
2004-01-20,18.0326,-1.223,1.7414,4.9635,13.8404,23.0795,34.8483,100.0114,-88.5253
2004-01-21,18.1573,0.6919,2.8646,4.4973,14.3451,22.4078,39.218,100.7034,-88.4459
2004-01-22,18.072,-0.4701,0.9908,3.9276,13.9951,22.2079,41.2268,100.2299,-88.5002
2004-01-23,18.0063,-0.3633,0.4764,2.9279,14.9072,21.7639,38.1972,99.8658,-88.542
2004-01-26,18.2362,1.2764,-0.1079,4.0075,16.0834,20.6095,44.4089,101.1404,-88.3958
2004-01-27,18.0588,-0.9723,0.1456,3.3834,14.9068,19.334,44.1128,100.157,-88.5086
2004-01-28,17.7765,-1.5636,-2.0976,1.9585,13.0632,19.1081,40.9856,98.591,-88.6883
2004-01-29,17.783,0.0369,-1.5989,0.7065,11.8037,19.1521,40.8929,98.6274,-88.6841
2004-01-30,17.7502,-0.1846,-1.4224,1.1223,10.8686,17.8522,43.1284,98.4453,-88.705
2004-02-02,17.7174,-0.1849,-2.8448,0.8221,9.8118,18.5569,40.5168,98.2632,-88.7259
2004-02-03,17.6517,-0.3707,-2.2545,0.5236,9.2279,17.8607,38.7849,97.899,-88.7677
2004-02-04,17.5663,-0.4836,-1.1821,-0.9259,8.1747,19.3139,39.319,97.4255,-88.822
2004-02-05,17.7305,0.9346,-0.2953,0.1484,8.879,20.6425,40.4768,98.3361,-88.7175
2004-02-06,17.8093,0.4444,0.333,0.4444,9.4507,20.4316,42.2685,98.7731,-88.6674
2004-02-09,17.7633,-0.2581,0.2594,-0.4417,8.6012,19.9622,43.3092,98.5181,-88.6966
2004-02-10,17.7502,-0.074,0.558,0.4832,8.9125,18.9321,43.0537,98.4453,-88.705
2004-02-11,17.9472,1.11,2.1683,1.2598,11.1464,19.1089,46.1665,99.538,-88.5796
2004-02-12,17.9341,-0.0732,1.1482,1.5997,11.4711,19.4347,47.302,99.4651,-88.588
2004-02-13,17.8487,-0.4761,0.2212,-0.2569,9.1668,17.4904,48.4954,98.9916,-88.6423
2004-02-17,17.9866,0.7726,1.2569,0.3664,10.0543,17.2922,46.2561,99.7565,-88.5545
2004-02-18,17.8947,-0.5111,0.814,-1.9784,10.33,14.9838,43.9179,99.2466,-88.613
2004-02-19,17.7568,-0.7707,-1.0611,-1.5295,9.7893,13.4332,42.1427,98.4817,-88.7008
2004-02-20,17.7239,-0.1849,-1.1718,-2.387,10.1202,13.8866,42.6188,98.2996,-88.7217
2004-02-23,17.6583,-0.3704,-1.0669,-2.2892,8.7409,12.1508,39.9045,97.9354,-88.7635
2004-02-24,17.6583,0.0,-1.8255,-1.9329,9.5343,13.2278,44.7288,97.9354,-88.7635
2004-02-25,17.6123,-0.2603,-1.578,-3.4209,9.1606,13.9801,42.0907,97.6805,-88.7927
2004-02-26,17.6254,0.0745,-0.7397,-2.4,7.9306,13.396,43.3192,97.7533,-88.7844
2004-02-27,17.6189,-0.0372,-0.5927,-0.8866,7.0339,13.4489,42.2923,97.7169,-88.7885
2004-03-01,17.7108,0.5218,0.2975,-0.4061,7.5923,13.1395,42.6619,98.2268,-88.73
2004-03-02,17.6517,-0.3337,-0.0372,-0.5549,7.1057,12.8088,42.7813,97.899,-88.7677
2004-03-03,17.6451,-0.0372,0.1864,-0.4077,5.5178,11.148,45.3925,97.8626,-88.7718
2004-03-04,17.7108,0.3722,0.4844,0.3348,6.1178,10.6539,44.7754,98.2268,-88.73
2004-03-05,17.7502,0.2224,0.7453,1.0467,6.2707,10.9904,46.1802,98.4453,-88.705
2004-03-08,17.4481,-1.7017,-1.4831,-1.5926,4.1363,10.3144,43.1584,96.77,-88.8972
2004-03-09,17.3299,-0.6775,-1.8229,-2.6918,4.2029,9.0282,45.9078,96.1143,-88.9724
2004-03-10,17.0081,-1.8567,-3.61,-4.2514,1.3522,8.1559,45.9021,94.3297,-89.1772
2004-03-11,16.752,-1.5058,-5.4134,-5.6233,-0.1739,7.7769,42.0488,92.9094,-89.3401
2004-03-12,17.041,1.7248,-3.9955,-5.0494,1.7459,8.7249,40.4144,94.5119,-89.1563
2004-03-15,16.8308,-1.2331,-3.5378,-6.1516,-1.0529,7.4288,36.4989,93.3464,-89.29
2004-03-16,17.0213,1.1315,-1.7809,-4.6357,-0.0868,8.5091,34.2382,94.4026,-89.1688
2004-03-17,17.2314,1.2346,1.3128,-4.1986,1.0303,8.453,34.1154,95.5681,-89.0351
2004-03-18,17.2511,0.1143,2.9792,-3.5964,0.5295,9.0239,33.462,95.6773,-89.0226
2004-03-19,17.0343,-1.2567,-0.0391,-4.0686,-0.8471,6.3841,31.8508,94.4749,-89.1605
2004-03-22,16.8037,-1.354,-0.1614,-5.1921,-3.2931,5.3867,25.6668,93.1958,-89.3073
2004-03-23,16.7576,-0.2745,-1.5494,-5.1008,-3.6314,6.494,29.9306,92.9399,-89.3366
2004-03-24,16.7576,0.0,-2.75,-5.1008,-4.2103,6.0976,29.6693,92.9399,-89.3366
2004-03-25,17.0343,1.6516,-1.2567,-3.2817,-2.847,9.9886,31.8109,94.4749,-89.1605
2004-03-26,17.1266,0.5416,0.5416,-2.8303,-1.9536,11.4306,32.8588,94.9866,-89.1018
2004-03-29,17.3309,1.1928,3.1373,-1.6347,-0.5973,13.9712,35.9511,96.1196,-88.9718
2004-03-30,17.4363,0.6083,4.0503,-1.55,-1.2571,13.4939,38.9739,96.7043,-88.9047
2004-03-31,17.4034,-0.1889,3.8537,-1.4069,-0.8537,14.3496,36.7986,96.5216,-88.9257
2004-04-01,17.5022,0.568,2.7466,-0.8101,-0.4024,12.7717,34.5518,97.0698,-88.8628
2004-04-02,17.6999,1.1295,3.3474,-0.0617,0.798,13.5197,36.2077,98.1662,-88.737
2004-04-05,17.9107,1.1913,3.3459,0.9045,1.0165,13.7281,37.4868,99.3357,-88.6028
2004-04-06,17.8976,-0.0736,2.6455,2.5758,1.092,13.5972,36.3653,99.2626,-88.6112
2004-04-07,17.858,-0.2208,2.6126,3.0474,0.7193,12.785,36.6052,99.0434,-88.6364
2004-04-08,17.7592,-0.5535,1.4684,4.4158,-0.4649,12.6723,37.4891,98.4951,-88.6993
2004-04-12,17.9371,1.0019,1.3403,7.0742,1.5413,13.0511,38.6573,99.4819,-88.586
2004-04-13,17.6603,-1.543,-1.3981,3.6345,-0.3588,11.9523,36.3124,97.9469,-88.7622
2004-04-14,17.6472,-0.0746,-1.3991,4.8501,-0.0257,11.4072,33.927,97.8738,-88.7705
2004-04-15,17.6999,0.2988,-0.8856,3.9867,-1.0886,11.1896,33.2105,98.1662,-88.737
2004-04-16,17.858,0.8935,0.5566,3.6364,-0.3511,11.9992,36.2666,99.0434,-88.6364
2004-04-19,17.7592,-0.5535,-0.9919,2.9451,-2.7206,11.3337,33.3309,98.4951,-88.6993
2004-04-20,17.5813,-1.0019,-0.4478,3.2108,-2.5028,10.9912,33.1643,97.5083,-88.8125
2004-04-21,17.6933,0.6372,0.2614,5.2941,-2.5557,11.4227,30.1071,98.1297,-88.7412
2004-04-22,18.0821,2.1974,2.1593,7.904,0.0559,14.0588,31.8947,100.2859,-88.4938
2004-04-23,18.003,-0.4373,0.8118,7.4321,-0.0184,14.886,32.5745,99.8474,-88.5441
2004-04-26,17.9107,-0.5124,0.8534,5.145,-1.7844,14.012,32.9126,99.3357,-88.6028
2004-04-27,17.9239,0.0736,1.9491,4.6556,-0.747,14.0485,30.6792,99.4089,-88.5944
2004-04-28,17.6867,-1.3236,-0.0373,2.0532,-0.505,12.4922,28.5841,98.0931,-88.7454
2004-04-29,17.5286,-0.8942,-3.0612,0.5291,-1.431,10.2038,26.0648,97.216,-88.846
2004-04-30,17.3968,-0.7519,-3.3675,-0.0379,-1.9912,8.661,27.0162,96.485,-88.9299
2004-05-03,17.5944,1.1364,-1.766,0.5271,-0.6938,9.05,26.7163,97.5815,-88.8041
2004-05-04,17.6669,0.412,-1.4339,-0.1862,0.0863,9.3221,27.6565,97.9835,-88.758
2004-05-05,17.6801,0.0746,-0.0372,-1.2877,0.6477,8.8754,27.3929,98.0566,-88.7496
2004-05-06,17.5879,-0.5218,0.3383,-1.7304,-0.8045,8.0031,26.9064,97.5449,-88.8083
2004-05-07,17.2781,-1.761,-0.6818,-3.2472,-2.9825,6.1864,25.8516,95.8272,-89.0054
2004-05-10,17.0277,-1.4493,-3.221,-4.1187,-4.1411,4.1039,22.1774,94.4384,-89.1647
2004-05-11,17.1332,0.6192,-3.0213,-4.482,-3.4762,5.1265,22.0237,95.0231,-89.0976
2004-05-12,17.2781,0.8462,-2.2736,-2.1642,-3.728,7.0029,23.4561,95.8272,-89.0054
2004-05-13,17.2781,0.0,-1.761,-2.0911,-3.6575,7.394,23.8587,95.8272,-89.0054
2004-05-14,17.2452,-0.1907,-0.1907,-2.5689,-3.3812,5.4756,22.3122,95.6445,-89.0263
2004-05-17,17.0541,-1.1082,0.1547,-4.5019,-5.1846,4.3484,21.5167,94.5845,-89.1479
2004-05-18,17.2254,1.0047,0.5385,-3.0056,-3.74,6.2036,26.0044,95.5348,-89.0389
2004-05-19,17.1991,-0.153,-0.4576,-2.1739,-3.1408,6.341,25.0981,95.3886,-89.0557
2004-05-20,17.1595,-0.2299,-0.6865,-3.0167,-3.1844,6.6136,25.5224,95.1694,-89.0808
2004-05-21,17.2781,0.6912,0.191,-4.446,-2.1527,6.4,25.4361,95.8272,-89.0054
2004-05-24,17.4099,0.7627,2.0866,-3.2943,-1.4064,7.9938,25.9177,96.5581,-88.9215
2004-05-25,17.6603,1.4383,2.5249,-1.3981,0.2727,9.4584,24.6821,97.9469,-88.7622
2004-05-26,17.6999,0.2239,2.9119,-1.25,0.4224,8.3865,25.4215,98.1662,-88.737
2004-05-27,17.8251,0.7073,3.8786,0.7824,1.1703,8.2865,27.7198,98.8606,-88.6573
2004-05-28,17.8251,0.0,3.1655,1.6917,0.6452,8.2865,24.8145,98.8606,-88.6573
2004-06-01,17.8251,0.0,2.3845,2.4621,0.9822,8.1577,23.5777,98.8606,-88.6573
2004-06-02,17.9898,0.9242,1.8657,2.2472,1.9535,7.579,24.5515,99.7743,-88.5525
2004-06-03,17.858,-0.7326,0.8935,1.0817,0.8313,7.0,22.0468,99.0434,-88.6364
2004-06-04,17.9569,0.5535,0.7395,1.5655,1.1644,7.5082,22.3964,99.5916,-88.5735
2004-06-07,18.2666,1.7248,2.477,3.8592,4.6909,9.0212,23.4685,101.3093,-88.3764
2004-06-08,18.3061,0.2164,2.6988,5.9497,5.6331,10.0728,25.3877,101.5286,-88.3512
2004-06-09,18.148,-0.8639,0.8791,6.5789,6.7017,8.1445,23.6442,100.6514,-88.4519
2004-06-10,18.2732,0.6899,2.3247,6.6538,9.0803,8.8905,22.0655,101.3458,-88.3722
2004-06-14,18.1743,-0.5409,1.2109,5.1868,6.6507,8.5128,21.0899,100.7976,-88.4351
2004-06-15,18.3391,0.9065,0.3968,6.1404,8.9611,7.8139,23.5244,101.7113,-88.3303
2004-06-16,18.3852,0.2516,0.432,6.6106,8.0131,7.9193,20.9244,101.9672,-88.3009
2004-06-17,18.3984,0.0717,1.3798,7.8826,6.7723,7.8724,20.9595,102.0403,-88.2925
2004-06-18,18.5027,0.567,1.2561,7.4151,7.2551,7.8231,22.2721,102.6188,-88.2261
2004-06-21,18.4301,-0.3925,1.4072,7.1574,8.1938,7.2773,24.083,102.216,-88.2723
2004-06-22,18.6018,0.9316,1.4324,8.4049,10.7005,7.055,24.6379,103.1682,-88.1631
2004-06-23,18.8659,1.42,2.6146,9.1895,12.5815,8.4933,27.9711,104.6332,-87.995
2004-06-24,18.8263,-0.21,2.3257,8.1354,12.3451,7.6151,27.6459,104.4135,-88.0202
2004-06-25,18.7999,-0.1403,1.6061,6.4525,10.3647,7.2226,29.4674,104.2669,-88.037
2004-06-28,18.6612,-0.7376,1.254,5.4312,8.9604,6.8318,26.9751,103.4978,-88.1253
2004-06-29,18.8065,0.7785,1.1004,5.5057,8.5143,7.8662,29.2231,104.3035,-88.0328
2004-06-30,18.9253,0.632,0.315,6.1725,8.5399,7.1755,29.8076,104.9628,-87.9572
2004-07-01,18.6414,-1.5003,-0.9821,4.5796,7.1139,6.1994,27.5751,103.388,-88.1379
2004-07-02,18.4829,-0.8502,-1.686,2.7409,5.6034,5.1784,26.1532,102.509,-88.2387
2004-07-06,18.4433,-0.2143,-1.1677,3.2773,4.2001,5.0315,25.9948,102.2893,-88.2639
2004-07-07,18.4763,0.1791,-1.7556,2.8926,3.1577,4.2063,24.5582,102.4724,-88.2429
2004-07-08,18.3706,-0.5719,-2.931,0.5696,2.6433,3.7642,22.9283,101.8864,-88.3102
2004-07-09,18.5225,0.8268,-0.6377,1.1821,3.721,4.467,25.3098,102.7287,-88.2135
2004-07-12,18.5489,0.1426,0.3573,2.2094,4.447,3.9614,27.1691,102.8752,-88.1967
2004-07-13,18.5886,0.2136,0.7877,1.7259,3.6319,5.2292,26.1455,103.095,-88.1715
2004-07-14,18.5556,-0.1776,0.4289,2.0976,5.0691,4.6921,26.3681,102.9119,-88.1925
2004-07-15,18.648,0.4982,1.5097,1.6844,5.6714,5.6442,27.7911,103.4246,-88.1337
2004-07-16,18.5754,-0.3895,0.2852,1.0342,4.9462,3.8038,27.578,103.0217,-88.1799
2004-07-19,18.4961,-0.4266,-0.2848,0.5312,3.5731,3.2095,27.3756,102.5823,-88.2303
2004-07-20,18.6084,0.6069,0.1066,0.5711,4.7817,1.931,26.4476,103.2049,-88.1589
2004-07-21,18.3641,-1.313,-1.032,-0.3583,4.4524,1.8382,25.3419,101.8498,-88.3144
2004-07-22,18.2518,-0.6113,-2.1246,-1.8814,3.1566,0.5202,23.0446,101.2272,-88.3858
2004-07-23,18.1659,-0.4704,-2.204,-3.7102,0.4638,0.52,22.8433,100.7511,-88.4404
2004-07-26,18.1065,-0.3271,-2.1064,-3.8232,0.575,0.5565,22.4415,100.4215,-88.4782
2004-07-27,18.2914,1.0211,-1.7033,-2.7046,2.1254,0.303,20.975,101.4469,-88.3606
2004-07-28,18.4037,0.6137,0.2157,-1.3801,2.6765,1.9095,21.6126,102.0695,-88.2892
2004-07-29,18.4235,0.1077,0.9406,-2.0365,4.1657,3.6397,23.4433,102.1794,-88.2766
2004-07-30,18.3971,-0.1434,1.2722,-2.7914,4.9548,3.4529,23.2663,102.0329,-88.2934
2004-08-02,18.4829,0.4666,2.0787,-0.8502,6.2434,4.1279,22.717,102.509,-88.2387
2004-08-03,18.3839,-0.5358,0.5054,-0.5358,4.4868,3.7618,23.0168,101.9597,-88.3018
2004-08-04,18.3839,0.0,-0.1076,-0.3222,4.0581,4.1479,22.7494,101.9597,-88.3018
2004-08-05,18.0075,-2.0474,-2.258,-2.5375,1.8516,2.5113,22.3102,99.8722,-88.5413
2004-08-06,17.6377,-2.0536,-4.1278,-3.9899,0.2832,-0.5236,20.0108,97.8212,-88.7766
2004-08-09,17.6773,0.2247,-4.3586,-4.5633,2.3102,-0.7412,19.5389,98.041,-88.7514
2004-08-10,17.9744,1.681,-2.2271,-3.0972,5.5598,1.1885,21.3879,99.689,-88.5623
2004-08-11,17.9546,-0.1102,-2.3348,-3.4103,4.7947,1.1518,20.3019,99.5792,-88.5749
2004-08-12,17.6905,-1.4711,-1.7602,-4.6619,2.3866,-1.4304,17.4052,98.1142,-88.743
2004-08-13,17.6575,-0.1867,0.1124,-5.3116,2.1955,-1.5423,17.5927,97.9311,-88.764
2004-08-16,17.9877,1.8699,1.7557,-3.1639,4.3053,0.7785,18.405,99.7622,-88.5539
2004-08-17,17.9744,-0.0734,0.0,-2.8204,5.3967,-0.0676,17.2129,99.689,-88.5623
2004-08-18,18.2584,1.5797,1.6917,-1.8808,5.9968,2.0325,17.3208,101.2638,-88.3816
2004-08-19,18.0405,-1.1935,1.9783,-1.762,4.8922,1.5978,15.2456,100.0552,-88.5203
2004-08-20,18.2188,0.9883,3.1788,-0.1809,6.1729,2.792,17.0663,101.0441,-88.4068
2004-08-23,18.2122,-0.0363,1.2482,0.2545,5.4058,3.1368,15.6687,101.0074,-88.411
2004-08-24,18.2254,0.0725,1.396,0.6564,4.6838,3.2115,16.8642,101.0807,-88.4026
2004-08-25,18.4235,1.087,0.9042,0.722,4.3212,4.6057,19.2297,102.1794,-88.2766
2004-08-26,18.4301,0.0358,2.1596,0.1436,4.1255,4.5653,18.5728,102.216,-88.2723
2004-08-27,18.4235,-0.0358,1.1236,0.0,3.3571,4.5667,18.6298,102.1794,-88.2766
2004-08-30,18.3244,-0.5376,0.6164,-0.3948,2.8014,3.4647,17.0595,101.6301,-88.3396
2004-08-31,18.4103,0.4684,1.0145,-0.393,3.283,4.2974,17.6567,102.1061,-88.285
2004-09-01,18.4169,0.0359,-0.0358,0.1796,2.3739,4.3737,16.0093,102.1428,-88.2808
2004-09-02,18.6678,1.3625,1.2898,1.5445,4.5345,5.4035,16.633,103.5344,-88.1211
2004-09-03,18.615,-0.283,1.0394,3.3736,3.6648,4.8719,16.3977,103.2415,-88.1547
2004-09-07,18.7537,0.745,2.3423,6.3273,2.6663,7.4823,18.5684,104.0106,-88.0665
2004-09-08,18.7206,-0.176,1.6858,5.9021,2.2643,8.025,17.7777,103.8275,-88.0875
2004-09-09,18.6744,-0.2469,1.3983,3.8942,2.9008,9.7969,18.7518,103.5711,-88.1169
2004-09-10,18.7272,0.2829,0.3184,4.303,2.4848,11.7908,20.4846,103.8641,-88.0833
2004-09-13,18.7471,0.1058,0.7095,5.9724,3.1513,10.0115,19.6099,103.974,-88.0707
2004-09-14,18.7933,0.2465,0.2112,6.4323,2.4766,11.6596,19.9546,104.2303,-88.0412
2004-09-15,18.6216,-0.9135,-0.5291,3.5243,1.2857,9.4017,18.7108,103.2781,-88.1505
2004-09-16,18.7405,0.6383,0.3536,4.2616,1.8592,8.7574,17.9507,103.9374,-88.0749
2004-09-17,18.9452,1.0925,1.1639,3.7616,2.3915,9.8201,19.7301,105.0729,-87.9446
2004-09-20,18.8458,-0.5246,0.5268,4.464,2.2556,10.6343,17.6973,104.5217,-88.0078
2004-09-21,18.9187,0.3868,0.6674,3.8417,1.7037,12.5866,18.6513,104.9259,-87.9614
2004-09-22,18.6536,-1.4011,0.1721,2.424,-1.1252,11.3148,18.5436,103.4559,-88.1301
2004-09-23,18.4747,-0.9591,-1.4179,1.3681,-1.8675,10.2471,16.9695,102.4636,-88.2439
2004-09-24,18.541,0.3587,-2.1336,0.6378,-1.3771,8.8449,19.717,102.8311,-88.2018
2004-09-27,18.3952,-0.7863,-2.391,-0.1893,-1.4254,7.4073,19.6846,102.0226,-88.2945
2004-09-28,18.5807,1.0087,-1.7863,0.8536,-1.2003,7.2119,22.1906,103.0516,-88.1765
2004-09-29,18.647,0.3566,-0.0355,1.7604,-1.4707,6.9437,21.3745,103.4191,-88.1343
2004-09-30,18.806,0.8529,1.7934,2.1497,0.8832,8.0599,23.566,104.3011,-88.0331
2004-10-01,19.0711,1.4095,2.8592,3.5523,3.1824,8.9641,22.8806,105.7712,-87.8644
2004-10-04,19.0512,-0.1042,3.5663,2.0539,3.2963,7.6348,22.1866,105.661,-87.8771
2004-10-05,18.9717,-0.4174,2.1041,1.9164,2.6812,5.9236,20.4649,105.2199,-87.9277
2004-10-06,19.1705,1.0479,2.8074,2.2228,4.354,7.1124,21.6767,106.3225,-87.8012
2004-10-07,18.9518,-1.1407,0.7752,1.235,2.3177,6.1249,19.693,105.1097,-87.9403
2004-10-08,18.7994,-0.8042,-1.4246,0.6694,1.3504,5.8574,19.272,104.2644,-88.0373
2004-10-11,18.8193,0.1057,-1.2174,0.4916,1.2413,4.9183,18.6112,104.3747,-88.0247
2004-10-12,18.8127,-0.0352,-0.8383,0.35,1.3857,6.525,19.2571,104.3379,-88.0289
2004-10-13,18.594,-1.1624,-3.0072,-1.0603,-0.2895,5.3654,17.3847,103.1251,-88.168
2004-10-14,18.5145,-0.4277,-2.3077,-0.5752,-0.3277,4.6023,16.3068,102.6841,-88.2186
2004-10-15,18.647,0.7158,-0.8107,-0.4986,0.8158,4.418,16.9474,103.4191,-88.1343
2004-10-18,18.7,0.2843,-0.6339,-1.2942,0.4924,5.2977,17.2318,103.7131,-88.1006
2004-10-19,18.5344,-0.8859,-1.4794,-1.6526,0.9274,5.421,17.0081,102.7943,-88.206
2004-10-20,18.4813,-0.286,-0.6059,-2.3118,1.2576,4.4539,16.3854,102.5003,-88.2397
2004-10-21,18.5741,0.5021,0.3221,-0.4262,2.2469,2.7212,17.1625,103.0149,-88.1807
2004-10-22,18.4085,-0.8919,-1.2793,-0.3587,1.6675,2.2522,17.4734,102.0961,-88.2861
2004-10-25,18.4085,0.0,-1.5591,-0.7148,0.6399,2.7788,17.1802,102.0961,-88.2861
2004-10-26,18.6868,1.5119,0.8224,1.5851,1.5383,4.256,18.9023,103.6397,-88.109
2004-10-27,18.9518,1.4184,2.5458,1.9972,2.8678,7.153,20.5387,105.1097,-87.9403
2004-10-28,18.9121,-0.2098,1.8195,1.4215,2.7994,7.893,18.9022,104.8892,-87.9656
2004-10-29,18.9982,0.4555,3.2038,1.0219,2.7881,9.2055,18.6638,105.367,-87.9108
2004-11-01,19.0579,0.3139,3.5277,-0.0695,3.6662,8.3174,18.1201,105.6977,-87.8729
2004-11-02,19.0777,0.1043,2.0921,0.1391,3.7743,7.9855,18.0521,105.808,-87.8602
2004-11-03,19.2898,1.1115,1.7832,1.6765,7.1209,9.1044,18.7878,106.984,-87.7253
2004-11-04,19.6079,1.6489,3.679,2.2813,11.1703,11.4851,20.4074,108.7481,-87.5229
2004-11-05,19.7603,0.7773,4.0111,4.2657,11.7833,14.3657,21.4408,109.5934,-87.4259
2004-11-08,19.8133,0.2683,3.9638,5.393,10.2302,16.3588,21.1341,109.8874,-87.3922
2004-11-09,19.8862,0.3679,4.2376,5.669,10.7578,16.0682,22.0185,110.2917,-87.3458
2004-11-10,19.9458,0.2999,3.4009,6.0233,12.7486,15.4395,23.5236,110.6224,-87.3078
2004-11-11,20.1777,1.1628,2.9064,8.5174,14.2729,16.7818,25.4167,111.9087,-87.1603
2004-11-12,20.2506,0.3613,2.4815,9.3772,12.5807,17.4276,23.8575,112.313,-87.1139
2004-11-15,20.2374,-0.0654,2.1405,8.5288,12.5897,18.6659,23.826,112.2396,-87.1223
2004-11-16,20.1048,-0.6549,1.0996,7.5124,10.1129,16.7161,23.9567,111.5045,-87.2066
2004-11-17,20.2506,0.7251,1.5282,9.2599,12.251,17.7425,25.2086,112.313,-87.1139
2004-11-18,20.3633,0.5563,0.9196,10.1829,11.7708,18.6704,26.5187,112.9378,-87.0422
2004-11-19,20.1181,-1.204,-0.6544,8.3125,10.4651,16.4367,23.8886,111.578,-87.1982
2004-11-22,20.1645,0.2305,-0.3603,9.5392,10.6396,15.8217,25.0802,111.8352,-87.1687
2004-11-23,20.1313,-0.1643,0.1318,9.3592,9.2701,13.9918,24.7736,111.6515,-87.1898
2004-11-24,20.2241,0.4608,-0.1309,8.2269,9.7342,14.2613,23.8438,112.166,-87.1308
2004-11-26,20.2241,0.0,-0.6834,6.7132,9.7736,13.4588,22.8605,112.166,-87.1308
2004-11-29,20.1446,-0.3931,0.1318,6.5172,9.9331,13.0127,22.3776,111.725,-87.1813
2004-11-30,20.191,0.2302,0.1315,6.2783,9.6724,13.2729,22.5134,111.9823,-87.1518
2004-12-01,20.5289,1.6737,1.975,7.719,11.4681,14.1142,22.7629,113.8566,-86.9368
2004-12-02,20.4627,-0.3228,1.1796,7.2595,9.6148,14.5852,22.6062,113.4891,-86.9789
2004-12-03,20.4693,0.0324,1.2123,6.1147,9.9614,13.9913,22.55,113.5258,-86.9747
2004-12-06,20.3566,-0.5503,1.0526,3.8189,8.5476,11.4419,21.4952,112.901,-87.0464
2004-12-07,20.191,-0.8138,0.0,2.1798,7.8542,10.2963,21.4062,111.9823,-87.1518
2004-12-08,20.244,0.2626,-1.388,2.174,8.405,11.5496,20.6348,112.2763,-87.1181
2004-12-09,20.3699,0.6219,-0.4534,2.4325,8.7715,11.4743,21.385,112.9745,-87.038
2004-12-10,20.4428,0.3579,-0.1294,2.4917,9.0454,12.4817,22.057,113.3789,-86.9916
2004-12-13,20.6681,1.1021,1.53,2.4302,9.9761,12.6997,21.506,114.6284,-86.8482
2004-12-14,20.7079,0.1924,2.5599,2.2579,11.2035,12.6332,21.553,114.8489,-86.8229
2004-12-15,20.7344,0.128,2.4222,2.4557,10.6396,12.6966,21.5685,114.9959,-86.8061
2004-12-16,20.6151,-0.5753,1.2036,2.5379,8.8143,11.4166,20.1328,114.3343,-86.882
2004-12-17,20.5924,-0.1098,0.732,1.6879,9.268,11.7327,19.8639,114.2088,-86.8964
2004-12-20,20.6058,0.0647,-0.3016,1.1908,8.9174,10.7731,18.5881,114.2826,-86.8879
2004-12-21,20.719,0.5494,0.0537,2.9868,11.0721,9.8223,19.1498,114.9106,-86.8159
2004-12-22,20.7856,0.3214,0.247,3.0802,12.5082,10.4072,18.8147,115.2799,-86.7735
2004-12-23,20.8122,0.1282,0.9563,3.3821,12.2498,10.704,18.6997,115.4277,-86.7565
2004-12-27,20.6923,-0.576,0.4852,2.3152,12.4877,10.8843,18.4597,114.7629,-86.8328
2004-12-28,20.8056,0.5471,0.9696,2.875,11.9737,10.6298,19.3321,115.3907,-86.7608
2004-12-29,20.7523,-0.2561,0.1607,3.0165,11.2901,9.6533,17.5215,115.0952,-86.7947
2004-12-30,20.7656,0.0642,-0.0962,2.8458,10.4198,11.395,18.3009,115.1691,-86.7862
2004-12-31,20.6923,-0.3527,-0.576,0.796,8.501,11.954,17.7514,114.7629,-86.8328
2005-01-03,20.5125,-0.869,-0.869,0.2436,7.6704,11.2195,16.8155,113.7656,-86.9472
2005-01-04,20.2594,-1.2338,-2.6248,-1.0252,6.7877,9.6509,14.2632,112.3619,-87.1083
2005-01-05,20.1196,-0.6903,-3.0487,-1.1645,4.9508,9.5203,13.6428,111.5863,-87.1973
2005-01-06,20.1862,0.331,-2.7902,-0.0238,6.5131,8.9818,13.85,111.9557,-87.1549
2005-01-07,20.093,-0.4619,-2.8967,-0.7461,6.8807,8.324,12.6151,111.4386,-87.2142
2005-01-10,20.1662,0.3646,-1.6883,-1.0,7.157,8.4872,14.1601,111.8448,-87.1676
2005-01-11,20.073,-0.4623,-0.9204,-1.8091,6.6992,8.1777,13.2535,111.3277,-87.2269
2005-01-12,20.0996,0.1327,-0.0993,-2.7505,8.0973,7.7843,13.8678,111.4755,-87.21
2005-01-13,19.9065,-0.9609,-1.3857,-3.87,7.5184,7.166,11.2424,110.4043,-87.3329
2005-01-14,20.0397,0.6691,-0.2652,-3.3505,7.4685,8.3453,11.8226,111.143,-87.2481
2005-01-18,20.1196,0.3988,-0.2312,-2.4035,7.5913,8.1211,10.209,111.5863,-87.1973
2005-01-19,19.9598,-0.7944,-0.5641,-3.0724,7.6906,8.6892,10.6872,110.6998,-87.299
2005-01-20,19.7799,-0.9009,-1.5905,-4.0078,7.0265,8.3725,8.9362,109.7025,-87.4134
2005-01-21,19.6534,-0.6397,-1.2713,-5.143,5.8106,8.1881,8.7506,109.0007,-87.4939
2005-01-24,19.5935,-0.305,-2.2267,-5.7353,6.4372,8.2121,8.8143,108.6682,-87.5321
2005-01-25,19.7799,0.9517,-1.6882,-4.96,7.4502,8.1378,8.4655,109.7025,-87.4134
2005-01-26,19.8199,0.202,-0.7007,-4.2163,6.0637,7.6953,9.7517,109.9241,-87.388
2005-01-27,19.8732,0.2688,0.4714,-4.4815,4.8614,7.8687,11.7947,110.2196,-87.3541
2005-01-28,19.8532,-0.1005,1.0166,-4.3324,4.9763,7.915,11.6412,110.1088,-87.3668
2005-01-31,20.1129,1.3083,2.6513,-3.143,5.8674,8.8191,13.311,111.5493,-87.2015
2005-02-01,20.1729,0.298,1.9866,-2.5105,5.8507,9.7314,13.8593,111.8818,-87.1634
2005-02-02,20.1729,0.0,1.781,-1.6559,5.7404,9.7314,14.2829,111.8818,-87.1634
2005-02-03,20.1129,-0.2971,1.2065,-0.7232,4.2673,11.6921,14.497,111.5493,-87.2015
2005-02-04,20.2794,0.8278,2.1469,0.7944,3.425,14.9779,14.3758,112.4727,-87.0956
2005-02-07,20.2661,-0.0656,0.7616,0.3959,2.5599,14.6448,13.7951,112.3989,-87.104
2005-02-08,20.3793,0.5587,1.0234,1.4252,2.857,13.3794,14.7269,113.0268,-87.032
2005-02-09,20.1662,-1.0458,-0.033,0.0,1.4082,12.3175,13.6112,111.8448,-87.1676
2005-02-10,20.2594,0.4623,0.7284,0.929,1.5724,14.5215,12.8835,112.3619,-87.1083
2005-02-11,20.3926,0.6575,0.5583,1.4579,1.0651,15.4901,13.7089,113.1007,-87.0235
2005-02-14,20.3727,-0.098,0.5258,2.3419,0.6026,13.2591,14.1408,112.9898,-87.0362
2005-02-15,20.4393,0.3269,0.2941,1.994,0.9975,13.7129,13.636,113.3592,-86.9938
2005-02-16,20.4992,0.2933,1.6513,1.8869,1.9616,12.2729,14.5548,113.6918,-86.9557
2005-02-17,20.3127,-0.9098,0.263,1.7684,0.3067,12.5952,14.3942,112.6574,-87.0744
2005-02-18,20.3127,0.0,-0.3919,2.6936,-0.2483,11.4933,14.6062,112.6574,-87.0744
2005-02-22,19.9864,-1.6065,-1.896,1.6944,-0.6546,9.742,13.1843,110.8476,-87.282
2005-02-23,20.013,0.1333,-2.0853,2.1414,-0.751,9.8086,13.3352,110.9953,-87.2651
2005-02-24,20.2994,1.4309,-0.9747,2.6263,0.8348,10.1823,15.257,112.5836,-87.0828
2005-02-25,20.4659,0.8202,0.7541,3.2594,1.1956,11.0462,16.1158,113.507,-86.9769
2005-02-28,20.346,-0.5858,0.1639,2.3794,0.6028,10.4353,15.4786,112.8421,-87.0532
2005-03-01,20.4126,0.3273,2.1326,2.8178,1.3305,11.3957,15.2552,113.2115,-87.0108
2005-03-02,20.4726,0.2936,2.2961,1.788,1.3945,11.2018,15.9807,113.5439,-86.9727
2005-03-03,20.5192,0.2278,1.0827,1.7167,-0.0475,11.4151,16.2881,113.8025,-86.943
2005-03-04,20.8056,1.3956,1.6596,3.1363,1.6757,11.4516,17.4738,115.3907,-86.7608
2005-03-07,20.9055,0.4802,2.7496,3.9404,2.1308,12.3045,17.7759,115.9448,-86.6972
2005-03-08,20.8921,-0.0637,2.3491,3.0214,2.6306,11.4031,19.7385,115.871,-86.7057
2005-03-09,20.6657,-1.0838,0.9435,1.9718,2.3511,10.39,19.2487,114.6151,-86.8498
2005-03-10,20.7123,0.2256,0.9413,1.634,2.3134,10.9129,21.7788,114.8737,-86.8201
2005-03-11,20.659,-0.2572,-0.7042,2.4439,1.4194,10.3155,23.3225,114.5782,-86.854
2005-03-14,20.7723,0.548,-0.6372,2.5312,1.6116,10.8028,21.8959,115.2061,-86.782
2005-03-15,20.659,-0.545,-1.1157,1.3064,-0.0438,9.9279,22.7451,114.5782,-86.854
2005-03-16,20.4193,-1.1605,-1.1924,0.2289,-1.3935,9.6538,19.9632,113.2484,-87.0066
2005-03-17,20.4126,-0.0326,-1.447,-0.1303,-1.5517,8.9228,18.4616,113.2115,-87.0108
2005-03-18,20.4374,0.1212,-1.0731,-0.3018,-0.8621,7.8762,18.4697,113.3486,-86.9951
2005-03-21,20.5042,0.327,-1.2905,0.9426,-0.4286,8.7997,20.3698,113.7193,-86.9525
2005-03-22,20.3906,-0.5541,-1.2995,0.3832,-1.0443,7.78,21.3458,113.0892,-87.0248
2005-03-23,20.2636,-0.6228,-0.7625,1.3869,-2.198,8.6308,20.9221,112.3849,-87.1056
2005-03-24,20.3638,0.4947,-0.239,1.7528,-2.029,10.2254,21.5203,112.9409,-87.0418
2005-03-28,20.3438,-0.0984,-0.4578,0.2186,-2.2507,9.7233,19.4282,112.8297,-87.0546
2005-03-29,20.0096,-1.6425,-2.4119,-2.2294,-3.2993,8.7764,16.8338,110.9764,-87.2672
2005-03-30,20.3906,1.9038,0.0,0.219,-1.9946,9.7403,17.6547,113.0892,-87.0248
2005-03-31,20.3371,-0.2622,0.3628,-0.37,-2.0006,9.0636,16.6366,112.7926,-87.0589
2005-04-01,20.1433,-0.953,-1.083,-1.6083,-2.9968,7.1107,15.7437,111.7177,-87.1822
2005-04-04,20.1232,-0.0995,-1.0841,-1.9296,-2.7503,5.5169,14.9755,111.6065,-87.1949
2005-04-05,20.2235,0.4982,1.0687,-2.7977,-1.4091,6.1532,14.2577,112.1625,-87.1312
2005-04-06,20.2302,0.0331,-0.7866,-3.2302,-0.1445,6.6334,12.9499,112.1996,-87.1269
2005-04-07,20.3972,0.8259,0.2957,-2.3688,1.38,6.3991,13.9666,113.1262,-87.0206
2005-04-08,20.1901,-1.0157,0.2323,-2.3016,0.0192,6.5336,13.0587,111.9772,-87.1524
2005-04-11,20.2302,0.1986,0.5314,-2.3279,0.6829,7.6106,13.9138,112.1996,-87.1269
2005-04-12,20.3906,0.7929,0.8262,-1.2995,1.1126,8.3492,13.6781,113.0892,-87.0248
2005-04-13,20.0364,-1.7371,-0.958,-3.5427,-0.1824,6.5046,13.454,111.1247,-87.2502
2005-04-14,19.7356,-1.501,-3.2437,-4.4698,-1.811,6.1397,11.8345,109.4567,-87.4416
2005-04-15,19.348,-1.9641,-4.1708,-5.2465,-2.8056,4.5019,9.3113,107.3068,-87.6883
2005-04-18,19.4081,0.3109,-4.0634,-4.9209,-3.1514,4.0817,8.6801,107.6404,-87.65
2005-04-19,19.495,0.4476,-4.392,-4.6109,-3.1043,4.2513,9.7742,108.1223,-87.5947
2005-04-20,19.2945,-1.0284,-3.7025,-5.8996,-3.3329,4.1014,9.7448,107.0103,-87.7223
2005-04-21,19.8091,2.6671,0.3725,-2.8516,0.1476,7.1845,11.9584,109.8644,-87.3948
2005-04-22,19.5752,-1.1808,1.1744,-3.3971,-0.3978,5.3897,8.2575,108.5671,-87.5437
2005-04-25,19.8091,1.1949,2.0661,-2.724,1.1007,7.6088,10.0323,109.8644,-87.3948
2005-04-26,19.5552,-1.282,0.3085,-3.8765,-1.1364,6.2292,9.1812,108.4559,-87.5564
2005-04-27,19.5819,0.1367,1.4894,-2.1377,-1.2008,4.7901,9.2499,108.6041,-87.5394
2005-04-28,19.368,-1.0921,-2.2267,-5.0148,-2.5418,2.1961,9.5062,107.418,-87.6755
2005-04-29,19.5953,1.1732,0.1025,-3.6477,-1.2992,3.6125,11.7906,108.6783,-87.5309
2005-05-02,19.7022,0.5457,-0.5398,-2.1898,-2.0422,3.7055,13.2521,109.2713,-87.4629
2005-05-03,19.5618,-0.7124,0.0342,-2.7898,-3.029,2.6445,11.1819,108.4929,-87.5522
2005-05-04,19.7891,1.1616,1.0581,-2.148,-1.9025,3.7287,12.012,109.7532,-87.4076
2005-05-05,19.6888,-0.5066,1.6563,-2.6759,-2.1086,2.0688,11.3615,109.1972,-87.4714
2005-05-06,19.769,0.4073,0.8867,-3.0799,-2.5168,0.822,12.4016,109.642,-87.4203
2005-05-09,19.9027,0.6761,1.0177,-1.4234,-1.7932,0.7208,15.19,110.3833,-87.3353
2005-05-10,19.6688,-1.1753,0.5467,-2.775,-3.4866,-0.7293,15.5103,109.086,-87.4841
2005-05-11,19.8091,0.7135,0.1013,-2.8516,-1.7707,-0.3874,15.6186,109.8644,-87.3948
2005-05-12,19.5953,-1.0796,-0.4752,-2.2015,-3.2783,-1.7575,13.4107,108.6783,-87.5309
2005-05-13,19.495,-0.5116,-1.3861,-1.2191,-4.4017,-3.3835,12.8305,108.1223,-87.5947
2005-05-16,19.769,1.4056,-0.6716,2.1762,-2.963,-2.3782,14.635,109.642,-87.4203
2005-05-17,19.9027,0.6761,1.1893,2.5482,-2.6252,-1.6538,16.7034,110.3833,-87.3353
2005-05-18,20.2034,1.5111,1.9906,3.6339,-1.4429,0.4904,17.2885,112.0513,-87.1439
2005-05-19,20.2302,0.1323,3.2401,4.8493,-0.4064,-0.101,17.6236,112.1996,-87.1269
2005-05-20,20.2235,-0.033,3.7367,2.0918,-0.4393,-0.6865,17.8557,112.1625,-87.1312
2005-05-23,20.3638,0.694,3.0088,4.0287,1.8885,1.2215,17.8589,112.9409,-87.0418
2005-05-24,20.3104,-0.2625,2.0484,2.5304,1.4857,0.7235,16.6597,112.6444,-87.0759
2005-05-25,20.1366,-0.8556,-0.3308,2.9734,-0.802,0.0261,14.0216,111.6806,-87.1864
2005-05-26,20.2836,0.7302,0.2643,3.5837,-0.8906,0.2943,14.5976,112.4961,-87.0929
2005-05-27,20.2703,-0.0659,0.2313,4.6584,-0.3723,0.2282,13.7177,112.422,-87.1014
2005-05-31,20.2168,-0.2638,-0.722,3.1719,-0.9593,0.3584,13.4177,112.1254,-87.1354
2005-06-01,20.2903,0.3637,-0.0987,2.9851,-0.8901,0.492,13.8302,112.5332,-87.0886
2005-06-02,20.2903,0.0,0.7634,3.724,-1.1153,-1.1623,12.7878,112.5332,-87.0886
2005-06-03,20.1968,-0.4612,-0.4284,2.0601,-2.9262,-1.2995,13.0962,112.0142,-87.1482
2005-06-06,20.2101,0.0662,-0.2967,2.6476,-3.3261,-1.2662,12.548,112.0884,-87.1397
2005-06-07,20.297,0.4299,0.3967,2.6708,-2.8486,-0.293,11.1154,112.5703,-87.0844
2005-06-08,20.17,-0.6256,-0.5929,1.3432,-2.3986,-0.1038,10.1818,111.866,-87.1652
2005-06-09,20.1767,0.0331,-0.56,2.5824,-2.586,-0.3325,11.1788,111.903,-87.1609
2005-06-10,20.15,-0.1325,-0.2316,1.7207,-2.4641,-1.0797,10.2708,111.7548,-87.1779
2005-06-13,20.1834,0.1658,-0.1323,3.0013,-2.8349,-1.269,11.0544,111.9401,-87.1567
2005-06-14,20.1366,-0.2318,-0.7903,3.2911,-2.5288,-2.5715,9.8016,111.6806,-87.1864
2005-06-15,20.1567,0.0996,-0.0662,1.9608,-1.2861,-2.6618,9.6352,111.7919,-87.1737
2005-06-16,20.1767,0.0994,0.0,1.3767,-1.1558,-2.6895,9.6656,111.903,-87.1609
2005-06-17,20.3409,0.8136,0.9473,0.6801,-0.4722,-1.3303,9.9344,112.8134,-87.0565
2005-06-20,20.2672,-0.3623,0.415,0.1828,-1.156,-1.5797,9.9677,112.4047,-87.1034
2005-06-21,20.2605,-0.033,0.6151,0.1828,-0.6381,-1.6758,8.9168,112.3675,-87.1076
2005-06-22,20.16,-0.496,0.0163,-1.0012,-0.5114,-2.6981,6.8592,111.8102,-87.1716
2005-06-23,19.7513,-2.0273,-2.1086,-2.7528,-3.0081,-4.9761,4.9132,109.5435,-87.4316
2005-06-24,19.624,-0.6445,-3.5243,-2.5458,-3.5383,-5.7094,4.3835,108.8375,-87.5126
2005-06-27,19.5972,-0.1366,-3.3057,-3.3844,-2.0613,-5.2927,5.0156,108.6888,-87.5297
2005-06-28,19.9389,1.7436,-1.5873,-1.635,-2.2153,-4.1657,6.0212,110.5839,-87.3123
2005-06-29,19.8116,-0.6384,-1.7281,-2.0044,-2.5841,-4.533,4.6828,109.8779,-87.3933
2005-06-30,19.6843,-0.6425,-0.3392,-2.9869,-2.2788,-5.2073,5.5944,109.1719,-87.4743
2005-07-01,19.7513,0.3403,0.6487,-2.6567,-1.8485,-4.548,6.8623,109.5435,-87.4316
2005-07-05,19.8116,0.3053,1.094,-1.9072,-2.0368,-3.4172,7.4188,109.8779,-87.3933
2005-07-06,19.5905,-1.116,-1.7473,-3.066,-3.1621,-3.302,6.0302,108.6517,-87.534
2005-07-07,19.6374,0.2394,-0.8793,-3.25,-3.7254,-2.3968,6.8953,108.9118,-87.5041
2005-07-08,19.9791,1.74,1.4976,-0.9468,-1.0451,-1.0261,7.8636,110.8069,-87.2867
2005-07-11,20.0126,0.1677,1.3229,-0.8135,-1.0757,-0.4001,7.8905,110.9927,-87.2654
2005-07-12,19.9054,-0.5357,0.4734,-1.214,-2.3796,-1.2935,7.0839,110.3981,-87.3336
2005-07-13,19.9657,0.303,1.9152,-1.0787,-0.3528,-0.5346,7.5994,110.7326,-87.2952
2005-07-14,20.1466,0.906,2.593,0.0494,2.0822,0.2336,8.036,111.7358,-87.1801
2005-07-15,20.1198,-0.133,0.7042,-0.1831,3.9889,1.0714,8.3142,111.5872,-87.1972
2005-07-18,20.0796,-0.1998,0.3348,-0.4815,3.4595,0.199,8.5609,111.3642,-87.2227
2005-07-19,20.2471,0.8342,1.7166,-0.4611,3.8576,0.6335,8.8061,112.2932,-87.1162
2005-07-20,20.4816,1.1582,2.5839,1.0579,6.1522,2.6143,11.5307,113.5938,-86.9669
2005-07-21,20.3744,-0.5234,1.1307,0.5622,2.8534,3.0052,11.6293,112.9993,-87.0351
2005-07-22,20.4347,0.296,1.5651,1.3626,4.3905,3.9752,12.4888,113.3337,-86.9968
2005-07-25,20.2872,-0.7214,1.0343,2.7137,2.4137,3.5409,12.0439,112.5161,-87.0906
2005-07-26,20.3878,0.4954,0.6949,3.8921,4.2577,3.0729,11.4608,113.0735,-87.0266
2005-07-27,20.4682,0.3943,-0.0654,4.4444,4.5259,3.2708,11.2178,113.5194,-86.9755
2005-07-28,20.5821,0.5565,1.0194,3.2258,6.2682,3.5671,11.7164,114.1512,-86.903
2005-07-29,20.4347,-0.7161,0.0,3.1451,4.2836,2.9288,11.0757,113.3337,-86.9968
2005-08-01,20.4212,-0.0656,0.6605,3.744,3.6496,1.5329,10.4872,113.2593,-87.0053
2005-08-02,20.3945,-0.1312,0.0329,3.2565,4.2563,1.0984,10.9367,113.1107,-87.0224
2005-08-03,20.3543,-0.1971,-0.5565,2.7393,2.856,0.8992,10.718,112.8878,-87.0479
2005-08-04,20.2203,-0.6583,-1.7578,3.2148,2.6991,0.5336,12.2881,112.1446,-87.1332
2005-08-05,20.1131,-0.5302,-1.5738,2.4224,1.7403,-0.8203,14.0347,111.5501,-87.2014
2005-08-08,20.0662,-0.2332,-1.7388,0.436,0.8213,-0.9866,13.5137,111.2899,-87.2313
2005-08-09,20.2136,0.7345,-0.887,1.0043,2.7697,-0.8135,12.4571,112.1074,-87.1375
2005-08-10,20.2001,-0.0663,-0.7571,1.481,1.974,0.1683,12.5065,112.0331,-87.146
2005-08-11,20.3677,0.8292,0.7289,2.0134,3.9417,0.5341,15.1332,112.9621,-87.0394
2005-08-12,20.2806,-0.4276,0.8328,0.6651,4.0295,-0.5496,14.8553,112.479,-87.0948
2005-08-15,20.3208,0.1982,1.2688,0.999,2.7909,-0.2548,12.9705,112.7019,-87.0693
2005-08-16,20.0863,-1.154,-0.6297,0.0334,0.9223,-1.7271,11.749,111.4014,-87.2185
2005-08-17,20.1399,0.2668,-0.2985,-0.5295,-0.3147,-1.7531,10.3047,111.6987,-87.1844
2005-08-18,20.0528,-0.4325,-1.5461,-2.0936,-0.877,-1.2798,11.1542,111.2156,-87.2398
2005-08-19,20.1332,0.401,-0.7268,-1.1838,-0.4466,-0.884,10.5077,111.6615,-87.1886
2005-08-22,20.1734,0.1997,-0.7253,-1.2787,-0.9353,0.9355,10.7686,111.8845,-87.163
2005-08-23,20.0796,-0.465,-0.0334,-1.0238,-1.1364,0.3324,10.1736,111.3642,-87.2227
2005-08-24,19.9188,-0.8008,-1.0979,-2.3004,-1.0819,-1.8752,8.1161,110.4724,-87.3251
2005-08-25,19.9523,0.1682,-0.5012,-2.5205,-1.6338,-2.5098,8.2592,110.6582,-87.3037
2005-08-26,19.8451,-0.5372,-1.431,-3.5807,-2.0977,-2.4622,7.7161,110.0637,-87.372
2005-08-29,19.9657,0.6077,-1.0296,-2.2951,-1.2422,-2.1896,8.9565,110.7326,-87.2952
2005-08-30,19.8049,-0.8054,-1.3681,-3.0184,-2.3926,-3.2614,7.575,109.8407,-87.3975
2005-08-31,19.9523,0.7443,0.1682,-2.1682,-1.6662,-2.7629,8.3368,110.6582,-87.3037
2005-09-01,19.8719,-0.4029,-0.4029,-2.37,-1.6086,-4.4877,6.4499,110.2124,-87.3549
2005-09-02,19.9389,0.3371,0.4726,-1.3917,-1.3422,-4.6237,7.1119,110.5839,-87.3123
2005-09-06,20.1734,1.1761,1.0403,0.2998,-0.6092,-3.4404,7.5703,111.8845,-87.163
2005-09-07,20.2538,0.3985,2.2666,0.9349,0.4151,-1.9934,8.1894,112.3304,-87.1119
2005-09-08,20.1399,-0.5624,0.9403,-0.3646,-0.1826,-2.7639,7.8474,111.6987,-87.1844
2005-09-09,20.2538,0.5655,1.9218,0.2654,0.5151,-1.9618,8.1513,112.3304,-87.1119
2005-09-12,20.3811,0.6285,2.2178,0.0658,0.9794,-1.8833,8.7161,113.0364,-87.0309
2005-09-13,20.294,-0.4274,0.5978,0.0661,0.7814,-1.7672,7.9853,112.5533,-87.0863
2005-09-14,20.1399,-0.7593,-0.5624,-0.8902,-0.0834,-1.3685,8.1533,111.6987,-87.1844
2005-09-15,20.1131,-0.1331,-0.1331,0.1334,-0.3154,-1.4675,7.3243,111.5501,-87.2014
2005-09-16,20.253,0.6956,-0.0039,0.5616,-0.4321,-0.9022,6.9029,112.326,-87.1124
2005-09-19,19.9839,-1.3285,-1.9486,-0.3433,-1.3975,-2.5374,6.039,110.8338,-87.2836
2005-09-20,19.8494,-0.6732,-2.1907,-1.4095,-2.0289,-2.6541,4.9194,110.0877,-87.3692
2005-09-21,19.7821,-0.3389,-1.7763,-1.9394,-1.8742,-2.376,6.0497,109.7146,-87.412
2005-09-22,19.8628,0.408,-1.2441,-1.0793,0.5649,-2.4602,7.5136,110.1623,-87.3606
2005-09-23,20.0108,0.745,-1.1956,0.4622,1.9713,-1.6367,7.9275,110.983,-87.2665
2005-09-26,19.9839,-0.1345,0.0,0.1586,1.9734,-0.1286,8.6365,110.8338,-87.2836
2005-09-27,20.0915,0.5386,1.2199,1.242,0.7657,-1.4665,8.1309,111.4307,-87.2151
2005-09-28,20.0983,0.0335,1.5981,0.6641,1.4471,-1.1744,7.7827,111.468,-87.2108
2005-09-29,20.1924,0.4686,1.6593,1.957,2.5815,0.2439,7.372,111.9902,-87.1509
2005-09-30,20.2866,0.4664,1.3781,1.6757,2.7104,0.8118,6.3735,112.5125,-87.091
2005-10-03,20.1655,-0.5968,0.9088,1.4778,1.7866,-0.2866,5.849,111.841,-87.168
2005-10-04,19.9839,-0.9006,-0.5357,0.2259,2.0083,-1.2173,5.3353,110.8338,-87.2836
2005-10-05,19.735,-1.2453,-1.8072,-2.1728,0.4974,-3.2465,2.9448,109.4535,-87.442
2005-10-06,19.8696,0.6816,-1.5989,-1.8969,-0.5481,-1.5875,4.8424,110.1996,-87.3564
2005-10-07,20.0445,0.8802,-1.1936,-0.4737,0.1594,-0.918,6.6227,111.1695,-87.2451
2005-10-10,19.8897,-0.7718,-1.3676,-1.7973,-0.0784,-2.4562,5.688,110.3115,-87.3435
2005-10-11,19.7821,-0.5411,-1.0097,-2.9387,-0.9193,-1.2689,5.1532,109.7146,-87.412
2005-10-12,19.7821,0.0,0.2386,-2.5221,-1.8089,0.2356,6.3898,109.7146,-87.412
2005-10-13,19.7552,-0.136,-0.5755,-1.9099,-1.8119,2.1048,6.7014,109.5654,-87.4291
2005-10-14,19.9301,0.8853,-0.5705,-0.9097,-0.7443,2.6894,6.8809,110.5353,-87.3178
2005-10-17,19.9705,0.2025,0.4058,-1.3949,-1.3661,2.4388,6.7938,110.7592,-87.2922
2005-10-18,19.8292,-0.7073,0.238,-0.7742,-3.1851,2.7711,6.9862,109.9757,-87.382
2005-10-19,20.0915,1.323,1.5641,1.2199,-1.3881,1.4257,8.7126,111.4307,-87.2151
2005-10-20,19.8359,-1.2722,0.4086,0.272,-2.93,1.3319,6.7934,110.0131,-87.3778
2005-10-21,19.7014,-0.6782,-1.1475,-0.8128,-2.8877,-0.5438,7.0237,109.2669,-87.4634
2005-10-24,20.0041,1.5364,0.1684,-0.0336,-1.8818,2.2957,8.6679,110.9457,-87.2708
2005-10-25,19.9772,-0.1345,0.7463,-0.0336,-2.3987,2.0187,6.9055,110.7965,-87.2879
2005-10-26,19.8023,-0.8754,-1.4396,-1.4396,-3.7885,2.2422,4.4875,109.8265,-87.3992
2005-10-27,19.6274,-0.8831,-1.0512,-2.3427,-3.9503,0.1641,3.7825,108.8566,-87.5104
2005-10-28,19.9436,1.6107,1.2291,-1.2325,-2.3392,1.225,4.9759,110.6099,-87.3093
2005-10-31,19.9974,0.2698,-0.0336,-1.4257,-1.9471,2.2264,4.9298,110.9084,-87.275
2005-11-01,19.9368,-0.3027,-0.202,-1.1341,-2.0508,0.7466,4.5031,110.5726,-87.3136
2005-11-02,20.1386,1.0121,1.6984,0.7742,-0.4038,2.2844,4.4004,111.6918,-87.1852
2005-11-03,20.2261,0.4342,3.05,2.488,0.5618,2.3118,3.1528,112.1767,-87.1295
2005-11-04,20.2395,0.0666,1.484,1.8619,0.8639,1.6923,2.4253,112.2514,-87.121
2005-11-07,20.3135,0.3656,1.5809,1.3423,0.4945,3.2779,2.5247,112.6617,-87.0739
2005-11-08,20.1857,-0.6292,1.2483,1.4879,-0.0716,1.901,1.5062,111.9529,-87.1552
2005-11-09,20.2328,0.2333,0.4676,2.2781,-0.6622,3.2534,1.4388,112.214,-87.1252
2005-11-10,20.4951,1.2965,1.3302,3.6042,1.0579,5.13,1.5729,113.6689,-86.9583
2005-11-11,20.5355,0.1969,1.4623,3.9496,1.0566,3.877,1.4066,113.8928,-86.9326
2005-11-14,20.5758,0.1965,1.2914,3.2399,2.4373,3.3821,1.6724,114.1166,-86.9069
2005-11-15,20.5691,-0.0327,1.8994,2.9976,2.1313,1.8099,2.3092,114.0793,-86.9112
2005-11-16,20.6431,0.3597,2.028,4.1045,2.9439,2.0411,1.9381,114.4897,-86.8641
2005-11-17,20.8382,0.945,1.6738,3.7161,3.5017,3.0394,2.332,115.5716,-86.74
2005-11-18,21.0534,1.0329,2.5221,6.1377,4.3624,3.3862,4.649,116.7653,-86.6031
2005-11-21,21.1745,0.5751,2.9095,7.477,5.4529,4.2545,5.0088,117.4368,-86.526
2005-11-22,21.2283,0.2541,3.2047,6.1197,6.5744,5.4214,5.4489,117.7353,-86.4918
2005-11-23,21.2552,0.1268,2.9652,6.3974,6.5303,4.7898,5.0983,117.8845,-86.4746
2005-11-25,21.2619,0.0316,2.0336,7.3709,7.1396,4.8921,5.1315,117.9218,-86.4704
2005-11-28,21.1476,-0.5378,0.4473,7.745,5.9196,4.6039,4.9788,117.2875,-86.5431
2005-11-29,21.1947,0.2227,0.0953,6.2732,7.0174,4.4569,4.9708,117.5487,-86.5132
2005-11-30,21.161,-0.1587,-0.3169,5.819,6.0583,4.2911,3.079,117.3622,-86.5346
2005-12-01,21.3965,1.1126,0.6645,7.3213,7.6721,5.94,4.5633,118.6679,-86.3848
2005-12-02,21.3157,-0.3773,0.2531,5.845,6.9054,5.4705,4.1351,118.2202,-86.4361
2005-12-05,21.2014,-0.5365,0.2545,4.8221,5.0959,4.4556,4.1496,117.586,-86.5089
2005-12-06,21.2888,0.4124,0.4443,5.1844,5.1104,5.5468,5.4372,118.071,-86.4532
2005-12-07,21.1341,-0.7267,-0.1272,4.0397,4.9367,4.7451,4.3969,117.2129,-86.5517
2005-12-08,21.0399,-0.4455,-1.6662,4.232,3.8817,4.4167,3.2894,116.6907,-86.6116
2005-12-09,21.1543,0.5435,-0.7573,4.5545,3.7939,4.8104,3.4804,117.3249,-86.5388
2005-12-12,21.161,0.0318,-0.1903,3.2491,4.2725,5.0873,2.3849,117.3622,-86.5346
2005-12-13,21.1812,0.0954,-0.5055,3.1444,5.1705,5.0828,2.2858,117.4741,-86.5217
2005-12-14,21.3628,0.8574,1.0822,3.8248,6.2136,5.8786,3.031,118.4814,-86.4062
2005-12-15,21.3965,0.1575,1.6944,4.0223,5.646,5.1896,3.7903,118.6679,-86.3848
2005-12-16,21.4303,0.1581,1.3046,3.8133,7.2377,5.739,4.0686,118.8555,-86.3632
2005-12-19,21.2205,-0.9788,0.2812,1.8349,6.9077,4.7386,2.9834,117.6921,-86.4967
2005-12-20,21.234,0.0638,0.2495,0.858,7.3396,5.3278,2.4859,117.7672,-86.4881
2005-12-21,21.3423,0.5098,-0.096,0.7926,7.4484,8.0554,2.6784,118.3676,-86.4192
2005-12-22,21.5047,0.761,0.506,1.3021,7.4654,9.5839,3.3273,119.2683,-86.3159
2005-12-23,21.5453,0.1888,0.5368,1.3649,7.8133,9.9409,4.1221,119.4935,-86.29
2005-12-27,21.3558,-0.8794,0.6377,0.4418,6.2927,7.1066,2.6449,118.4427,-86.4106
2005-12-28,21.3897,0.1584,0.733,1.1449,6.4256,7.9656,3.0715,118.6304,-86.3891
2005-12-29,21.3829,-0.0316,0.1903,0.8883,5.8957,8.6294,2.9728,118.5929,-86.3934
2005-12-30,21.2611,-0.5697,-1.1328,0.473,4.8037,7.6443,2.7486,117.9173,-86.4709
2006-01-03,21.4032,0.6684,-0.6596,0.0316,6.1376,8.0339,4.3421,118.7054,-86.3805
2006-01-04,21.4573,0.2529,0.4753,0.6644,7.3731,9.5295,5.9128,119.0056,-86.346
2006-01-05,21.4235,-0.1577,0.1581,1.0477,8.5557,9.0956,6.4808,118.818,-86.3675
2006-01-06,21.5047,0.379,0.5696,1.0141,8.2294,7.6362,6.5318,119.2683,-86.3159
2006-01-09,21.6806,0.8181,1.9733,2.5861,8.1628,8.3352,7.9017,120.2441,-86.2039
2006-01-10,21.6197,-0.2809,1.0117,2.7557,8.6979,8.6127,7.2078,119.9063,-86.2427
2006-01-11,21.6333,0.0626,0.8199,2.2642,9.3577,8.3524,7.7731,119.9814,-86.2341
2006-01-12,21.4709,-0.7507,0.2211,1.4643,8.5368,6.5734,6.8223,119.0807,-86.3374
2006-01-13,21.3964,-0.3466,-0.5034,1.0162,8.3078,6.3454,7.4848,118.6679,-86.3848
2006-01-17,21.2882,-0.5061,-1.8103,-0.3494,6.8141,6.0191,6.2301,118.0674,-86.4537
2006-01-18,21.3152,0.1272,-1.4084,-0.3795,6.7339,5.2758,5.9427,118.2175,-86.4364
2006-01-19,21.4167,0.4762,-1.001,-0.0632,8.0061,4.566,7.2996,118.7804,-86.3718
2006-01-20,20.9498,-2.1801,-2.4267,-1.2755,4.2719,2.8245,5.9146,116.1909,-86.669
2006-01-23,20.9634,0.0646,-2.024,-1.2747,5.6838,2.5873,6.6654,116.266,-86.6603
2006-01-24,21.119,0.7424,-0.7946,-1.0462,7.1954,4.0999,7.786,117.1292,-86.5613
2006-01-25,21.1122,-0.032,-0.9524,-1.825,5.5396,3.5535,6.7357,117.0917,-86.5656
2006-01-26,21.3491,1.1218,-0.3159,-0.9108,6.8673,4.3039,7.7154,118.4052,-86.4149
2006-01-27,21.3964,0.2219,2.1318,0.1901,8.0503,3.9568,7.665,118.6679,-86.3848
2006-01-30,21.4438,0.2213,2.2918,0.253,9.2543,4.9384,8.0119,118.9306,-86.3546
2006-01-31,21.322,-0.568,0.9612,-0.2849,6.9118,4.4109,6.0114,118.255,-86.4321
2006-02-01,21.5047,0.8569,1.8589,1.1458,7.5377,5.4439,6.6021,119.2683,-86.3159
2006-02-02,21.322,-0.8496,-0.1268,-0.3794,6.9478,4.7545,5.6964,118.255,-86.4321
2006-02-03,21.2746,-0.2222,-0.5693,-0.8515,5.641,5.2144,5.7759,117.9923,-86.4623
2006-02-06,21.3491,0.3499,-0.4418,-0.3474,5.5524,6.1453,5.2746,118.4052,-86.4149
2006-02-07,21.1934,-0.729,-0.603,-1.4475,4.7132,5.6178,4.5757,117.542,-86.5139
2006-02-08,21.2949,0.4789,-0.9754,-1.779,4.8315,5.3498,4.4928,118.1049,-86.4493
2006-02-09,21.4167,0.5719,0.4443,-0.939,6.0986,6.0227,6.2011,118.7804,-86.3718
2006-02-10,21.5588,0.6635,1.3359,-0.3441,6.554,5.8484,6.4138,119.5686,-86.2814
2006-02-13,21.5859,0.1255,1.1093,0.5358,5.3223,6.4365,5.8515,119.7187,-86.2642
2006-02-14,21.843,1.1912,3.0651,2.0873,6.3674,7.4913,7.2174,121.1448,-86.1006
2006-02-15,21.9039,0.2788,2.8598,2.8926,6.4547,9.0494,7.166,121.4826,-86.0618
2006-02-16,21.9648,0.2781,2.5593,3.0476,6.7856,9.0616,7.1497,121.8204,-86.0231
2006-02-17,22.019,0.2465,2.1343,2.812,6.6651,9.8053,8.4,122.1206,-85.9886
2006-02-21,21.931,-0.3995,1.5988,4.6835,5.2445,8.9299,7.9669,121.6327,-86.0446
2006-02-22,22.1611,1.049,1.456,5.7134,5.2613,9.8532,10.8809,122.9087,-85.8982
2006-02-23,22.0866,-0.3359,0.8341,4.5818,4.3079,9.9957,10.3613,122.4959,-85.9456
2006-02-24,22.1002,0.0613,0.6161,4.6795,4.1072,10.9517,8.8711,122.5709,-85.9369
2006-02-27,22.2423,0.6429,1.0141,4.1838,4.6439,11.4775,8.6797,123.359,-85.8465
2006-02-28,21.9851,-1.156,0.2468,2.7514,3.4015,10.784,8.0562,121.9329,-86.0101
2006-03-01,22.1611,0.8003,0.0,3.3449,4.7926,10.996,8.5656,122.9087,-85.8982
2006-03-02,22.1002,-0.2748,0.0613,3.6497,4.2724,11.5897,7.9503,122.5709,-85.9369
2006-03-03,22.1543,0.2449,0.2449,3.0208,4.694,11.0367,7.9688,122.8712,-85.9025
2006-03-06,22.0393,-0.5192,-0.9126,3.364,3.0044,10.907,5.9298,122.2332,-85.9757
2006-03-07,22.0528,0.0614,0.3078,3.6578,3.458,10.6022,5.4883,122.3082,-85.9671
2006-03-08,22.0258,-0.1227,-0.6107,3.1696,3.8883,9.1824,5.426,122.1581,-85.9843
2006-03-09,21.9987,-0.1229,-0.4593,3.7995,3.3345,8.6153,6.4502,122.008,-86.0015
2006-03-10,22.2287,1.0458,0.3359,4.3851,5.1795,10.3719,7.3213,123.2839,-85.8551
2006-03-13,22.2152,-0.0609,0.7983,3.7283,5.5859,9.6844,7.5326,123.2089,-85.8637
2006-03-14,22.425,0.9442,1.6876,4.0175,6.0067,10.0285,7.9564,124.3723,-85.7303
2006-03-15,22.7633,1.5088,3.3487,5.4545,7.572,12.168,10.1858,126.2488,-85.515
2006-03-16,22.7768,0.0594,3.5373,4.2751,7.5333,13.0934,11.5458,126.3238,-85.5064
2006-03-17,22.9507,0.7634,3.248,4.779,7.4331,14.1086,12.434,127.2882,-85.3957
2006-03-20,22.91,-0.1776,3.1274,4.3029,7.0737,13.1191,12.0986,127.0622,-85.4216
2006-03-21,22.8217,-0.3854,1.769,3.6455,6.4927,14.2003,11.3026,126.5725,-85.4778
2006-03-22,22.9915,0.7441,1.0024,4.8355,8.3456,15.8298,12.7555,127.5143,-85.3698
2006-03-23,22.8964,-0.4137,0.5248,3.318,7.8287,15.7428,12.9928,126.9868,-85.4303
2006-03-24,22.876,-0.089,-0.3255,3.574,7.1863,15.1699,12.3365,126.8739,-85.4433
2006-03-27,22.8964,0.089,-0.0593,3.6027,6.4715,14.42,12.5473,126.9868,-85.4303
2006-03-28,22.7334,-0.7119,-0.3868,2.2081,5.5143,13.7585,13.6123,126.0828,-85.534
2006-03-29,22.9643,1.0158,-0.1182,4.4538,7.5318,14.2985,12.6222,127.3636,-85.3871
2006-03-30,22.9643,0.0,0.2967,3.6245,7.3617,14.2602,12.9183,127.3636,-85.3871
2006-03-31,22.9575,-0.0296,0.3563,3.8793,7.3639,13.6937,13.9711,127.3259,-85.3914
2006-04-03,23.039,0.355,0.623,3.9934,8.3623,13.5677,14.4897,127.7779,-85.3395
2006-04-04,23.1953,0.6781,2.0316,5.245,8.3728,15.0243,14.6946,128.6444,-85.2401
2006-04-05,23.2088,0.0586,1.0648,5.2421,8.1627,16.1377,14.7239,128.7198,-85.2315
2006-04-06,23.1749,-0.1464,0.9169,5.2172,8.175,17.4301,13.6177,128.5313,-85.2531
2006-04-07,23.0594,-0.4982,0.4438,4.8218,7.2296,16.054,14.2116,127.891,-85.3266
2006-04-10,22.9779,-0.3534,-0.2653,3.3703,5.9835,14.6348,13.5824,127.4389,-85.3784
2006-04-11,22.9372,-0.1774,-1.1127,3.2498,6.0936,15.3215,12.489,127.2129,-85.4044
2006-04-12,23.0934,0.6811,-0.4975,2.9806,6.7493,16.7386,15.2573,128.0793,-85.3049
2006-04-13,22.9983,-0.4118,-0.762,1.0322,7.1139,16.2579,16.5319,127.5519,-85.3655
2006-04-17,22.8828,-0.5021,-0.7659,0.4652,6.9468,15.8317,18.2698,126.9115,-85.4389
2006-04-18,23.433,2.4043,1.9804,2.1012,10.0751,17.5758,20.7379,129.9628,-85.0889
2006-04-19,23.5824,0.6377,2.8131,2.9351,10.6363,18.0864,20.9663,130.7915,-84.9938
2006-04-20,23.6707,0.3744,2.5,3.7203,10.5243,19.373,22.681,131.2813,-84.9376
2006-04-21,23.6979,0.1148,3.0419,3.0723,13.1172,17.9495,19.6311,131.432,-84.9203
2006-04-24,23.7794,0.3439,3.9181,3.8564,13.433,19.8803,21.477,131.884,-84.8684
2006-04-25,23.5009,-1.1711,0.2899,2.7316,11.2784,19.2854,18.6368,130.3395,-85.0456
2006-04-26,23.6299,0.5491,0.2016,3.2038,11.9253,18.1256,20.8374,131.0552,-84.9635
2006-04-27,23.5009,-0.5461,-0.7173,3.3761,10.0793,17.6387,20.0134,130.3395,-85.0456
2006-04-28,23.4534,-0.2023,-1.0318,2.1296,9.6133,18.4375,21.0931,130.0758,-85.0759
2006-05-01,23.5145,0.2606,-1.114,2.3957,9.6563,19.8042,20.0008,130.4148,-85.037
2006-05-02,23.7047,0.8088,0.8671,3.2545,11.1747,18.8588,20.3149,131.4697,-84.916
2006-05-03,23.7115,0.0286,0.3449,2.9186,10.2617,18.5729,21.2128,131.5073,-84.9116
2006-05-04,23.9967,1.2031,2.1098,3.4553,12.5444,20.3638,21.2625,133.0895,-84.7301
2006-05-05,24.2345,0.9906,3.3304,4.419,13.9124,20.3382,23.0873,134.4079,-84.5788
2006-05-08,24.2141,-0.0841,2.9752,4.4842,13.4198,19.7173,22.4849,134.2949,-84.5918
2006-05-09,24.2141,0.0,2.149,5.0074,14.2527,19.6377,21.6623,134.2949,-84.5918
2006-05-10,24.2277,0.0561,2.177,5.4389,13.7719,19.2688,23.1783,134.3702,-84.5832
2006-05-11,24.1054,-0.5046,0.4529,5.0933,12.554,19.4183,21.6884,133.6922,-84.661
2006-05-12,23.725,-1.5779,-2.102,2.7353,10.0479,17.2604,21.0754,131.5827,-84.903
2006-05-15,23.7318,0.0286,-1.9916,3.1896,9.9413,15.7927,21.7328,131.6203,-84.8987
2006-05-16,23.725,-0.0286,-2.0196,3.6807,8.616,15.532,20.0112,131.5827,-84.903
2006-05-17,23.236,-2.0613,-4.0931,-0.8406,6.0814,12.9286,16.748,128.8703,-85.2142
2006-05-18,23.0458,-0.8184,-4.3956,-2.2753,4.9214,12.041,14.0689,127.8156,-85.3352
2006-05-19,23.1205,0.3242,-2.548,-2.3242,5.0028,12.0013,14.2874,128.23,-85.2877
2006-05-22,23.073,-0.2056,-2.7762,-2.6369,5.2071,10.7247,14.0901,127.9663,-85.3179
2006-05-23,22.9643,-0.471,-3.2064,-3.4276,3.6245,9.0765,12.7701,127.3636,-85.3871
2006-05-24,22.9032,-0.2661,-1.4323,-2.5433,3.697,8.1642,12.766,127.0246,-85.426
2006-05-25,23.0594,0.6821,0.0589,-2.4145,4.3404,8.6259,14.5149,127.891,-85.3266
2006-05-26,23.1885,0.5596,0.2938,-1.3295,4.254,9.0955,14.321,128.6067,-85.2444
2006-05-30,22.8896,-1.2888,-0.7948,-2.4037,4.114,7.6555,12.9221,126.9492,-85.4346
2006-05-31,23.0526,0.7122,0.3845,-1.9641,4.023,9.0084,14.0271,127.8533,-85.3309
2006-06-01,23.2903,1.0312,1.6904,-1.7479,5.3853,9.8878,14.7855,129.1718,-85.1796
2006-06-02,23.3243,0.1458,1.1487,-1.6328,5.2811,10.223,14.9528,129.3601,-85.158
2006-06-05,22.8217,-2.1549,-1.5817,-4.8967,3.55,6.6611,12.9968,126.5725,-85.4778
2006-06-06,22.7334,-0.3868,-0.6825,-6.1939,3.0862,6.6508,12.4852,126.0828,-85.534
2006-06-07,22.4821,-1.1055,-2.475,-7.1529,2.0717,6.0406,10.7654,124.6889,-85.6939
2006-06-08,22.4957,0.0604,-3.4121,-7.0968,2.2591,5.6689,11.5301,124.7643,-85.6853
2006-06-09,22.3055,-0.8454,-4.3681,-7.9338,0.3452,5.5426,10.5507,123.7096,-85.8063
2006-06-12,22.027,-1.2485,-3.4821,-8.6221,-0.8472,4.6913,9.3153,122.1651,-85.9835
2006-06-13,21.9591,-0.3084,-3.4061,-7.4435,-2.0776,3.8044,8.7978,121.7883,-86.0267
2006-06-14,22.1493,0.8661,-1.4803,-6.6686,-2.6976,4.6701,9.995,122.8431,-85.9057
2006-06-15,22.6519,2.2692,0.6944,-4.5234,-0.5487,6.9433,12.3791,125.6307,-85.5859
2006-06-16,22.6485,-0.015,1.5377,-2.5285,-1.317,6.0182,12.2506,125.6118,-85.5881
2006-06-19,22.4714,-0.7817,2.0176,-2.4924,-1.9142,5.0241,10.4744,124.6299,-85.7007
2006-06-20,22.4442,-0.1212,2.2091,-2.9253,-1.6541,4.7312,10.7417,124.4788,-85.718
2006-06-21,22.7098,1.1833,2.5306,-1.5743,-1.2254,7.018,12.0891,125.9517,-85.5491
2006-06-22,22.5736,-0.5997,-0.3457,-1.7015,-1.4099,6.3084,11.9723,125.1964,-85.6357
2006-06-23,22.6349,0.2715,-0.0601,-1.1716,-1.0542,6.0563,14.5995,125.5363,-85.5967
2006-06-26,22.6961,0.2707,1.0,-1.5754,-0.8746,5.5403,15.6552,125.8762,-85.5577
2006-06-27,22.4851,-0.93,0.1821,-3.0335,-1.0924,4.3617,14.7362,124.7055,-85.692
2006-06-28,22.5531,0.3028,-0.6897,-1.47,-1.7905,5.6064,13.1115,125.0831,-85.6487
2006-06-29,23.0298,2.1135,2.0211,-0.099,0.2851,7.6678,16.2442,127.7267,-85.3454
2006-06-30,23.023,-0.0295,1.7148,-1.1479,0.2852,7.6701,16.9614,127.689,-85.3497
2006-07-03,23.1047,0.3549,1.8002,-0.9415,0.2851,8.6713,16.9784,128.1422,-85.2977
2006-07-05,22.9345,-0.7368,1.9988,0.4942,-1.1243,7.1544,15.763,127.198,-85.4061
2006-07-06,22.9958,0.2672,1.9626,1.1541,-0.9181,7.1697,17.3824,127.5379,-85.3671
2006-07-07,22.6553,-1.4806,-1.6262,0.7705,-2.242,5.7497,15.3682,125.6496,-85.5837
2006-07-10,22.7166,0.2705,-1.331,0.982,-1.4868,5.6353,13.7019,125.9895,-85.5447
2006-07-11,22.7779,0.2698,-1.4147,2.1177,-0.8706,5.0608,13.8178,126.3294,-85.5057
2006-07-12,22.5463,-1.0164,-1.6924,2.3577,-1.7039,4.2859,13.2677,125.0453,-85.653
2006-07-13,22.1037,-1.9631,-3.8792,0.6587,-4.2855,2.1746,10.7087,122.5905,-85.9347
2006-07-14,21.7905,-1.4171,-3.8172,-1.6198,-5.2517,1.4886,8.1598,120.8533,-86.134
2006-07-17,21.7156,-0.3438,-4.4064,-4.1334,-5.1009,1.4915,7.9316,120.4378,-86.1817
2006-07-18,21.8177,0.4704,-4.2152,-3.668,-6.8931,2.4875,8.6564,121.0043,-86.1167
2006-07-19,22.2603,2.0287,-1.2685,-0.9394,-5.6062,4.4339,9.9436,123.4592,-85.835
2006-07-20,21.8041,-2.0495,-1.3555,-2.8519,-7.8857,1.8087,6.4572,120.9288,-86.1254
2006-07-21,21.5862,-0.9994,-0.9375,-4.9475,-8.9109,3.0375,5.9478,119.7202,-86.264
2006-07-24,21.9403,1.6404,1.0348,-2.8054,-7.734,4.6601,7.368,121.6841,-86.0387
2006-07-25,21.879,-0.2793,0.2809,-3.3393,-6.9014,3.5986,7.8461,121.3442,-86.0777
2006-07-26,21.5998,-1.2761,-2.9673,-4.8305,-8.5914,2.3094,5.945,119.7958,-86.2554
2006-07-27,21.5589,-0.1892,-1.1244,-4.1188,-8.2633,0.983,5.3292,119.5691,-86.2814
2006-07-28,21.8041,1.1371,1.0095,-3.3212,-7.0321,1.9052,5.9374,120.9288,-86.1254
2006-07-31,21.7156,-0.406,-1.0242,-5.7066,-7.6502,1.2674,6.2684,120.4378,-86.1817
2006-08-01,21.5794,-0.6272,-1.3695,-6.2703,-8.9657,1.2071,5.6712,119.6825,-86.2684
2006-08-02,21.7156,0.6311,0.536,-6.0124,-8.4174,0.9806,6.4778,120.4378,-86.1817
2006-08-03,21.8926,0.8153,1.5477,-4.5428,-8.7683,2.6762,7.5579,121.4197,-86.069
2006-08-04,21.8313,-0.2799,0.1249,-5.0637,-9.9161,2.6167,7.9676,121.0798,-86.108
2006-08-07,21.7428,-0.4054,0.1254,-4.0276,-10.2059,1.8443,8.103,120.5889,-86.1644
2006-08-08,21.5521,-0.877,-0.1262,-5.1259,-10.9934,1.6925,7.4054,119.5314,-86.2857
2006-08-09,21.2185,-1.5482,-2.2891,-6.846,-12.4204,-0.3591,4.9715,117.6809,-86.498
2006-08-10,21.3887,0.8023,-2.3017,-5.1344,-11.27,-0.1308,5.884,118.6251,-86.3897
2006-08-11,21.2661,-0.5731,-2.5889,-3.7893,-10.3642,-1.3577,4.4114,117.9452,-86.4677
2006-08-14,21.307,0.1921,-2.0044,-2.2188,-10.2177,-1.2921,5.0612,118.1718,-86.4417
2006-08-15,21.6951,1.8217,0.6635,-0.0941,-8.556,-0.6771,6.7635,120.3245,-86.1947
2006-08-16,22.1786,2.2285,4.525,1.6542,-4.5506,1.254,10.4168,123.0059,-85.887
2006-08-17,22.2059,0.1228,3.8204,-0.2448,-3.6448,1.0972,10.2582,123.157,-85.8697
2006-08-18,22.1514,-0.2453,4.1627,1.5927,-4.1918,0.6013,10.4655,122.8549,-85.9044
2006-08-21,21.9539,-0.8915,3.0362,1.7035,-4.8502,0.1044,9.0436,121.7597,-86.03
2006-08-22,22.022,0.3101,1.5066,0.3724,-4.1034,-0.6276,9.1637,122.1373,-85.9867
2006-08-23,21.8586,-0.7421,-1.443,-0.0934,-4.561,-1.0326,8.8598,121.2309,-86.0907
2006-08-24,21.7428,-0.5296,-2.0852,0.6621,-5.7096,-1.617,9.1575,120.5889,-86.1644
2006-08-25,21.7496,0.0313,-1.8137,0.8844,-6.205,-2.215,9.0083,120.6266,-86.16
2006-08-28,21.8381,0.407,-0.5273,0.1561,-4.5937,-0.6687,10.0432,121.1176,-86.1037
2006-08-29,21.8926,0.2494,-0.5875,0.8153,-5.032,-1.2115,9.6513,121.4197,-86.069
2006-08-30,21.913,0.0933,0.2492,1.5462,-5.9136,-0.8468,10.6448,121.533,-86.056
2006-08-31,21.9607,0.2175,1.0022,1.1289,-5.8462,-0.8739,10.0663,121.7974,-86.0257
2006-09-01,22.1173,0.7132,1.6907,1.0264,-3.0863,0.3541,11.2997,122.666,-85.926
2006-09-05,22.165,0.2156,1.4968,1.5285,-2.5002,0.5088,11.1649,122.9305,-85.8957
2006-09-06,21.9335,-1.0446,0.1867,0.8769,-2.4401,-0.4189,8.725,121.6464,-86.043
2006-09-07,21.879,-0.2484,-0.1553,1.5166,-2.7412,-0.544,8.0244,121.3442,-86.0777
2006-09-08,21.9199,0.1867,-0.1861,3.3055,-1.7289,-1.3896,8.8382,121.5708,-86.0517
2006-09-11,21.9403,0.0932,-0.8005,2.5788,-0.3937,-1.2376,8.327,121.6841,-86.0387
2006-09-12,22.1446,0.9311,-0.0922,4.1306,0.8447,-1.2504,8.6527,122.8171,-85.9087
2006-09-13,22.3693,1.0148,1.987,4.9857,0.9934,-1.731,10.2263,124.0634,-85.7657
2006-09-14,22.2671,-0.4566,1.774,2.6366,-1.6984,-2.2378,10.5626,123.497,-85.8307
2006-09-15,22.382,0.5159,2.1085,0.9172,-1.1764,-2.4779,11.2811,124.1341,-85.7576
2006-09-18,22.4367,0.2444,2.2627,1.0397,-0.1544,-2.0657,10.7824,124.4375,-85.7228
2006-09-19,22.3478,-0.3962,0.9179,0.8869,-0.4293,-2.0763,11.8292,123.9445,-85.7794
2006-09-20,22.4709,0.5508,0.4544,2.355,-1.0517,-2.2642,13.2072,124.6272,-85.701
2006-09-21,22.2589,-0.9434,-0.0368,1.076,-1.3938,-2.784,12.5205,123.4515,-85.8359
2006-09-22,22.1495,-0.4916,-1.0388,1.331,-2.1442,-3.1758,11.5124,122.8446,-85.9056
2006-09-25,22.4162,1.2041,-0.0914,3.0971,-1.2333,-2.0971,12.0205,124.3237,-85.7358
2006-09-26,22.6966,1.2508,1.5606,4.354,0.9408,-0.1619,13.5744,125.8788,-85.5574
2006-09-27,22.7513,0.241,1.2477,4.1815,0.8786,-0.9276,13.2382,126.1821,-85.5226
2006-09-28,22.9086,0.6913,2.9185,4.6407,-0.5263,-0.2427,13.9829,127.0544,-85.4225
2006-09-29,22.7992,-0.4776,2.933,4.0438,-0.9722,-0.6898,12.9095,126.4476,-85.4922
2006-10-02,22.8675,0.2999,2.0134,4.1293,-1.0265,-0.7443,12.7224,126.8269,-85.4486
2006-10-03,23.0112,0.628,1.3859,4.0413,0.3343,-0.7937,14.1113,127.6233,-85.3573
2006-10-04,23.3531,1.4859,2.645,5.3601,1.5538,0.6214,16.8594,129.5197,-85.1397
2006-10-05,23.4693,0.4978,2.4477,7.0023,3.5932,1.2706,18.9221,130.1644,-85.0657
2006-10-06,23.4215,-0.2039,2.7294,7.0499,3.103,1.5701,17.8761,129.899,-85.0962
2006-10-09,23.4488,0.1168,2.5419,6.9752,2.9456,2.0494,16.984,130.0506,-85.0788
2006-10-10,23.483,0.1458,2.0505,7.0314,4.1544,2.3798,18.0659,130.2403,-85.057
2006-10-11,23.4898,0.0291,0.5856,6.075,6.271,1.7168,18.7428,130.2782,-85.0527
2006-10-12,23.6882,0.8442,0.9324,5.8959,8.7087,2.9996,19.7453,131.378,-84.9265
2006-10-13,23.6335,-0.2309,0.9051,6.136,8.8318,3.2804,19.6314,131.0747,-84.9613
2006-10-16,23.7907,0.6655,1.4582,6.2939,9.0432,1.5267,19.3709,131.947,-84.8612
2006-10-17,23.6608,-0.5461,0.7572,5.4557,6.2913,0.3325,18.479,131.2264,-84.9439
2006-10-18,23.5993,-0.2601,0.4658,5.5998,8.2332,-0.3018,19.0127,130.8851,-84.983
2006-10-19,23.5445,-0.2319,-0.6062,4.7778,9.0723,-0.647,17.1864,130.5816,-85.0179
2006-10-20,23.442,-0.4357,-0.8102,5.3148,6.8444,-1.4189,18.1793,130.0127,-85.0831
2006-10-23,23.5651,0.5251,-0.9485,6.3909,7.7063,0.273,19.6111,130.6954,-85.0048
2006-10-24,23.5787,0.058,-0.3468,5.1861,9.1618,-0.2167,17.8696,130.7712,-84.9961
2006-10-25,23.5993,0.087,0.0,3.9771,9.4639,0.4185,18.1311,130.8851,-84.983
2006-10-26,23.5924,-0.029,0.2033,3.6971,8.2018,0.593,19.1398,130.8471,-84.9874
2006-10-27,23.4215,-0.7247,-0.0875,2.2388,7.8556,-0.3956,19.3303,129.899,-85.0962
2006-10-30,23.4967,0.3212,-0.2902,3.0594,8.8849,-0.8774,17.816,130.3162,-85.0483
2006-10-31,23.442,-0.2329,-0.5801,2.512,7.95,-1.1365,17.2253,130.0127,-85.0831
2006-11-01,23.3257,-0.4959,-1.1591,1.367,6.5461,-2.7962,16.9982,129.368,-85.1571
2006-11-02,23.2437,-0.3518,-1.4783,-0.4685,6.4693,-4.0883,15.4184,128.9129,-85.2093
2006-11-03,23.1958,-0.2059,-0.9635,-1.1655,6.6826,-4.2053,14.6828,128.6474,-85.2398
2006-11-06,23.4009,0.8844,-0.4075,-0.0876,8.5783,-3.3581,15.6201,129.7852,-85.1092
2006-11-07,23.6676,1.1397,0.9627,0.9332,11.5426,-2.3115,16.5119,131.2643,-84.9395
2006-11-08,23.7018,0.1445,1.6125,0.9319,10.8147,-1.6742,17.419,131.4539,-84.9178
2006-11-09,23.5582,-0.6059,1.3533,0.2911,10.7781,-0.7031,16.4359,130.6575,-85.0091
2006-11-10,23.5924,0.1452,1.7099,-0.4041,10.7262,-0.5874,15.1125,130.8471,-84.9874
2006-11-13,23.7771,0.7826,1.6072,0.6076,9.5962,0.2192,15.7853,131.8711,-84.8699
2006-11-14,23.8523,0.3164,0.7801,0.2587,7.5463,2.6523,15.9238,132.2883,-84.822
2006-11-15,24.0848,0.9748,1.6157,1.7919,8.4615,4.5082,17.0921,133.5779,-84.6741
2006-11-16,24.1942,0.4543,2.6996,2.521,9.2221,4.6438,17.2024,134.1847,-84.6045
2006-11-17,24.2079,0.0566,2.6087,2.8174,10.2668,4.9187,16.1709,134.2606,-84.5957
2006-11-20,24.1258,-0.339,1.4668,2.9172,9.5533,5.0578,14.5934,133.8054,-84.648
2006-11-21,24.2079,0.3402,1.4909,2.7279,10.7478,5.6965,14.3258,134.2606,-84.5957
2006-11-22,24.3036,0.3955,0.9086,3.0743,11.7777,5.3957,14.487,134.7915,-84.5348
2006-11-24,24.2557,-0.197,0.2543,2.7818,11.5226,4.6026,14.1167,134.526,-84.5653
2006-11-27,23.866,-1.607,-1.4125,1.1594,9.2857,4.2655,12.2474,132.3642,-84.8133
2006-11-28,23.8386,-0.1146,-1.1905,1.781,8.8888,3.4095,12.7251,132.2125,-84.8307
2006-11-29,24.0301,0.8032,-0.7345,2.2701,9.6611,3.1762,13.3781,133.2745,-84.7089
2006-11-30,24.0164,-0.0569,-1.1818,2.4504,9.3608,2.9673,13.4936,133.1986,-84.7176
2006-12-01,23.8796,-0.5695,-1.5506,2.3747,7.968,4.6357,11.6056,132.44,-84.8046
2006-12-04,24.1874,1.2887,1.3467,4.06,9.1241,6.3957,13.472,134.1468,-84.6088
2006-12-05,24.2421,0.2262,1.6925,4.5106,10.5254,7.8285,14.342,134.4502,-84.574
2006-12-06,24.16,-0.3385,0.5407,3.2437,10.4255,7.3985,13.4869,133.995,-84.6262
2006-12-07,24.119,-0.1698,0.4271,1.907,10.0325,8.1302,14.1235,133.7674,-84.6523
2006-12-08,24.1463,0.1134,1.1168,1.8753,10.0547,9.6215,14.7642,133.9192,-84.6349
2006-12-11,24.0369,-0.4531,-0.622,2.032,8.5455,9.4623,13.6267,133.3124,-84.7045
2006-12-12,24.0779,0.1707,-0.677,2.0579,7.6384,8.7077,13.7844,133.5399,-84.6784
2006-12-13,23.9959,-0.3408,-0.6793,0.9203,7.7636,5.9333,13.2886,133.0847,-84.7307
2006-12-14,24.1326,0.57,0.0567,1.1754,7.8215,6.5531,12.9657,133.8433,-84.6436
2006-12-15,24.2657,0.5513,0.4943,0.7511,8.1517,7.9847,13.4099,134.5812,-84.559
2006-12-18,24.2933,0.1137,1.0666,0.4095,8.7053,8.2387,13.3597,134.7342,-84.5414
2006-12-19,24.3002,0.0283,0.9229,0.3812,8.1405,7.0032,14.5127,134.7724,-84.537
2006-12-20,24.3346,0.1419,1.4118,0.8656,9.3252,7.8015,14.602,134.9636,-84.5151
2006-12-21,24.2864,-0.1983,0.6371,0.3243,9.6474,7.2964,13.7946,134.6959,-84.5458
2006-12-22,24.1347,-0.6245,-0.5398,-0.695,7.6663,6.3385,12.2299,133.8548,-84.6423
2006-12-26,24.2519,0.4856,-0.1703,-0.0158,6.8526,7.8579,12.5624,134.5047,-84.5677
2006-12-27,24.376,0.5117,0.3121,2.1371,7.1411,8.0825,14.1421,135.193,-84.4888
2006-12-28,24.2933,-0.3393,-0.17,1.9073,6.0445,5.4863,13.5748,134.7342,-84.5414
2006-12-29,24.1347,-0.6527,-0.6245,0.4354,5.8579,4.8287,12.8692,133.8548,-84.6423
2007-01-03,24.2864,0.6284,0.6284,1.1241,6.2046,5.1144,14.2292,134.6959,-84.5458
2007-01-04,24.183,-0.4258,-0.2842,1.2703,5.0924,5.4438,12.9876,134.1224,-84.6116
2007-01-05,24.1003,-0.3421,-1.1312,-0.3601,3.1995,4.8031,12.3171,133.6636,-84.6642
2007-01-08,24.1899,0.3718,-0.4257,-0.2153,3.0702,6.7736,12.9128,134.1607,-84.6072
2007-01-09,24.1761,-0.057,0.1714,0.0666,3.2219,6.4249,12.4223,134.0842,-84.616
2007-01-10,24.2588,0.3421,-0.1135,0.5798,3.4543,6.5017,11.8915,134.543,-84.5633
2007-01-11,24.4587,0.8241,1.1402,1.2937,4.155,8.482,13.1314,135.6517,-84.4361
2007-01-12,24.5277,0.2819,1.7735,2.0416,4.4182,10.9662,13.3793,136.0341,-84.3923
2007-01-16,24.6586,0.534,1.9379,2.4118,4.097,13.1625,14.847,136.7606,-84.3089
2007-01-17,24.6793,0.0839,2.0815,2.8482,4.4254,13.648,15.3431,136.8753,-84.2958
2007-01-18,24.569,-0.4469,1.2788,1.8083,3.2714,12.6104,15.4116,136.2635,-84.3659
2007-01-19,24.5552,-0.0561,0.3946,1.1932,3.7802,10.3094,15.2003,136.187,-84.3747
2007-01-22,24.2864,-1.0949,-0.9837,-0.0284,2.9116,11.3845,13.3991,134.6959,-84.5458
2007-01-23,24.569,1.1638,-0.3635,1.1064,4.3512,13.8183,17.2755,136.2635,-84.3659
2007-01-24,24.5001,-0.2806,-0.7263,0.6799,4.5138,11.6671,16.871,135.8812,-84.4098
2007-01-25,24.3691,-0.5346,-0.8137,0.3406,3.412,11.3813,15.3895,135.1547,-84.4932
2007-01-26,24.2726,-0.3961,-1.151,0.5713,2.9427,12.3741,14.9693,134.6195,-84.5546
2007-01-29,24.3277,0.2272,0.1703,0.3126,3.0868,12.8429,13.9522,134.9253,-84.5195
2007-01-30,24.314,-0.0566,-1.0382,-0.2545,3.0583,11.511,13.6355,134.8489,-84.5283
2007-01-31,24.638,1.3325,0.5627,1.4188,5.1939,13.4575,14.8954,136.6458,-84.3221
2007-02-01,24.8517,0.8674,1.9802,2.9706,5.7666,15.1639,16.554,137.831,-84.1861
2007-02-02,24.9482,0.3884,2.7833,2.725,6.4253,14.8861,16.0126,138.3663,-84.1247
2007-02-05,24.9964,0.1934,2.7487,3.3637,7.1625,14.1774,17.233,138.6339,-84.094
2007-02-06,25.0033,0.0276,2.8353,3.7471,7.5705,14.5296,17.5265,138.6722,-84.0896
2007-02-07,24.9826,-0.0828,1.399,3.2773,7.7033,14.9006,17.0197,138.5574,-84.1028
2007-02-08,24.8103,-0.6898,-0.1664,2.6233,6.0226,15.1176,17.066,137.6016,-84.2124
2007-02-09,24.7138,-0.389,-0.9395,1.8755,4.4202,16.473,16.0547,137.0664,-84.2738
2007-02-12,24.7552,0.1674,-0.9652,1.212,4.444,15.7393,15.5879,137.2958,-84.2475
2007-02-13,24.9551,0.8076,-0.193,1.7426,5.9293,17.3465,15.7533,138.4046,-84.1203
2007-02-14,25.3204,1.464,1.3521,2.6838,7.3244,18.8362,17.3007,140.4309,-83.8878
2007-02-15,25.3756,0.2178,2.2784,2.8212,6.723,16.9644,16.1724,140.7368,-83.8527
2007-02-16,25.2722,-0.4075,2.2594,2.8619,5.9528,13.9484,15.3773,140.1632,-83.9185
2007-02-20,25.3135,0.1637,2.2556,3.0882,5.1018,13.9949,15.2457,140.3927,-83.8922
2007-02-21,25.3825,0.2723,1.7127,4.5132,4.9114,14.5864,15.2754,140.775,-83.8483
2007-02-22,25.2998,-0.3259,-0.0816,2.9742,4.5104,15.2403,15.3606,140.3162,-83.901
2007-02-23,25.2308,-0.2725,-0.5705,2.9825,4.5802,14.571,13.8519,139.9339,-83.9448
2007-02-26,25.086,-0.5738,-0.7365,2.942,3.6276,14.7652,13.5801,139.131,-84.0369
2007-02-27,24.3346,-2.9953,-3.8671,0.2556,0.1277,11.9204,10.1106,134.9636,-84.5151
2007-02-28,24.3622,0.1133,-4.0196,0.1417,0.4389,12.0121,9.5311,135.1165,-84.4976
2007-03-01,24.3208,-0.1698,-3.8693,0.0283,1.906,11.3686,10.624,134.887,-84.5239
2007-03-02,24.0175,-1.2471,-4.8087,-2.5181,0.7506,9.7061,8.3771,133.2049,-84.7169
2007-03-05,23.9555,-0.2584,-4.5067,-3.6061,-0.3104,9.3207,8.395,132.8607,-84.7564
2007-03-06,24.2312,1.1511,-0.425,-2.8737,0.8945,10.339,9.3748,134.3901,-84.5809
2007-03-07,24.1347,-0.3983,-0.9338,-3.4473,1.0682,9.1213,9.5077,133.8548,-84.6423
2007-03-08,24.314,0.7427,-0.0283,-2.7571,0.5234,9.6952,10.2533,134.8489,-84.5283
2007-03-09,24.438,0.5103,1.7508,-2.1799,0.8084,11.4189,10.9521,135.537,-84.4493
2007-03-12,24.5552,0.4795,2.5036,-1.0281,1.6359,12.2319,11.6214,136.187,-84.3747
2007-03-13,24.1416,-1.6844,-0.3698,-2.3152,0.0939,10.1358,8.6054,133.893,-84.6379
2007-03-14,24.2381,0.3998,0.4285,-2.0885,0.3802,10.4732,9.106,134.4283,-84.5765
2007-03-15,24.2657,0.1137,-0.1985,-2.7625,0.9518,9.5785,8.2083,134.5812,-84.559
2007-03-16,24.3527,0.3588,-0.349,-3.8217,1.1413,8.8669,6.9824,135.064,-84.5036
2007-03-19,24.5255,0.7092,-0.1212,-3.3502,2.207,10.1419,7.6772,136.0219,-84.3937
2007-03-20,24.5876,0.2535,1.8475,-2.7086,1.8854,9.8544,7.1323,136.3667,-84.3541
2007-03-21,24.9262,1.3768,2.8386,-1.5303,2.7218,11.0953,8.8005,138.2442,-84.1387
2007-03-22,24.9745,0.194,2.9211,-1.6072,2.8042,11.7536,9.4333,138.5124,-84.1079
2007-03-23,25.1196,0.5809,3.1489,-0.7121,3.3721,11.7871,9.2561,139.3171,-84.0156
2007-03-26,24.9124,-0.825,1.5775,-1.2622,2.374,11.9206,8.8047,138.1677,-84.1475
2007-03-27,24.7949,-0.4715,0.8429,-1.1606,2.0938,11.9433,8.3882,137.5162,-84.2222
2007-03-28,24.5946,-0.808,-1.3303,1.0681,1.9053,9.7177,7.4168,136.4051,-84.3497
2007-03-29,24.5876,-0.0281,-1.5491,0.9253,1.3843,8.3318,8.1565,136.3667,-84.3541
2007-03-30,24.56,-0.1124,-2.2277,0.9834,0.7549,7.9499,6.9486,136.2135,-84.3717
2007-04-02,24.6015,0.1688,-1.248,2.4312,1.2685,7.3897,7.1291,136.4434,-84.3453
2007-04-03,24.7742,0.7021,-0.0836,3.4176,2.6495,8.6626,7.9131,137.4013,-84.2354
2007-04-04,24.6774,-0.3904,0.337,1.8415,1.6102,7.9147,7.1115,136.8648,-84.297
2007-04-05,24.7535,0.308,0.6744,2.5637,2.359,7.5715,6.7177,137.2864,-84.2486
2007-04-09,24.7258,-0.1117,0.6751,1.6939,2.5956,5.8782,6.5361,137.1331,-84.2662
2007-04-10,24.7189,-0.0279,0.4774,1.1493,2.187,5.3243,6.6625,137.0948,-84.2706
2007-04-11,24.6222,-0.3913,-0.6135,0.2727,1.8452,5.1266,6.7771,136.5583,-84.3321
2007-04-12,24.9193,1.2065,0.9799,3.2212,2.7225,6.2709,8.4487,138.2059,-84.1431
2007-04-13,24.9124,-0.0277,0.642,2.7817,1.8547,6.0867,8.6113,138.1677,-84.1475
2007-04-16,25.1127,0.8042,1.5647,3.4905,2.3852,6.9087,8.7441,139.2787,-84.02
2007-04-17,25.1127,0.0,1.593,3.1206,1.8413,6.0137,9.1937,139.2787,-84.02
2007-04-18,25.1818,0.2751,2.2727,2.676,2.0359,6.5514,10.0467,139.6619,-83.976
2007-04-19,25.2647,0.3292,1.3862,2.7536,2.8314,6.1955,7.8168,140.1217,-83.9233
2007-04-20,25.4374,0.6837,2.1076,2.051,3.5926,7.5086,7.866,141.0797,-83.8134
2007-04-23,25.5341,0.3802,1.6781,2.2406,5.1376,8.1987,7.8722,141.616,-83.7518
2007-04-24,25.4581,-0.2976,1.3755,1.3476,3.6187,8.1274,7.4278,141.1945,-83.8002
2007-04-25,25.7206,1.0312,2.1399,3.2445,4.9818,9.7205,8.1637,142.6506,-83.6331
2007-04-26,25.7068,-0.0537,1.7501,3.6779,5.4894,9.0887,9.3866,142.5739,-83.6419
2007-04-27,26.0039,1.1556,2.227,5.7303,7.1328,10.2854,10.0464,144.2215,-83.4529
2007-04-30,25.6999,-1.169,0.6494,4.5237,5.6404,8.9013,9.3571,142.5356,-83.6463
2007-05-01,25.8588,0.6183,1.574,5.2883,6.3538,9.6064,10.2563,143.4169,-83.5452
2007-05-02,26.0246,0.6412,1.1819,5.7849,5.6282,11.1145,10.6749,144.3365,-83.4397
2007-05-03,26.2112,0.7167,1.9618,5.8003,5.4704,11.5525,10.5738,145.371,-83.321
2007-05-04,26.2388,0.1054,0.9033,6.327,5.1732,11.9308,10.6587,145.5243,-83.3034
2007-05-07,26.3079,0.2633,2.3657,6.2797,5.2466,12.7849,9.6312,145.9075,-83.2595
2007-05-08,26.2941,-0.0525,1.6832,6.3426,5.1623,13.1236,8.4987,145.8308,-83.2682
2007-05-09,26.3631,0.2627,1.3007,6.6517,5.5259,13.6548,8.8753,146.214,-83.2243
2007-05-10,26.1835,-0.6813,-0.1054,6.3412,5.5349,11.8909,8.1335,145.2178,-83.3386
2007-05-11,26.3839,0.7651,0.5529,5.8774,6.7577,11.4765,8.8997,146.3289,-83.2111
2007-05-14,26.2664,-0.4451,-0.1576,5.4354,6.1049,10.8202,8.9649,145.6776,-83.2858
2007-05-15,26.3355,0.263,0.1577,4.8694,5.5317,11.7891,11.003,146.0608,-83.2419
2007-05-16,26.4668,0.4984,0.3931,5.392,4.5274,12.1834,11.5244,146.7887,-83.1583
2007-05-17,26.5151,0.1827,1.2665,5.295,4.4907,11.5157,11.7601,147.0569,-83.1276
2007-05-18,26.4253,-0.3387,0.1572,4.594,4.5629,10.7874,13.7258,146.5588,-83.1847
2007-05-21,26.5773,0.5751,1.1836,4.4812,4.9925,10.3489,15.3237,147.4017,-83.088
2007-05-22,26.522,-0.2079,0.7083,3.8691,4.4896,9.6215,14.7121,147.0953,-83.1232
2007-05-23,26.6533,0.4949,0.7048,4.6947,5.3501,10.1017,15.5173,147.8232,-83.0397
2007-05-24,26.4391,-0.8035,-0.2866,2.7935,4.7891,9.5886,15.1314,146.6354,-83.1759
2007-05-25,26.598,0.601,0.6536,3.4668,6.0272,9.8734,16.1324,147.5167,-83.0748
2007-05-29,26.7707,0.6494,0.7278,2.949,10.0108,10.1513,16.0947,148.4746,-82.9649
2007-05-30,26.8882,0.4387,1.3806,4.6237,10.3685,10.8529,15.9551,149.126,-82.8902
2007-05-31,27.0333,0.5396,1.4256,4.5418,11.1528,13.2713,18.1028,149.9306,-82.7979
2007-06-01,27.1369,0.3833,2.6391,4.2739,12.9879,13.8359,17.7172,150.5053,-82.7319
2007-06-04,27.1438,0.0255,2.052,3.5583,13.3094,12.9577,16.5454,150.5437,-82.7275
2007-06-05,27.0609,-0.3055,1.0838,3.1332,11.6778,12.6767,16.0202,150.0838,-82.7803
2007-06-06,26.7707,-1.0722,-0.4368,1.7594,10.9222,12.1071,17.304,148.4746,-82.9649
2007-06-07,26.3355,-1.6258,-2.5811,0.1577,8.3144,8.8813,15.8451,146.0608,-83.2419
2007-06-08,26.7017,1.3903,-1.6039,1.2841,9.2627,10.146,18.7687,148.0914,-83.0089
2007-06-11,26.7362,0.1294,-1.5017,2.1108,8.8819,10.6631,18.8505,148.283,-82.9869
2007-06-12,26.3908,-1.292,-2.4763,0.0263,9.3166,9.4192,18.3153,146.3673,-83.2067
2007-06-13,27.0194,2.3821,0.929,2.8668,11.475,11.8988,22.6651,149.8539,-82.8067
2007-06-14,27.1576,0.5115,3.1217,3.1217,11.9178,12.983,23.6739,150.6204,-82.7187
2007-06-15,27.3038,0.5381,2.255,3.1625,12.1179,13.3975,23.2717,151.4309,-82.6257
2007-06-18,27.2899,-0.0507,2.0711,2.9221,11.2719,13.7276,20.4754,151.3541,-82.6345
2007-06-19,27.373,0.3045,3.7219,3.5864,11.3284,13.4274,20.8604,151.815,-82.5817
2007-06-20,27.2207,-0.5567,0.7447,2.4207,9.2052,12.1776,21.1346,150.9699,-82.6786
2007-06-21,27.2761,0.2035,0.4361,2.843,9.2156,12.2782,21.5284,151.2772,-82.6434
2007-06-22,27.1168,-0.584,-0.6849,1.7389,7.9506,11.5909,19.4058,150.3937,-82.7447
2007-06-25,27.0475,-0.2554,-0.8883,2.301,8.5707,11.1482,19.8194,150.0096,-82.7888
2007-06-26,26.8189,-0.8451,-2.0243,0.8305,8.1631,10.4279,18.4851,148.7419,-82.9343
2007-06-27,27.0821,0.9814,-0.509,1.1631,10.1143,12.2123,19.3248,150.2015,-82.7668
2007-06-28,26.9436,-0.5115,-1.2189,0.2061,9.5819,11.0989,19.829,149.4333,-82.8549
2007-06-29,27.0406,0.3599,-0.281,0.027,10.1,10.9312,19.8972,149.9711,-82.7932
2007-07-02,27.2345,0.7172,0.6914,0.3597,10.7028,12.1072,18.2577,151.0467,-82.6698
2007-07-03,27.4284,0.7121,2.2727,1.0486,10.7139,13.6473,19.135,152.1223,-82.5464
2007-07-05,27.4008,-0.101,1.1765,1.2559,11.0356,12.8235,18.5938,151.9687,-82.564
2007-07-06,27.567,0.6066,2.3136,2.9742,11.3662,13.9933,20.1989,152.8906,-82.4583
2007-07-09,27.7748,0.7538,2.7151,5.465,12.3311,15.2468,20.7821,154.043,-82.326
2007-07-10,27.3107,-1.6708,0.2798,2.2809,10.4851,12.9014,20.549,151.4693,-82.6213
2007-07-11,27.6016,1.0652,0.6314,3.2368,12.1006,14.1691,21.5044,153.0827,-82.4362
2007-07-12,28.0103,1.4805,2.2245,6.1365,12.4041,15.4643,22.9715,155.3492,-82.1762
2007-07-13,28.2042,0.6924,2.3116,4.3848,13.2137,15.3135,25.0944,156.4248,-82.0528
2007-07-16,28.3843,0.6385,2.1945,4.5168,13.0277,15.7236,28.4141,157.4235,-81.9382
2007-07-17,28.5505,0.5857,4.5397,4.5662,13.6897,15.783,31.0229,158.3455,-81.8324
2007-07-18,28.4882,-0.2183,3.212,4.3908,13.1302,15.4334,31.1878,157.9998,-81.8721
2007-07-19,28.7445,0.8996,2.6212,5.0101,13.7733,16.9947,31.7483,159.4211,-81.709
2007-07-20,28.3289,-1.4457,0.4421,4.0713,11.3671,15.3681,27.2618,157.1163,-81.9734
2007-07-23,28.5159,0.6601,0.4637,4.5455,11.6777,17.4152,30.7823,158.1534,-81.8544
2007-07-24,28.1211,-1.3845,-1.5041,3.7037,10.4602,14.4575,30.2736,155.9638,-82.1056
2007-07-25,28.1904,0.2463,-1.0455,4.2253,9.6021,15.0622,28.4867,156.3479,-82.0616
2007-07-26,27.6016,-2.0884,-3.9759,2.9184,7.3708,13.2648,26.1557,153.0827,-82.4362
2007-07-27,27.0891,-1.857,-4.3766,0.0256,4.1731,11.6035,25.4134,150.24,-82.7624
2007-07-30,27.6709,2.1478,-2.9633,2.6992,7.6691,13.7421,28.3499,153.4668,-82.3921
2007-07-31,27.2969,-1.3517,-2.9311,0.9477,5.5611,12.2682,25.1914,151.3924,-82.6301
2007-08-01,27.4977,0.7359,-2.457,0.9664,5.6604,11.6072,26.6267,152.5065,-82.5023
2007-08-02,27.6847,0.6801,0.3011,0.9344,5.622,11.4,28.2926,153.5437,-82.3833
2007-08-03,27.1168,-2.0516,0.1023,-1.0364,3.3461,8.6924,24.8724,150.3937,-82.7447
2007-08-06,27.5254,1.507,-0.5256,-0.1507,4.628,10.1174,25.7293,152.6601,-82.4847
2007-08-07,27.5254,0.0,0.8374,-0.8977,4.683,10.087,26.0822,152.6601,-82.4847
2007-08-08,27.7401,0.7801,0.8816,1.5724,5.2232,11.0377,27.583,153.851,-82.3481
2007-08-09,26.999,-2.6717,-2.4769,-2.1832,3.1145,8.8218,25.273,149.7406,-82.8197
2007-08-10,26.6873,-1.1544,-1.5837,-4.723,1.1502,7.9856,25.774,148.012,-83.018
2007-08-13,27.0475,1.3496,-1.7362,-4.1011,2.9737,9.2601,26.4569,150.0096,-82.7888
2007-08-14,26.3549,-2.5609,-4.2527,-7.1498,0.0734,5.6092,23.9287,146.168,-83.2296
2007-08-15,26.0432,-1.1826,-6.1174,-8.7822,-1.6005,2.8544,22.2283,144.4394,-83.4279
2007-08-16,26.057,0.0532,-3.489,-8.5339,-1.7277,2.6854,20.1054,144.5162,-83.4191
2007-08-17,26.3202,1.0101,-1.3755,-8.4337,-0.3977,4.1471,18.674,145.976,-83.2516
2007-08-20,26.7012,1.4473,-1.2804,-5.7458,0.4661,5.4818,20.2439,148.0888,-83.0092
2007-08-21,26.5973,-0.3891,0.9199,-6.7282,0.2837,4.786,20.0706,147.5126,-83.0753
2007-08-22,27.0752,1.7969,3.9628,-3.7192,1.583,7.0177,23.3275,150.1632,-82.7712
2007-08-23,26.9298,-0.5372,3.3493,-4.4717,1.8557,6.7336,22.2857,149.3565,-82.8637
2007-08-24,27.1514,0.823,3.1579,-1.6311,2.0805,8.2331,24.2139,150.5857,-82.7227
2007-08-27,27.0891,-0.2296,1.4526,0.0,1.189,11.3189,24.5886,150.24,-82.7624
2007-08-28,26.438,-2.4035,-0.599,-4.4556,-1.6744,8.5205,21.5561,146.629,-83.1767
2007-08-29,27.0614,2.3579,-0.0512,-0.8627,0.1038,11.2682,23.9178,150.0863,-82.78
2007-08-30,26.8951,-0.6143,-0.1286,-2.1914,-0.8909,11.9812,22.8502,149.1644,-82.8858
2007-08-31,27.3038,1.5194,0.5612,-1.3761,0.5893,13.9772,24.6006,151.4309,-82.6257
2007-09-04,27.4284,0.4566,1.2529,1.1494,1.3582,13.1946,24.8978,152.1223,-82.5464
2007-09-05,27.1514,-1.0101,2.6985,-1.3588,1.4219,12.4993,22.7607,150.5857,-82.7227
2007-09-06,27.373,0.8163,1.1518,-0.5536,3.9396,12.5816,23.4966,151.815,-82.5817
2007-09-07,26.812,-2.0496,-0.309,-3.3458,0.4133,9.7142,22.2424,148.7034,-82.9387
2007-09-10,26.8328,0.0775,-1.725,-0.6157,0.3612,9.2752,22.6417,148.8187,-82.9254
2007-09-11,27.0752,0.9035,-1.2878,1.4535,2.5934,12.1517,23.5192,150.1632,-82.7712
2007-09-12,27.0544,-0.0768,-0.3572,0.0255,0.1294,11.6193,23.3093,150.0479,-82.7844
2007-09-13,27.3384,1.0497,-0.1265,3.732,0.6657,12.6628,23.4543,151.623,-82.6037
2007-09-14,27.3869,0.1773,2.1441,5.1596,0.3044,12.4591,22.4308,151.8918,-82.5728
2007-09-17,27.1514,-0.8599,1.1874,4.1999,-0.5077,10.707,21.9348,150.5857,-82.7227
2007-09-18,28.0311,3.2398,3.5303,6.5,2.4039,14.0047,25.2391,155.4645,-82.1629
2007-09-19,28.3289,1.0625,4.7108,6.096,4.0713,13.6513,26.2613,157.1163,-81.9734
2007-09-20,28.0934,-0.8313,2.7616,5.625,2.9965,12.4882,25.7097,155.8102,-82.1233
2007-09-21,28.2841,0.6789,3.2762,4.465,4.305,12.5978,25.8699,156.868,-82.0019
2007-09-24,28.0126,-0.9599,3.172,4.0211,3.5682,12.4447,25.8489,155.3623,-82.1747
2007-09-25,28.124,0.3976,0.3316,3.5822,4.8662,13.4266,26.9734,155.98,-82.1038
2007-09-26,28.3189,0.6931,-0.0352,4.5401,4.5669,15.1431,26.3324,157.0611,-81.9798
2007-09-27,28.4442,0.4425,1.2488,7.5885,5.5695,15.6851,25.3238,157.756,-81.9
2007-09-28,28.5974,0.5384,1.1075,5.6761,5.7573,16.4388,25.6956,158.6054,-81.8026
2007-10-01,28.9664,1.2902,3.4046,7.7011,6.359,17.7424,26.4432,160.6518,-81.5678
2007-10-02,28.7296,-0.8172,2.1535,5.2222,4.744,15.9661,26.0118,159.3389,-81.7184
2007-10-03,28.5347,-0.6784,0.762,4.0334,4.1385,15.6308,24.7827,158.2579,-81.8424
2007-10-04,28.6322,0.3416,0.6608,5.4539,3.8642,15.6695,24.4275,158.7985,-81.7804
2007-10-05,28.9455,1.094,1.2171,5.7444,4.2149,17.0657,23.947,160.5358,-81.5811
2007-10-08,28.8967,-0.1683,-0.2403,7.7754,5.8074,16.9014,23.1256,160.2657,-81.6121
2007-10-09,29.1682,0.9394,1.5265,8.7036,5.6757,18.4631,24.5362,161.7713,-81.4393
2007-10-10,28.848,-1.0978,1.0979,6.5476,2.9908,15.7659,23.0254,159.9954,-81.6431
2007-10-11,28.6392,-0.7239,0.0243,5.8576,1.5422,14.9597,21.957,158.8371,-81.776
2007-10-12,28.7645,0.4375,-0.6253,5.2163,1.3394,14.5415,22.4549,159.532,-81.6963
2007-10-15,28.5417,-0.7745,-1.2287,4.2166,-0.031,13.6545,20.4893,158.2965,-81.838
2007-10-16,28.4164,-0.439,-2.5775,4.659,-0.252,12.8451,20.238,157.6016,-81.9177
2007-10-17,28.493,0.2695,-1.2307,1.6479,-0.8749,12.7779,19.765,158.0263,-81.869
2007-10-18,28.5695,0.2688,-0.2431,0.8495,0.8495,12.3131,20.7463,158.451,-81.8203
2007-10-19,27.7759,-2.7778,-3.4366,-1.13,-2.5949,8.7797,17.6983,154.0495,-82.3253
2007-10-22,27.8804,0.376,-2.3171,-1.4275,-0.856,9.5147,18.4154,154.6287,-82.2588
2007-10-23,28.0683,0.6741,-1.225,0.1987,-0.433,9.1275,19.7352,155.671,-82.1392
2007-10-24,27.9848,-0.2975,-1.7835,-0.495,1.3882,8.8613,18.7554,155.2079,-82.1924
2007-10-25,28.0335,0.1741,-1.8763,-1.0079,3.4865,7.805,18.8931,155.478,-82.1614
2007-10-26,28.0544,0.0746,1.0025,-1.3705,1.3861,9.1615,18.8783,155.594,-82.1481
2007-10-29,28.2354,0.6452,1.2735,-1.2658,3.4383,9.1907,19.68,156.5978,-82.0329
2007-10-30,27.9848,-0.8876,-0.2975,-3.3886,1.7713,7.5319,19.4835,155.2079,-82.1924
2007-10-31,28.2284,0.8706,0.8706,-1.7446,1.9639,7.6963,20.138,156.5592,-82.0373
2007-11-01,27.7481,-1.7016,-1.0181,-2.7568,2.3282,5.7522,18.3693,153.8951,-82.343
2007-11-02,27.9987,0.9032,-0.1985,-2.2125,1.7195,6.427,20.0336,155.2851,-82.1835
2007-11-05,27.8804,-0.4227,-1.2574,-3.6796,1.2895,6.0329,19.9482,154.6287,-82.2588
2007-11-06,28.3189,1.573,1.194,-1.9995,2.0865,7.4187,22.0865,157.0611,-81.9798
2007-11-07,27.6367,-2.409,-2.0962,-5.2505,2.362,5.55,18.1009,153.2774,-82.4139
2007-11-08,27.6437,0.0252,-0.3763,-4.1747,3.5835,4.775,16.7995,153.316,-82.4094
2007-11-09,27.0937,-1.9894,-3.2322,-5.3962,0.1709,3.1497,14.3107,150.2659,-82.7594
2007-11-12,26.8013,-1.0792,-3.8702,-6.8248,1.6942,1.7688,13.7664,148.6443,-82.9454
2007-11-13,27.4836,2.5455,-2.9498,-3.7073,5.5308,3.8418,16.4932,152.428,-82.5113
2007-11-14,27.3931,-0.3293,-0.8816,-3.6012,5.1274,3.3111,15.208,151.9261,-82.5689
2007-11-15,27.0102,-1.3977,-2.2916,-5.204,2.6213,2.2133,13.2394,149.8026,-82.8126
2007-11-16,27.0172,0.0258,-0.2827,-5.4337,1.1833,1.655,12.1752,149.8412,-82.8081
2007-11-19,26.6273,-1.4429,-0.6493,-4.1353,0.1129,0.3969,10.0566,147.6791,-83.0562
2007-11-20,26.6691,0.1568,-2.9636,-4.3446,-1.5001,0.0592,10.1669,147.9107,-83.0296
2007-11-21,26.2236,-1.6705,-4.2693,-6.5723,-2.6224,-0.8154,8.6951,145.4398,-83.3131
2007-11-23,26.5716,1.3273,-1.6237,-5.0498,-2.1353,-0.0993,9.7643,147.3702,-83.0916
2007-11-26,26.1539,-1.5719,-3.195,-6.7047,-3.452,-2.304,7.6134,145.0537,-83.3574
2007-11-27,26.676,1.9963,0.183,-4.9132,0.9005,-0.789,9.9783,147.9494,-83.0252
2007-11-28,27.3235,2.4269,2.4537,-3.2298,0.9685,1.0734,14.4871,151.54,-82.6132
2007-11-29,27.3235,0.0,4.1943,-2.3632,1.5926,0.6875,14.6185,151.54,-82.6132
2007-11-30,27.4279,0.3822,3.2225,-2.836,0.4546,1.0465,14.1398,152.1192,-82.5468
2007-12-03,27.1494,-1.0152,3.8063,-2.1575,-1.0172,0.3272,13.0454,150.5748,-82.7239
2007-12-04,27.0868,-0.2308,1.5396,-3.2571,-0.2381,1.1804,13.4304,150.2272,-82.7638
2007-12-05,27.5323,1.6449,0.7643,-1.2484,0.5818,4.5444,13.8293,152.6983,-82.4803
2007-12-06,27.8456,1.1378,1.9108,-1.6716,3.8548,4.284,14.8646,154.4356,-82.281
2007-12-07,28.0544,0.75,2.2842,1.5113,4.5527,4.9304,16.1192,155.594,-82.1481
2007-12-10,28.1867,0.4715,3.8205,1.9642,4.105,6.8049,16.8651,156.3275,-82.0639
2007-12-11,27.2886,-3.186,0.7453,0.7194,0.8658,0.9963,13.0137,151.3469,-82.6354
2007-12-12,27.6367,1.2755,0.3793,3.1169,1.0912,1.7641,14.9761,153.2774,-82.4139
2007-12-13,27.7759,0.5037,-0.25,1.0638,1.4206,1.7293,15.3584,154.0495,-82.3253
2007-12-14,27.4696,-1.1028,-2.0844,0.2795,1.1721,0.6585,14.4765,152.3507,-82.5202
2007-12-17,26.9754,-1.7993,-4.2974,-0.1289,-3.7661,-1.4527,11.7796,149.6095,-82.8347
2007-12-18,27.052,0.2839,-0.8674,0.1288,-4.5075,-0.6198,11.4823,150.0342,-82.786
2007-12-19,26.9615,-0.3345,-2.4433,1.2549,-4.0291,-1.1534,10.9832,149.5324,-82.8436
2007-12-20,27.1842,0.8262,-2.1303,1.9317,-3.8887,0.2488,11.8685,150.7679,-82.7018
2007-12-21,27.6641,1.7651,0.7078,5.4932,-1.2443,2.2795,13.6818,153.4291,-82.3965
2007-12-24,27.9718,1.1125,3.6939,5.2695,-0.5411,4.2988,15.175,155.136,-82.2006
2007-12-26,27.8669,-0.3751,3.0125,6.5495,-1.5962,2.8978,15.464,154.5541,-82.2674
2007-12-27,27.5452,-1.1546,2.1649,3.258,-3.1609,2.2326,13.5793,152.7695,-82.4721
2007-12-28,27.5172,-0.1016,1.2247,0.709,-3.7773,1.7625,12.8863,152.6144,-82.4899
2007-12-31,27.3913,-0.4576,-0.9861,0.2482,-5.4377,0.5755,12.7524,151.9161,-82.5701
2008-01-02,26.9366,-1.6598,-3.7009,-1.7911,-6.241,-1.7931,11.6095,149.3946,-82.8594
2008-01-03,26.9576,0.0778,-3.2631,-0.7066,-5.5271,-1.6173,10.9988,149.5109,-82.846
2008-01-04,26.405,-2.0498,-4.1391,-2.5169,-7.7786,-4.215,9.1885,146.4462,-83.1976
2008-01-07,26.0763,-1.2451,-5.2364,-5.2885,-9.9124,-6.1153,8.1991,144.6229,-83.4068
2008-01-08,25.4957,-2.2264,-6.9203,-8.4389,-11.7696,-6.6458,5.3983,141.403,-83.7763
2008-01-09,25.5727,0.3018,-5.0636,-8.8462,-12.327,-7.3509,5.7766,141.8298,-83.7273
2008-01-10,25.9294,1.3949,-3.8142,-8.0084,-10.1173,-7.4291,6.8864,143.8082,-83.5003
2008-01-11,25.4887,-1.6995,-3.4702,-6.5959,-11.0005,-9.628,4.2111,141.3642,-83.7807
2008-01-14,25.8035,1.2349,-1.0461,-6.6334,-10.2939,-9.0924,5.2015,143.1099,-83.5804
2008-01-15,25.2649,-2.0873,-0.9054,-9.0404,-11.4808,-11.5082,2.4585,140.1228,-83.9232
2008-01-16,24.9711,-1.1628,-2.3523,-9.0956,-12.1243,-12.3458,1.1822,138.4935,-84.1101
2008-01-17,24.3066,-2.661,-6.2584,-9.8934,-14.6926,-15.439,-1.0681,134.8081,-84.5329
2008-01-18,24.2576,-0.2015,-4.8299,-10.3295,-15.0927,-14.3714,-1.212,134.5365,-84.5641
2008-01-22,24.3416,0.3461,-5.6655,-9.7172,-12.3645,-14.6385,0.2273,135.0021,-84.5107
2008-01-23,25.0061,2.7299,-1.0243,-8.0126,-10.3094,-11.0772,1.7789,138.6874,-84.0878
2008-01-24,25.153,0.5874,0.7283,-9.0771,-10.3866,-10.7746,2.6648,139.5021,-83.9944
2008-01-25,25.0411,-0.4449,3.0216,-10.4776,-10.5191,-9.2769,2.7574,138.8814,-84.0656
2008-01-28,25.4118,1.4804,4.7578,-8.8102,-9.3522,-6.1918,4.6933,140.9375,-83.8297
2008-01-29,25.6356,0.8808,5.3161,-6.9324,-8.6218,-7.3553,5.3761,142.1789,-83.6872
2008-01-30,25.7405,0.4092,2.9371,-6.4565,-8.836,-5.7015,5.8673,142.7608,-83.6205
2008-01-31,25.8804,0.5435,2.8921,-5.5158,-7.5197,-5.8816,5.0429,143.5367,-83.5315
2008-02-01,26.475,2.2973,5.7262,-1.7139,-6.2118,-4.3699,6.532,146.8341,-83.1531
2008-02-04,26.1882,-1.0832,3.0553,-2.8542,-5.6217,-3.4244,4.9703,145.2436,-83.3356
2008-02-05,25.5237,-2.5374,-0.4366,-3.3378,-8.8398,-7.2724,2.1093,141.5581,-83.7585
2008-02-06,25.4817,-0.1644,-1.0054,-2.28,-8.6034,-7.4248,1.9133,141.3254,-83.7852
2008-02-07,25.4887,0.0274,-1.5135,-0.0274,-9.9941,-8.1162,2.0257,141.3642,-83.7807
2008-02-08,25.2999,-0.7409,-4.4386,-1.0668,-8.4557,-6.2934,1.9732,140.3168,-83.9009
2008-02-11,25.5517,0.9953,-2.4305,-1.4567,-7.5678,-4.2554,3.3903,141.7134,-83.7407
2008-02-12,25.8105,1.0128,1.1236,1.2623,-4.7364,-4.5736,4.263,143.1487,-83.576
2008-02-13,26.2721,1.7887,3.1018,1.8162,-1.9746,-0.3139,5.2777,145.7091,-83.2822
2008-02-14,25.8804,-1.491,1.5368,2.4364,-5.8332,-0.625,2.2116,143.5367,-83.5315
2008-02-15,25.7195,-0.6216,1.6589,2.9972,-6.1093,-1.2952,1.3555,142.6444,-83.6338
2008-02-19,25.8454,0.4895,1.1497,6.331,-4.3122,-1.8039,2.2684,143.3427,-83.5537
2008-02-20,25.9294,0.3247,0.4607,6.8916,-4.0263,-2.8906,2.4328,143.8082,-83.5003
2008-02-21,25.7265,-0.7823,-2.0767,5.6897,-3.3829,-3.2739,1.3555,142.6832,-83.6294
2008-02-22,25.9853,1.006,0.4054,3.9161,-2.5638,-4.0254,2.7098,144.1186,-83.4647
2008-02-25,26.1882,0.7806,1.8221,4.1157,-0.1349,-2.7538,3.7944,145.2436,-83.3356
2008-02-26,26.2092,0.0802,1.4073,4.6648,-1.3641,-3.4703,4.4771,145.36,-83.3223
2008-02-27,26.2581,0.1868,1.2679,3.3306,0.3984,-3.0674,7.9043,145.6315,-83.2911
2008-02-28,26.0693,-0.7192,1.3322,1.6917,-2.2746,-1.3946,7.007,144.5841,-83.4113
2008-02-29,25.3558,-2.7368,-2.4226,-1.4946,-7.2013,-6.3025,4.2555,140.6271,-83.8653
2008-03-03,25.7265,1.4621,-1.7628,-0.5946,-5.8445,-4.345,7.1156,142.6832,-83.6294
2008-03-04,25.4258,-1.1691,-2.9891,-3.963,-7.2996,-6.8782,6.1375,141.0151,-83.8208
2008-03-05,25.7615,1.3205,-1.8914,-1.6293,-5.1122,-6.0774,6.3153,142.8771,-83.6071
2008-03-06,25.2719,-1.9006,-3.0588,-0.9866,-6.7003,-6.9224,4.7117,140.1616,-83.9187
2008-03-07,24.9081,-1.4393,-1.7655,-2.2509,-9.5312,-9.0048,2.4438,138.1443,-84.1502
2008-03-10,24.5094,-1.6007,-4.7309,-3.842,-11.9808,-8.5878,0.2922,135.9331,-84.4039
2008-03-11,25.3418,3.3962,-0.3301,0.1659,-9.669,-5.5565,3.2034,140.5496,-83.8742
2008-03-12,25.2929,-0.1932,-1.8191,-1.0129,-10.2666,-6.583,4.7687,140.278,-83.9053
2008-03-13,25.6426,1.3827,1.4669,-0.6504,-6.032,-5.2185,5.7944,142.2177,-83.6828
2008-03-14,25.2369,-1.5821,1.3199,-3.9404,-8.6834,-7.687,4.0024,139.9677,-83.941
2008-03-17,25.111,-0.4989,2.4543,-2.973,-9.5945,-8.3102,3.1136,139.2693,-84.0211
2008-03-18,26.433,5.2647,4.3058,2.774,-3.7738,-2.6459,7.7778,146.6014,-83.1798
2008-03-19,25.4677,-3.6517,0.6914,-1.4614,-5.589,-9.1446,3.5794,141.2479,-83.7941
2008-03-20,25.7354,1.051,0.362,-0.7481,-4.8668,-9.1549,3.2466,142.7324,-83.6237
2008-03-24,26.3186,2.2659,4.286,2.3012,-2.3846,-6.3177,5.3816,145.9666,-83.2527
2008-03-25,26.4801,0.614,5.4524,1.9042,-2.5901,-6.3781,5.4162,146.8628,-83.1498
2008-03-26,26.2694,-0.7959,-0.619,0.31,-5.0415,-6.2231,5.4472,145.6939,-83.284
2008-03-27,25.9813,-1.0966,2.0165,-0.8694,-7.1162,-7.6188,4.7849,144.0962,-83.4673
2008-03-28,25.8829,-0.3786,0.5733,-1.4288,-7.1194,-8.602,5.2385,143.5507,-83.5299
2008-03-31,26.2764,1.5201,-0.1602,0.7945,-4.6061,-7.6214,6.8683,145.7329,-83.2795
2008-04-01,26.8736,2.2727,1.4859,5.9859,-2.3388,-6.0278,9.4201,149.045,-82.8995
2008-04-02,26.993,0.4444,2.7548,4.9229,-1.4539,-6.8125,9.7212,149.7074,-82.8235
2008-04-03,26.8736,-0.4425,3.4344,5.6944,-0.234,-6.4604,8.4742,149.045,-82.8995
2008-04-04,26.979,0.3922,4.2346,4.726,0.0793,-5.4521,9.3265,149.6295,-82.8324
2008-04-07,26.8104,-0.625,2.0321,6.0878,1.5351,-6.3629,8.3096,148.6943,-82.9397
2008-04-08,26.7893,-0.0787,-0.3138,7.5522,2.7343,-7.4491,8.3453,148.5773,-82.9531
2008-04-09,26.5293,-0.9703,-1.7178,8.2413,4.0541,-8.1927,7.324,147.1356,-83.1185
2008-04-10,26.6417,0.4237,-0.8628,5.1295,4.1806,-8.6617,8.2022,147.7591,-83.047
2008-04-11,25.5949,-3.9293,-5.1302,1.1941,-1.29,-11.2767,2.7113,141.9531,-83.7132
2008-04-14,25.6089,0.0549,-4.4812,-0.1312,0.4717,-10.5807,2.7962,142.0311,-83.7042
2008-04-15,25.7284,0.4663,-3.9602,1.9474,-0.291,-10.555,2.4517,142.6934,-83.6282
2008-04-16,26.445,2.7854,-0.3178,5.3125,4.671,-7.346,5.3054,146.668,-83.1722
2008-04-17,26.1359,-1.1689,-1.8987,-1.124,4.6645,-8.0253,3.7889,144.9535,-83.3689
2008-04-18,26.9228,3.0107,5.188,5.7132,10.7632,-5.5109,6.5629,149.3177,-82.8682
2008-04-21,26.8314,-0.3392,4.7736,4.2588,10.6103,-6.0838,5.4802,148.8111,-82.9263
2008-04-22,26.4029,-1.5972,2.6216,0.3204,8.4682,-4.9434,3.4024,146.4343,-83.199
2008-04-23,26.4169,0.0531,-0.1063,-0.2388,5.642,-5.2491,3.7662,146.5121,-83.1901
2008-04-24,26.5855,0.6383,1.7204,1.2035,5.6954,-5.2827,3.3626,147.4473,-83.0828
2008-04-25,26.9579,1.4006,0.1305,3.7588,7.6548,-3.6695,4.8667,149.5125,-82.8458
2008-04-28,27.1125,0.5734,1.0474,4.7503,6.6925,-3.2855,4.2631,150.3698,-82.7475
2008-04-29,26.8595,-0.9329,1.7296,2.2192,4.7743,-4.2592,4.5121,148.967,-82.9084
2008-04-30,27.0492,0.7063,2.3936,0.6536,5.0842,-4.201,4.6035,150.0191,-82.7877
2008-05-01,27.2249,0.6493,2.4048,0.8589,5.1949,-2.7155,4.6119,150.9932,-82.6759
2008-05-02,27.3303,0.3871,1.3813,1.6993,3.2306,-3.1818,4.2696,151.5777,-82.6089
2008-05-05,27.26,-0.2571,0.5442,1.0416,4.0928,-1.759,3.892,151.188,-82.6536
2008-05-06,27.3654,0.3866,1.8834,2.0702,7.2157,-2.262,4.0197,151.7726,-82.5865
2008-05-07,26.9438,-1.5404,-0.3896,0.577,5.7379,-3.3591,2.4712,149.4346,-82.8548
2008-05-08,27.0352,0.3389,-0.6968,1.9067,6.0672,-4.5333,2.5491,149.9411,-82.7967
2008-05-09,26.8666,-0.6236,-1.6966,0.844,6.1926,-2.7867,2.6087,149.0061,-82.9039
2008-05-12,27.2951,1.5951,0.1289,6.6428,6.8232,-1.2609,3.4539,151.3829,-82.6312
2008-05-13,27.4778,0.6692,0.4108,7.2976,6.4599,1.4175,4.6118,152.396,-82.515
2008-05-14,27.5059,0.1023,2.086,6.9088,4.6961,2.6288,4.4441,152.5518,-82.4971
2008-05-15,27.6675,0.5875,2.3389,4.6228,6.9052,0.6692,4.5367,153.4481,-82.3943
2008-05-16,27.5972,-0.254,2.7196,5.5914,7.3006,0.7453,4.0811,153.0584,-82.439
2008-05-19,27.9064,1.1202,2.2394,3.6535,7.974,3.318,5.6047,154.773,-82.2423
2008-05-20,27.4638,-1.586,-0.0511,2.3567,5.9176,1.6531,3.3354,152.3182,-82.5239
2008-05-21,27.0001,-1.6885,-1.839,2.2618,4.9502,1.3998,1.8023,149.7464,-82.819
2008-05-22,26.9368,-0.2342,-2.6409,1.9681,3.6616,1.004,1.0637,149.3956,-82.8592
2008-05-23,26.5504,-1.4346,-3.7933,-0.1322,1.3831,1.2463,0.4208,147.2525,-83.1051
2008-05-27,26.8314,1.0585,-3.852,-0.4691,2.3742,0.9777,0.8775,148.8111,-82.9263
2008-05-28,27.0141,0.6808,-1.6373,-0.3628,2.879,3.2888,0.909,149.8243,-82.8101
2008-05-29,27.1195,0.3901,0.4424,0.9679,4.0286,1.6623,0.8602,150.4088,-82.743
2008-05-30,27.2881,0.6217,1.3041,0.8831,7.6207,-0.1294,0.9426,151.3439,-82.6357
2008-06-02,27.0563,-0.8496,1.9053,-0.6193,5.1687,-0.9779,-0.2972,150.0581,-82.7832
2008-06-03,26.9649,-0.3376,0.4975,-1.3367,6.0536,-1.6879,-0.6591,149.5515,-82.8414
2008-06-04,26.8595,-0.3909,-0.5722,-1.4691,4.2623,-1.0678,-0.7441,148.967,-82.9084
2008-06-05,27.0563,0.7324,-0.2332,-1.1297,7.0607,-0.1126,1.0665,150.0581,-82.7832
2008-06-06,26.0024,-3.8951,-4.7116,-3.4941,4.3931,-5.5568,-1.265,144.2131,-83.4539
2008-06-09,26.2694,1.0268,-2.9083,-2.8326,7.1806,-5.6605,-1.619,145.6939,-83.284
2008-06-10,26.1148,-0.5884,-3.1527,-2.7982,3.0502,-6.9137,-2.3242,144.8366,-83.3823
2008-06-11,25.623,-1.8832,-4.6037,-6.1261,1.3052,-9.0953,-2.9093,142.109,-83.6953
2008-06-12,25.7143,0.3565,-4.9597,-6.4177,0.2798,-5.7691,-4.8302,142.6156,-83.6371
2008-06-13,26.0094,1.1475,0.027,-5.4406,3.0611,-5.8882,-4.228,144.2522,-83.4494
2008-06-16,25.8689,-0.5403,-1.5245,-6.5008,3.0183,-6.8658,-5.2552,143.4728,-83.5388
2008-06-17,25.8127,-0.2172,-1.1568,-6.4663,-2.3467,-6.0319,-5.4131,143.1611,-83.5746
2008-06-18,25.4403,-1.4426,-0.7129,-8.8368,-0.1076,-5.6905,-7.0606,141.0959,-83.8115
2008-06-19,25.7705,1.298,0.2186,-6.1653,0.1366,-4.7369,-5.3273,142.9273,-83.6014
2008-06-20,25.3407,-1.6681,-2.5712,-6.1459,-3.7156,-6.0116,-7.0956,140.5431,-83.8749
2008-06-23,25.3901,0.195,-1.851,-5.7421,-4.1165,-6.6,-6.3676,140.8172,-83.8435
2008-06-24,25.0866,-1.1954,-2.8131,-5.5134,-4.5026,-9.3172,-7.2501,139.1338,-84.0366
2008-06-25,24.903,-0.7316,-2.1121,-7.1871,-4.1502,-10.9711,-7.1439,138.1159,-84.1534
2008-06-26,24.4936,-1.644,-4.955,-9.3302,-5.3677,-12.105,-9.558,135.8453,-84.4139
2008-06-27,23.7878,-2.8818,-6.1281,-12.2854,-9.471,-13.6408,-11.7128,131.9305,-84.8631
2008-06-30,24.0066,0.9198,-5.449,-12.0255,-10.6686,-12.7579,-11.2202,133.144,-84.7239
2008-07-01,23.9925,-0.0588,-4.3613,-11.3238,-11.1161,-12.4084,-11.9042,133.0658,-84.7328
2008-07-02,23.2584,-3.0597,-6.6043,-13.7459,-13.4528,-13.6553,-15.2035,128.9943,-85.2
2008-07-03,23.583,1.396,-3.7176,-12.1986,-12.5873,-12.518,-13.9328,130.7951,-84.9934
2008-07-07,23.5548,-0.1197,-0.9792,-12.9413,-12.1429,-10.7942,-14.5542,130.6386,-85.0113
2008-07-08,24.0983,2.3074,0.3823,-7.3226,-10.0448,-7.5852,-13.2366,133.653,-84.6655
2008-07-09,23.4278,-2.7826,-2.3536,-10.8172,-11.6911,-8.1109,-14.2177,129.9339,-85.0922
2008-07-10,23.7878,1.5366,2.2762,-8.9108,-10.7124,-6.9797,-13.8175,131.9305,-84.8631
2008-07-11,23.3572,-1.8101,-0.9578,-8.8429,-8.7428,-9.92,-16.6121,129.5424,-85.1371
2008-07-14,23.4631,0.4533,-0.3896,-8.755,-8.3795,-7.9473,-16.8101,130.1296,-85.0697
2008-07-15,22.9972,-1.9856,-4.5694,-11.5813,-10.6155,-10.8756,-18.9792,127.5458,-85.3662
2008-07-16,23.5266,2.302,0.4218,-9.0546,-11.0358,-6.8803,-17.5967,130.482,-85.0293
2008-07-17,24.176,2.7603,1.632,-6.3408,-7.4989,-3.1841,-15.1368,134.0836,-84.6161
2008-07-18,24.2113,0.146,3.6567,-4.8311,-10.0714,-0.3922,-15.7707,134.2794,-84.5936
2008-07-21,24.2325,0.0875,3.2792,-5.9684,-9.6863,-0.1038,-14.4603,134.3968,-84.5801
2008-07-22,24.5289,1.2234,6.6605,-3.2034,-7.0975,0.7696,-13.9816,136.0411,-84.3915
2008-07-23,24.7195,0.777,5.0705,-2.6411,-6.4255,-1.146,-12.0963,137.098,-84.2702
2008-07-24,24.1054,-2.4842,-0.2919,-3.9111,-9.3289,-4.1647,-14.4906,133.6922,-84.661
2008-07-25,24.3313,0.937,0.4956,-2.2959,-9.7434,-2.8345,-11.8484,134.9449,-84.5172
2008-07-28,23.7736,-2.2918,-1.8934,-2.9395,-12.3147,-6.4464,-12.239,131.8522,-84.8721
2008-07-29,24.6701,3.7708,0.5755,3.7092,-8.1514,-3.7663,-10.8446,136.824,-84.3016
2008-07-30,24.9595,1.1731,0.9709,3.9694,-7.7257,-3.0343,-8.5628,138.4291,-84.1175
2008-07-31,24.1972,-3.0543,0.3806,0.8532,-11.1211,-6.504,-12.0031,134.201,-84.6026
2008-08-01,24.176,-0.0875,-0.6382,3.9454,-11.5413,-8.6836,-12.674,134.0836,-84.6161
2008-08-04,24.0701,-0.4379,1.247,2.0653,-11.7017,-8.0879,-11.2353,133.4964,-84.6834
2008-08-05,24.7407,2.7859,0.2861,5.0344,-9.5914,-3.0678,-10.117,137.2155,-84.2567
2008-08-06,25.2136,1.9116,1.0181,4.628,-6.4216,-1.0522,-8.3988,139.8385,-83.9558
2008-08-07,24.3666,-3.3595,0.7001,4.0072,-9.8708,-4.4025,-12.1614,135.1406,-84.4948
2008-08-08,25.2066,3.4473,4.2628,5.9644,-6.1788,-0.3688,-6.639,139.7993,-83.9603
2008-08-11,25.2701,0.252,4.9853,8.1898,-7.4191,-1.1021,-5.3106,140.1516,-83.9198
2008-08-12,25.023,-0.9776,1.1413,6.6486,-8.9336,-3.0508,-7.4849,138.7815,-84.077
2008-08-13,24.9313,-0.3667,-1.1198,8.4101,-9.3603,-5.1037,-5.4016,138.2725,-84.1354
2008-08-14,25.023,0.3681,2.6941,6.3607,-9.558,-3.3129,-3.9171,138.7815,-84.077
2008-08-15,25.1642,0.5641,-0.1681,4.0876,-8.8163,-2.1593,-3.4265,139.5644,-83.9872
2008-08-18,24.8818,-1.122,-1.5363,2.7697,-10.8381,-3.7283,-5.465,137.9985,-84.1669
2008-08-19,24.5713,-1.2482,-1.8054,1.3982,-10.532,-5.2377,-7.9768,136.276,-84.3645
2008-08-20,24.3736,-0.8044,-2.2367,-0.6331,-9.7275,-5.2588,-8.3605,135.1798,-84.4903
2008-08-21,24.4301,0.2317,-2.3695,-1.1707,-9.3059,-5.9851,-9.7695,135.493,-84.4543
2008-08-22,24.9101,1.9647,-1.0098,3.3382,-6.1781,-4.8804,-7.4998,138.1551,-84.1489
2008-08-25,24.5219,-1.5585,-1.4467,0.7833,-8.6077,-6.4378,-9.6847,136.002,-84.396
2008-08-26,24.5148,-0.0288,-0.2298,3.1176,-9.2518,-6.6392,-9.503,135.9627,-84.4005
2008-08-27,24.5854,0.288,0.8689,-0.3433,-9.3442,-5.6921,-7.0073,136.3543,-84.3555
2008-08-28,25.136,2.2394,2.8893,0.707,-7.8867,-0.867,-7.1149,139.4078,-84.0052
2008-08-29,24.8607,-1.0952,-0.1983,2.7422,-8.1148,-3.3656,-7.5643,137.8811,-84.1804
2008-09-02,24.8677,0.0284,1.4104,2.8613,-7.7775,-2.1947,-8.922,137.9202,-84.1759
2008-09-03,24.6842,-0.738,0.6911,2.5513,-8.0989,-4.1818,-10.0051,136.9023,-84.2926
2008-09-04,23.8372,-3.4315,-3.0434,-3.6519,-11.8978,-5.6771,-12.2065,132.2045,-84.8317
2008-09-05,23.8301,-0.0296,-5.1952,-5.4871,-8.3542,-4.3281,-12.9432,132.1653,-84.8361
2008-09-08,24.2113,1.5995,-2.6122,-0.6373,-7.8346,-1.2165,-9.6999,134.2794,-84.5936
2008-09-09,23.4984,-2.9446,-5.5067,-6.7768,-10.019,-7.2744,-12.4267,130.3254,-85.0473
2008-09-10,23.5972,0.4206,-4.4038,-6.6201,-7.9063,-6.7042,-12.8459,130.8735,-84.9844
2008-09-11,24.1407,2.3033,1.2733,-3.5261,-6.1197,-5.857,-10.7699,133.8879,-84.6385
2008-09-12,24.0772,-0.2632,1.0367,-3.4258,-7.4291,-4.5954,-11.9292,133.5355,-84.6789
2008-09-15,23.1101,-4.0164,-4.5481,-7.6446,-10.6645,-7.9681,-15.6161,128.1722,-85.2943
2008-09-16,23.1807,0.3054,-1.3518,-7.8822,-10.1965,-12.3039,-14.6243,128.5637,-85.2494
2008-09-17,22.3972,-3.38,-5.0853,-9.9858,-11.9619,-12.0566,-20.0987,124.2182,-85.748
2008-09-18,22.856,2.0485,-5.3217,-6.9808,-11.3096,-11.1885,-19.3191,126.7628,-85.456
2008-09-19,23.499,2.8134,-2.4011,-3.5883,-7.2675,-10.7131,-16.3539,130.3292,-85.0468
2008-09-22,22.8745,-2.6578,-1.0197,-6.3677,-9.9078,-13.6165,-19.1262,126.8652,-85.4442
2008-09-23,22.3706,-2.2029,-3.495,-10.1948,-10.8265,-14.8417,-20.1412,124.0705,-85.7649
2008-09-24,22.3209,-0.2221,-0.3408,-8.9757,-10.3688,-14.0887,-20.6341,123.7949,-85.7965
2008-09-25,22.4983,0.7949,-1.565,-8.2256,-8.1463,-13.0767,-20.5538,124.779,-85.6836
2008-09-26,22.406,-0.4101,-4.6512,-8.8644,-5.8085,-14.7294,-21.2282,124.2673,-85.7423
2008-09-29,21.6466,-3.3893,-5.3677,-13.8818,-9.8304,-19.4502,-24.3056,120.0555,-86.2256
2008-09-30,21.8595,0.9836,-2.2843,-12.0718,-8.8899,-19.0178,-24.5347,121.2363,-86.0901
2008-10-01,21.3415,-2.3701,-4.3879,-14.1801,-8.2418,-20.5858,-25.7163,118.3629,-86.4198
2008-10-02,20.0639,-5.986,-10.8202,-18.7175,-14.9222,-25.6312,-29.6859,111.2777,-87.2327
2008-10-03,19.7446,-1.5918,-11.8784,-17.169,-16.1761,-26.3547,-31.0407,109.5063,-87.4359
2008-10-06,19.2265,-2.6239,-11.1803,-19.3185,-20.2166,-28.2307,-33.5769,106.6329,-87.7656
2008-10-07,18.5877,-3.3223,-14.9675,-23.227,-20.6594,-29.9352,-35.6754,103.0903,-88.172
2008-10-08,18.3038,-1.5273,-14.2334,-22.1059,-23.0536,-31.2964,-37.2473,101.5158,-88.3527
2008-10-09,17.2605,-5.7,-13.9724,-26.8534,-26.1018,-32.5626,-40.1673,95.7295,-89.0166
2008-10-10,16.7069,-3.2072,-15.3846,-30.7934,-28.7947,-34.7613,-41.664,92.6592,-89.3688
2008-10-13,18.4955,10.7052,-3.8022,-23.1826,-19.5751,-28.1126,-35.7003,102.5786,-88.2308
2008-10-14,18.4883,-0.0384,-0.5346,-19.9989,-21.4151,-30.0876,-35.2234,102.5392,-88.2353
2008-10-15,16.7495,-9.4049,-8.4917,-27.7437,-30.7183,-35.9137,-41.0568,92.8954,-89.3417
2008-10-16,17.0902,2.034,-0.9868,-23.6949,-29.4122,-36.5214,-40.0196,94.7848,-89.125
2008-10-17,16.7211,-2.1595,0.085,-26.8414,-30.9969,-37.6808,-41.4722,92.738,-89.3598
2008-10-20,17.5515,4.9661,-5.1036,-25.3096,-28.4456,-33.5242,-36.8103,97.3434,-88.8314
2008-10-21,17.3954,-0.8896,-5.9117,-23.9528,-29.6289,-34.1506,-37.6071,96.4774,-88.9308
2008-10-22,16.5934,-4.6104,-0.9322,-25.8249,-31.1632,-37.5849,-40.8821,92.0294,-89.4411
2008-10-23,16.636,0.2567,-2.6578,-25.4689,-31.6272,-38.289,-40.5535,92.2657,-89.414
2008-10-24,15.6778,-5.7594,-6.2394,-30.3154,-34.0537,-42.1748,-44.0746,86.9517,-90.0237
2008-10-27,15.0746,-3.8479,-14.1124,-32.7209,-38.8953,-43.8762,-46.2666,83.6059,-90.4076
2008-10-28,16.6218,10.2637,-4.4472,-23.2131,-33.405,-38.5499,-41.1314,92.1869,-89.423
2008-10-29,16.6927,0.427,0.5988,-23.6363,-31.0136,-38.6857,-40.3506,92.5805,-89.3779
2008-10-30,17.296,3.614,3.9675,-18.9558,-28.4579,-36.7148,-38.7284,95.9263,-88.994
2008-10-31,17.8709,3.3237,13.9882,-10.9303,-25.7548,-34.4428,-35.596,99.1146,-88.6282
2008-11-03,17.5657,-1.7076,16.5255,-11.0352,-29.0006,-35.8105,-37.2624,97.4221,-88.8224
2008-11-04,18.3322,4.3636,10.2903,-4.6512,-27.2924,-31.9614,-34.2469,101.6732,-88.3346
2008-11-05,17.5657,-4.1811,5.2296,-5.4983,-27.9106,-35.0264,-37.9718,97.4221,-88.8224
2008-11-06,16.7424,-4.6869,-3.2006,-8.5305,-33.579,-37.6831,-39.4196,92.8561,-89.3463
2008-11-07,16.9128,1.0174,-5.3614,-2.0148,-33.072,-38.0374,-38.8187,93.8007,-89.2379
2008-11-10,16.9199,0.042,-3.6768,1.2744,-32.3828,-38.4235,-37.5506,93.8401,-89.2334
2008-11-11,16.5437,-2.2232,-9.7561,-10.5526,-33.6427,-39.854,-38.2729,91.7539,-89.4727
2008-11-12,15.7559,-4.7619,-10.3031,-14.7792,-37.0344,-43.0526,-42.6715,87.3846,-89.974
2008-11-13,16.6005,5.3604,-0.8478,-0.8898,-34.0313,-39.8473,-39.399,92.0688,-89.4366
2008-11-14,15.8979,-4.2326,-6.0008,-6.9768,-36.1066,-43.0314,-41.1412,88.1719,-89.8837
2008-11-17,15.5785,-2.0089,-7.9278,-6.8336,-36.5988,-43.2762,-42.3385,86.4006,-90.0869
2008-11-18,15.5927,0.0911,-5.7486,-11.1605,-36.0264,-42.2495,-41.441,86.4793,-90.0779
2008-11-19,14.5849,-6.4634,-7.4324,-16.1567,-40.2996,-45.8553,-45.3117,80.8899,-90.7192
2008-11-20,14.1945,-2.6764,-14.4934,-14.4568,-43.017,-46.5375,-45.8712,78.7249,-90.9676
2008-11-21,14.6133,2.95,-8.0804,-12.1587,-40.4072,-45.5368,-45.0043,81.0473,-90.7011
2008-11-24,15.3443,5.0024,-1.5034,-2.1277,-37.4081,-43.199,-41.3309,85.1016,-90.2359
2008-11-25,15.5643,1.4339,-0.1821,3.2486,-36.6929,-42.6085,-41.6544,86.3219,-90.0959
2008-11-26,16.054,3.1463,10.0729,-3.4159,-36.1314,-41.1685,-41.2447,89.0378,-89.7843
2008-11-28,16.4018,2.1663,15.5501,-1.7432,-34.0253,-39.379,-39.9718,90.9667,-89.563
2008-12-01,15.0533,-8.2216,3.0112,-12.9667,-39.4666,-44.1746,-45.1169,83.4878,-90.4211
2008-12-02,15.7488,4.6204,2.6364,-11.8745,-36.1988,-41.366,-41.9921,87.3453,-89.9785
2008-12-03,16.0185,1.7125,2.9183,-8.8081,-32.8003,-40.7956,-40.8622,88.841,-89.8069
2008-12-04,15.6991,-1.9938,-2.2104,-14.3631,-34.1206,-39.6243,-42.9792,87.0698,-90.0101
2008-12-05,16.0824,2.4412,-1.9472,-8.4445,-33.5748,-38.7789,-42.2443,89.1953,-89.7663
2008-12-08,16.5011,2.6037,9.6181,-1.4413,-29.7775,-36.8131,-41.1817,91.5177,-89.4998
2008-12-09,16.2101,-1.7635,2.9292,-4.1545,-31.3048,-36.736,-42.4901,89.9038,-89.685
2008-12-10,16.4727,1.62,2.8356,-2.6426,-31.7636,-35.9395,-39.6352,91.3603,-89.5179
2008-12-11,15.763,-4.3085,0.4069,-4.719,-34.5313,-39.395,-42.9635,87.424,-89.9695
2008-12-12,15.8056,0.2702,-1.7211,0.3154,-31.6075,-38.9012,-43.0961,87.6602,-89.9424
2008-12-15,15.7985,-0.0449,-4.2581,-4.8311,-31.8464,-38.7957,-42.4874,87.6208,-89.9469
2008-12-16,16.5792,4.9416,2.2767,4.2857,-25.9765,-34.8311,-38.5395,91.9507,-89.4501
2008-12-17,16.5863,0.0428,0.6894,6.4692,-27.4314,-35.6386,-38.6873,91.9901,-89.4456
2008-12-18,16.0043,-3.5088,1.5308,2.6399,-31.8937,-36.8434,-40.6401,88.7623,-89.8159
2008-12-19,16.1813,1.106,2.3772,10.946,-29.2603,-36.2691,-40.4753,89.7441,-89.7033
2008-12-22,15.9305,-1.5501,0.8356,12.23,-28.7881,-36.4978,-42.4144,88.353,-89.8629
2008-12-23,15.8803,-0.3149,-4.2153,8.6708,-28.8543,-36.2313,-43.2274,88.0747,-89.8948
2008-12-24,15.9807,0.6318,-3.6514,4.1474,-28.9695,-34.7558,-42.6536,88.6312,-89.831
2008-12-26,16.1025,0.7623,0.6135,3.4579,-28.1332,-32.3077,-41.5415,89.3068,-89.7535
2008-12-29,15.8015,-1.8692,-2.3472,-1.5727,-27.0025,-34.1784,-42.5758,87.6376,-89.945
2008-12-30,16.3891,3.7189,2.879,-0.0769,-25.0252,-31.6904,-40.1665,90.8967,-89.5711
2008-12-31,16.7833,2.4048,5.6859,11.4925,-21.3583,-27.8398,-37.6935,93.0826,-89.3203
2009-01-02,17.3996,3.6721,8.879,10.4819,-13.2794,-26.2199,-35.4557,96.5007,-88.9281
2009-01-05,17.2634,-0.7826,7.2096,7.7717,-12.5662,-26.7096,-34.6207,95.7455,-89.0147
2009-01-06,17.6432,2.2001,11.6554,12.3835,-8.2347,-26.7865,-32.3399,97.852,-88.773
2009-01-07,16.8549,-4.468,2.8421,4.8037,-9.3222,-28.0557,-33.8911,93.48,-89.2747
2009-01-08,17.0198,0.9779,1.4091,3.1431,-7.0153,-28.4516,-33.4454,94.3942,-89.1698
2009-01-09,16.6471,-2.1895,-4.3246,2.6958,-3.5538,-28.728,-35.7982,92.3274,-89.4069
2009-01-12,16.2816,-2.1954,-5.687,-1.16,-2.5457,-30.6073,-36.1221,90.3004,-89.6395
2009-01-13,16.0022,-1.7165,-9.3014,1.5172,-13.4806,-30.4169,-37.9845,88.7504,-89.8173
2009-01-14,15.4074,-3.7169,-8.5884,-2.5195,-16.6644,-34.5108,-39.0166,85.4516,-90.1958
2009-01-15,15.5507,0.9302,-8.6316,-1.5685,-7.1574,-35.6771,-37.7252,86.2465,-90.1046
2009-01-16,15.6367,0.553,-6.0697,-5.6848,-8.5049,-35.4156,-35.6689,86.7235,-90.0499
2009-01-20,14.9129,-4.6288,-8.4066,-10.089,-10.8141,-38.4589,-38.5228,82.7092,-90.5104
2009-01-21,15.2927,2.5468,-4.4335,-4.4463,-12.8696,-37.6544,-37.1745,84.8157,-90.2688
2009-01-22,15.2425,-0.328,-1.0698,-5.8016,-12.3759,-38.338,-39.0446,84.5374,-90.3007
2009-01-23,14.7839,-3.009,-4.9309,-7.1975,-10.9048,-38.6698,-41.224,81.9938,-90.5925
2009-01-26,14.9559,1.1634,-4.3538,-5.8213,-10.0991,-38.5322,-40.2745,82.9477,-90.4831
2009-01-27,15.2282,1.8208,2.1144,-4.7085,-2.8679,-35.9449,-40.0742,84.458,-90.3098
2009-01-28,15.6654,2.8706,2.4367,-2.7147,3.919,-36.5006,-38.8922,86.8824,-90.0316
2009-01-29,15.092,-3.6597,-0.9873,-4.4898,-9.2032,-39.5338,-41.3685,83.7028,-90.3964
2009-01-30,14.7696,-2.1367,-0.0969,-9.882,-11.521,-38.9615,-42.9315,81.9143,-90.6016
2009-02-02,14.4328,-2.2805,-3.4979,-14.0051,-16.5544,-40.3012,-45.4852,80.0463,-90.816
2009-02-03,14.6979,1.8372,-3.4824,-15.5272,-17.755,-38.9371,-43.8758,81.5168,-90.6472
2009-02-04,14.6191,-0.5364,-6.6789,-15.3176,-16.7749,-40.9107,-42.7234,81.0796,-90.6974
2009-02-05,14.7911,1.1765,-1.9943,-16.1658,-19.3165,-41.337,-41.9542,82.0335,-90.588
2009-02-06,15.1494,2.4225,2.5716,-10.119,-13.7559,-37.8272,-40.5643,84.0208,-90.36
2009-02-09,15.436,1.8922,6.9514,-9.3052,-7.8029,-38.7618,-38.9876,85.6106,-90.1776
2009-02-10,14.6262,-5.2461,-0.4876,-12.1395,-13.5195,-42.1203,-42.7582,81.1194,-90.6929
2009-02-11,14.7409,0.784,0.8334,-9.463,-12.8781,-41.0906,-42.8878,81.7553,-90.6199
2009-02-12,14.5761,-1.1181,-1.4535,-8.9118,-11.8934,-41.5349,-44.5188,80.8412,-90.7248
2009-02-13,14.5761,0.0,-3.7843,-5.3954,-7.4881,-41.7493,-43.6791,80.8412,-90.7248
2009-02-17,13.838,-5.0639,-10.3528,-11.0138,-16.6412,-45.0093,-46.1967,76.7475,-91.1945
2009-02-18,13.8595,0.1553,-5.2425,-11.3658,-12.8218,-44.2989,-46.3756,76.8667,-91.1808
2009-02-19,13.5513,-2.2234,-8.07,-9.1303,-13.0126,-44.8489,-47.7376,75.1576,-91.3769
2009-02-20,13.3435,-1.5336,-8.4563,-12.746,-14.4246,-45.2543,-48.1333,74.005,-91.5091
2009-02-23,12.8275,-3.8668,-11.9961,-15.8439,-12.049,-47.4929,-50.6355,71.1434,-91.8374
2009-02-24,13.107,2.1788,-5.2822,-11.3427,-7.6614,-47.3827,-49.9506,72.6935,-91.6596
2009-02-25,12.7917,-2.4057,-7.7043,-14.4706,-12.4651,-47.8356,-51.1938,70.9447,-91.8602
2009-02-26,12.5695,-1.7367,-7.2448,-17.4589,-18.0831,-48.7267,-52.1308,69.7126,-92.0016
2009-02-27,12.2542,-2.5085,-8.1633,-21.7749,-21.267,-50.1564,-52.9936,67.9638,-92.2022
2009-03-02,11.4516,-6.5497,-10.7263,-24.1215,-28.6681,-54.4413,-54.8363,63.5124,-92.713
2009-03-03,11.3656,-0.7509,-13.286,-23.0471,-30.7049,-54.2827,-55.8214,63.0354,-92.7677
2009-03-04,11.6809,2.7742,-8.6835,-19.0666,-22.4028,-53.0278,-54.0587,64.7842,-92.567
2009-03-05,11.2295,-3.865,-10.6613,-23.5983,-28.6964,-54.5075,-56.4099,62.2803,-92.8543
2009-03-06,11.1076,-1.0849,-9.3567,-24.0196,-30.6575,-53.402,-56.0474,61.6046,-92.9319
2009-03-09,11.0073,-0.9032,-3.8798,-25.5814,-29.8859,-53.8092,-55.8084,61.0482,-92.9957
2009-03-10,11.8386,7.5521,4.1614,-21.8543,-26.3878,-51.103,-51.6978,65.6586,-92.4667
2009-03-11,11.9533,0.9685,2.3313,-22.5627,-27.561,-49.1315,-52.8319,66.2945,-92.3938
2009-03-12,12.3402,3.2374,9.8916,-15.6295,-23.8733,-47.7046,-51.2106,68.4408,-92.1475
2009-03-13,12.3617,0.1742,11.2903,-16.14,-24.9564,-48.793,-51.7922,68.56,-92.1338
2009-03-16,12.4979,1.1015,13.5417,-14.2576,-20.7138,-48.0923,-50.4777,69.3152,-92.0472
2009-03-17,12.8634,2.9243,8.6562,-11.7502,-18.6151,-44.3388,-48.7739,71.3422,-91.8146
2009-03-18,13.107,1.8941,9.6523,-5.2822,-17.0363,-43.4572,-50.4142,72.6935,-91.6596
2009-03-19,12.978,-0.9842,5.1683,-6.3599,-21.721,-42.0552,-49.0413,71.978,-91.7417
2009-03-20,12.5822,-3.0495,1.7839,-7.1511,-24.1407,-44.9499,-51.1092,69.783,-91.9935
2009-03-23,13.4939,7.2455,7.9694,1.1271,-15.6859,-42.5768,-48.7286,74.8392,-91.4134
2009-03-24,13.3854,-0.8043,4.0581,4.3488,-17.2789,-41.4833,-49.4513,74.2373,-91.4825
2009-03-25,13.4939,0.8108,2.9517,2.9517,-15.2952,-39.6801,-48.6326,74.8392,-91.4134
2009-03-26,14.2174,5.362,9.5502,11.1458,-10.4714,-36.3043,-45.2782,78.8521,-90.953
2009-03-27,13.9497,-1.8829,10.8684,10.9804,-12.7087,-37.9965,-46.1045,77.3673,-91.1233
2009-03-30,13.2551,-4.9793,-1.7694,8.1678,-17.6827,-40.8412,-49.555,73.515,-91.5653
2009-03-31,13.3347,0.6004,-0.3784,16.444,-15.6111,-38.3982,-50.3798,73.9564,-91.5147
2009-04-01,13.6314,2.2247,1.0188,19.9351,-16.8268,-37.6411,-49.5004,75.6017,-91.3259
2009-04-02,14.3621,5.3609,1.0178,22.9537,-14.4259,-32.7031,-46.5567,79.6546,-90.8609
2009-04-03,14.3766,0.1007,3.0601,28.0258,-17.3738,-28.346,-46.7118,79.7349,-90.8517
2009-04-06,14.4128,0.2516,8.7336,29.7557,-16.5125,-27.0038,-46.2417,79.9355,-90.8287
2009-04-07,14.0004,-2.8614,4.9919,27.1916,-20.6473,-27.1818,-47.7389,77.6482,-91.0911
2009-04-08,14.1234,0.8785,3.6093,19.2994,-16.2063,-24.0177,-46.7632,78.3304,-91.0128
2009-04-09,14.818,4.918,3.1738,23.966,-12.9367,-19.0445,-44.3806,82.1827,-90.5709
2009-04-13,14.8614,0.293,3.3719,20.4303,-10.727,-13.8996,-41.9361,82.4235,-90.5432
2009-04-14,14.6443,-1.4606,1.6064,18.465,-10.0563,-12.3459,-42.8156,81.2196,-90.6814
2009-04-15,14.7818,0.9387,5.5813,18.2743,-7.6263,-20.0788,-42.5468,81.982,-90.5939
2009-04-16,15.281,3.3775,8.1968,18.795,-0.82,-17.3477,-42.2158,84.7509,-90.2762
2009-04-17,15.2738,-0.0474,3.0761,16.5314,-1.7807,-8.8106,-41.5601,84.7107,-90.2808
2009-04-20,14.6009,-4.4055,-1.7527,12.5049,-6.6241,-14.5657,-45.7674,80.9788,-90.709
2009-04-21,14.9554,2.4282,2.1245,18.8614,0.2852,-10.5597,-44.2615,82.9451,-90.4834
2009-04-22,15.187,1.5482,2.7411,12.547,-0.6914,-13.472,-42.4799,84.2292,-90.336
2009-04-23,15.3534,1.0957,0.4734,14.7027,0.7272,-11.7387,-41.8805,85.1522,-90.2302
2009-04-24,15.6717,2.0735,2.6054,16.1394,6.0054,-5.5543,-41.0516,86.9178,-90.0276
2009-04-27,15.3606,-1.9852,5.2032,8.0407,2.7061,-7.6663,-43.02,85.1923,-90.2255
2009-04-28,15.1797,-1.1776,1.4998,8.8174,-0.3184,-3.1771,-44.012,84.1891,-90.3406
2009-04-29,15.6862,3.3365,3.2873,18.3406,0.1331,4.0574,-41.5991,86.9981,-90.0184
2009-04-30,15.7441,0.369,2.5447,18.0684,4.3204,-5.2804,-41.7947,87.3191,-89.9815
2009-05-01,15.9177,1.103,1.5698,16.7728,7.7739,-4.6428,-41.5323,88.2822,-89.871
2009-05-04,16.4387,3.2727,7.0184,14.4584,13.8984,-4.9568,-39.8517,91.1714,-89.5395
2009-05-05,16.4893,0.3081,8.6273,14.6956,12.1883,-7.7307,-39.5109,91.4523,-89.5073
2009-05-06,16.7498,1.5796,6.7804,16.2149,14.5749,-4.6449,-38.792,92.8969,-89.3416
2009-05-07,16.4097,-2.0302,4.228,17.2093,10.9436,-10.4868,-39.0965,91.0109,-89.558
2009-05-08,17.0103,3.6596,6.8636,20.4405,12.2836,-3.1621,-37.0809,94.3415,-89.1758
2009-05-11,16.5038,-2.9775,0.3961,11.3769,6.9173,-1.4254,-38.5713,91.5325,-89.4981
2009-05-12,16.3229,-1.096,-1.0093,9.8344,11.6001,-3.4876,-40.1984,90.5293,-89.6132
2009-05-13,15.65,-4.1223,-6.5659,6.8676,6.1673,-7.505,-43.0448,86.7974,-90.0414
2009-05-14,15.7658,0.7397,-3.9242,6.6569,8.162,-4.7022,-42.6821,87.4395,-89.9677
2009-05-15,15.773,0.0459,-7.2735,3.2196,8.2117,0.1087,-42.9908,87.4796,-89.9631
2009-05-18,16.3519,3.6697,-0.9206,7.0583,18.1666,-1.4977,-40.7482,90.6898,-89.5948
2009-05-19,16.2289,-0.7522,-0.5762,11.1496,17.0958,2.082,-41.8454,90.0077,-89.6731
2009-05-20,16.2433,0.0891,3.791,8.6115,19.8653,4.2677,-40.8554,90.0879,-89.6639
2009-05-21,15.7513,-3.0289,-0.0917,3.7161,18.045,1.0175,-41.6618,87.3593,-89.9769
2009-05-22,15.6934,-0.3675,-0.5046,2.2149,22.3418,7.6009,-41.7398,87.0382,-90.0138
2009-05-26,16.265,3.6422,-0.531,3.7858,24.0941,14.5868,-38.739,90.2083,-89.65
2009-05-27,15.7368,-3.2474,-3.0317,2.4493,23.0239,7.6889,-41.3492,87.2789,-89.9861
2009-05-28,15.8888,0.9656,-2.1826,4.6711,26.4071,3.5487,-41.1833,88.1217,-89.8894
2009-05-29,16.2723,2.4135,3.3073,3.7362,32.789,4.5488,-39.9979,90.2485,-89.6454
2009-06-01,17.0247,4.6242,8.4832,8.1342,48.6667,6.0468,-37.6111,94.4218,-89.1666
2009-06-02,17.0537,0.17,4.8488,7.1363,50.0462,3.9747,-36.9695,94.5823,-89.1482
2009-06-03,16.7209,-1.9516,6.2529,1.7166,43.1467,11.0778,-37.9903,92.7364,-89.36
2009-06-04,17.0247,1.8174,7.1493,3.247,51.6078,8.1018,-36.6156,94.4218,-89.1666
2009-06-05,17.1695,0.85,5.5135,2.5054,54.5734,7.1851,-36.5417,95.2244,-89.0745
2009-06-08,17.2129,0.2529,1.105,4.8942,56.3767,9.6421,-33.8027,95.4651,-89.0469
2009-06-09,17.1767,-0.2102,0.7213,0.9783,45.0906,6.8044,-34.6132,95.2645,-89.0699
2009-06-10,17.0682,-0.6319,2.077,3.4196,42.7909,3.4363,-34.6418,94.6626,-89.139
2009-06-11,17.0392,-0.1696,0.085,4.3883,38.0785,5.1146,-33.5003,94.502,-89.1574
2009-06-12,17.0682,0.1699,-0.59,9.0615,38.0726,3.6146,-33.624,94.6626,-89.139
2009-06-15,16.5472,-3.0521,-3.8672,4.9565,32.4001,4.975,-36.3799,91.7734,-89.4705
2009-06-16,16.2433,-1.8365,-5.4339,2.9816,26.2758,2.7694,-37.2091,90.0879,-89.6639
2009-06-17,16.1203,-0.7572,-5.5532,-1.4159,22.9901,2.0371,-37.5489,89.4058,-89.7421
2009-06-18,16.1348,0.0898,-5.3078,-0.5796,24.3241,-2.6804,-36.5779,89.486,-89.7329
2009-06-19,16.1698,0.2167,-5.2636,-0.4529,28.5125,-2.5113,-37.2549,89.6799,-89.7107
2009-06-22,15.6308,-3.3334,-5.5384,-0.7654,15.8358,-2.334,-38.3175,86.6906,-90.0536
2009-06-23,15.4851,-0.9319,-4.6679,-1.3275,15.6868,-4.3026,-39.0112,85.8827,-90.1463
2009-06-24,15.5871,0.6585,-3.308,-4.1682,15.512,-2.1558,-37.8668,86.4482,-90.0815
2009-06-25,16.0678,3.0841,-0.4153,2.103,13.0146,1.1804,-35.4786,89.1144,-89.7756
2009-06-26,16.0022,-0.4079,-1.036,0.714,14.7136,0.135,-34.6677,88.7508,-89.8173
2009-06-29,16.1625,1.0013,3.4017,-0.6747,21.9337,0.3725,-32.0555,89.6395,-89.7153
2009-06-30,15.995,-1.0365,3.2925,-6.0488,19.9497,1.2242,-33.3726,88.7104,-89.8219
2009-07-01,16.0605,0.4098,3.0374,-5.8238,17.8202,-2.0052,-33.0602,89.074,-89.7802
2009-07-02,15.5579,-3.1293,-3.1732,-6.955,8.3259,-7.3011,-33.1082,86.2866,-90.1
2009-07-06,15.5652,0.0469,-2.731,-8.573,8.2676,-10.5426,-33.9983,86.327,-90.0954
2009-07-07,15.0335,-3.416,-6.9851,-12.4404,4.3067,-12.917,-36.1765,83.3781,-90.4337
2009-07-08,14.9752,-0.3876,-6.3753,-12.9998,6.9631,-15.122,-37.8578,83.0549,-90.4708
2009-07-09,15.1136,0.9241,-5.8957,-12.0108,7.0114,-10.3312,-35.4884,83.8224,-90.3827
2009-07-10,15.0918,-0.1446,-2.9962,-11.5793,1.8478,-11.3279,-36.5565,83.7013,-90.3966
2009-07-13,15.4778,2.5579,-0.5616,-9.1636,4.1478,-7.0241,-33.7342,85.8423,-90.151
2009-07-14,15.7036,1.4588,4.4574,-7.9947,7.2334,-3.5503,-33.0709,87.0945,-90.0073
2009-07-15,16.1916,3.1077,8.1226,-2.149,9.5377,1.1839,-29.593,89.8012,-89.6968
2009-07-16,16.4902,1.8443,9.1084,1.5201,7.9131,7.0282,-29.9081,91.4573,-89.5067
2009-07-17,16.3009,-1.1484,8.0116,1.1199,6.7244,4.824,-32.5741,90.407,-89.6272
2009-07-20,16.6286,2.0108,7.4353,3.0607,13.8877,6.3437,-31.3186,92.2249,-89.4187
2009-07-21,16.6359,0.0438,5.9369,2.8829,11.2366,11.5538,-31.3486,92.2653,-89.414
2009-07-22,16.6869,0.3065,3.0589,6.7568,9.8764,9.1167,-31.9705,92.5481,-89.3816
2009-07-23,17.0365,2.0952,3.3128,10.0188,10.9627,11.7695,-31.0806,94.4871,-89.1591
2009-07-24,17.0511,0.0855,4.6024,9.3925,8.8015,15.3355,-29.2645,94.5679,-89.1498
2009-07-27,17.1458,0.5553,3.1099,6.709,11.6216,14.6422,-29.532,95.093,-89.0896
2009-07-28,17.1312,-0.0849,2.9773,7.0551,12.8558,12.4965,-27.9403,95.0123,-89.0989
2009-07-29,17.0511,-0.4677,2.1825,5.498,8.7011,8.8458,-30.8836,94.5679,-89.1498
2009-07-30,17.3279,1.6233,1.7102,8.3333,10.0595,14.8146,-30.576,96.103,-88.9737
2009-07-31,17.3934,0.3783,2.0077,8.2993,9.2706,17.7652,-28.1179,96.4665,-88.932
2009-08-03,17.7722,2.1776,3.6534,14.2323,8.1119,23.1377,-26.4883,98.5671,-88.691
2009-08-04,17.9033,0.7377,4.5068,15.0211,8.5749,21.8083,-25.6203,99.2943,-88.6076
2009-08-05,17.7576,-0.8137,4.1435,18.1202,6.0168,21.4686,-28.2251,98.4863,-88.7003
2009-08-06,17.8523,0.5332,3.0264,19.212,8.7907,20.6963,-29.1958,99.0114,-88.64
2009-08-07,18.2966,2.4888,5.1926,21.0603,7.562,20.7745,-24.9111,101.4757,-88.3573
2009-08-10,18.1218,-0.9554,1.9672,20.0772,9.8038,17.3992,-28.1068,100.5062,-88.4685
2009-08-11,17.8814,-1.3264,-0.1221,15.5294,9.548,22.2557,-29.2388,99.173,-88.6215
2009-08-12,18.1946,1.7516,2.461,15.8627,16.2593,23.4294,-27.2885,100.9101,-88.4222
2009-08-13,18.2747,0.4404,2.3664,12.8654,15.9139,25.3748,-26.6995,101.3545,-88.3712
2009-08-14,18.0125,-1.4348,-1.5525,9.2315,14.1983,23.5759,-28.0162,99.9002,-88.538
2009-08-17,17.4808,-2.9519,-3.537,7.2386,6.9042,26.325,-30.533,96.9513,-88.8764
2009-08-18,17.692,1.2083,-1.059,6.3951,9.016,27.6532,-28.8958,98.1228,-88.742
2009-08-19,17.743,0.2882,-2.482,6.655,9.2328,30.9322,-27.7895,98.4055,-88.7095
2009-08-20,17.9615,1.2315,-1.7138,7.6386,14.0319,34.6089,-26.3075,99.6174,-88.5705
2009-08-21,18.4277,2.5953,2.3048,8.1658,17.4229,43.6573,-24.5697,102.2027,-88.2739
2009-08-24,18.4641,0.1977,5.625,8.2871,13.5203,40.872,-25.8769,102.4048,-88.2507
2009-08-25,18.5661,0.5523,4.9403,8.2838,17.9784,45.1417,-24.2876,102.9703,-88.1858
2009-08-26,18.3767,-1.02,3.5715,7.2704,15.6583,46.2003,-25.0383,101.92,-88.3063
2009-08-27,18.5442,0.9116,3.2441,8.7569,13.9622,51.3292,-24.5721,102.8491,-88.1997
2009-08-28,18.4423,-0.5499,0.0791,6.4312,8.3263,61.0451,-26.63,102.2836,-88.2646
2009-08-31,18.2238,-1.1848,-1.3018,4.7739,6.8611,60.3411,-26.6965,101.0717,-88.4036
2009-09-01,17.9178,-1.6787,-3.4915,0.8197,7.1586,53.394,-27.9474,99.3751,-88.5983
2009-09-02,17.845,-0.4066,-2.8934,-0.3255,4.818,58.9123,-27.7068,98.9711,-88.6447
2009-09-03,18.0781,1.3062,-2.5137,1.8048,5.2922,62.7537,-24.1601,100.2638,-88.4963
2009-09-04,18.435,1.9742,-0.0395,3.264,7.1,67.4794,-22.6399,102.2432,-88.2692
2009-09-08,18.5952,0.8692,2.0384,1.6322,8.2585,57.0729,-23.196,103.1319,-88.1673
2009-09-09,18.9084,1.6843,5.5284,4.3408,10.7819,58.1864,-19.533,104.869,-87.968
2009-09-10,19.0687,0.8474,6.8572,6.6395,11.9105,54.5243,-19.1909,105.7577,-87.866
2009-09-11,19.1925,0.6494,6.1644,5.4844,12.4462,55.2573,-20.4974,106.4444,-87.7872
2009-09-14,19.3746,0.9488,5.0968,6.0184,17.0867,55.0229,-19.5313,107.4544,-87.6713
2009-09-15,19.6077,1.203,5.4446,8.8557,20.7122,52.4303,-15.1555,108.747,-87.523
2009-09-16,19.8553,1.2629,5.0077,13.5833,23.1693,51.486,-14.3456,110.1205,-87.3654
2009-09-17,19.8917,0.1834,4.3163,12.4331,23.2846,53.2724,-11.1866,110.3225,-87.3423
2009-09-18,19.7775,-0.5743,3.0481,11.4662,22.3116,57.1857,-13.4692,109.6889,-87.415
2009-09-21,19.6603,-0.5924,1.4749,9.4579,25.7797,45.698,-16.3355,109.0392,-87.4895
2009-09-22,19.8947,1.1919,1.4637,7.9607,28.4761,48.6299,-13.0268,110.3388,-87.3404
2009-09-23,19.7262,-0.8466,-0.6501,6.8355,26.5551,46.1863,-11.8206,109.4046,-87.4476
2009-09-24,19.4041,-1.6332,-2.4516,4.5134,20.7637,36.4807,-13.0676,107.6178,-87.6526
2009-09-25,19.1331,-1.3963,-3.2581,4.1161,19.5653,37.1577,-14.9575,106.1152,-87.825
2009-09-28,19.5285,2.0666,-0.6704,5.3078,20.8263,47.328,-12.8426,108.3081,-87.5734
2009-09-29,19.4846,-0.2249,-2.0612,5.6519,21.8172,46.1193,-9.9879,108.0645,-87.6013
2009-09-30,19.2869,-1.0147,-2.2271,5.8338,20.089,41.489,-11.769,106.968,-87.7271
2009-10-01,18.8036,-2.5057,-3.0944,4.9436,20.8621,30.9249,-11.8915,104.2877,-88.0347
2009-10-02,18.562,-1.285,-2.985,4.0179,19.2531,29.1124,-7.4858,102.9476,-88.1884
2009-10-05,18.9428,2.0513,-2.9995,4.783,26.0036,31.4302,-4.0609,105.0594,-87.9461
2009-10-06,19.1258,0.9663,-1.8414,3.7474,27.7163,36.6092,-0.5236,106.0746,-87.8296
2009-10-07,19.0526,-0.3829,-1.2149,2.4595,26.0623,34.901,2.5009,105.6685,-87.8762
2009-10-08,19.3894,1.7679,3.1152,2.5438,28.4766,30.8506,5.9308,107.5366,-87.6619
2009-10-09,19.4407,0.2644,4.7337,1.9509,25.6035,30.8133,12.6308,107.8209,-87.6293
2009-10-12,19.4041,-0.1883,2.4352,1.1024,23.5644,32.5023,16.1437,107.6178,-87.6526
2009-10-13,19.4187,0.0755,1.5314,0.2278,19.9306,31.3692,4.9918,107.6991,-87.6433
2009-10-14,19.9825,2.9034,4.8808,1.9117,21.1778,30.7667,8.0816,110.826,-87.2845
2009-10-15,19.9532,-0.1465,2.9079,0.4932,22.406,30.637,19.1271,110.6636,-87.3031
2009-10-16,19.8141,-0.6973,1.9209,-0.3902,19.1565,35.7046,15.9384,109.892,-87.3917
2009-10-19,20.0264,1.0717,3.2075,1.2588,20.3808,33.9075,19.7672,111.0697,-87.2565
2009-10-20,19.8873,-0.6947,2.4132,1.1546,19.1793,30.9499,13.3083,110.2981,-87.3451
2009-10-21,19.7482,-0.6996,-1.1726,-0.7362,15.9169,28.6244,13.5256,109.5265,-87.4336
2009-10-22,19.8873,0.7045,-0.3303,0.8167,16.6338,26.8993,19.8509,110.2981,-87.3451
2009-10-23,19.5359,-1.7673,-1.4043,0.6793,13.9399,27.1815,17.4314,108.3488,-87.5687
2009-10-26,19.3821,-0.7871,-3.2175,1.3012,13.1391,27.684,23.6273,107.496,-87.6666
2009-10-27,19.1185,-1.3601,-3.866,-2.0997,12.1247,21.8808,26.826,106.034,-87.8343
2009-10-28,18.7231,-2.0682,-5.191,-3.9083,8.0518,18.9214,12.6419,103.841,-88.0859
2009-10-29,19.1697,2.3856,-3.6082,-0.6074,10.2126,20.43,14.8387,106.3183,-87.8017
2009-10-30,18.5181,-3.3995,-5.2099,-1.5187,4.197,12.6493,7.0655,102.704,-88.2164
2009-11-02,18.7304,1.1467,-3.3623,0.9073,4.6199,13.591,4.8096,103.8816,-88.0812
2009-11-03,19.0526,1.7201,-0.3447,0.5798,7.2925,13.7481,8.4646,105.6685,-87.8762
2009-11-04,19.016,-0.1922,1.5643,-0.5743,6.5184,15.8822,3.7298,105.4654,-87.8995
2009-11-05,19.5066,2.5799,1.757,2.3828,6.6131,14.6752,11.049,108.1863,-87.5874
2009-11-06,19.6823,0.9009,6.287,1.5106,8.6112,19.2592,17.5594,109.161,-87.4755
2009-11-09,20.1802,2.5298,7.7404,3.8041,12.8558,23.6312,19.3194,111.9225,-87.1587
2009-11-10,20.0631,-0.5805,5.3037,3.3962,10.2692,28.1983,18.577,111.2728,-87.2332
2009-11-11,20.2168,0.7664,6.315,4.11,10.6272,28.2322,22.2025,112.1256,-87.1354
2009-11-12,19.9825,-1.159,2.4399,0.0,10.9367,26.6878,26.8255,110.826,-87.2845
2009-11-13,20.1363,0.7695,2.3065,0.9174,15.1907,23.1437,21.2993,111.6788,-87.1866
2009-11-16,20.5976,2.2909,2.0682,3.9542,16.4229,26.9196,29.562,114.2373,-86.8931
2009-11-17,20.561,-0.1778,2.4817,2.6691,15.882,26.5811,31.9831,114.0342,-86.9164
2009-11-18,20.4511,-0.5342,1.159,2.8351,13.8607,29.8375,31.1586,113.4251,-86.9863
2009-11-19,20.1436,-1.5038,0.8062,2.0022,9.3116,28.3568,38.1131,111.7195,-87.182
2009-11-20,20.107,-0.1818,-0.1455,1.1046,8.8976,23.6209,41.6533,111.5164,-87.2053
2009-11-23,20.4731,1.8209,-0.6043,4.7976,10.2715,30.0966,40.0996,113.5469,-86.9723
2009-11-24,20.3047,-0.8226,-1.2464,4.7601,10.4914,27.7925,32.3275,112.6129,-87.0795
2009-11-25,20.4731,0.8294,0.1074,7.0854,10.4015,25.8159,31.539,113.5469,-86.9723
2009-11-27,20.0777,-1.9313,-0.3272,7.235,8.8679,17.9325,25.0636,111.354,-87.2239
2009-11-30,20.1436,0.3282,0.1821,5.0802,10.5348,18.1188,22.8136,111.7195,-87.182
2009-12-01,20.4731,1.6358,0.0,10.5575,14.261,22.4405,36.0043,113.5469,-86.9723
2009-12-02,20.4145,-0.2861,0.5409,8.9914,14.3992,19.911,29.6259,113.2221,-87.0096
2009-12-03,20.3193,-0.4663,-0.7511,6.6488,12.3976,18.3459,26.8492,112.6941,-87.0702
2009-12-04,20.6269,1.5135,2.7352,8.4713,11.8899,19.8341,31.3886,114.3998,-86.8745
2009-12-07,20.5536,-0.355,2.0356,5.3679,10.5319,19.6601,27.8022,113.9936,-86.9211
2009-12-08,20.2388,-1.5319,-1.1445,2.8274,7.0359,18.5763,22.651,112.2474,-87.1214
2009-12-09,20.334,0.4703,-0.3945,0.762,6.6356,19.3364,25.44,112.7754,-87.0608
2009-12-10,20.4218,0.4321,0.5045,1.7883,6.4054,19.6488,23.9736,113.2626,-87.0049
2009-12-11,20.6269,1.004,0.0,2.0283,6.4636,24.6547,30.8562,114.3998,-86.8745
2009-12-14,20.9051,1.3489,1.71,4.6171,6.6171,28.6998,32.2641,115.943,-86.6974
2009-12-15,20.8465,-0.2802,3.0029,3.5273,4.9923,29.3183,31.9527,115.6181,-86.7347
2009-12-16,20.7587,-0.4215,2.0886,0.7821,4.3584,28.6578,25.2093,115.1308,-86.7906
2009-12-17,20.5317,-1.0935,0.5379,-0.1424,3.8134,26.9758,23.7871,113.8718,-86.935
2009-12-18,20.5251,-0.0323,-0.4936,0.3614,4.3983,31.3119,28.247,113.835,-86.9393
2009-12-21,20.6798,0.754,-1.0777,2.662,3.9466,33.5465,27.8005,114.6934,-86.8408
2009-12-22,20.7019,0.1069,-0.6937,2.9589,4.9462,32.8148,29.9515,114.816,-86.8267
2009-12-23,20.7388,0.178,-0.0959,1.2976,6.8786,29.0705,30.5941,115.0204,-86.8033
2009-12-24,20.8198,0.3909,1.4035,2.5371,8.8157,30.1058,30.2815,115.47,-86.7517
2009-12-28,20.783,-0.177,1.2568,1.5137,6.4238,28.588,29.067,115.2657,-86.7751
2009-12-29,20.842,0.2837,0.7841,3.8065,6.9663,30.3033,31.8985,115.5927,-86.7376
2009-12-30,20.7388,-0.4951,0.178,2.9546,7.5278,29.129,26.5397,115.0204,-86.8033
2009-12-31,20.4808,-1.2438,-1.2438,0.0377,8.9196,31.6424,22.0311,113.5898,-86.9674
2010-01-04,20.8714,1.9072,0.2478,2.2381,12.4418,34.0902,19.9537,115.7561,-86.7188
2010-01-05,20.9451,0.3531,0.7801,3.0798,10.5707,39.3231,21.3267,116.1649,-86.6719
2010-01-06,20.9894,0.2111,0.7072,1.7573,9.7436,40.1605,18.9655,116.4101,-86.6438
2010-01-07,21.2178,1.0885,2.3099,3.2314,11.3645,40.3887,25.8849,117.6772,-86.4984
2010-01-08,21.5568,1.5978,5.2537,6.5124,11.1784,42.8383,26.6576,119.5574,-86.2827
2010-01-11,21.7927,1.094,4.4138,7.1736,12.0983,40.7994,30.9095,120.8654,-86.1326
2010-01-12,21.6158,-0.8116,3.2019,5.8464,11.3983,37.6486,32.7617,119.8844,-86.2452
2010-01-13,21.7042,0.4092,3.4059,5.2231,11.7697,34.0461,35.6331,120.375,-86.1889
2010-01-14,21.7042,0.0,2.2925,3.8226,8.6162,31.6187,40.8692,120.375,-86.1889
2010-01-15,21.4242,-1.2904,-0.6154,2.7709,7.372,31.4297,37.7699,118.8217,-86.3671
2010-01-19,21.66,1.1008,-0.6088,4.3419,9.3161,30.2572,38.5203,120.1296,-86.217
2010-01-20,21.3284,-1.531,-1.3296,3.8803,6.5011,28.2068,43.0196,118.2904,-86.4281
2010-01-21,20.8346,-2.3152,-4.0068,1.5081,4.7632,24.856,36.2387,115.5518,-86.7423
2010-01-22,20.5177,-1.5211,-5.4669,-0.784,3.8965,20.4335,34.608,113.7942,-86.9439
2010-01-25,20.6504,0.6466,-3.6119,-0.2492,3.8367,21.1087,39.6813,114.5299,-86.8595
2010-01-26,20.5619,-0.4283,-5.0697,-0.8529,5.2521,19.9241,37.4835,114.0394,-86.9158
2010-01-27,20.6209,0.2867,-3.3173,-0.9558,6.3913,20.3701,35.4122,114.3664,-86.8783
2010-01-28,20.385,-1.1436,-2.1577,-1.9149,6.6247,19.5527,30.1281,113.0585,-87.0284
2010-01-29,20.1787,-1.0123,-1.6523,-3.1825,7.7743,16.4521,33.704,111.9139,-87.1597
2010-02-01,20.4808,1.4974,-0.8209,-1.2438,6.8394,17.7504,38.669,113.5898,-86.9674
2010-02-02,20.8714,1.9072,1.5054,1.9072,12.7085,17.4389,44.6115,115.7561,-86.7188
2010-02-03,20.7462,-0.6003,0.6076,-0.6003,10.7619,15.879,41.1503,115.0613,-86.7986
2010-02-04,20.1345,-2.9485,-1.2292,-3.8705,5.6783,13.385,37.7272,111.6687,-87.1878
2010-02-05,20.046,-0.4392,-0.6574,-4.4944,5.4168,12.2883,35.5278,111.1782,-87.2441
2010-02-08,19.8249,-1.1029,-3.2025,-6.5647,1.6321,8.3531,30.8629,109.952,-87.3848
2010-02-09,20.2082,1.9331,-3.1779,-6.2564,2.6717,11.513,30.9154,112.0775,-87.1409
2010-02-10,20.1787,-0.1459,-2.7354,-7.4062,-0.0077,12.8471,37.962,111.9139,-87.1597
2010-02-11,20.4808,1.4974,1.7203,-5.2506,2.0823,12.5653,38.9387,113.5898,-86.9674
2010-02-12,20.3187,-0.7916,1.3603,-6.3837,0.5039,11.1846,39.3975,112.6906,-87.0706
2010-02-16,20.7977,2.3576,4.907,-4.1766,4.0797,15.4626,42.684,115.3474,-86.7657
2010-02-17,20.9746,0.8504,3.7928,-2.0984,4.1633,19.9865,51.5729,116.3284,-86.6532
2010-02-18,21.1662,0.9136,4.8941,-2.2796,2.7607,19.637,52.7205,117.3911,-86.5312
2010-02-19,21.2694,0.4874,3.8503,-0.2765,3.4455,19.8747,56.9546,117.9633,-86.4656
2010-02-22,21.2841,0.0693,4.7515,2.1577,4.0731,18.4984,59.5095,118.0451,-86.4562
2010-02-23,21.0115,-1.2811,1.0276,2.4066,4.3084,14.0212,63.7998,116.5328,-86.6297
2010-02-24,21.2252,1.0171,1.1946,2.7837,5.5612,14.9537,61.9376,117.7181,-86.4937
2010-02-25,21.1736,-0.2431,0.0347,2.9749,3.4215,14.0444,65.5261,117.4319,-86.5266
2010-02-26,21.2547,0.3829,-0.0693,3.0736,4.6786,15.6609,69.0966,117.8816,-86.475
2010-03-01,21.5347,1.3176,1.1773,5.6399,5.1854,16.1262,75.7329,119.4348,-86.2968
2010-03-02,21.5716,0.1711,2.6657,6.9029,7.4404,16.9681,88.3714,119.6392,-86.2733
2010-03-03,21.6011,0.1367,1.7709,5.4696,7.2353,18.5324,90.0561,119.8027,-86.2546
2010-03-04,21.7042,0.4776,2.5062,3.9901,6.0134,21.1319,85.8091,120.375,-86.1889
2010-03-05,22.0359,1.528,3.6754,6.2167,7.9421,23.4849,96.2327,122.2143,-85.9779
2010-03-08,21.9327,-0.4682,1.8481,8.9312,7.94,21.322,97.4561,121.6421,-86.0435
2010-03-09,22.1096,0.8064,2.494,10.2941,7.1882,19.9327,100.8626,122.623,-85.931
2010-03-10,22.1538,0.2,2.5588,11.7472,7.7852,19.137,87.132,122.8683,-85.9028
2010-03-11,22.2349,0.3659,2.4448,10.0292,9.8626,17.5924,86.0152,123.3179,-85.8512
2010-03-12,22.3823,0.6629,1.5719,10.9204,10.0732,17.3772,81.3764,124.1354,-85.7575
2010-03-15,22.3823,0.0,2.0497,9.284,9.5996,16.6199,81.061,124.1354,-85.7575
2010-03-16,22.6844,1.35,2.6,11.6431,9.9751,17.0834,81.5061,125.8112,-85.5652
2010-03-17,22.7213,0.1624,2.5615,9.2487,8.6876,15.8795,76.6355,126.0156,-85.5417
2010-03-18,22.876,0.6811,2.8836,9.0653,9.7354,15.2138,74.5328,126.8739,-85.4432
2010-03-19,22.7843,-0.4008,1.7964,7.6447,9.7581,14.5418,75.561,126.3654,-85.5016
2010-03-22,22.8509,0.2921,2.0937,7.4355,11.2957,15.5399,81.6122,126.7345,-85.4592
2010-03-23,23.1097,1.1327,1.8748,8.5771,12.5927,17.5449,71.2605,128.17,-85.2945
2010-03-24,22.947,-0.704,0.9936,9.2119,10.9634,15.3427,71.4337,127.2677,-85.3981
2010-03-25,22.9322,-0.0645,0.2457,8.0426,10.7734,16.2525,69.9452,127.1856,-85.4075
2010-03-26,22.9914,0.258,0.9088,8.5853,10.8619,18.4876,61.7127,127.5138,-85.3698
2010-03-29,23.1985,0.9006,1.5211,9.1453,11.4248,21.2477,66.3005,128.6622,-85.2381
2010-03-30,23.2354,0.1594,0.544,7.8976,11.8002,18.9821,75.2939,128.8673,-85.2145
2010-03-31,23.1023,-0.5729,0.6767,7.0962,10.8452,18.5671,73.2494,128.129,-85.2993
2010-04-01,23.2502,0.6402,1.3867,7.6347,12.11,20.5494,70.5641,128.9493,-85.2051
2010-04-05,23.4203,0.7316,1.8656,7.9067,14.3524,24.5522,63.0698,129.8926,-85.0969
2010-04-06,23.4277,0.0316,0.9882,6.3163,12.2478,26.2134,62.9572,129.9337,-85.0922
2010-04-07,23.2946,-0.5682,0.2546,6.2094,11.2172,22.9736,61.6245,129.1954,-85.1769
2010-04-08,23.3686,0.3175,1.1524,5.6943,11.3353,22.1833,66.9137,129.6055,-85.1298
2010-04-09,23.5017,0.5696,1.0814,6.0841,10.7638,23.3516,66.4026,130.3438,-85.0451
2010-04-12,23.5534,0.2202,0.5683,5.9302,9.262,21.4757,58.9518,130.6308,-85.0122
2010-04-13,23.5904,0.157,0.6944,5.3978,8.2493,21.3456,58.7363,130.8359,-84.9887
2010-04-14,23.8936,1.2853,2.5714,6.7524,10.5377,23.1371,63.1595,132.5175,-84.7957
2010-04-15,24.1229,0.9595,3.2279,6.3411,11.1436,24.2248,63.1932,133.789,-84.6499
2010-04-16,23.7309,-1.6248,0.9754,4.4436,9.3377,18.7584,55.2965,131.6152,-84.8993
2010-04-19,23.6865,-0.187,0.5652,3.543,10.5599,18.7103,55.0796,131.3691,-84.9275
2010-04-20,23.9602,1.1552,1.5674,5.1607,10.6194,20.9248,64.1006,132.8867,-84.7534
2010-04-21,24.1229,0.679,0.9595,5.5664,13.1022,20.455,61.2983,133.789,-84.6499
2010-04-22,24.3447,0.9196,0.9196,5.344,16.8475,22.4132,60.2999,135.0194,-84.5087
2010-04-23,24.4926,0.6075,3.2097,6.7354,19.3731,24.0245,59.5258,135.8396,-84.4146
2010-04-26,24.5444,0.2114,3.6216,7.03,18.8569,23.4171,56.6155,136.1268,-84.3816
2010-04-27,23.9528,-2.4103,-0.0309,4.1814,16.491,22.6092,55.9362,132.8456,-84.7581
2010-04-28,24.1229,0.7101,0.0,3.9847,16.9828,24.4595,58.9149,133.789,-84.6499
2010-04-29,24.6701,2.2685,1.3366,6.1744,21.0206,29.0379,57.2725,136.824,-84.3016
2010-04-30,24.0859,-2.3681,-1.6606,4.2574,19.3631,28.6427,52.9837,133.5839,-84.6734
2010-05-03,24.5666,1.9957,0.0904,5.6616,19.9491,28.1528,54.3345,136.2499,-84.3675
2010-05-04,23.7901,-3.1608,-0.6792,1.5787,13.9839,28.4695,44.72,131.9433,-84.8616
2010-05-05,23.4869,-1.2745,-2.6365,0.2525,13.2107,25.3944,42.4367,130.2617,-85.0546
2010-05-06,22.7104,-3.306,-7.9436,-2.5079,12.7936,19.1985,35.586,125.9552,-85.5487
2010-05-07,22.2075,-2.2143,-7.7986,-4.9684,10.7827,16.7835,35.3313,123.1662,-85.8686
2010-05-10,23.4795,5.7276,-4.4251,-0.0944,18.4342,20.3671,38.0312,130.2207,-85.0593
2010-05-11,23.4129,-0.2835,-1.5853,-0.5965,15.8588,18.9542,41.8639,129.8516,-85.1016
2010-05-12,23.9306,2.211,1.8892,1.442,18.5935,18.5844,46.6073,132.7226,-84.7722
2010-05-13,23.5608,-1.5451,3.7448,-1.3927,15.0385,17.4339,50.5482,130.6719,-85.0075
2010-05-14,23.0654,-2.103,3.8628,-4.3839,13.5178,14.0899,46.3,127.9239,-85.3228
2010-05-17,23.0062,-0.2565,-2.0157,-3.0539,10.6187,15.1317,45.8578,127.5958,-85.3604
2010-05-18,22.7178,-1.2536,-2.969,-4.0899,8.3108,12.8201,38.9309,125.9962,-85.544
2010-05-19,22.4294,-1.2695,-6.2732,-6.3889,5.9677,8.8932,38.2068,124.3967,-85.7275
2010-05-20,21.4532,-4.3521,-8.9454,-11.0668,0.8642,4.3395,32.0741,118.9828,-86.3486
2010-05-21,21.7564,1.4133,-5.6749,-10.6318,2.2189,6.3824,38.1243,120.6643,-86.1557
2010-05-24,21.431,-1.4956,-6.8467,-12.5,1.9968,6.3913,36.5605,118.8597,-86.3627
2010-05-25,21.4162,-0.069,-5.7291,-12.7448,0.9002,6.5115,31.6705,118.7777,-86.3722
2010-05-26,21.4606,0.2072,-4.3191,-10.4044,1.3556,4.8235,36.3718,119.0238,-86.3439
2010-05-27,22.1853,3.3769,3.4126,-8.0319,4.3786,9.2621,39.6288,123.0432,-85.8828
2010-05-28,21.8895,-1.3333,0.6119,-11.2709,1.6476,6.9185,34.5205,121.4027,-86.071
2010-06-01,21.4015,-2.2297,-0.138,-11.1452,-0.7886,6.5932,25.708,118.6957,-86.3816
2010-06-02,21.9561,2.5915,2.5207,-10.6261,1.6436,8.9978,28.7469,121.7718,-86.0286
2010-06-03,22.0596,0.4715,2.7911,-7.2739,1.6374,7.7492,31.9287,122.3459,-85.9628
2010-06-04,21.0243,-4.6932,-5.2333,-10.4849,-4.5906,2.9869,23.4926,116.6039,-86.6216
2010-06-07,20.4845,-2.5677,-6.4189,-9.8014,-6.6031,0.8126,19.3076,113.6099,-86.9651
2010-06-08,20.6989,1.0469,-3.2827,-6.7932,-6.3803,0.3493,20.2526,114.7993,-86.8286
2010-06-09,20.6989,0.0,-5.7258,-11.8425,-6.5672,0.7068,20.5059,114.7993,-86.8286
2010-06-10,21.4976,3.8585,-2.5478,-8.1807,-3.3159,6.2197,25.9514,119.2288,-86.3204
2010-06-11,21.5715,0.344,2.6029,-9.8579,-3.6222,6.0861,26.5994,119.639,-86.2733
2010-06-14,21.5494,-0.1028,5.1985,-8.5374,-3.7213,5.5211,26.2547,119.5159,-86.2875
2010-06-15,22.2001,3.0199,7.2526,-3.7512,-2.1349,7.6272,34.1623,123.1252,-85.8734
2010-06-16,22.141,-0.2665,6.9668,-3.7608,-2.554,5.9117,36.3081,122.7972,-85.911
2010-06-17,22.2075,0.3006,3.3024,-2.2461,-2.9223,6.5286,37.761,123.1662,-85.8686
2010-06-18,22.2945,0.3916,3.3514,-0.6014,-2.15,7.3983,38.1764,123.6485,-85.8133
2010-06-21,22.3316,0.1666,3.6301,4.0945,-2.2724,8.7666,38.1073,123.8545,-85.7897
2010-06-22,21.7891,-2.4293,-1.8513,0.1504,-5.7144,6.1587,39.399,120.8458,-86.1349
2010-06-23,21.7074,-0.3752,-1.9583,1.2895,-5.4022,4.9689,40.1823,120.3924,-86.1869
2010-06-24,21.3284,-1.746,-3.9588,-0.4103,-6.9939,3.026,36.8338,118.2904,-86.4281
2010-06-25,21.4919,0.7666,-3.6,0.1456,-6.5222,3.6313,33.7575,119.1972,-86.324
2010-06-28,21.3432,-0.6916,-4.4259,-3.7957,-7.9972,2.5139,33.3766,118.3728,-86.4186
2010-06-29,20.5184,-3.8649,-5.8322,-6.2641,-11.6937,-1.2734,26.9505,113.7979,-86.9435
2010-06-30,20.3846,-0.652,-6.0938,-4.7515,-11.764,-2.1946,27.4438,113.0559,-87.0286
2010-07-01,20.3251,-0.2916,-4.7038,-7.4283,-12.581,-1.9946,26.5534,112.7262,-87.0665
2010-07-02,20.0725,-1.2431,-6.6044,-9.0081,-14.2947,-1.9939,29.0176,111.3248,-87.2273
2010-07-06,20.1096,0.1851,-5.7799,-4.3506,-14.1632,-3.6501,29.1959,111.5309,-87.2036
2010-07-07,20.8082,3.4737,1.4125,1.5803,-10.6739,-0.6539,38.412,115.4052,-86.7591
2010-07-08,21.0757,1.2857,3.3904,1.8203,-9.8117,0.4114,40.737,116.889,-86.5889
2010-07-09,21.2838,0.9873,4.7167,2.8256,-9.4371,0.3109,40.8252,118.0431,-86.4564
2010-07-12,21.1723,-0.5238,5.4795,-1.5131,-10.1094,-1.7837,40.2904,117.4248,-86.5274
2010-07-13,21.5439,1.755,7.1323,-0.1282,-8.6752,-1.1416,39.1921,119.4856,-86.2909
2010-07-14,21.5885,0.207,3.75,0.1816,-9.6475,-0.1264,37.4747,119.7329,-86.2626
2010-07-15,21.5811,-0.0344,2.3978,-2.7886,-10.5369,-0.5676,33.2853,119.6917,-86.2673
2010-07-16,20.8602,-3.3402,-1.9902,-5.7847,-12.097,-3.8888,26.5003,115.6938,-86.726
2010-07-19,20.9791,0.57,-0.9126,-5.5316,-11.4303,-2.0775,28.6993,116.3532,-86.6503
2010-07-20,21.3061,1.5586,-1.1038,-4.4334,-11.0771,-1.634,28.1289,118.1667,-86.4423
2010-07-21,21.2541,-0.2442,-1.549,-4.8253,-11.8924,-0.3485,27.7601,117.8782,-86.4754
2010-07-22,21.908,3.0769,1.5151,0.5457,-10.0091,5.1522,31.2888,121.5052,-86.0592
2010-07-23,22.3465,2.0014,7.1251,2.9442,-8.7623,8.9133,31.1682,123.937,-85.7802
2010-07-26,22.7106,1.6295,8.2536,6.4808,-7.4711,9.977,33.1917,125.9566,-85.5485
2010-07-27,22.5546,-0.6872,5.8598,4.9446,-5.8373,9.6911,31.546,125.091,-85.6478
2010-07-28,22.4951,-0.2636,5.8391,5.3969,-6.7477,9.0891,31.3107,124.7613,-85.6856
2010-07-29,22.4208,-0.3304,2.3405,9.2719,-9.1175,9.9866,31.4919,124.3491,-85.7329
2010-07-30,22.51,0.3978,0.7316,10.4266,-6.5428,11.5534,29.9062,124.8438,-85.6762
2010-08-02,22.9559,1.9808,1.0798,12.9433,-6.5565,12.0847,31.9802,127.3167,-85.3924
2010-08-03,22.837,-0.518,1.2521,13.7727,-4.0063,9.4173,28.4985,126.6573,-85.4681
2010-08-04,23.0376,0.8786,2.4116,14.5602,-1.9128,11.0453,28.6782,127.7701,-85.3404
2010-08-05,23.0525,0.0645,2.8174,10.7857,1.5063,14.4927,29.8175,127.8525,-85.331
2010-08-06,22.9261,-0.548,1.8488,8.78,3.2359,14.3676,28.4213,127.1518,-85.4114
2010-08-09,23.045,0.5186,0.3885,8.2751,-1.8503,16.2428,25.9526,127.8113,-85.3357
2010-08-10,22.889,-0.6772,0.2278,8.1081,-2.2378,13.2661,26.3064,126.9458,-85.435
2010-08-11,22.0344,-3.7338,-4.3548,2.2767,-7.9238,9.1963,23.2249,122.2059,-85.9788
2010-08-12,21.8783,-0.7083,-5.0935,1.3425,-7.1412,6.8233,20.246,121.3404,-86.0781
2010-08-13,21.8486,-0.1359,-4.7001,1.2396,-5.2753,7.5294,19.5562,121.1755,-86.0971
2010-08-16,21.804,-0.2041,-5.3854,4.5244,-5.2256,4.8382,21.049,120.9282,-86.1254
2010-08-17,22.183,1.7382,-3.0844,5.7385,-2.3541,5.7611,26.899,123.0302,-85.8843
2010-08-18,22.2647,0.3685,1.0455,4.4995,-0.734,5.1899,25.8461,123.4836,-85.8322
2010-08-19,21.7891,-2.1362,-0.4076,2.5175,1.5658,2.4435,22.8039,120.8458,-86.1349
2010-08-20,21.6777,-0.5116,-0.7823,-1.0516,-0.362,1.8488,20.6892,120.2275,-86.2058
2010-08-23,21.4398,-1.097,-1.6701,-4.0572,0.0411,2.0388,16.3458,118.9086,-86.3571
2010-08-24,21.0014,-2.0451,-5.3266,-7.5262,-1.9371,-1.0544,13.7416,116.4769,-86.6361
2010-08-25,20.9642,-0.177,-5.8412,-7.0511,-2.313,-0.9888,12.9168,116.2708,-86.6598
2010-08-26,20.9345,-0.1418,-3.9222,-6.9375,-5.6381,-1.5063,13.9186,116.1059,-86.6787
2010-08-27,21.3581,2.0234,-1.4741,-4.7398,-2.4278,-0.8202,15.1738,118.4552,-86.4092
2010-08-30,21.0311,-1.531,-1.9064,-6.5698,-1.7305,-2.5054,14.0376,116.6417,-86.6172
2010-08-31,20.9494,-0.3887,-0.2477,-8.7407,-4.5852,-3.017,14.9563,116.1883,-86.6693
2010-09-01,21.7817,3.9731,3.8994,-4.6209,-1.2598,0.3569,21.5643,120.8046,-86.1396
2010-09-02,22.0567,1.2624,5.3603,-4.2581,4.9103,0.0943,23.6013,122.3296,-85.9646
2010-09-03,22.3911,1.5162,4.8365,-2.8691,9.3076,2.0899,23.8575,124.1843,-85.7518
2010-09-07,22.183,-0.9293,5.477,-3.2415,7.1698,0.3321,20.3309,123.0302,-85.8843
2010-09-08,22.4134,1.0385,6.9883,-2.741,8.2828,1.1717,20.5329,124.3079,-85.7377
2010-09-09,22.3911,-0.0995,2.7977,-2.1753,4.1562,0.7026,18.4185,124.1843,-85.7518
2010-09-10,22.5917,0.8961,2.4259,2.5295,4.7293,0.9358,18.4757,125.2971,-85.6242
2010-09-13,22.8147,0.9868,1.8918,4.2799,5.8717,1.9319,18.8729,126.5336,-85.4823
2010-09-14,22.7478,-0.2932,2.5461,4.1157,2.4669,0.2793,17.4105,126.1627,-85.5249
2010-09-15,22.7478,0.0,1.4921,4.3286,2.7407,0.1167,16.0148,126.1627,-85.5249
2010-09-16,22.7181,-0.1307,1.4603,2.4121,2.299,-0.6906,14.4181,125.9978,-85.5438
2010-09-17,22.9309,0.937,1.5015,2.9922,2.8548,0.6434,15.2788,127.1784,-85.4083
2010-09-20,23.2745,1.4984,2.0156,6.8172,4.2223,1.8539,17.6819,129.0841,-85.1897
2010-09-21,23.3193,0.1925,2.5126,7.5732,7.0229,0.9071,18.6111,129.3326,-85.1612
2010-09-22,23.1998,-0.5125,1.9872,8.209,6.8753,1.1017,16.6134,128.6698,-85.2372
2010-09-23,22.8562,-1.481,0.6083,8.8321,7.1636,-0.3314,15.8673,126.7642,-85.4558
2010-09-24,23.4837,2.7451,2.4104,12.0178,9.2677,2.1411,21.0246,130.244,-85.0566
2010-09-27,23.3343,-0.6361,0.2567,11.4633,9.3287,0.5855,21.9575,129.4155,-85.1516
2010-09-28,23.4613,0.5441,0.6086,9.8471,14.3428,0.9718,20.1384,130.1197,-85.0709
2010-09-29,23.4538,-0.0318,1.0947,11.5195,15.0566,1.5213,20.3709,130.0783,-85.0756
2010-09-30,23.3642,-0.3821,2.2222,11.5269,14.9522,0.49,21.1401,129.5812,-85.1326
2010-10-01,23.3866,0.0959,-0.4135,7.368,16.5108,-0.1441,24.3726,129.7054,-85.1184
2010-10-04,23.1401,-1.054,-0.8323,4.912,15.0697,-1.2278,24.6638,128.3384,-85.2752
2010-10-05,23.76,2.6791,1.2735,6.1139,14.1861,1.998,25.4307,131.7767,-84.8807
2010-10-06,23.902,0.5973,1.9108,7.749,13.41,2.2826,24.9723,132.5638,-84.7904
2010-10-07,23.8497,-0.2188,2.078,6.4082,12.0555,1.4808,25.1781,132.2738,-84.8237
2010-10-08,24.0513,0.8456,2.8426,7.4149,13.5981,2.114,24.0437,133.3924,-84.6954
2010-10-11,23.9841,-0.2795,3.6475,6.1633,11.3268,1.669,23.3708,133.0195,-84.7381
2010-10-12,23.9692,-0.0623,0.8802,5.0604,11.0277,0.3163,23.5266,132.9367,-84.7476
2010-10-13,24.3651,1.6516,1.9375,7.1096,12.9003,1.004,25.4721,135.1323,-84.4957
2010-10-14,24.2231,-0.5825,1.566,6.4857,16.1214,2.0742,21.2217,134.3452,-84.586
2010-10-15,24.0738,-0.6167,0.0932,5.9675,14.7512,1.6348,20.6509,133.5167,-84.6811
2010-10-18,24.0588,-0.0621,0.3114,4.9186,12.92,0.4117,21.4227,133.4338,-84.6906
2010-10-19,23.7376,-1.335,-0.966,1.9897,11.6851,-1.597,18.5314,131.6525,-84.895
2010-10-20,24.0738,1.416,-1.1956,3.2351,9.8855,-1.113,21.0508,133.5167,-84.6811
2010-10-21,24.268,0.8067,0.185,4.604,8.5985,-0.9172,22.8869,134.5937,-84.5575
2010-10-22,24.2605,-0.0308,0.7756,6.1438,6.8243,-1.1566,21.9897,134.5523,-84.5623
2010-10-25,24.3427,0.3387,1.1798,3.6578,7.9278,1.6278,24.605,135.008,-84.51
2010-10-26,24.2306,-0.4603,2.0768,3.8412,7.715,0.4467,25.0154,134.3866,-84.5813
2010-10-27,24.0513,-0.7398,-0.0931,2.5152,7.2725,-2.5081,25.8015,133.3924,-84.6954
2010-10-28,23.9991,-0.2174,-1.108,2.3249,6.6152,-0.3605,28.179,133.1024,-84.7286
2010-10-29,24.0364,0.1556,-0.9237,2.8772,4.707,-2.1581,25.3872,133.3095,-84.7049
2010-11-01,24.0364,0.0,-1.2581,2.7787,5.2522,1.0354,29.7998,133.3095,-84.7049
2010-11-02,24.268,0.9633,0.1541,4.8741,5.3406,3.3256,29.5645,134.5937,-84.5575
2010-11-03,24.3053,0.1539,1.0559,2.2949,5.4346,7.0228,27.5696,134.8008,-84.5338
2010-11-04,24.8207,2.1205,3.4236,3.8437,8.2637,11.767,30.5255,137.6593,-84.2058
2010-11-05,24.9701,0.6019,3.8844,4.6978,8.3534,6.3485,28.0086,138.4878,-84.1107
2010-11-08,24.8655,-0.4188,3.4494,3.3851,8.6353,6.2042,26.3344,137.9078,-84.1773
2010-11-09,24.6414,-0.9012,1.5389,2.7406,11.8318,2.9704,22.1069,136.6651,-84.3199
2010-11-10,24.6339,-0.0304,1.3522,2.7734,12.5953,4.5546,22.7826,136.6236,-84.3246
2010-11-11,24.492,-0.5761,-1.3241,0.5211,12.099,6.1854,21.1468,135.8365,-84.4149
2010-11-12,24.2082,-1.1589,-3.0512,-0.0617,11.0265,5.2247,21.147,134.2623,-84.5955
2010-11-15,24.2829,0.3086,-2.343,0.8688,9.4663,6.8894,20.5928,134.6766,-84.548
2010-11-16,23.8945,-1.5995,-3.0312,-0.683,7.3198,6.5321,16.0062,132.5224,-84.7952
2010-11-17,23.9094,0.0625,-2.9411,0.7238,9.731,11.4492,16.2855,132.6053,-84.7857
2010-11-18,24.3949,2.0306,-0.3965,1.3341,12.535,12.1276,19.284,135.298,-84.4767
2010-11-19,24.4696,0.3062,1.0799,0.831,14.1315,14.1785,21.4759,135.7122,-84.4292
2010-11-22,24.4174,-0.2136,0.5537,0.6466,16.2654,14.0132,21.4371,135.4223,-84.4625
2010-11-23,24.0812,-1.3766,0.7815,-1.074,14.8682,12.2112,17.6237,133.5581,-84.6764
2010-11-24,24.6265,2.2643,2.9991,1.6338,17.6359,11.0035,21.2847,136.5822,-84.3294
2010-11-26,24.4248,-0.819,0.1225,1.5528,14.3585,11.5821,19.3019,135.4637,-84.4577
2010-11-29,24.4174,-0.0305,-0.2136,1.7429,16.1011,14.092,21.6142,135.4223,-84.4625
2010-11-30,24.3576,-0.2447,-0.2447,1.3363,16.2689,10.9378,20.9197,135.0909,-84.5005
2010-12-01,24.985,2.5759,3.7531,3.9466,14.7065,13.2613,22.0382,138.5707,-84.1012
2010-12-02,25.3734,1.5545,3.033,4.5552,15.0374,20.6861,24.291,140.7248,-83.8541
2010-12-03,25.4257,0.2061,4.0979,4.6097,13.5528,24.1219,25.1305,141.0148,-83.8208
2010-12-06,25.4108,-0.0587,4.0685,2.3774,14.5507,22.7638,23.1925,140.932,-83.8303
2010-12-07,25.478,0.2645,4.5998,2.0341,13.6732,23.0885,23.9585,141.3048,-83.7875
2010-12-08,25.3884,-0.3518,1.6144,2.1027,13.3861,18.0987,25.444,140.8077,-83.8446
2010-12-09,25.4631,0.2942,0.3533,3.3343,12.7096,18.0401,25.2241,141.2219,-83.797
2010-12-10,25.6946,0.9094,1.0576,4.3057,12.6232,19.2361,25.8192,142.5062,-83.6497
2010-12-13,25.7095,0.0581,1.1757,4.971,13.0199,15.8081,24.641,142.589,-83.6402
2010-12-14,25.8291,0.4648,1.3779,6.6955,13.5453,16.6573,23.5537,143.2518,-83.5642
2010-12-15,25.7245,-0.4048,1.3239,5.9366,13.2336,15.8368,23.3993,142.6718,-83.6307
2010-12-16,26.0083,1.1034,2.1414,8.8465,13.4202,16.6582,25.2889,144.2461,-83.4501
2010-12-17,25.931,-0.2974,0.9199,8.455,11.4136,16.1178,26.2974,143.8171,-83.4993
2010-12-20,25.9235,-0.0289,0.8322,6.2658,11.1673,18.9744,26.3016,143.7755,-83.5041
2010-12-21,26.1337,0.8109,1.1795,6.8006,12.6461,20.3908,26.373,144.9414,-83.3703
2010-12-22,26.1938,0.2298,1.8242,7.2752,14.6022,22.8118,26.5281,145.2745,-83.3321
2010-12-23,26.1412,-0.2006,0.5109,8.5543,11.3165,21.633,26.0499,144.983,-83.3655
2010-12-27,26.1863,0.1723,0.9844,6.3337,12.2222,22.6911,25.7754,145.2329,-83.3369
2010-12-28,26.1712,-0.0573,0.9557,7.1502,11.5509,27.5504,25.9262,145.1496,-83.3464
2010-12-29,26.1938,0.086,0.2298,7.2752,11.6824,28.4979,25.678,145.2745,-83.3321
2010-12-30,26.1487,-0.172,-0.172,7.3534,11.918,28.6522,26.0861,145.0247,-83.3607
2010-12-31,26.1787,0.1148,0.1436,4.7777,11.9392,30.4212,27.8207,145.1912,-83.3416
2011-01-03,26.3664,0.7169,0.688,3.9135,13.9426,31.1135,26.3278,146.2321,-83.2222
2011-01-04,26.3289,-0.1423,0.6024,3.5523,10.8117,26.5315,25.7041,146.024,-83.2461
2011-01-05,26.464,0.5132,1.0318,4.1449,10.7191,25.5665,26.083,146.7734,-83.1601
2011-01-06,26.419,-0.1702,1.0336,3.6933,10.773,24.1272,24.5132,146.5236,-83.1888
2011-01-07,26.4715,0.1989,1.1184,4.2664,10.0626,25.029,22.7988,146.8151,-83.1553
2011-01-10,26.5091,0.1418,0.5411,4.108,10.5276,23.0469,21.6422,147.0233,-83.1314
2011-01-11,26.6067,0.3681,1.055,3.5496,11.0037,23.2448,23.089,147.5646,-83.0693
2011-01-12,26.8244,0.8183,1.3617,4.3363,10.0936,24.296,23.5906,148.7721,-82.9308
2011-01-13,26.8544,0.1119,1.6482,3.9698,10.8626,28.7352,23.7289,148.9386,-82.9117
2011-01-14,26.9595,0.3914,1.8435,4.801,11.9872,28.5066,25.8369,149.5216,-82.8448
2011-01-18,27.1547,0.724,2.4355,4.4078,12.868,27.4505,25.368,150.6041,-82.7206
2011-01-19,26.8694,-1.0506,0.9876,3.619,13.1934,26.4202,25.9797,149.0219,-82.9021
2011-01-20,26.7343,-0.503,-0.3359,3.1277,11.0516,22.0296,28.3168,148.2724,-82.9881
2011-01-21,26.952,0.8144,0.3635,3.1313,11.0601,20.6096,31.3599,149.4799,-82.8496
2011-01-24,27.2073,0.9471,0.919,3.8693,12.1464,19.7997,31.7521,150.8956,-82.6871
2011-01-25,27.1772,-0.1104,0.083,3.9632,11.6445,20.4955,32.1728,150.7291,-82.7063
2011-01-26,27.3349,0.5801,1.7323,4.3865,12.8115,21.5149,32.5595,151.6035,-82.6059
2011-01-27,27.4325,0.357,2.6117,4.8192,14.0581,22.3529,34.5718,152.1448,-82.5438
2011-01-28,26.8995,-1.943,-0.1949,2.6942,12.0855,19.5002,33.3065,149.1885,-82.883
2011-01-31,27.2073,1.1442,0.0,4.0482,13.1919,18.5199,32.8426,150.8956,-82.6871
2011-02-01,27.5901,1.4073,1.5193,5.3914,14.7848,20.8135,32.1909,153.0191,-82.4435
2011-02-02,27.5001,-0.3265,0.6042,4.2996,13.3184,19.3703,32.555,152.5195,-82.5008
2011-02-03,27.5151,0.0545,0.301,4.5052,13.206,19.3584,36.6566,152.6027,-82.4913
2011-02-04,27.6127,0.3548,2.6514,4.3405,11.2487,20.4419,37.7465,153.1441,-82.4292
2011-02-07,27.8754,0.9516,2.4559,5.5129,11.6354,20.9607,40.6081,154.6014,-82.262
2011-02-08,28.0631,0.6733,1.7143,6.0125,12.8596,22.6054,38.8703,155.6423,-82.1425
2011-02-09,28.0556,-0.0268,2.0201,5.834,13.8555,27.3266,39.036,155.6006,-82.1473
2011-02-10,28.2058,0.5352,2.5103,6.0102,14.4996,28.9212,37.7179,156.4335,-82.0518
2011-02-11,28.416,0.7453,2.9092,5.9334,16.0213,30.0587,39.8514,157.5993,-81.918
2011-02-14,28.386,-0.1057,1.8314,5.7031,17.2576,30.187,36.4857,157.4327,-81.9371
2011-02-15,28.2808,-0.3703,0.7758,4.9011,16.464,27.4889,34.8337,156.8498,-82.004
2011-02-16,28.416,0.4778,1.2845,4.6448,18.9227,27.6277,34.2514,157.5993,-81.918
2011-02-17,28.4836,0.2378,0.9848,6.0073,19.131,30.7237,33.9179,157.9741,-81.875
2011-02-18,28.5586,0.2636,0.502,6.824,17.0679,31.7423,34.1779,158.3904,-81.8272
2011-02-22,27.7328,-2.8917,-2.301,2.8969,13.3355,29.3516,31.9888,153.8102,-82.3527
2011-02-23,27.2448,-1.7596,-3.6634,0.138,11.5797,29.7286,28.3608,151.1038,-82.6633
2011-02-24,27.4025,0.5786,-3.5667,0.8287,13.7918,30.7106,29.4181,151.9782,-82.5629
2011-02-25,27.6502,0.9041,-2.9257,1.1535,12.2783,32.0796,30.0901,153.3523,-82.4053
2011-02-28,27.7853,0.4887,-2.7077,1.2862,13.7587,30.0928,29.0258,154.1017,-82.3193
2011-03-01,27.1923,-2.1345,-1.9491,1.0884,11.3645,29.2953,26.056,150.8123,-82.6967
2011-03-02,27.3274,0.4969,0.3031,0.4415,12.1925,30.4449,26.5095,151.5618,-82.6107
2011-03-03,27.988,2.4176,2.137,1.4422,12.0193,28.4934,28.952,155.2259,-82.1903
2011-03-04,27.6577,-1.1802,0.0271,0.5733,9.0027,25.3939,25.5122,153.3938,-82.4005
2011-03-07,27.4025,-0.9229,-1.378,-0.4093,7.7746,22.3812,24.9388,151.9782,-82.5629
2011-03-08,27.8304,1.5617,2.3468,0.7885,9.5221,25.4583,25.8749,154.3516,-82.2906
2011-03-09,27.7704,-0.2158,1.621,-0.377,8.9974,23.9008,25.3526,154.0185,-82.3288
2011-03-10,27.2073,-2.0276,-2.7897,-3.0497,7.1643,21.5094,22.3631,150.8956,-82.6871
2011-03-11,27.5301,1.1865,-0.4614,-1.8731,8.1178,21.8592,22.9996,152.686,-82.4817
2011-03-14,27.2974,-0.8454,-0.3835,-3.2206,6.2377,19.6483,21.9598,151.3953,-82.6298
2011-03-15,27.0421,-0.9351,-2.8325,-4.8349,5.1831,18.8779,19.21,149.9795,-82.7923
2011-03-16,26.5391,-1.86,-4.4337,-6.5062,2.749,16.6667,16.8029,147.1898,-83.1123
2011-03-17,26.952,1.5559,-0.9382,-4.6987,4.7718,18.637,17.8177,149.4799,-82.8496
2011-03-18,27.1232,0.6351,-1.4781,-4.5495,4.2865,18.282,19.0431,150.4292,-82.7407
2011-03-21,27.7189,2.1963,1.5442,-2.6846,6.8949,19.0954,21.3033,153.7331,-82.3616
2011-03-22,27.5002,-0.7889,1.6941,-3.7061,6.0822,17.9287,18.9984,152.5203,-82.5007
2011-03-23,27.5907,0.329,3.9624,-0.5124,5.5752,18.9263,20.2364,153.0221,-82.4432
2011-03-24,27.8772,1.0385,3.4328,2.3212,6.427,21.9677,21.5635,154.6113,-82.2608
2011-03-25,27.9753,0.3516,3.1415,2.0903,7.0159,19.1264,21.677,155.155,-82.1985
2011-03-28,27.9526,-0.0808,0.8433,1.0938,6.7455,19.7922,20.4935,155.0296,-82.2128
2011-03-29,28.1788,0.8092,2.4677,1.4162,7.671,20.108,21.2752,156.2841,-82.0689
2011-03-30,28.292,0.4014,2.5417,4.0442,8.0103,20.6285,22.4637,156.9114,-81.9969
2011-03-31,28.4051,0.3998,1.8934,3.9436,8.6289,21.5753,22.1711,157.5388,-81.9249
2011-04-01,28.6388,0.8229,2.372,2.3252,9.3973,22.4584,22.2819,158.8352,-81.7762
2011-04-04,28.6765,0.1316,2.5896,3.6836,8.7615,23.9258,22.4042,159.0443,-81.7522
2011-04-05,28.571,-0.3681,1.3915,4.2642,8.5156,20.2479,22.6506,158.4588,-81.8194
2011-04-06,28.6011,0.1056,1.0928,2.7693,8.0755,19.6602,22.3915,158.6261,-81.8002
2011-04-07,28.4654,-0.4746,0.2123,2.5028,7.746,19.3534,21.1207,157.8733,-81.8866
2011-04-08,28.2166,-0.8741,-1.4744,3.7096,6.5921,17.318,19.7981,156.4933,-82.0449
2011-04-11,28.1939,-0.0802,-1.6829,2.4114,6.3558,17.5525,19.5144,156.3678,-82.0593
2011-04-12,27.9828,-0.7489,-2.0586,2.511,5.1721,16.7449,17.1142,155.1968,-82.1937
2011-04-13,27.8999,-0.2964,-2.4519,3.1719,4.0093,14.5076,15.6573,154.7368,-82.2464
2011-04-14,27.8999,0.0,-1.9867,5.1273,3.893,15.1785,17.5676,154.7368,-82.2464
2011-04-15,27.9979,0.3514,-0.775,3.8805,3.8515,16.3004,18.2017,155.2805,-82.1841
2011-04-18,27.5982,-1.4274,-2.1129,1.7515,1.6333,14.7115,15.1838,153.064,-82.4384
2011-04-19,27.8395,0.8743,-0.512,0.4352,3.6104,17.2801,15.4072,154.4021,-82.2848
2011-04-20,28.292,1.6252,1.4054,2.8791,5.8265,17.522,16.214,156.9114,-81.9969
2011-04-21,28.3749,0.2932,1.7027,2.8423,5.2794,16.9234,15.8509,157.3715,-81.9441
2011-04-25,28.292,-0.2924,1.0503,1.4877,3.9867,16.6174,15.2686,156.9114,-81.9969
2011-04-26,28.8349,1.919,4.4809,3.0728,6.0994,18.4541,20.3823,159.9226,-81.6514
2011-04-27,28.9631,0.4445,4.0358,3.6147,5.9563,19.5309,20.0648,160.6335,-81.5699
2011-04-28,29.0611,0.3385,2.7186,3.1309,5.9367,20.8294,17.7989,161.1772,-81.5075
2011-04-29,29.1817,0.4152,2.8435,3.145,8.4845,21.5954,21.1571,161.8464,-81.4307
2011-05-02,29.1365,-0.1551,2.9851,2.575,7.0908,21.2182,18.6022,161.5954,-81.4595
2011-05-03,29.0159,-0.4141,0.6276,1.3165,5.1674,20.7163,21.9662,160.9263,-81.5363
2011-05-04,28.5936,-1.4553,-1.2757,-0.2892,3.9764,17.8244,21.7428,158.5843,-81.805
2011-05-05,28.4579,-0.4746,-2.0757,-0.3958,3.4265,17.085,25.3077,157.8316,-81.8914
2011-05-06,28.7067,0.8744,-1.6279,0.3691,3.962,15.6563,29.2656,159.2116,-81.733
2011-05-09,28.8273,0.4202,-1.0611,1.2715,3.4148,15.4475,22.7767,159.8807,-81.6563
2011-05-10,29.0913,0.9156,0.2599,3.1,3.6637,16.9944,24.253,161.3445,-81.4883
2011-05-11,28.6992,-1.3479,0.3692,1.7919,2.2938,16.4671,19.9267,159.1698,-81.7378
2011-05-12,28.7595,0.2102,1.0598,2.7755,1.9631,16.7473,22.0647,159.5043,-81.6994
2011-05-13,28.4126,-1.2061,-1.0244,1.8378,-0.0119,16.0075,23.1831,157.5806,-81.9202
2011-05-16,28.307,-0.3716,-1.8049,1.4594,-0.278,16.9316,23.0409,156.9951,-81.9873
2011-05-17,27.9225,-1.3585,-4.0177,-0.2693,-1.2672,14.9882,22.9102,154.8622,-82.232
2011-05-18,28.2995,1.3502,-1.3926,2.541,-0.4099,18.4352,26.1716,156.9533,-81.9921
2011-05-19,28.4805,0.6395,-0.9701,2.3023,-0.0108,19.1181,32.7561,157.9569,-81.877
2011-05-20,28.1788,-1.0591,-0.8228,-0.3998,-1.3299,15.511,29.5197,156.2841,-82.0689
2011-05-23,27.7792,-1.4182,-1.8647,-2.0994,0.1674,13.5253,29.6214,154.0677,-82.3232
2011-05-24,27.6359,-0.5158,-1.0262,-2.3188,1.4356,13.1815,29.0419,153.273,-82.4144
2011-05-25,27.8697,0.8458,-1.5188,-3.3473,1.7051,15.732,29.8643,154.5695,-82.2656
2011-05-26,27.9828,0.4059,-1.7474,-3.3845,1.2028,13.6289,26.132,155.1968,-82.1937
2011-05-27,28.1185,0.485,-0.214,-3.2434,1.1991,15.1228,28.4565,155.9496,-82.1073
2011-05-31,28.3749,0.9118,2.1444,-2.7649,4.3492,16.208,32.584,157.3715,-81.9441
2011-06-01,27.4474,-3.2687,-0.6821,-5.7971,0.4392,12.6853,25.0105,152.2275,-82.5343
2011-06-02,27.5907,0.522,-1.0011,-4.9116,-1.4197,10.429,25.0733,153.0221,-82.4432
2011-06-03,27.2212,-1.3392,-2.7217,-4.7996,-1.5783,7.2824,29.4749,150.9729,-82.6783
2011-06-06,27.0252,-0.7202,-3.8884,-5.0345,-1.3769,6.2907,31.93,149.8856,-82.803
2011-06-07,27.0101,-0.0558,-4.81,-5.9102,-2.9476,6.2938,30.4902,149.8019,-82.8126
2011-06-08,26.7763,-0.8654,-2.445,-7.1148,-3.5794,5.0959,29.361,148.5055,-82.9614
2011-06-09,26.9799,0.7603,-2.2137,-7.2576,-0.8356,6.2688,25.5021,149.6347,-82.8318
2011-06-10,26.5501,-1.5931,-2.4653,-7.4882,-3.5597,4.2692,23.0794,147.2509,-83.1053
2011-06-13,26.5576,0.0284,-1.7299,-7.656,-2.7099,3.3588,23.241,147.2927,-83.1005
2011-06-14,27.0629,1.9023,0.1954,-4.7505,0.0768,5.2639,21.9041,150.0947,-82.779
2011-06-15,26.6557,-1.5046,-0.4506,-5.8337,0.4393,3.2004,20.3907,147.8364,-83.0381
2011-06-16,26.7462,0.3395,-0.8664,-4.2128,-0.7638,3.9716,20.4374,148.3382,-82.9806
2011-06-17,26.8636,0.4392,1.1808,-5.0739,-0.957,3.2885,20.4945,148.9897,-82.9058
2011-06-20,27.0985,0.8745,2.0367,-4.8522,-2.238,4.5025,21.346,150.2925,-82.7563
2011-06-21,27.5229,1.566,1.6999,-2.3278,0.0825,6.1697,26.3148,152.6461,-82.4863
2011-06-22,27.3713,-0.5506,2.6849,-1.4682,-0.795,4.7358,26.0923,151.8056,-82.5827
2011-06-23,27.3107,-0.2215,2.1108,-1.1768,-2.0322,4.2642,28.0487,151.4693,-82.6213
2011-06-24,27.0,-1.1376,0.5078,-3.1205,-3.4861,3.2853,25.629,149.7462,-82.819
2011-06-27,27.2122,0.7859,0.4195,-2.7538,-2.6489,3.9179,27.498,150.923,-82.684
2011-06-28,27.6366,1.5594,0.413,-1.714,-1.9244,5.599,34.6919,153.2765,-82.414
2011-06-29,27.7805,0.521,1.495,-2.0947,-1.8076,6.0579,36.2822,154.075,-82.3224
2011-06-30,28.2201,1.5821,3.3296,2.815,-0.6513,7.9214,38.8432,156.5127,-82.0427
2011-07-01,28.7278,1.7991,6.3991,4.1212,0.3106,9.737,43.1204,159.3285,-81.7196
2011-07-05,28.5686,-0.5539,4.9847,4.95,-0.3762,8.3524,42.0646,158.446,-81.8209
2011-07-06,28.7202,0.5305,3.921,6.2721,0.5224,9.0825,38.0237,159.2866,-81.7244
2011-07-07,29.0233,1.0554,4.4736,7.4537,1.4762,9.6709,37.7099,160.9677,-81.5315
2011-07-08,28.6596,-1.2533,1.5574,7.0332,0.6822,8.481,34.6544,158.9503,-81.763
2011-07-11,28.1291,-1.8508,-2.0838,4.2595,-0.3099,6.2618,32.8581,156.0084,-82.1005
2011-07-12,27.8563,-0.9698,-2.4934,4.9198,-1.1975,5.0822,29.3004,154.4954,-82.2741
2011-07-13,27.97,0.4081,-2.6121,5.3181,-0.0458,5.124,29.5598,155.1258,-82.2018
2011-07-14,27.6669,-1.0837,-4.6737,2.2319,-0.8351,3.1407,28.1998,153.4446,-82.3947
2011-07-15,27.6896,0.0822,-3.3844,3.8789,-0.7536,3.1101,32.739,153.5708,-82.3802
2011-07-18,27.3789,-1.1221,-2.667,2.3658,-2.2108,1.5556,30.5057,151.8476,-82.5779
2011-07-19,27.7351,1.3009,-0.4353,3.244,0.4958,2.1373,30.1745,153.8229,-82.3513
2011-07-20,27.7881,0.1912,-0.6503,2.5447,-0.1846,3.419,30.7426,154.117,-82.3175
2011-07-21,28.2049,1.4999,1.9446,2.478,-0.3077,5.5008,28.7423,156.4286,-82.0523
2011-07-22,27.9094,-1.0478,0.7936,1.9656,-1.6407,3.552,24.8937,154.7895,-82.2404
2011-07-25,27.8942,-0.0543,1.8821,2.1365,-1.4059,2.5248,22.8244,154.7055,-82.25
2011-07-26,27.3789,-1.8473,-1.2842,1.4033,-5.0493,0.7421,21.3897,151.8476,-82.5779
2011-07-27,26.6363,-2.7125,-4.1451,-2.1164,-8.0336,-2.5558,18.4092,147.7288,-83.0505
2011-07-28,26.4089,-0.8535,-6.3675,-4.442,-9.1261,-3.7312,17.7877,146.468,-83.1951
2011-07-29,26.2801,-0.4878,-5.8376,-5.401,-9.9433,-2.3025,16.7487,145.7535,-83.2771
2011-08-01,26.1134,-0.6344,-6.3841,-7.4651,-10.3756,-4.0205,13.7548,144.8289,-83.3832
2011-08-02,25.2041,-3.4823,-7.9436,-12.2659,-13.1369,-8.6483,10.3652,139.7855,-83.9619
2011-08-03,25.4314,0.902,-4.5235,-10.9814,-11.0591,-7.5224,10.3907,141.0463,-83.8172
2011-08-04,24.0674,-5.3635,-8.8666,-16.2006,-15.428,-12.5302,4.4025,133.4813,-84.6852
2011-08-05,24.0674,0.0,-8.4198,-17.0757,-16.1611,-12.8394,4.9779,133.4813,-84.6852
2011-08-08,22.3699,-7.0529,-14.3355,-21.946,-22.4003,-19.7504,-2.9296,124.067,-85.7653
2011-08-09,23.4763,4.9458,-6.8551,-16.541,-19.3012,-16.3447,2.5659,130.203,-85.0613
2011-08-10,22.279,-5.1,-12.3957,-20.0218,-22.3705,-20.5899,1.1102,123.5626,-85.8232
2011-08-11,23.3399,4.7619,-3.0227,-16.5538,-18.8445,-17.2514,6.6805,129.4466,-85.1481
2011-08-12,23.7946,1.9481,-1.1335,-13.9962,-16.2535,-16.2634,8.9067,131.9683,-84.8588
2011-08-15,24.1507,1.4968,7.9607,-12.7805,-14.6829,-14.9201,10.7629,133.9436,-84.6321
2011-08-16,23.8097,-1.412,1.4203,-13.0362,-14.7292,-15.8097,7.3333,132.0524,-84.8491
2011-08-17,23.7339,-0.3183,6.5306,-14.4262,-16.133,-16.4768,6.5988,131.632,-84.8973
2011-08-18,22.423,-5.5236,-3.9286,-19.3073,-21.2689,-21.2775,2.909,124.3612,-85.7315
2011-08-19,22.0744,-1.5546,-7.2293,-21.7356,-21.6632,-22.705,1.8302,122.4279,-85.9534
2011-08-22,22.1577,0.3776,-8.2523,-20.6082,-20.2362,-20.1027,3.3484,122.8902,-85.9003
2011-08-23,22.9383,3.5226,-3.6601,-17.7669,-16.9984,-15.8068,9.2226,127.2191,-85.4036
2011-08-24,23.4005,2.0152,-1.4049,-14.5309,-16.0359,-14.6043,11.6212,129.7828,-85.1095
2011-08-25,22.961,-1.8782,2.3994,-13.798,-17.946,-16.9591,9.6802,127.3452,-85.3892
2011-08-26,23.4384,2.0792,6.1792,-11.2482,-16.6442,-15.6447,9.7401,129.9929,-85.0854
2011-08-29,24.181,3.1684,9.1313,-7.9873,-14.7802,-11.0738,14.9775,134.1117,-84.6128
2011-08-30,24.3856,0.8461,6.3099,-6.6164,-11.155,-10.7648,16.4028,135.2465,-84.4826
2011-08-31,24.5524,0.6837,4.9223,-2.5857,-11.0121,-12.2755,12.7202,136.1711,-84.3765
2011-09-01,24.1507,-1.6358,5.1815,-5.0357,-11.2797,-12.6799,9.4941,133.9436,-84.6321
2011-09-02,23.3778,-3.2005,-0.2586,-2.8652,-13.4962,-14.6873,4.4067,129.6567,-85.124
2011-09-06,23.1353,-1.0373,-4.3247,-3.8728,-14.3457,-16.8704,4.2929,128.3118,-85.2783
2011-09-07,23.8552,3.1117,-2.1753,6.6395,-10.9094,-14.0984,6.4328,132.3045,-84.8202
2011-09-08,23.499,-1.493,-4.2902,0.0969,-12.9018,-13.6296,4.9482,130.3292,-85.0468
2011-09-09,22.8701,-2.6766,-5.3028,2.6531,-13.8607,-16.927,1.232,126.8408,-85.447
2011-09-12,22.9155,0.1988,-1.9773,-1.8181,-13.7139,-16.0522,0.4421,127.093,-85.4181
2011-09-13,23.3399,1.8518,0.8844,-1.9108,-13.7567,-13.6905,2.6029,129.4466,-85.1481
2011-09-14,23.7491,1.7533,-0.4447,-1.663,-10.9041,-10.5128,4.4018,131.7161,-84.8877
2011-09-15,24.2341,2.0421,3.128,1.7823,-9.3923,-10.0843,6.6732,134.4059,-84.5791
2011-09-16,24.3621,0.5283,6.524,2.6467,-9.3119,-10.1798,6.2412,135.1159,-84.4976
2011-09-19,24.1335,-0.9384,5.315,7.6284,-10.9417,-12.9348,3.6906,133.848,-84.6431
2011-09-20,23.9582,-0.7262,2.6493,8.5341,-12.9516,-12.8798,2.7397,132.876,-84.7546
2011-09-21,22.9676,-4.1349,-3.2907,3.6549,-16.0889,-16.756,-1.0011,127.3817,-85.385
2011-09-22,22.1065,-3.7492,-8.7793,-3.6261,-19.0556,-20.7005,-3.2803,122.6059,-85.9329
2011-09-23,22.3351,1.0342,-8.3203,-4.5529,-17.2774,-20.1612,-4.8909,123.8739,-85.7875
2011-09-26,22.899,2.5247,-5.1152,-0.27,-15.8502,-18.0793,-1.8654,127.0013,-85.4286
2011-09-27,23.3029,1.7638,-2.7354,-0.5782,-15.6809,-17.3036,-0.675,129.2414,-85.1716
2011-09-28,22.7085,-2.5507,-1.128,-6.0896,-18.2575,-19.7351,-3.1777,125.9448,-85.5499
2011-09-29,23.0362,1.4429,4.2055,-5.5339,-18.3695,-18.9012,-1.4038,127.7621,-85.3413
2011-09-30,22.2665,-3.341,-0.3071,-9.3101,-22.4913,-22.2506,-4.7893,123.4935,-85.8311
2011-10-03,21.6417,-2.8063,-5.4909,-10.3892,-24.2468,-24.5318,-6.4754,120.0279,-86.2287
2011-10-04,22.2437,2.7817,-4.5455,-4.8513,-22.5505,-22.1459,-6.382,123.3667,-85.8456
2011-10-05,22.7161,2.124,0.0335,-1.8118,-21.7315,-20.5761,-4.9613,125.987,-85.545
2011-10-06,23.1733,2.0128,0.5954,-2.8583,-19.1427,-18.5911,-2.8358,128.5229,-85.2541
2011-10-07,23.12,-0.2302,3.833,-1.613,-17.8076,-18.0623,-3.8723,128.227,-85.288
2011-10-10,23.9278,3.4937,10.5634,4.6248,-14.103,-15.1316,-0.235,132.7069,-84.774
2011-10-11,23.9963,0.2866,7.8794,4.7164,-14.2069,-14.2461,0.1133,133.0873,-84.7304
2011-10-12,24.3011,1.2702,6.9775,4.1185,-12.1652,-12.8987,-0.2623,134.7778,-84.5364
2011-10-13,24.0954,-0.8467,3.9789,1.4581,-12.9804,-13.6361,-0.5274,133.6367,-84.6673
2011-10-14,24.5298,1.8027,6.0976,1.2201,-10.4064,-12.3871,1.8942,136.0457,-84.3909
2011-10-17,23.8287,-2.858,-0.414,-2.1895,-14.0846,-13.6587,-0.9565,132.1575,-84.837
2011-10-18,24.5145,2.8782,2.1594,1.5788,-11.7806,-11.9435,3.2728,135.9612,-84.4006
2011-10-19,24.2173,-1.2123,-0.3449,1.0814,-14.1379,-14.4021,0.5964,134.3129,-84.5897
2011-10-20,24.4231,0.8496,1.3599,6.3371,-12.4915,-13.9272,0.6392,135.454,-84.4588
2011-10-21,24.8955,1.9345,1.4911,12.6164,-10.7502,-12.0049,2.6176,138.0744,-84.1582
2011-10-24,25.3604,1.8672,6.4279,13.5448,-7.3726,-12.0497,4.1808,140.6524,-83.8624
2011-10-25,24.8422,-2.0432,1.3367,8.4859,-6.7355,-14.228,2.524,137.7785,-84.1921
2011-10-26,25.0175,0.7055,3.304,7.3577,-5.269,-13.9143,4.0168,138.7506,-84.0806
2011-10-27,26.1072,4.3558,6.8955,14.9664,-0.6581,-10.536,8.7841,144.7942,-83.3872
2011-10-28,26.1072,0.0,4.8668,13.3311,-0.0239,-10.3971,8.6151,144.7942,-83.3872
2011-10-31,25.4671,-2.4518,0.4207,14.3737,1.0435,-12.2305,5.952,141.2441,-83.7945
2011-11-01,24.6974,-3.0222,-0.5829,14.1197,-2.8862,-13.6261,1.7696,136.9755,-84.2843
2011-11-02,25.1851,1.9747,0.6701,13.2237,4.6442,-11.5004,3.6198,139.6803,-83.9739
2011-11-03,25.8023,2.4508,-1.1675,13.5861,7.2088,-10.1173,3.955,143.1037,-83.5811
2011-11-04,25.6042,-0.7679,-1.9264,10.49,14.4582,-11.1807,2.5396,142.0049,-83.7072
2011-11-07,25.6652,0.2381,0.778,11.0086,9.3238,-11.777,3.216,142.343,-83.6684
2011-11-08,25.9548,1.1283,5.091,8.4713,16.4988,-9.5626,5.3297,143.949,-83.4842
2011-11-09,24.9489,-3.8755,-0.938,3.9695,6.8937,-13.2499,1.2784,138.3702,-84.1242
2011-11-10,25.2537,1.2218,-2.1264,3.9198,6.1321,-11.118,3.1098,140.0608,-83.9303
2011-11-11,25.8557,2.3838,0.9821,7.3055,7.0597,-8.6598,6.8055,143.3995,-83.5472
2011-11-14,25.6957,-0.6189,0.1188,4.7531,7.9209,-7.9749,5.818,142.5121,-83.649
2011-11-15,25.8481,0.5931,-0.4111,8.4746,8.9076,-8.6625,8.1758,143.3573,-83.5521
2011-11-16,25.4671,-1.474,2.077,3.8856,13.5757,-10.5806,6.5147,141.2441,-83.7945
2011-11-17,25.0251,-1.7355,-0.9053,3.3354,13.367,-11.1919,2.5831,138.7928,-84.0757
2011-11-18,25.086,0.2436,-2.9768,2.7145,13.2156,-9.6949,2.5191,139.1309,-84.037
2011-11-21,24.5069,-2.3086,-4.6264,-1.5611,6.8385,-11.3223,0.3667,135.9189,-84.4055
2011-11-22,24.3469,-0.653,-5.8078,-3.9964,4.0441,-12.6403,1.1031,135.0314,-84.5073
2011-11-23,23.783,-2.3161,-6.6128,-4.2638,3.5798,-15.0086,-3.4253,131.9039,-84.8661
2011-11-25,23.7449,-0.1602,-5.1157,-5.0868,1.3075,-15.5544,-2.7838,131.6926,-84.8904
2011-11-28,24.545,3.3697,-2.1567,-5.9837,1.5051,-13.4975,0.5228,136.1302,-84.3812
2011-11-29,24.5679,0.0932,0.2488,-5.8961,0.7472,-10.4912,0.8633,136.2571,-84.3667
2011-11-30,25.8252,5.1178,6.072,1.4063,5.1842,-6.3989,3.3628,143.2305,-83.5666
2011-12-01,25.7414,-0.3246,8.2345,4.2271,6.5863,-5.4363,1.4502,142.7656,-83.6199
2011-12-02,25.688,-0.2072,8.1836,1.997,9.8823,-4.9477,1.0318,142.4697,-83.6539
2011-12-05,25.9624,1.068,5.7747,0.6202,12.2198,-3.8789,2.1708,143.9913,-83.4793
2011-12-06,25.9548,-0.0294,5.6451,1.369,8.8013,-3.0683,1.8713,143.949,-83.4842
2011-12-07,25.9471,-0.0294,0.4721,1.0985,10.4178,-3.828,2.2009,143.9067,-83.489
2011-12-08,25.307,-2.4669,-1.6874,-2.4956,10.6557,-4.682,-0.6128,140.3566,-83.8963
2011-12-09,25.8862,2.2885,0.7713,3.7569,12.9634,-2.5284,0.7455,143.5686,-83.5278
2011-12-12,25.4137,-1.8251,-2.1133,0.6336,8.8853,-6.0938,-1.1507,140.9482,-83.8284
2011-12-13,25.0784,-1.3193,-3.3764,-3.0062,5.5973,-5.9171,-2.9061,139.0887,-84.0418
2011-12-14,24.7812,-1.1851,-4.4934,-3.5588,2.2577,-7.3466,-3.6668,137.4404,-84.2309
2011-12-15,24.9565,0.7072,-1.3852,-3.4493,2.4398,-7.0993,-4.0442,138.4124,-84.1194
2011-12-16,25.0624,0.4242,-3.1824,-1.5891,3.8488,-7.514,-3.3498,138.9996,-84.052
2011-12-19,24.8015,-1.0407,-2.4088,-0.8933,3.5199,-9.8876,-4.3279,137.553,-84.218
2011-12-20,25.653,3.4333,2.2913,2.2603,11.6924,-6.2777,-1.8392,142.2757,-83.6761
2011-12-21,25.6607,0.0299,3.5491,4.7082,16.0778,-6.0415,-2.0349,142.3182,-83.6713
2011-12-22,25.9062,0.9566,3.8055,6.4047,15.9887,-4.0512,-0.899,143.6797,-83.5151
2011-12-23,26.1517,0.9476,4.3465,9.9597,14.2044,-3.8972,-0.132,145.0412,-83.3588
2011-12-27,26.144,-0.0293,5.4129,10.1039,12.1922,-5.4006,-0.104,144.9987,-83.3637
2011-12-28,25.7298,-1.5845,0.2991,4.827,13.3046,-7.382,-1.7714,142.7012,-83.6273
2011-12-29,26.052,1.2522,1.5247,6.0408,13.0915,-7.6828,-0.37,144.4881,-83.4223
2011-12-30,25.8909,-0.6184,-0.0592,0.2542,16.277,-9.8751,-1.0997,143.5946,-83.5248
2012-01-03,26.4585,2.1926,1.1734,2.786,22.2575,-7.386,0.3494,146.7431,-83.1636
2012-01-04,26.5813,0.4639,1.6725,3.4773,19.5005,-7.4474,0.9586,147.4239,-83.0855
2012-01-05,26.589,0.0288,3.3393,2.4134,17.0489,-8.3876,0.4721,147.4664,-83.0806
2012-01-06,26.5352,-0.202,1.8551,2.2366,14.5076,-7.4122,0.4401,147.1685,-83.1148
2012-01-09,26.7347,0.7517,3.2593,3.0354,15.6346,-4.9572,0.9942,148.2748,-82.9878
2012-01-10,27.1183,1.4347,2.4935,7.1571,13.334,-2.6494,2.2981,150.4021,-82.7438
2012-01-11,27.2027,0.3112,2.3377,5.0857,13.3618,-2.7434,2.2401,150.8701,-82.6901
2012-01-12,27.4405,0.8742,3.2025,7.9751,12.9185,-0.8183,2.2968,152.189,-82.5387
2012-01-13,27.2257,-0.7828,2.602,8.5622,12.9913,-1.6755,1.3825,150.9977,-82.6754
2012-01-17,27.3638,0.5072,2.3529,10.4214,11.5534,-0.0553,1.4994,151.7636,-82.5876
2012-01-18,27.6093,0.8971,1.8105,10.6296,15.8656,-0.4536,1.6739,153.1251,-82.4313
2012-01-19,27.9008,1.0558,2.5663,11.3254,13.8132,0.4054,3.8383,154.7419,-82.2459
2012-01-20,27.7397,-0.5774,1.0903,11.8466,14.5447,-1.6494,3.7607,153.8484,-82.3484
2012-01-23,27.709,-0.1107,1.7751,8.0143,13.4541,-0.718,2.8085,153.6781,-82.3679
2012-01-24,27.7397,0.1108,1.3737,8.1017,11.4243,-0.554,1.9568,153.8484,-82.3484
2012-01-25,28.0465,1.1062,1.5838,8.2618,10.5919,2.4384,3.1986,155.5502,-82.1531
2012-01-26,27.9928,-0.1915,0.3299,7.0402,12.6825,5.0928,2.4069,155.2524,-82.1873
2012-01-27,27.9698,-0.0822,0.8296,6.9836,11.8012,5.9104,1.9587,155.1248,-82.2019
2012-01-30,27.8701,-0.3566,0.5814,8.3184,6.7526,6.0501,3.6083,154.5717,-82.2654
2012-01-31,27.7857,-0.3028,0.1659,6.6549,6.4294,6.4039,2.126,154.1036,-82.3191
2012-02-01,28.0849,1.0768,0.1367,8.4741,10.2792,11.43,1.7931,155.7629,-82.1287
2012-02-02,28.1002,0.0546,0.3837,6.2047,13.778,10.4942,2.1824,155.848,-82.1189
2012-02-03,28.5835,1.7199,2.1941,7.5324,13.4937,18.7645,3.8831,158.5284,-81.8114
2012-02-06,28.5145,-0.2415,2.3121,7.2418,10.5112,18.4777,3.2659,158.1456,-81.8553
2012-02-07,28.4838,-0.1076,2.5125,7.3432,11.2465,27.3307,2.1824,157.9754,-81.8749
2012-02-08,28.5452,0.2154,1.6389,6.7718,11.2213,21.5914,1.7177,158.3157,-81.8358
2012-02-09,28.6219,0.2688,1.8564,5.5446,10.2761,28.4702,2.0184,158.7412,-81.787
2012-02-10,28.361,-0.9113,-0.7783,4.2583,13.6766,21.5131,0.5505,157.2946,-81.953
2012-02-13,28.7063,1.2172,0.6726,4.6128,13.6715,20.642,1.0215,159.2092,-81.7333
2012-02-14,28.6065,-0.3474,0.4309,5.0719,10.6392,18.45,0.7771,158.6561,-81.7967
2012-02-15,28.2306,-1.3141,-1.1019,3.1679,9.8653,18.5676,-0.1776,156.5713,-82.036
2012-02-16,28.4915,0.9239,-0.4557,3.1953,10.2267,20.0452,0.2656,158.0179,-81.87
2012-02-17,28.5989,0.3769,0.8385,2.502,12.2974,27.5426,0.4048,158.6135,-81.8016
2012-02-21,28.6986,0.3487,-0.0267,3.4568,14.6793,30.0085,0.4901,159.1667,-81.7382
2012-02-22,28.6679,-0.1069,0.2145,3.4607,14.2784,29.381,3.3719,158.9965,-81.7577
2012-02-23,28.76,0.3211,1.875,3.6781,17.3545,25.3798,5.5612,159.507,-81.6991
2012-02-24,28.7523,-0.0267,0.9154,2.5164,18.0943,22.8702,4.9259,159.4644,-81.704
2012-02-27,28.7753,0.0801,0.617,2.7953,20.9912,25.3225,4.069,159.5922,-81.6894
2012-02-28,28.7369,-0.1333,0.1337,2.7427,21.0238,22.6062,3.4248,159.3794,-81.7138
2012-02-29,28.5605,-0.614,-0.3747,2.4773,16.3597,18.1111,5.0317,158.4008,-81.826
2012-03-01,28.6602,0.3492,-0.3467,3.1475,16.6574,17.5291,4.8773,158.954,-81.7626
2012-03-02,28.4915,-0.5889,-0.9071,1.4477,10.3242,16.0436,1.7987,158.0179,-81.87
2012-03-05,28.292,-0.7001,-1.6796,0.6825,9.9086,17.1476,2.2933,156.9117,-81.9969
2012-03-06,27.6553,-2.2505,-3.764,-3.2474,7.6582,18.2973,0.9226,153.3804,-82.4021
2012-03-07,27.9391,1.0263,-2.1756,-2.0178,7.6138,20.764,0.3906,154.9545,-82.2214
2012-03-08,28.338,1.4278,-1.1242,-0.5118,9.1824,18.7919,2.0442,157.1669,-81.9676
2012-03-09,28.3994,0.2166,-0.3231,-0.5106,9.4511,20.8535,4.3817,157.5074,-81.9285
2012-03-12,28.3917,-0.027,0.3525,-0.8041,12.1891,24.1436,3.1298,157.4648,-81.9334
2012-03-13,28.9824,2.0805,4.7989,2.191,11.9611,26.475,6.173,160.7409,-81.5576
2012-03-14,28.9134,-0.2382,3.4871,0.7216,13.7708,23.8797,6.9199,160.358,-81.6015
2012-03-15,29.2586,1.1939,3.2485,2.2794,16.6684,23.1987,10.2471,162.2725,-81.3818
2012-03-16,29.2717,0.0448,3.0715,3.6877,18.1204,20.7873,8.6067,162.3452,-81.3735
2012-03-19,29.2717,0.0,3.0993,2.7385,17.2909,20.1525,7.9213,162.3452,-81.3735
2012-03-20,28.9326,-1.1585,-0.172,1.167,15.4424,19.8856,4.3786,160.4645,-81.5893
2012-03-21,28.9172,-0.0533,0.0131,0.7617,16.5943,20.6982,5.1525,160.379,-81.5991
2012-03-22,28.5935,-1.1194,-2.2732,-0.2596,11.4623,24.4949,3.6345,158.5837,-81.8051
2012-03-23,28.6397,0.1617,-2.159,-0.4181,11.6091,29.5534,2.7352,158.8402,-81.7756
2012-03-26,29.0636,1.4801,-0.7109,1.0828,12.1878,30.1252,3.8904,161.1911,-81.5059
2012-03-27,28.9711,-0.3182,0.1332,0.6805,10.7811,26.5169,3.6436,160.6782,-81.5648
2012-03-28,28.6937,-0.9577,-0.7729,-0.1506,9.7522,23.1334,1.827,159.1393,-81.7413
2012-03-29,28.7091,0.0537,0.4043,0.5202,11.5792,26.4243,1.4743,159.2249,-81.7315
2012-03-30,28.8401,0.4563,0.6996,0.6276,10.7022,25.1948,1.5315,159.9515,-81.6481
2012-04-02,29.0251,0.6414,-0.1326,1.8729,12.1055,30.353,1.3487,160.9774,-81.5304
2012-04-03,28.817,-0.717,-0.532,1.8556,8.9137,33.1551,0.4898,159.8233,-81.6628
2012-04-04,28.6089,-0.7221,-0.2954,3.4482,7.6279,28.6159,0.1328,158.6692,-81.7953
2012-04-05,28.4933,-0.4041,-0.7517,1.9834,7.162,25.432,-0.3771,158.028,-81.8688
2012-04-09,28.0309,-1.6229,-2.806,-1.084,5.6363,20.9616,-1.5265,155.4633,-82.1631
2012-04-10,27.4605,-2.0346,-5.3903,-3.306,2.7148,18.7739,-2.6794,152.3002,-82.526
2012-04-11,27.7688,1.1226,-3.6373,-2.1941,2.3988,16.0527,-1.5079,154.0099,-82.3298
2012-04-12,28.3623,2.1371,-0.8621,-2.1398,4.2627,18.1941,1.356,157.3013,-81.9522
2012-04-13,28.0,-1.2771,-1.7311,-3.1589,2.0391,15.221,0.3591,155.2924,-82.1827
2012-04-16,28.0771,0.2752,0.1649,-4.0381,3.1272,16.5247,0.6352,155.7197,-82.1337
2012-04-17,28.5395,1.647,3.9292,-2.5013,4.2967,16.3465,1.9345,158.2844,-81.8394
2012-04-18,28.4162,-0.4321,2.3314,-2.9226,2.9227,19.2521,2.9638,157.6005,-81.9179
2012-04-19,28.1002,-1.112,-0.9239,-2.8769,0.7149,14.6268,0.9364,155.848,-82.1189
2012-04-20,28.3391,0.8503,1.2111,-1.9989,2.1611,17.0201,0.1668,157.1731,-81.9669
2012-04-23,28.0231,-1.115,-0.1921,-1.9946,1.1339,14.7405,-1.2397,155.4206,-82.168
2012-04-24,28.3931,1.3201,-0.5131,-0.8612,2.3555,14.0489,0.3574,157.4723,-81.9326
2012-04-25,28.447,0.19,0.1085,-2.1215,1.428,12.1712,-1.3451,157.7715,-81.8983
2012-04-26,28.6166,0.5961,1.8376,-1.2237,2.2284,15.1935,-1.1962,158.7119,-81.7903
2012-04-27,28.7939,0.6194,1.6046,0.3492,2.9462,15.0951,-0.9195,159.6951,-81.6775
2012-04-30,28.5241,-0.9368,1.7877,-0.6443,2.3467,9.2578,-2.2536,158.199,-81.8492
2012-05-01,28.6089,0.2972,0.7601,-0.8017,2.9627,9.5825,-1.8108,158.6692,-81.7953
2012-05-02,28.6166,0.0269,0.5961,-1.4073,1.8933,12.3671,-1.376,158.7119,-81.7903
2012-05-03,28.3854,-0.808,-0.808,-1.4977,1.0148,14.9327,-0.7281,157.4296,-81.9375
2012-05-04,27.9769,-1.4391,-2.8373,-2.2091,-2.1222,11.0851,-1.6901,155.1641,-82.1974
2012-05-07,27.8998,-0.2755,-2.1886,-2.0828,-2.1556,8.129,-2.8107,154.7366,-82.2465
2012-05-08,27.8305,-0.2486,-2.7209,-0.7148,-2.2937,8.6949,-3.458,154.352,-82.2906
2012-05-09,27.5068,-1.1632,-3.8783,0.1683,-3.6378,7.1754,-5.4467,152.5566,-82.4966
2012-05-10,27.5453,0.1402,-2.9595,-0.8048,-3.7614,6.1282,-4.0205,152.7704,-82.472
2012-05-11,27.4914,-0.1959,-1.7355,-3.0706,-3.0665,10.1907,-4.4094,152.4712,-82.5064
2012-05-14,27.1754,-1.1494,-2.5967,-2.9452,-5.3329,7.6095,-4.3546,150.7186,-82.7074
2012-05-15,27.0366,-0.5105,-2.8524,-3.7057,-5.4879,4.5674,-4.4879,149.9492,-82.7957
2012-05-16,27.0058,-0.114,-1.8212,-5.374,-4.3386,5.0987,-3.2829,149.7783,-82.8153
2012-05-17,26.4278,-2.1405,-4.0571,-6.9976,-7.2432,2.2427,-6.614,146.5723,-83.1832
2012-05-18,26.2967,-0.4958,-4.3454,-6.418,-8.0497,3.2579,-7.6674,145.8457,-83.2665
2012-05-21,26.8825,2.2274,-1.0777,-5.1401,-6.3282,7.4222,-4.6004,149.0943,-82.8938
2012-05-22,26.9827,0.3727,-0.1996,-3.7129,-5.8785,7.5605,-2.8674,149.6499,-82.8301
2012-05-23,27.1291,0.5427,0.4566,-4.4516,-5.6705,10.6999,-1.8339,150.4622,-82.7369
2012-05-24,27.0983,-0.1137,2.5372,-4.7412,-5.7526,11.3009,-2.7679,150.2912,-82.7565
2012-05-25,26.9133,-0.6826,2.3447,-5.9521,-6.4708,13.1621,-3.8219,149.2653,-82.8742
2012-05-29,27.2755,1.3459,1.4621,-5.2731,-5.0855,14.8692,-2.998,151.2742,-82.6437
2012-05-30,26.8208,-1.6671,-0.5998,-5.9714,-6.0912,9.2721,-5.477,148.7523,-82.9331
2012-05-31,26.7206,-0.3736,-1.5057,-6.6002,-6.7675,8.7626,-2.6479,148.1967,-82.9968
2012-06-01,25.9807,-2.769,-4.124,-9.2109,-8.8122,0.6023,-5.8351,144.0931,-83.4676
2012-06-04,25.711,-1.0383,-4.4674,-9.4217,-9.1227,-0.118,-5.5479,142.5971,-83.6393
2012-06-05,25.7881,0.2997,-5.4535,-7.8237,-6.7518,0.3894,-4.5775,143.0245,-83.5902
2012-06-06,26.474,2.6599,-1.2931,-5.1105,-5.2439,1.9706,-1.9847,146.8288,-83.1537
2012-06-07,26.6204,0.5531,-0.375,-4.3478,-6.061,2.5648,-0.5821,147.641,-83.0606
2012-06-08,26.8208,0.7527,3.2335,-2.4937,-5.5585,3.3672,-0.5897,148.7523,-82.9331
2012-06-11,26.474,-1.2931,2.9676,-3.8892,-6.7545,4.6113,-0.2866,146.8288,-83.1537
2012-06-12,26.8979,1.6011,4.3037,-2.1587,-7.1924,3.9084,1.2812,149.1798,-82.884
2012-06-13,26.6282,-1.0029,0.5822,-2.0136,-7.9037,4.7787,-1.6063,147.6837,-83.0557
2012-06-14,26.8362,0.7815,0.8107,-0.7412,-8.2791,7.0093,0.6774,148.8379,-82.9232
2012-06-15,27.0716,0.8772,0.9352,0.2438,-7.5159,9.2426,1.217,150.1434,-82.7734
2012-06-18,27.1336,0.2289,2.4915,2.6708,-7.3043,8.7237,1.005,150.4871,-82.734
2012-06-19,27.4975,1.3413,2.2293,4.5664,-4.9599,9.7165,1.4725,152.5055,-82.5024
2012-06-20,27.3504,-0.535,2.7124,1.7407,-5.418,10.2771,-0.6266,151.6896,-82.5961
2012-06-21,26.8161,-1.9536,-0.075,-0.6173,-6.216,4.5338,-2.0285,148.7262,-82.9361
2012-06-22,26.909,0.3465,-0.6007,-0.8113,-6.0429,4.8647,-1.4708,149.2415,-82.8769
2012-06-25,26.4134,-1.8418,-2.6542,-2.5273,-9.1185,1.9579,-2.1725,146.4929,-83.1923
2012-06-26,26.4599,0.1759,-3.7736,-1.6847,-8.668,1.1786,-2.7646,146.7506,-83.1627
2012-06-27,26.7154,0.9658,-2.3216,-2.0535,-6.8942,2.1857,-3.333,148.1679,-83.0001
2012-06-28,26.6922,-0.087,-0.4621,-0.4796,-7.0252,3.7406,-3.9176,148.039,-83.0149
2012-06-29,27.6214,3.4813,2.6475,3.3712,-4.2255,6.0244,-2.1212,153.1927,-82.4236
2012-07-02,27.3814,-0.8691,3.6647,5.3911,-5.663,5.757,-4.6867,151.8613,-82.5763
2012-07-03,27.6679,1.0464,4.5654,7.6112,-3.9875,4.5708,-3.1529,153.4504,-82.394
2012-07-05,27.6369,-0.112,3.4492,7.1694,-3.3974,3.9713,-3.7718,153.2785,-82.4137
2012-07-06,27.2652,-1.3449,2.1468,2.9887,-4.3099,2.5435,-6.0575,151.2171,-82.6503
2012-07-09,27.2498,-0.0568,-1.3457,2.364,-2.7865,2.6927,-4.9192,151.1312,-82.6601
2012-07-10,26.8084,-1.6198,-2.0928,-0.0465,-2.3749,0.2755,-4.6954,148.6832,-82.941
2012-07-11,26.5915,-0.8088,-3.8903,0.444,-4.2395,-1.9424,-4.5403,147.4807,-83.0789
2012-07-12,26.4909,-0.3786,-4.1468,-1.5132,-6.5981,-2.6166,-5.2882,146.9224,-83.143
2012-07-13,27.002,1.9293,-0.9656,1.4038,-3.5645,-1.5981,-2.4033,149.7569,-82.8178
2012-07-16,26.8161,-0.6883,-1.5914,-0.075,-4.4911,-1.5044,-3.1546,148.7262,-82.9361
2012-07-17,26.9323,0.4331,0.4622,-0.5149,-5.6317,-1.5769,-1.6314,149.3704,-82.8621
2012-07-18,27.4356,1.8689,3.1741,1.113,-3.4509,-0.629,-1.0798,152.1619,-82.5419
2012-07-19,27.5673,0.4799,4.0632,0.2535,-1.8967,-1.1954,-0.7948,152.8921,-82.4581
2012-07-20,27.2265,-1.236,0.8317,-0.453,-3.9261,-1.8499,-3.4688,151.0024,-82.6749
2012-07-23,27.0871,-0.512,1.0107,1.0107,-3.3401,-2.2442,-2.9461,150.2293,-82.7636
2012-07-24,26.7851,-1.1149,-0.5463,-0.4605,-5.6632,-3.4411,-3.976,148.5544,-82.9558
2012-07-25,26.8781,0.3469,-2.0322,1.759,-5.5154,-4.1662,-1.8294,149.0697,-82.8966
2012-07-26,27.2885,1.527,-1.0112,3.1315,-4.6411,-2.5161,2.4486,151.346,-82.6355
2012-07-27,27.8847,2.185,2.4175,4.3768,-3.1574,-0.3042,5.5882,154.6529,-82.2561
2012-07-30,27.8073,-0.2777,2.6587,4.1776,-2.513,-0.2253,5.8111,154.2234,-82.3053
2012-07-31,27.7299,-0.2785,3.5271,0.3925,-3.0726,-0.2009,6.1901,153.7939,-82.3546
2012-08-01,27.544,-0.6702,2.4777,0.5939,-3.7481,-1.9258,9.284,152.7632,-82.4729
2012-08-02,27.4046,-0.5061,0.4256,-0.9516,-3.4552,-2.4754,7.759,151.9902,-82.5616
2012-08-03,28.0009,2.1758,0.4166,1.3169,0.0857,-2.0383,16.3437,155.2971,-82.1821
2012-08-06,28.0009,0.0,0.6962,2.6981,0.3622,-1.8012,16.3437,155.2971,-82.1821
2012-08-07,28.2874,1.0232,2.0106,3.8079,1.6418,-0.6895,26.4528,156.8861,-81.9998
2012-08-08,28.2487,-0.1369,2.5583,5.3726,2.6972,-1.0387,20.3285,156.6714,-82.0245
2012-08-09,28.2719,0.0822,3.1647,6.3191,2.6378,-1.2227,26.8994,156.8002,-82.0097
2012-08-10,28.4035,0.4656,1.438,7.2201,3.3181,0.1499,21.6953,157.5303,-81.9259
2012-08-13,28.3416,-0.2181,1.2168,4.9613,4.2916,-1.2703,19.1095,157.1868,-81.9653
2012-08-14,28.3029,-0.1366,0.0548,5.5443,4.6835,-1.0615,17.1926,156.9721,-81.99
2012-08-15,28.3648,0.2189,0.4112,5.3191,5.0323,0.4754,19.1313,157.3156,-81.9506
2012-08-16,28.6514,1.0101,1.3421,4.4313,8.4138,0.5612,20.7189,158.9047,-81.7682
2012-08-17,28.7907,0.4864,1.3631,4.4381,9.484,0.6709,28.3983,159.6777,-81.6795
2012-08-20,28.7288,-0.2152,1.3661,5.5176,6.868,0.1052,30.1453,159.3341,-81.719
2012-08-21,28.6668,-0.2156,1.2859,5.8319,6.2417,-0.0037,29.3761,158.9906,-81.7584
2012-08-22,28.5274,-0.4863,0.5733,6.5048,5.1543,-0.8085,24.3661,158.2175,-81.8471
2012-08-23,28.2951,-0.8143,-1.2433,5.2723,4.4167,-1.5899,20.9167,156.9291,-81.9949
2012-08-24,28.4268,0.4653,-1.2641,4.1714,5.6235,-1.2112,23.8046,157.6592,-81.9111
2012-08-27,28.3416,-0.2996,-1.3477,1.6385,3.9085,-1.3757,20.9195,157.1868,-81.9653
2012-08-28,28.2332,-0.3825,-1.5127,1.5316,5.2659,-1.146,16.7576,156.5856,-82.0343
2012-08-29,28.2255,-0.0274,-1.0586,1.7872,5.6317,-1.517,15.7462,156.5426,-82.0392
2012-08-30,27.9854,-0.8505,-1.0946,1.6025,7.716,-1.7762,13.9825,155.2113,-82.192
2012-08-31,28.1558,0.6087,-0.9534,2.7409,9.5086,-0.4816,16.5834,156.1561,-82.0836
2012-09-04,27.8615,-1.0451,-1.694,-0.4978,8.0403,0.7456,19.1794,154.5241,-82.2708
2012-09-05,27.7841,-0.2779,-1.5908,-0.7743,4.9484,-0.555,20.0938,154.0946,-82.3201
2012-09-06,28.4113,2.2575,0.6583,0.4379,6.7273,0.2585,19.0989,157.5732,-81.921
2012-09-07,28.6514,0.845,2.3796,1.4255,6.825,0.8871,21.9257,158.9047,-81.7682
2012-09-10,28.4655,-0.6487,1.1001,0.6848,7.5225,0.2598,24.4662,157.874,-81.8865
2012-09-11,28.6204,0.544,2.7237,0.7633,6.4037,-1.2493,24.895,158.7328,-81.788
2012-09-12,28.7365,0.4059,3.4281,1.3934,7.9179,-0.6117,23.1219,159.3771,-81.714
2012-09-13,29.0618,1.1317,2.2895,2.6812,8.2929,-0.6727,22.3699,161.1808,-81.5071
2012-09-14,29.2399,0.6128,2.054,3.0849,8.0091,-0.1088,20.6559,162.1686,-81.3937
2012-09-17,29.1005,-0.4767,2.2307,1.5676,7.2488,-0.5849,19.4498,161.3956,-81.4824
2012-09-18,29.1082,0.0266,1.7046,1.1027,5.8575,0.607,20.6133,161.4385,-81.4775
2012-09-19,29.1779,0.2394,1.536,1.5634,6.6817,0.9017,21.7865,161.8251,-81.4332
2012-09-20,28.8991,-0.9554,-0.5595,0.8104,7.7678,1.069,25.8258,160.279,-81.6106
2012-09-21,28.8134,-0.2967,-1.4585,1.0024,7.0771,0.6064,30.3391,159.8035,-81.6651
2012-09-24,28.8134,0.0,-0.9865,1.8316,9.0862,-0.8609,29.0049,159.8035,-81.6651
2012-09-25,28.4315,-1.3254,-2.3248,0.0166,7.4513,-1.8626,24.1604,157.6854,-81.9081
2012-09-26,28.3224,-0.3837,-2.932,-0.0677,6.0151,-1.2938,21.5403,157.0803,-81.9775
2012-09-27,28.5874,0.9356,-1.0788,1.2545,7.1001,-0.4239,25.8885,158.55,-81.8089
2012-09-28,28.4705,-0.409,-1.1901,0.8681,3.0738,-1.2816,23.5903,157.9016,-81.8833
2012-10-01,28.603,0.4654,-0.7303,2.2068,4.4614,-1.4542,28.4573,158.6364,-81.799
2012-10-02,28.5562,-0.1635,0.4386,1.4223,3.2106,-0.9049,31.9502,158.377,-81.8288
2012-10-03,28.7043,0.5186,1.3484,3.0249,3.8621,0.3335,29.0448,159.1983,-81.7345
2012-10-04,28.868,0.5702,0.9815,3.9012,5.8783,1.315,27.0814,160.1061,-81.6304
2012-10-05,28.9615,0.324,1.7247,1.9366,6.2817,3.3201,24.9776,160.6248,-81.5709
2012-10-08,28.8914,-0.2422,1.0082,0.8376,7.7699,5.2105,24.9626,160.2358,-81.6155
2012-10-09,28.5562,-1.16,0.0,0.3187,7.3883,2.8356,19.3435,158.377,-81.8288
2012-10-10,28.2912,-0.9279,-1.439,-1.15,6.7961,-0.2504,17.8981,156.9074,-81.9974
2012-10-11,28.377,0.303,-1.7009,-1.2513,5.0922,1.3462,16.7721,157.3829,-81.9428
2012-10-12,28.4081,0.1099,-1.9107,-2.249,5.9368,1.1791,17.8986,157.5558,-81.923
2012-10-15,28.603,0.6859,-0.9981,-2.1781,6.2034,0.2224,16.6052,158.6364,-81.799
2012-10-16,28.9069,1.0627,1.2282,-0.6651,5.3629,1.727,21.3115,160.3223,-81.6056
2012-10-17,29.0784,0.5931,2.7824,-0.1024,5.4817,3.4811,18.6171,161.2732,-81.4965
2012-10-18,29.1641,0.2948,2.774,-0.0472,7.1166,2.9112,20.4268,161.7487,-81.4419
2012-10-19,28.6731,-1.6836,0.9328,-0.7821,5.8551,2.3194,17.4018,159.0254,-81.7544
2012-10-22,28.5952,-0.2719,-0.0273,-0.7574,6.7576,0.7118,14.8606,158.5931,-81.804
2012-10-23,28.3068,-1.0084,-2.0761,-1.7582,5.3157,-0.4929,11.6183,156.9939,-81.9875
2012-10-24,28.1276,-0.6333,-3.2699,-1.069,3.0748,-1.7089,13.2249,155.9997,-82.1015
2012-10-25,28.2834,0.5542,-3.0198,-0.1376,1.4299,-1.7727,13.0548,156.8642,-82.0023
2012-10-26,28.3068,0.0826,-1.2775,-0.9815,1.7964,-0.7618,8.4255,156.9939,-81.9875
2012-10-31,28.4393,0.4681,-0.5451,-0.1095,2.5584,-0.5928,8.933,157.7287,-81.9032
2012-11-01,28.9459,1.7813,2.2577,1.1989,5.0896,1.1508,13.6602,160.5383,-81.5808
2012-11-02,28.7043,-0.8347,2.0504,0.5186,4.7425,1.1235,16.2239,159.1983,-81.7345
2012-11-05,28.8602,0.5431,2.0391,0.5431,3.0688,3.1572,14.5923,160.0629,-81.6353
2012-11-06,29.1719,1.0801,3.0561,1.0529,4.1821,4.5595,13.0591,161.7918,-81.437
2012-11-07,28.4861,-2.351,0.1644,-1.6416,0.7023,2.3557,11.2553,157.988,-81.8734
2012-11-08,28.1899,-1.0396,-2.6117,-2.4278,-0.208,2.4836,9.8372,156.3455,-82.0619
2012-11-09,28.2679,0.2765,-1.5205,-1.0098,-0.0143,2.6231,8.912,156.7777,-82.0123
2012-11-12,28.3458,0.2757,-1.7824,0.1928,-0.2033,3.108,13.6155,157.21,-81.9627
2012-11-13,28.2679,-0.2749,-3.0991,-0.3845,-0.2602,4.0201,11.9355,156.7777,-82.0123
2012-11-14,27.6054,-2.3435,-3.0916,-2.8258,-2.4644,2.1036,6.7671,153.1036,-82.4338
2012-11-15,27.6054,0.0,-2.0735,-3.4877,-2.6774,2.2202,7.432,153.1036,-82.4338
2012-11-16,27.6833,0.2823,-2.0678,-4.233,-3.3787,4.7509,7.1002,153.5359,-82.3842
2012-11-19,28.2055,1.8863,-0.4949,-3.0019,-2.0327,7.2586,10.7529,156.432,-82.0519
2012-11-20,28.2289,0.0829,-0.1379,-3.2069,-1.74,5.0084,12.8024,156.5616,-82.0371
2012-11-21,28.2679,0.1381,2.3998,-1.4134,-1.3918,4.763,12.6836,156.7777,-82.0123
2012-11-23,28.6342,1.2958,3.7267,0.1364,0.3741,5.5477,16.8412,158.8093,-81.7792
2012-11-26,28.6575,0.0816,3.5191,1.239,1.2808,5.7541,17.7052,158.939,-81.7643
2012-11-27,28.5952,-0.2176,1.3815,1.6625,0.5923,6.2491,20.2338,158.5931,-81.804
2012-11-28,28.8368,0.845,2.1535,1.9565,1.7472,5.724,21.4443,159.9332,-81.6502
2012-11-29,29.0005,0.5676,2.5917,2.4505,2.7176,8.1267,18.1523,160.8409,-81.5461
2012-11-30,28.9381,-0.215,1.0615,1.7539,2.5249,8.2987,17.7885,160.4951,-81.5858
2012-12-03,28.6264,-1.0773,-0.1088,-1.1039,2.2903,10.183,10.8466,158.7661,-81.7841
2012-12-04,28.7355,0.3811,0.4906,0.1086,2.0589,11.7633,11.6314,159.3712,-81.7147
2012-12-05,29.0394,1.0578,0.7027,0.6211,4.2278,12.608,13.0464,161.057,-81.5213
2012-12-06,29.0316,-0.0268,0.1075,-0.4809,4.4902,9.6609,11.8219,161.0138,-81.5262
2012-12-07,29.2187,0.6443,0.9696,2.5718,2.8419,9.7603,12.5755,162.0512,-81.4072
2012-12-10,29.3668,0.5068,2.5864,4.1747,2.497,9.4924,13.1793,162.8725,-81.313
2012-12-11,29.4291,0.2123,2.4139,4.1081,3.3852,11.1623,16.2883,163.2183,-81.2733
2012-12-12,29.4759,0.1589,1.503,3.9868,2.9892,9.5843,13.8673,163.4776,-81.2436
2012-12-13,29.3823,-0.3173,1.208,3.9426,2.2474,10.3432,15.6161,162.9589,-81.3031
2012-12-14,29.32,-0.2122,0.3468,6.2112,0.8886,9.2552,16.9133,162.6132,-81.3427
2012-12-17,29.5928,0.9303,0.7696,7.1993,1.207,9.3128,19.4161,164.126,-81.1692
2012-12-18,29.9747,1.2905,1.8538,8.277,3.0041,10.4707,20.1078,166.244,-80.9262
2012-12-19,29.811,-0.546,1.137,5.6921,2.4144,8.4133,18.9473,165.3363,-81.0303
2012-12-20,29.9669,0.5229,1.9895,6.1569,2.704,9.5665,20.8268,166.2009,-80.9311
2012-12-21,29.7785,-0.6288,1.5636,5.3439,3.0427,11.0469,16.0816,165.1558,-81.051
2012-12-24,29.6921,-0.29,0.3356,3.6947,3.0496,10.3425,15.7103,164.6768,-81.106
2012-12-26,29.59,-0.3437,-1.2832,3.254,2.6954,12.0265,14.2199,164.1108,-81.1709
2012-12-27,29.5429,-0.1592,-0.8992,3.3144,3.9091,11.6517,12.9676,163.8495,-81.2009
2012-12-28,29.221,-1.0896,-2.4889,1.3325,3.1729,9.3788,11.7695,162.0643,-81.4057
2012-12-31,29.7549,1.827,-0.0791,2.6015,4.0841,11.4742,15.6439,165.0252,-81.066
2013-01-02,30.4693,2.401,2.6176,5.2914,7.0208,10.3104,16.956,168.9875,-80.6114
2013-01-03,30.485,0.0516,3.0247,6.4929,6.58,11.3349,17.7444,169.0747,-80.6014
2013-01-04,30.7127,0.7468,3.9596,6.8809,7.5518,11.0048,16.0786,170.3373,-80.4565
2013-01-07,30.5792,-0.4346,4.6481,5.3025,6.532,10.6463,15.0405,169.5971,-80.5414
2013-01-08,30.3437,-0.7702,1.9789,4.5195,5.1121,11.2909,14.1215,168.2909,-80.6913
2013-01-09,30.6499,1.0091,0.5926,4.8983,5.8298,12.4777,15.5064,169.989,-80.4965
2013-01-10,30.7991,0.4867,1.0301,4.8773,6.6031,14.8861,15.2025,170.8163,-80.4016
2013-01-11,30.6892,-0.3569,-0.0767,4.2817,7.4693,15.4095,13.1678,170.2067,-80.4715
2013-01-14,30.8069,0.3837,0.7446,4.5158,8.8922,16.2926,13.2497,170.8599,-80.3966
2013-01-15,30.8933,0.2803,1.8111,5.1423,8.8675,14.4113,12.5829,171.3388,-80.3416
2013-01-16,30.7677,-0.4066,0.3842,4.9374,8.3058,14.7357,13.0097,170.6421,-80.4216
2013-01-17,31.0974,1.0718,0.9686,5.0845,8.7209,15.4653,13.6445,172.4709,-80.2117
2013-01-18,31.3487,0.8079,2.1489,4.5838,8.4468,14.2627,13.544,173.8643,-80.0519
2013-01-22,31.4743,0.4007,2.1661,5.5793,8.2393,14.1726,12.8078,174.5609,-79.9719
2013-01-23,31.4821,0.025,1.906,5.0563,7.948,15.6303,13.4913,174.6045,-79.9669
2013-01-24,31.6705,0.5985,2.9345,6.3538,10.4537,16.9209,14.297,175.6495,-79.847
2013-01-25,31.7726,0.3223,2.1712,7.0069,11.1117,18.6202,14.5384,176.2155,-79.7821
2013-01-28,31.7961,0.0742,1.4275,7.4556,12.3268,18.2978,13.3693,176.3462,-79.7671
2013-01-29,31.8668,0.2222,1.2472,7.8661,13.2939,16.7775,13.8392,176.7381,-79.7221
2013-01-30,31.5763,-0.9115,0.2993,8.0602,11.6424,13.2388,12.8943,175.127,-79.907
2013-01-31,31.4664,-0.3481,-0.6445,5.752,11.162,13.1589,12.9039,174.5174,-79.9769
2013-02-01,31.7726,0.973,0.0,4.2773,11.7207,14.579,14.3487,176.2155,-79.7821
2013-02-04,31.4978,-0.8649,-0.9383,3.3221,8.8161,14.3544,12.1522,174.6915,-79.9569
2013-02-05,31.7883,0.9223,-0.2464,3.502,10.744,15.9961,13.1247,176.3026,-79.7721
2013-02-06,31.7961,0.0247,0.6962,3.9795,10.1731,13.5541,11.2395,176.3462,-79.7671
2013-02-07,31.7569,-0.1235,0.9231,4.6572,8.8612,13.4139,11.3711,176.1284,-79.7921
2013-02-08,31.8825,0.3956,0.3459,4.0215,11.9232,12.7092,11.9321,176.8252,-79.7121
2013-02-11,31.859,-0.0739,1.1466,3.4412,13.0154,12.7804,11.609,176.6945,-79.7271
2013-02-12,32.0003,0.4436,0.6669,4.2722,13.2037,13.1875,11.8035,177.4783,-79.6372
2013-02-13,32.173,0.5397,1.1851,4.4342,13.5018,13.271,13.4408,178.4362,-79.5273
2013-02-14,32.2201,0.1465,1.4586,4.2948,13.9814,13.6848,12.2407,178.6975,-79.4973
2013-02-15,32.2358,0.0487,1.1081,4.7717,16.7736,13.8958,12.6868,178.7846,-79.4873
2013-02-19,32.4713,0.7307,1.9222,4.4181,17.6268,14.4774,15.0216,180.0909,-79.3375
2013-02-20,32.0474,-1.3056,0.1472,2.2289,15.7642,11.8529,12.4806,177.7395,-79.6072
2013-02-21,31.8118,-0.7349,-1.1225,1.0726,12.7859,10.4934,11.2347,176.4333,-79.7571
2013-02-22,32.0631,0.7897,-0.4874,1.8454,13.5825,11.6061,11.7235,177.8266,-79.5972
2013-02-25,31.4036,-2.0568,-2.5816,-0.8429,11.0929,9.5468,9.5427,174.169,-80.0169
2013-02-26,31.592,0.6,-2.7079,-0.5683,10.3299,10.7426,9.8473,175.2141,-79.897
2013-02-27,32.1887,1.8887,0.441,1.2346,12.3219,13.7605,11.9518,178.5234,-79.5173
2013-02-28,32.1651,-0.0732,1.1106,0.9362,12.4845,13.1508,11.7803,178.3927,-79.5323
2013-03-01,32.1102,-0.1708,0.147,1.6907,11.3515,13.297,11.7384,178.088,-79.5673
2013-03-04,32.0474,-0.1957,2.05,1.8463,10.5064,13.5095,12.2087,177.7395,-79.6072
2013-03-05,32.5027,1.4209,2.8827,2.298,12.318,15.1539,13.407,180.2649,-79.3175
2013-03-06,32.5027,0.0,0.9756,3.1905,13.5412,16.1417,14.0788,180.2649,-79.3175
2013-03-07,32.5263,0.0725,1.1228,2.3216,13.1921,15.5226,14.9663,180.3956,-79.3025
2013-03-08,32.8325,0.9414,2.2493,3.2592,13.0617,17.8417,18.7204,182.0937,-79.1077
2013-03-11,32.9424,0.3348,2.7928,3.733,13.4706,18.5657,17.9077,182.7034,-79.0377
2013-03-12,32.754,-0.572,0.773,2.7333,12.0994,15.2851,15.5831,181.6584,-79.1576
2013-03-13,32.911,0.4794,1.2561,3.3021,12.0688,14.8671,15.8861,182.5292,-79.0577
2013-03-14,33.068,0.4771,1.6655,3.3366,12.3649,16.1686,16.4705,183.4,-78.9578
2013-03-15,33.0932,0.0763,0.7942,2.8603,12.2723,15.6283,14.1838,183.54,-78.9417
2013-03-18,32.8882,-0.6195,-0.1644,2.0736,11.9319,14.4474,13.7474,182.403,-79.0722
2013-03-19,32.8567,-0.0959,0.3135,1.926,12.0622,13.0581,12.2975,182.228,-79.0923
2013-03-20,32.8961,0.12,-0.0452,1.3082,11.1626,12.5043,12.382,182.4467,-79.0672
2013-03-21,32.5649,-1.0067,-1.5213,1.615,8.6415,11.9051,11.2506,180.6099,-79.2779
2013-03-22,32.8173,0.7749,-0.8339,3.1605,10.0844,12.7422,13.4266,182.0094,-79.1173
2013-03-25,32.5255,-0.889,-1.1029,1.4423,8.5381,11.473,12.4782,180.3913,-79.303
2013-03-26,32.6911,0.5091,-0.5039,4.0999,9.781,13.1213,14.3306,181.3097,-79.1976
2013-03-27,32.6911,0.0,-0.6232,3.4789,10.1003,13.4579,14.146,181.3097,-79.1976
2013-03-28,32.9276,0.7236,1.1138,2.2956,11.2794,14.2789,13.2951,182.6216,-79.0471
2013-04-01,32.5255,-1.2213,-0.889,1.1204,10.0957,14.3995,12.2687,180.3913,-79.303
2013-04-02,32.423,-0.3152,-0.3152,0.9741,10.9577,14.4782,12.9971,179.8228,-79.3682
2013-04-03,32.2259,-0.608,-1.4231,0.557,8.3043,12.7276,12.2498,178.7295,-79.4937
2013-04-04,32.3678,0.4404,-0.9889,-0.4151,6.2308,13.689,12.232,179.5167,-79.4033
2013-04-05,32.3047,-0.1949,-1.8917,-0.6091,5.9691,12.9418,11.2994,179.1669,-79.4435
2013-04-08,32.494,0.5858,-0.097,-0.0993,5.7997,13.7895,12.7598,180.2164,-79.3231
2013-04-09,32.5965,0.3155,0.5351,-0.7187,6.5967,13.5596,13.9383,180.785,-79.2578
2013-04-10,33.0301,1.3304,2.4957,0.2664,8.8533,14.4179,15.9226,183.1901,-78.9819
2013-04-11,33.1169,0.2626,2.3142,1.108,8.0488,14.3479,18.1444,183.6712,-78.9267
2013-04-12,32.9276,-0.5714,1.9282,0.0506,6.9111,13.9705,19.909,182.6216,-79.0471
2013-04-15,31.9262,-3.0412,-1.7472,-3.4527,4.031,11.8014,14.9716,177.0677,-79.6843
2013-04-16,32.3599,1.3584,-0.7257,-2.2159,5.041,14.3814,14.095,179.4729,-79.4084
2013-04-17,31.8237,-1.6569,-3.6524,-3.2366,3.0119,12.1464,13.6561,176.4993,-79.7495
2013-04-18,31.6818,-0.446,-4.3333,-3.5757,2.9711,11.5237,12.8387,175.7121,-79.8399
2013-04-19,31.8395,0.4978,-3.3045,-3.2119,2.3864,11.3154,11.5629,176.5868,-79.7395
2013-04-22,31.8789,0.1238,-0.1482,-2.1065,1.6916,10.2812,12.1858,176.8054,-79.7144
2013-04-23,32.1076,0.7173,-0.7797,-2.1624,2.0123,10.4173,14.261,178.0736,-79.5689
2013-04-24,32.4388,1.0314,1.9326,-0.2667,3.0388,11.2283,14.4663,179.9103,-79.3582
2013-04-25,32.6044,0.5104,2.9119,-0.2653,2.9486,13.7105,16.3479,180.8286,-79.2528
2013-04-26,32.5097,-0.2902,2.105,-0.5548,2.3201,13.6896,14.4988,180.3039,-79.313
2013-04-29,32.6753,0.5093,2.4982,-0.7662,2.765,15.4327,14.8638,181.2223,-79.2076
2013-04-30,32.6832,0.0241,1.7927,0.4849,2.5619,16.1964,14.2107,181.266,-79.2026
2013-05-01,32.2574,-1.3028,-0.5591,-0.5107,2.157,14.0505,12.0288,178.9045,-79.4736
2013-05-02,32.6596,1.2466,0.1693,1.3458,3.7918,15.377,14.4981,181.1348,-79.2177
2013-05-03,33.2194,1.7141,2.1829,2.6309,4.5536,16.808,16.1156,184.2397,-78.8614
2013-05-06,33.4323,0.6409,2.3166,3.4903,6.1416,15.4991,16.8283,185.4204,-78.726
2013-05-07,33.7398,0.9198,3.2328,3.834,6.1391,17.5426,18.8632,187.1259,-78.5303
2013-05-08,33.9527,0.631,5.2554,4.1606,6.7824,17.6454,21.3597,188.3067,-78.3948
2013-05-09,33.9527,0.0,3.9594,2.793,6.9144,16.3883,21.695,188.3067,-78.3948
2013-05-10,34.0552,0.3019,2.516,2.8333,6.8147,19.5503,22.3666,188.8752,-78.3296
2013-05-13,33.9211,-0.3936,1.4623,3.0172,6.4729,20.3308,23.3193,188.1317,-78.4149
2013-05-14,34.339,1.232,1.7761,7.5574,7.3086,21.4774,24.6639,190.4495,-78.149
2013-05-15,34.481,0.4133,1.556,6.5546,7.1737,21.6441,25.4248,191.2366,-78.0587
2013-05-16,34.3075,-0.5031,1.045,7.8047,6.4786,21.3658,26.2448,190.2745,-78.169
2013-05-17,34.8279,1.5169,2.269,9.9303,8.0411,26.1635,28.8175,193.1608,-77.8379
2013-05-20,34.9304,0.2943,2.9754,9.7077,7.5731,26.5348,29.3441,193.7294,-77.7727
2013-05-21,34.9777,0.1354,1.8599,9.7205,9.1438,26.3495,32.3522,193.9917,-77.7426
2013-05-22,34.6702,-0.8792,0.5488,7.9813,8.9853,22.92,31.8422,192.2862,-77.9382
2013-05-23,34.5756,-0.2729,0.7815,6.5873,7.8362,22.4831,28.6176,191.7614,-77.9984
2013-05-24,34.4652,-0.3193,-1.0414,5.7074,9.7493,21.9237,27.7309,191.1492,-78.0687
2013-05-28,34.6466,0.5262,-0.8127,6.5729,9.6687,20.9973,27.7098,192.155,-77.9533
2013-05-29,34.4494,-0.569,-1.5104,5.4295,7.0233,20.2107,27.1277,191.0617,-78.0787
2013-05-30,34.6544,0.5951,-0.0455,6.0313,7.7391,21.1898,28.7631,192.1987,-77.9483
2013-05-31,34.3233,-0.9556,-0.7298,6.4043,6.8921,19.0259,25.839,190.362,-78.159
2013-06-03,34.4889,0.4824,0.0686,5.6011,7.6184,18.9252,28.5898,191.2804,-78.0536
2013-06-04,34.2996,-0.5487,-1.0014,3.2518,5.5285,18.5275,28.3638,190.2309,-78.1741
2013-06-05,33.6767,-1.8161,-2.2431,0.7311,3.612,17.6423,29.6218,186.776,-78.5704
2013-06-06,33.8896,0.6321,-2.2071,0.444,4.1914,17.9364,31.8097,187.9567,-78.435
2013-06-07,34.5283,1.8847,0.5973,1.6953,5.1651,18.9015,33.8925,191.4991,-78.0285
2013-06-10,34.4258,-0.2969,-0.1829,1.3934,4.503,18.5802,30.0361,190.9305,-78.0938
2013-06-11,34.1104,-0.9161,-0.5517,0.1621,4.1413,16.7417,28.136,189.1813,-78.2945
2013-06-12,33.8738,-0.6935,0.5854,-0.1395,2.9256,15.3475,26.2967,187.8693,-78.445
2013-06-13,34.3706,1.4665,1.4193,0.0919,3.9392,16.7911,29.8277,190.6245,-78.1289
2013-06-14,34.1419,-0.6653,-1.119,-0.9833,3.1689,15.83,26.9315,189.3562,-78.2744
2013-06-17,34.41,0.7853,-0.0458,0.2988,4.6272,17.1112,29.2242,190.8431,-78.1038
2013-06-18,34.8121,1.1687,2.0573,-0.0452,5.9516,18.7317,29.7206,193.0734,-77.8479
2013-06-19,34.2839,-1.5176,1.2104,-1.851,4.2186,15.8521,26.6412,190.1434,-78.1841
2013-06-20,33.5032,-2.2769,-2.5235,-4.2155,2.8814,11.7718,23.4751,185.814,-78.6808
2013-06-21,33.5238,0.0615,-1.8103,-3.3065,2.1531,12.4546,21.9157,185.9282,-78.6677
2013-06-24,32.9612,-1.6785,-4.2106,-4.6693,1.3394,9.9919,20.5142,182.8075,-79.0258
2013-06-25,33.3336,1.1301,-4.2471,-3.2832,1.9655,11.9388,24.3045,184.8734,-78.7887
2013-06-26,33.6586,0.9748,-1.8238,-2.8516,2.9595,13.3587,25.0828,186.6755,-78.582
2013-06-27,33.9914,0.9889,1.4572,-1.3294,3.2307,14.8746,28.6899,188.5216,-78.3702
2013-06-28,33.7933,-0.5829,0.8038,-2.4849,3.8979,14.3871,27.7151,187.4227,-78.4962
2013-07-01,34.1341,1.0084,3.5585,-0.5512,5.2774,16.8134,27.7691,189.3127,-78.2794
2013-07-02,33.7695,-1.068,1.3076,-2.0857,4.7901,13.4922,26.5145,187.2908,-78.5114
2013-07-03,33.7854,0.047,0.3767,-1.4993,4.3796,10.8832,22.3157,187.3788,-78.5013
2013-07-05,34.3164,1.5717,0.9559,1.8994,6.2271,12.5679,25.3273,190.3238,-78.1634
2013-07-08,34.4115,0.2772,1.8293,1.54,5.9011,12.0431,24.3733,190.8512,-78.1029
2013-07-09,34.8949,1.4049,2.229,1.0618,7.0512,14.1131,26.262,193.5325,-77.7952
2013-07-10,34.887,-0.0227,3.3091,1.3398,5.6217,14.9727,27.9541,193.4885,-77.8003
2013-07-11,35.4418,1.5902,4.9027,3.9031,7.0202,15.6341,30.0627,196.5653,-77.4473
2013-07-12,35.2278,-0.6038,2.6559,3.997,6.9855,14.3793,31.4059,195.3785,-77.5834
2013-07-15,35.3546,0.36,2.7407,2.8629,10.7383,15.2021,32.9542,196.0818,-77.5028
2013-07-16,35.1644,-0.538,0.7722,2.9948,8.6665,14.1444,32.7415,195.0269,-77.6238
2013-07-17,35.2674,0.293,1.0904,2.4917,10.821,14.1588,30.6105,195.5983,-77.5582
2013-07-18,35.624,1.0112,0.5143,2.3322,12.4432,15.784,32.8456,197.5762,-77.3313
2013-07-19,35.9886,1.0234,2.1597,4.9724,13.0312,15.7286,33.6263,199.5981,-77.0993
2013-07-22,36.0124,0.0661,1.8606,7.4892,12.966,14.8769,31.2615,199.73,-77.0842
2013-07-23,35.9886,-0.066,2.3439,7.3522,12.0875,14.343,30.5483,199.5981,-77.0993
2013-07-24,35.7112,-0.7707,1.2584,8.3434,10.0881,13.4334,31.1633,198.0598,-77.2758
2013-07-25,35.7271,0.0444,0.2892,7.1802,9.5776,12.8085,31.8968,198.1477,-77.2657
2013-07-26,35.6082,-0.3327,-1.057,5.7923,9.5308,12.072,32.9401,197.4883,-77.3414
2013-07-29,35.5131,-0.267,-1.3864,4.4766,8.6848,11.6899,32.1267,196.961,-77.4019
2013-07-30,35.6637,0.424,-0.9029,5.5347,9.1192,11.9148,30.6913,197.796,-77.3061
2013-07-31,35.7905,0.3556,0.2219,4.8526,10.9527,13.3459,28.3515,198.4993,-77.2254
2013-08-01,36.4007,1.7051,1.8856,7.7917,11.455,15.6812,30.9035,201.8839,-76.8371
2013-08-02,36.472,0.1959,2.426,7.9522,9.7914,14.7909,31.5263,202.2794,-76.7917
2013-08-05,36.3294,-0.3911,2.2986,5.866,8.6656,15.3395,31.8958,201.4882,-76.8825
2013-08-06,36.0599,-0.7417,1.1111,4.7904,6.8765,13.4377,31.5833,199.9937,-77.0539
2013-08-07,36.0044,-0.1538,0.5979,3.1796,6.043,13.2352,28.5832,199.6861,-77.0892
2013-08-08,36.1709,0.4623,-0.6314,3.6801,6.5332,13.8993,29.1776,200.6091,-76.9833
2013-08-09,36.052,-0.3286,-1.1516,1.7218,5.8635,13.0777,27.449,199.9499,-77.059
2013-08-12,36.0996,0.1319,-0.6326,2.4747,6.422,13.3106,27.7921,200.2136,-77.0287
2013-08-13,36.2581,0.4391,0.5495,2.5555,5.5884,13.3055,28.2477,201.0926,-76.9278
2013-08-14,36.0044,-0.6995,0.0,2.389,4.4183,11.909,26.7604,199.6861,-77.0892
2013-08-15,35.6003,-1.1226,-1.5776,0.9438,3.7682,10.4908,25.6113,197.4444,-77.3464
2013-08-16,35.6478,0.1336,-1.1212,0.0668,2.3542,10.5846,25.9512,197.7081,-77.3162
2013-08-19,35.4576,-0.5336,-1.7783,-1.4754,1.5092,9.1967,25.0055,196.6532,-77.4372
2013-08-20,35.521,0.1788,-2.0328,-1.3644,1.5532,10.8391,23.9767,197.0049,-77.3968
2013-08-21,35.2753,-0.6916,-2.025,-1.9819,1.7454,10.8874,22.5233,195.6423,-77.5532
2013-08-22,35.7588,1.3705,0.4453,0.1332,3.422,11.5264,24.4702,198.3235,-77.2456
2013-08-23,35.7667,0.0221,0.3335,0.1109,3.7762,13.8936,24.7668,198.3674,-77.2405
2013-08-26,35.6874,-0.2216,0.6482,0.2226,3.0043,12.9634,25.0986,197.9279,-77.2909
2013-08-27,34.9662,-2.0208,-1.5618,-1.5398,1.5002,8.629,23.5769,193.9281,-77.7499
2013-08-28,34.9979,0.0906,-0.7864,-1.8667,0.9912,8.8071,23.1161,194.1038,-77.7297
2013-08-29,35.101,0.2943,-1.8396,-1.9265,2.2658,9.314,23.8495,194.6752,-77.6641
2013-08-30,34.9028,-0.5644,-2.4152,-4.115,1.2003,8.9101,23.6234,193.5763,-77.7902
2013-09-03,35.1247,0.6358,-1.5767,-3.6941,2.4056,8.0671,24.4435,194.8071,-77.649
2013-09-04,35.4814,1.0154,1.4732,-2.3342,5.3588,9.1644,26.7853,196.7851,-77.4221
2013-09-05,35.5686,0.2457,1.6305,-1.3626,4.9543,9.3533,26.3279,197.2686,-77.3666
2013-09-06,35.5527,-0.0446,1.287,-1.2546,2.9669,8.2853,27.6052,197.1807,-77.3767
2013-09-09,35.9965,1.2483,3.1336,-0.482,4.5628,9.2712,29.5582,199.6422,-77.0943
2013-09-10,36.5196,1.453,3.9711,1.2969,7.0629,11.4967,28.539,202.5431,-76.7614
2013-09-11,36.6702,0.4124,3.3504,1.5807,8.2552,11.4223,27.9876,203.3783,-76.6656
2013-09-12,36.5196,-0.4107,2.6737,0.7213,6.2524,10.4379,28.2941,202.5431,-76.7614
2013-09-13,36.6226,0.2822,3.0093,1.7169,7.2659,10.665,27.96,203.1145,-76.6959
2013-09-16,37.0981,1.2984,3.0603,4.2075,7.812,12.8007,29.0975,205.7518,-76.3933
2013-09-17,37.2566,0.4272,2.0182,4.5131,7.0219,13.3914,28.1981,206.6308,-76.2924
2013-09-18,37.7242,1.2551,2.8744,6.3925,10.035,14.6769,29.0164,209.2242,-75.9949
2013-09-19,37.851,0.3361,3.6458,6.5595,12.9772,16.2325,30.0701,209.9275,-75.9142
2013-09-20,37.3885,-1.2221,2.0911,5.9903,11.528,13.9293,28.4464,207.362,-76.2085
2013-09-23,37.269,-0.3194,0.4607,4.2235,13.0696,14.584,27.7303,206.6996,-76.2845
2013-09-24,37.4044,0.3631,0.3965,4.5788,12.212,14.4176,29.4307,207.4502,-76.1984
2013-09-25,37.2372,-0.447,-1.2911,4.3425,10.632,13.9062,29.2356,206.523,-76.3048
2013-09-26,37.4044,0.449,-1.1801,6.9728,10.0405,13.5957,29.8158,207.4502,-76.1984
2013-09-27,37.1655,-0.6385,-0.5962,6.1935,9.979,14.2658,30.7195,206.1256,-76.3504
2013-09-30,36.9506,-0.5784,-0.8545,5.2694,8.2512,13.964,30.464,204.9333,-76.4872
2013-10-01,37.1814,0.6249,-0.5959,6.5285,10.1036,15.3777,30.0624,206.2139,-76.3403
2013-10-02,37.0063,-0.4711,-0.62,5.3568,9.5335,14.3306,29.9813,205.2424,-76.4517
2013-10-03,36.6002,-1.0973,-2.1498,3.1534,6.6553,13.2968,27.9595,202.9904,-76.7101
2013-10-04,36.8391,0.6526,-0.8783,3.572,7.0547,13.3721,29.0055,204.3151,-76.5581
2013-10-07,36.5843,-0.6916,-0.9912,2.9016,4.8414,12.2339,27.4524,202.9021,-76.7202
2013-10-08,36.1703,-1.1317,-2.7195,0.4827,3.6785,9.507,25.2956,200.6059,-76.9837
2013-10-09,36.1544,-0.044,-2.3021,-1.0,2.0107,9.1721,24.836,200.5176,-76.9938
2013-10-10,37.0859,2.5766,1.327,1.1337,5.2746,12.6285,28.3634,205.684,-76.4011
2013-10-11,37.2611,0.4723,1.1455,2.0304,5.3925,16.7099,30.4832,206.6555,-76.2896
2013-10-14,37.4044,0.3846,2.2415,2.1346,6.37,15.5886,32.2118,207.4502,-76.1984
2013-10-15,37.0302,-1.0003,2.3773,-0.1832,4.9983,16.3602,30.4938,205.375,-76.4365
2013-10-16,37.277,0.6665,3.1051,0.0547,4.64,17.6606,31.2194,206.7438,-76.2795
2013-10-17,37.5636,0.7689,1.2881,-0.4257,4.3765,17.978,31.3277,208.3335,-76.0971
2013-10-18,37.9697,1.0809,1.9017,0.3134,5.435,19.1058,31.3513,210.5854,-75.8387
2013-10-21,38.0652,0.2517,1.7668,1.8101,5.7702,18.5552,30.9055,211.1154,-75.7779
2013-10-22,38.32,0.6693,3.4831,2.8199,7.3052,18.1302,31.3942,212.5284,-75.6158
2013-10-23,38.3359,0.0415,2.8407,2.4905,7.3022,17.5791,33.6998,212.6167,-75.6056
2013-10-24,38.6225,0.7477,2.8189,3.7203,8.4653,18.8029,35.0666,214.2063,-75.4233
2013-10-25,38.8216,0.5154,2.2437,3.7889,9.3163,18.8101,37.1457,215.3103,-75.2966
2013-10-28,38.7658,-0.1436,1.8406,4.3059,8.6984,18.6109,37.8215,215.0011,-75.3321
2013-10-29,38.8773,0.2876,1.4544,5.2144,8.6248,20.5221,37.4561,215.6194,-75.2611
2013-10-30,38.7022,-0.4505,0.9554,4.09,6.3225,18.5018,36.7238,214.648,-75.3726
2013-10-31,38.7101,0.0206,0.2268,4.6041,6.1364,16.5287,36.1148,214.6921,-75.3675
2013-11-01,38.9888,0.7199,0.4307,6.526,7.3202,16.6202,34.6953,216.2376,-75.1902
2013-11-04,39.1321,0.3675,0.9448,6.2243,8.5196,15.982,36.3283,217.0324,-75.099
2013-11-05,39.0923,-0.1017,0.5529,6.8553,8.5762,15.1375,35.454,216.8116,-75.1243
2013-11-06,39.2037,0.2852,1.296,8.3866,8.3848,15.4658,34.3887,217.4298,-75.0534
2013-11-07,38.7897,-1.056,0.2057,7.2892,7.5938,13.9026,36.1709,215.1337,-75.3169
2013-11-08,39.3152,1.3547,0.8372,6.0112,8.9077,15.9018,39.4655,218.048,-74.9825
2013-11-11,39.2834,-0.081,0.3866,5.4274,8.3438,14.3985,38.9683,217.8714,-75.0027
2013-11-12,39.2993,0.0406,0.5296,5.0661,9.1512,13.9738,38.6424,217.9598,-74.9926
2013-11-13,39.5302,0.5875,0.8327,6.7512,11.039,15.2232,39.8415,219.2403,-74.8457
2013-11-14,39.6814,0.3826,2.2988,6.4502,11.3152,13.9358,43.7453,220.0792,-74.7494
2013-11-15,39.8168,0.3411,1.2758,5.9982,12.2941,13.9889,44.2356,220.8299,-74.6633
2013-11-18,39.8805,0.16,1.5201,5.0325,12.2729,14.0168,44.0596,221.1832,-74.6228
2013-11-19,39.5939,-0.7187,0.7496,4.0159,12.2424,14.2014,40.3764,219.5936,-74.8052
2013-11-20,39.4187,-0.4424,-0.282,2.8672,10.2351,14.0073,39.6396,218.6221,-74.9166
2013-11-21,39.7372,0.8079,0.1405,3.6552,11.1011,15.2965,40.5737,220.3883,-74.714
2013-11-22,40.0875,0.8816,0.6799,3.793,12.3294,15.7041,39.9988,222.3312,-74.4911
2013-11-25,39.9999,-0.2184,0.2995,3.0353,14.3958,16.112,39.5791,221.8456,-74.5468
2013-11-26,40.0795,0.1991,1.2266,3.3888,14.5197,15.6549,40.162,222.2872,-74.4961
2013-11-27,40.2388,0.3973,2.0804,3.5019,14.6372,17.2347,39.5397,223.1702,-74.3948
2013-11-29,40.1273,-0.277,0.9818,3.6824,14.9686,16.3486,38.3678,222.5521,-74.4657
2013-12-02,39.9601,-0.4167,-0.3178,3.2291,13.7663,16.503,38.0881,221.6247,-74.5721
2013-12-03,39.6178,-0.8567,-0.9554,1.6132,11.6579,17.6414,38.3961,219.726,-74.79
2013-12-04,39.4585,-0.4019,-1.5495,0.8342,10.9365,16.4326,37.3164,218.8428,-74.8913
2013-12-05,39.4744,0.0404,-1.8995,0.9776,11.0308,14.3249,35.934,218.9312,-74.8811
2013-12-06,40.0795,1.5329,-0.119,2.234,11.3428,16.4231,38.0547,222.2872,-74.4961
2013-12-09,40.183,0.2582,0.5579,3.5919,10.0315,17.8029,37.5251,222.8611,-74.4303
2013-12-10,40.0955,-0.2179,1.2058,1.9846,9.3408,18.3671,36.5334,222.3754,-74.486
2013-12-11,39.4665,-1.5687,0.0202,0.4662,8.0694,14.8263,34.1069,218.887,-74.8862
2013-12-12,39.5063,0.1009,0.0807,0.5268,7.8741,15.7121,34.0293,219.1079,-74.8609
2013-12-13,39.6257,0.3022,-1.1323,0.2417,6.8132,15.1575,34.8623,219.7701,-74.7849
2013-12-16,39.9999,0.9444,-0.4557,0.8026,7.3632,14.9022,36.4253,221.8456,-74.5468
2013-12-17,39.984,-0.0398,-0.278,0.4199,5.9902,16.6263,35.114,221.7573,-74.5569
2013-12-18,40.6528,1.6726,3.0058,1.9365,7.4021,21.3399,35.6238,225.4664,-74.1313
2013-12-19,40.6926,0.0979,3.0028,2.775,8.8373,21.384,36.5019,225.6872,-74.106
2013-12-20,41.0199,0.8043,3.5184,4.062,10.0643,24.4492,36.884,227.5025,-73.8977
2013-12-23,41.1799,0.3902,2.95,3.6307,10.0939,23.5387,38.2876,228.3901,-73.7959
2013-12-24,41.372,0.4664,3.4714,3.2043,11.104,22.9166,39.3367,229.4553,-73.6737
2013-12-26,41.6601,0.6963,2.4778,4.1504,11.3776,22.5605,40.7908,231.053,-73.4904
2013-12-27,41.6121,-0.1152,2.2595,3.8237,11.9641,23.137,40.8528,230.7867,-73.5209
2013-12-30,41.5721,-0.0961,1.3461,3.3134,12.5072,21.7904,42.2675,230.5648,-73.5464
2013-12-31,41.8201,0.5967,1.5546,4.2186,12.4757,23.8398,40.5486,231.9406,-73.3885
2014-01-02,41.2359,-1.3969,-0.3289,3.1928,11.4295,22.0526,35.3358,228.7007,-73.7603
2014-01-03,41.348,0.2717,-0.7491,4.3673,12.9719,20.4906,35.6337,229.3222,-73.689
2014-01-06,41.1079,-0.5807,-1.2116,4.18,11.5877,19.4598,33.8465,227.9906,-73.8417
2014-01-07,41.364,0.623,-0.5005,4.7867,13.0648,18.5387,35.2681,229.4108,-73.6788
2014-01-08,41.292,-0.1741,-1.2629,3.0251,14.1599,18.3592,36.0808,229.0115,-73.7246
2014-01-09,41.492,0.4845,0.621,3.2576,14.7635,17.071,35.374,230.121,-73.5973
2014-01-10,41.556,0.1543,0.5032,3.6428,12.0534,17.9638,34.9262,230.476,-73.5566
2014-01-13,41.0519,-1.2132,-0.1362,4.0171,10.1737,16.1148,33.7667,227.68,-73.8774
2014-01-14,41.484,1.0526,0.2902,5.0061,10.9069,17.9717,34.6581,230.0766,-73.6024
2014-01-15,41.7801,0.7137,1.1821,5.4369,12.8271,18.4666,35.2401,231.7187,-73.414
2014-01-16,41.6761,-0.249,0.4436,4.1904,11.8011,16.9887,35.4542,231.1418,-73.4802
2014-01-17,41.468,-0.4992,-0.2118,3.7115,10.3941,15.2255,33.3488,229.9879,-73.6126
2014-01-21,41.508,0.0965,1.1111,2.1038,9.3189,15.2604,32.4077,230.2097,-73.5871
2014-01-22,41.6361,0.3085,0.3665,2.3185,9.3809,15.6924,32.2861,230.9199,-73.5056
2014-01-23,41.1399,-1.1916,-1.5323,0.2926,7.3589,15.2017,30.6772,228.1682,-73.8214
2014-01-24,39.8596,-3.1122,-4.3587,-3.2064,3.9745,11.5668,25.8569,221.0671,-74.6361
2014-01-27,39.8996,0.1004,-3.7823,-3.559,3.3064,12.0517,25.5786,221.2889,-74.6106
2014-01-28,40.2757,0.9427,-2.9689,-3.3231,3.7456,13.4108,26.6684,223.3749,-74.3713
2014-01-29,39.8435,-1.073,-4.3052,-4.25,2.78,11.7202,25.0315,220.9782,-74.6463
2014-01-30,40.2357,0.9842,-2.198,-3.2146,3.4939,12.4201,27.4235,223.153,-74.3968
2014-01-31,40.0356,-0.4972,0.4417,-4.2671,3.4454,9.9858,27.2328,222.0435,-74.5241
2014-02-03,38.9233,-2.7784,-2.4469,-5.6084,0.5507,6.7209,22.5058,215.8743,-75.2319
2014-02-04,39.1714,0.6374,-2.7419,-5.2642,0.4683,7.8228,24.3622,217.2502,-75.074
2014-02-05,39.1553,-0.0409,-1.7272,-4.7498,0.0594,8.5841,23.1754,217.1614,-75.0842
2014-02-06,39.6995,1.3898,-1.3325,-4.024,1.5533,10.2628,24.8563,220.1794,-74.7379
2014-02-07,40.3877,1.7335,0.8794,-2.19,3.02,11.6581,27.1778,223.9962,-74.3
2014-02-10,40.1316,-0.6341,3.1044,-3.2787,3.4594,11.3159,25.8735,222.576,-74.463
2014-02-11,40.5798,1.1167,3.5955,-2.3493,3.2165,12.4107,27.3732,225.0615,-74.1778
2014-02-12,40.8118,0.5719,4.2306,-0.5848,3.8909,12.5594,27.5359,226.3486,-74.0301
2014-02-13,40.8438,0.0784,2.8825,-1.5432,3.9302,13.4411,26.9508,226.5261,-74.0098
2014-02-14,41.1079,0.6465,1.7832,-1.6089,3.9912,15.4708,27.5846,227.9906,-73.8417
2014-02-18,41.0759,-0.0778,2.353,-1.4401,3.5141,15.227,27.4233,227.8131,-73.8621
2014-02-19,40.6918,-0.9351,0.2761,-1.8718,2.1976,14.7618,25.3161,225.6828,-74.1065
2014-02-20,41.0759,0.9439,0.647,-1.0411,2.9975,15.6383,28.1725,227.8131,-73.8621
2014-02-21,41.1239,0.1169,0.6857,-1.23,3.8644,16.5798,29.2724,228.0794,-73.8315
2014-02-24,41.436,0.7589,0.7982,0.7197,5.1176,15.8765,29.2328,229.8103,-73.6329
2014-02-25,41.3,-0.3283,0.5455,3.6137,3.9328,15.4705,31.5135,229.0558,-73.7195
2014-02-26,41.34,0.0969,1.5929,3.6101,3.1244,15.839,30.8557,229.2777,-73.6941
2014-02-27,41.58,0.5807,1.2274,3.2386,3.9503,18.9148,29.1759,230.6092,-73.5413
2014-02-28,41.6601,0.1925,1.3037,4.5592,3.9435,19.0358,29.5193,231.053,-73.4904
2014-03-03,41.38,-0.6723,-0.1352,2.8441,2.8361,17.8885,28.8687,229.4997,-73.6686
2014-03-04,41.9802,1.4504,1.647,4.8571,4.6175,20.2773,30.9941,232.8283,-73.2867
2014-03-05,42.0362,0.1335,1.6841,7.9976,5.1954,19.6769,29.3313,233.139,-73.251
2014-03-06,42.2763,0.5711,1.6744,7.9265,6.7104,19.1505,30.0699,234.4705,-73.0983
2014-03-07,42.4123,0.3218,1.8056,8.318,7.4858,19.2409,30.394,235.2249,-73.0117
2014-03-10,42.2282,-0.434,2.0499,6.3697,6.9761,18.7764,28.6173,234.2041,-73.1288
2014-03-11,41.9242,-0.7201,-0.1334,3.8043,4.6024,16.4672,27.2651,232.5177,-73.3223
2014-03-12,41.8441,-0.1909,-0.4569,4.2672,4.1338,14.58,27.7528,232.0738,-73.3733
2014-03-13,41.252,-1.4152,-2.4229,1.6565,2.8844,12.4946,25.3441,228.7895,-73.7501
2014-03-14,41.0919,-0.388,-3.1132,0.6862,4.1185,12.5202,24.2649,227.9018,-73.8519
2014-03-17,41.5961,1.2269,-1.4971,1.8417,5.2897,13.5802,25.6936,230.698,-73.5311
2014-03-18,41.8201,0.5387,-0.2482,1.7326,5.5378,12.7284,27.1584,231.9406,-73.3885
2014-03-19,41.388,-1.0333,-1.0901,0.7598,3.4702,11.0889,25.9653,229.544,-73.6635
2014-03-20,41.508,0.29,0.6207,2.0059,3.8116,10.0302,26.1791,230.2097,-73.5871
2014-03-21,41.512,0.0097,1.0225,1.0618,2.1137,9.6722,27.4747,230.232,-73.5846
2014-03-24,41.3754,-0.3291,-0.5304,0.6116,1.678,10.6636,26.0783,229.4743,-73.6715
2014-03-25,41.7532,0.913,-0.1601,0.7654,1.7876,12.0318,28.3706,231.5693,-73.4311
2014-03-26,41.3272,-1.0202,-0.1469,0.0659,0.3576,10.4876,26.4173,229.2068,-73.7022
2014-03-27,41.2709,-0.1361,-0.5712,-0.167,-0.2443,10.8326,26.2452,228.8948,-73.738
2014-03-28,41.5763,0.74,0.1549,-0.0089,-0.201,11.1538,26.2658,230.5887,-73.5436
2014-03-31,42.0586,1.1599,1.6511,0.9566,1.0731,13.1656,29.3096,233.2632,-73.2368
2014-04-01,42.3559,0.707,1.4437,2.3585,1.8856,14.6287,30.6355,234.9125,-73.0476
2014-04-02,42.6533,0.7021,3.2088,1.6035,1.9923,14.7167,32.3574,236.5617,-72.8583
2014-04-03,42.7176,0.1508,3.5054,1.6211,3.5932,15.4334,31.9757,236.9184,-72.8174
2014-04-04,42.2274,-1.1477,1.5658,-0.1157,2.1268,15.3745,30.7157,234.1993,-73.1294
2014-04-07,41.6246,-1.4275,-1.0319,-1.8573,1.2569,12.9902,28.0994,230.8562,-73.513
2014-04-08,41.6246,0.0,-1.7267,-1.4295,0.63,13.7771,27.6965,230.8562,-73.513
2014-04-09,42.155,1.2744,-1.1682,0.5507,2.0901,16.546,27.626,233.7981,-73.1754
2014-04-10,41.3192,-1.9829,-3.2738,-1.2546,-0.4166,14.2854,24.7677,229.1622,-73.7073
2014-04-11,40.9093,-0.992,-3.1214,-0.8307,-1.5564,10.3095,24.2399,226.8889,-73.9681
2014-04-14,41.1423,0.5697,-1.1585,0.1228,0.2203,10.4164,28.8669,228.1816,-73.8198
2014-04-15,41.4317,0.7032,-0.4634,-0.3952,-0.1262,10.767,28.034,229.7863,-73.6357
2014-04-16,42.0666,1.5325,-0.2098,0.5894,0.6858,13.6009,32.1862,233.3077,-73.2317
2014-04-17,42.3961,0.7833,2.6065,2.4358,1.7277,13.7327,33.8185,235.1353,-73.022
2014-04-21,42.5167,0.2844,3.9292,2.4301,2.5289,13.1858,33.5343,235.804,-72.9453
2014-04-22,42.5408,0.0567,3.3991,2.4782,2.4882,12.039,33.4449,235.9377,-72.9299
2014-04-23,42.7016,0.3779,3.065,3.2051,2.5591,12.18,32.9952,236.8292,-72.8276
2014-04-24,42.6212,-0.1882,1.3183,2.0789,3.6005,11.2244,31.3896,236.3835,-72.8788
2014-04-25,42.2032,-0.9806,-0.455,2.1198,5.8799,10.088,29.4405,234.0655,-73.1447
2014-04-28,42.2274,0.0572,-0.6805,2.3174,5.8342,9.3335,29.8914,234.1993,-73.1294
2014-04-29,42.3399,0.2665,-0.4723,1.8365,5.1252,9.0628,29.5776,234.8234,-73.0578
2014-04-30,42.6212,0.6644,-0.1882,1.3377,6.9714,9.9452,30.407,236.3835,-72.8788
2014-05-01,42.5167,-0.2452,-0.2452,0.3795,5.6692,9.3612,31.8044,235.804,-72.9453
2014-05-02,42.4524,-0.1512,0.5904,-0.4711,6.0366,9.69,29.9846,235.4473,-72.9862
2014-05-05,42.5408,0.2083,0.7423,-0.4139,9.294,9.8959,28.0602,235.9377,-72.9299
2014-05-06,42.2193,-0.7557,-0.2848,-0.019,7.7811,8.2859,26.2832,234.1547,-73.1345
2014-05-07,42.581,0.8566,-0.0943,2.2977,8.7489,8.8135,26.2041,236.1605,-72.9044
2014-05-08,42.573,-0.0189,0.1323,2.2784,7.238,8.9038,25.3891,236.116,-72.9095
2014-05-09,42.6051,0.0755,0.3597,1.0677,5.4903,8.6761,25.4838,236.2943,-72.889
2014-05-12,43.2401,1.4903,1.6437,4.6489,7.7456,11.4729,26.9705,239.8158,-72.485
2014-05-13,43.3124,0.1672,2.5889,5.8742,6.7339,10.1669,27.6855,240.2169,-72.439
2014-05-14,42.9909,-0.7422,0.9626,4.493,5.3393,9.4379,25.1953,238.4339,-72.6435
2014-05-15,42.6131,-0.8787,0.0944,2.8516,4.3318,8.4323,23.5845,236.3388,-72.8839
2014-05-16,42.6694,0.132,0.1509,1.4329,3.7986,7.9413,24.3734,236.6509,-72.8481
2014-05-19,42.8382,0.3955,-0.9294,1.0426,4.2903,7.9552,22.9995,237.5869,-72.7407
2014-05-20,42.2675,-1.332,-2.4123,-0.586,3.8724,6.1551,21.005,234.4221,-73.1038
2014-05-21,42.6855,0.9888,-0.7104,0.3401,3.9185,7.0335,22.0362,236.7401,-72.8379
2014-05-22,42.7659,0.1883,0.3584,0.1506,3.9926,8.0113,23.3504,237.1858,-72.7867
2014-05-23,43.0391,0.639,0.8665,0.9806,3.8689,9.1845,24.4783,238.7014,-72.6128
2014-05-27,43.2642,0.5229,0.9944,2.5138,4.7559,8.8758,25.53,239.9495,-72.4696
2014-05-28,43.2963,0.0743,2.4339,2.5314,4.7323,8.0045,24.9657,240.1278,-72.4492
2014-05-29,43.4731,0.4084,1.8452,2.6765,4.5528,8.683,26.194,241.1084,-72.3367
2014-05-30,43.441,-0.0739,1.5786,1.9234,4.2748,8.3869,25.3547,240.9301,-72.3571
2014-06-02,43.6258,0.4255,1.3632,2.6087,5.4273,8.4174,27.1028,241.9553,-72.2395
2014-06-03,43.5776,-0.1106,0.7245,2.6505,3.8052,8.5983,26.3527,241.6879,-72.2702
2014-06-04,43.5696,-0.0184,0.6311,2.4183,3.6477,9.0327,27.0263,241.6433,-72.2753
2014-06-05,44.0116,1.0146,1.2387,4.2452,4.1048,11.0906,30.6886,244.095,-71.994
2014-06-06,44.4537,1.0044,2.3312,4.3979,4.8131,12.6592,31.172,246.5467,-71.7127
2014-06-09,44.6787,0.5062,2.4134,4.9462,5.8029,13.1838,29.3973,247.7947,-71.5695
2014-06-10,44.5742,-0.2338,2.287,4.6218,6.3211,11.2144,29.4792,247.2153,-71.636
2014-06-11,44.2447,-0.7393,1.5495,2.3234,5.7369,10.1079,29.7103,245.3876,-71.8457
2014-06-12,43.6499,-1.3442,-0.8218,0.7794,5.813,8.865,28.8603,242.0891,-72.2242
2014-06-13,43.8026,0.3499,-1.4645,1.8882,6.5968,10.9869,27.4422,242.9361,-72.127
2014-06-16,43.7544,-0.1101,-2.0687,2.6783,5.1889,10.753,28.1546,242.6687,-72.1577
2014-06-17,43.875,0.2755,-1.5687,2.8254,4.9136,10.7235,27.5065,243.3373,-72.0809
2014-06-18,44.1241,0.5678,-0.2725,3.0019,6.6109,10.3105,26.7492,244.719,-71.9224
2014-06-19,44.2367,0.255,1.3442,4.6587,6.5738,10.6359,29.0306,245.3432,-71.8508
2014-06-20,44.4223,0.4197,1.4147,4.069,7.0107,9.2726,32.5912,246.373,-71.7326
2014-06-23,44.164,-0.5816,0.936,3.2693,6.7397,8.5308,31.739,244.9401,-71.8971
2014-06-24,43.7199,-1.0055,-0.3534,1.5818,4.7104,6.5822,32.6408,242.4772,-72.1796
2014-06-25,43.7603,0.0923,-0.8246,1.1468,5.8874,6.2661,31.2797,242.7012,-72.1539
2014-06-26,43.728,-0.0738,-1.1499,0.9971,5.9535,5.6947,29.9163,242.522,-72.1745
2014-06-27,43.833,0.2401,-1.3267,0.8278,5.4277,5.2158,28.953,243.1043,-72.1077
2014-06-30,43.6473,-0.4237,-1.17,0.4749,3.7773,4.8909,29.1595,242.0742,-72.2259
2014-07-01,43.9137,0.6104,0.4432,0.6599,3.6778,5.6327,28.6506,243.552,-72.0563
2014-07-02,43.841,-0.1655,0.1845,0.6045,2.7846,4.8324,29.8243,243.1489,-72.1026
2014-07-03,44.2044,0.8287,1.0894,1.457,3.4803,7.1986,30.8387,245.164,-71.8714
2014-07-07,43.8895,-0.7123,0.1289,-0.2775,3.9361,6.1466,27.8966,243.4176,-72.0717
2014-07-08,43.5907,-0.6807,-0.1295,-1.9412,4.7236,6.0398,26.675,241.7608,-72.2618
2014-07-09,43.6634,0.1667,-0.57,-2.2724,4.8981,5.559,25.1282,242.1638,-72.2156
2014-07-10,43.405,-0.5917,-0.9945,-2.623,2.9653,5.1174,24.4161,240.7309,-72.38
2014-07-11,43.6553,0.5766,-1.242,-1.332,5.654,5.2138,23.1748,242.119,-72.2207
2014-07-14,43.9056,0.5733,0.0368,0.5858,7.3244,5.654,24.6336,243.5072,-72.0614
2014-07-15,43.9299,0.0552,0.7779,0.2904,6.7753,7.0105,24.255,243.6416,-72.046
2014-07-16,44.1155,0.4227,1.0355,0.8253,6.4778,6.3434,25.4552,244.6714,-71.9279
2014-07-17,43.4293,-1.5556,0.0558,-1.0159,3.2393,3.9473,23.1428,240.8653,-72.3646
2014-07-18,43.7926,0.8366,0.3144,-0.7513,3.2939,5.0785,22.9299,242.8803,-72.1334
2014-07-21,43.7684,-0.0553,-0.3126,-1.0586,2.944,5.5473,21.6174,242.746,-72.1488
2014-07-22,43.9299,0.369,0.0,-1.1086,3.2652,5.8346,21.9854,243.6416,-72.046
2014-07-23,43.7522,-0.4043,-0.8235,-0.9323,2.4605,5.0825,21.5725,242.6564,-72.1591
2014-07-24,43.5423,-0.4798,0.2602,-0.4063,2.1612,5.8395,21.9289,241.4921,-72.2927
2014-07-25,43.4293,-0.2596,-0.8297,-0.7564,2.9051,8.9557,21.5585,240.8653,-72.3646
2014-07-28,43.2113,-0.502,-1.2728,-1.1817,2.33,8.3001,21.3521,239.6562,-72.5033
2014-07-29,42.6703,-1.2519,-2.8672,-2.6525,0.7804,5.9456,20.1538,236.656,-72.8475
2014-07-30,42.7107,0.0946,-2.3805,-2.1458,0.21,7.1961,19.7597,236.8799,-72.8218
2014-07-31,41.8468,-2.0227,-3.8939,-4.7068,-1.5756,4.0042,16.9216,232.0885,-73.3716
2014-08-01,41.8064,-0.0964,-3.7368,-4.6409,-1.5216,4.4231,14.8505,231.8647,-73.3972
2014-08-04,41.9517,0.3476,-2.9148,-5.0959,-1.3847,7.7806,15.0244,232.6707,-73.3048
2014-08-05,41.7015,-0.5966,-2.2706,-4.9853,-1.2266,6.4591,14.7872,231.2826,-73.464
2014-08-06,41.4915,-0.5034,-2.8545,-4.8157,-2.5585,5.9665,15.0628,230.1183,-73.5976
2014-08-07,41.5319,0.0973,-0.7524,-4.8816,-2.4453,4.6157,15.3522,230.3422,-73.5719
2014-08-08,42.1213,1.4191,0.7532,-2.9576,-1.1356,4.2924,16.4508,233.611,-73.1969
2014-08-11,42.2909,0.4026,0.8083,-3.1256,-2.1952,5.3804,17.3051,234.5514,-73.089
2014-08-12,42.194,-0.2291,1.181,-3.8985,-2.5822,3.9778,16.8822,234.014,-73.1506
2014-08-13,42.6057,0.9759,2.6854,-3.0142,-0.8959,4.3955,17.5069,236.2978,-72.8886
2014-08-14,42.7914,0.4359,3.0327,-3.0014,0.4184,4.7684,18.8504,237.3277,-72.7704
2014-08-15,42.7026,-0.2075,1.3801,-1.6732,0.0779,3.8794,19.9503,236.8352,-72.827
2014-08-18,43.3485,1.5126,2.501,-1.014,1.1914,5.5328,21.6022,240.4175,-72.4159
2014-08-19,43.4535,0.2421,2.9851,-0.7194,2.8058,6.7868,22.5505,240.9996,-72.3492
2014-08-20,43.9137,1.0591,3.0699,-0.0368,2.8774,6.9087,23.6274,243.552,-72.0563
2014-08-21,43.8733,-0.0919,2.5283,0.2768,2.5897,6.6857,24.374,243.3281,-72.082
2014-08-22,43.7199,-0.3497,2.3823,0.408,1.5818,5.5119,22.2635,242.4772,-72.1796
2014-08-25,43.8895,0.3878,1.2479,1.0597,1.4454,6.27,22.7105,243.4176,-72.0717
2014-08-26,43.7441,-0.3311,0.6689,1.2332,1.0344,5.8156,22.5758,242.6116,-72.1642
2014-08-27,43.7199,-0.0554,-0.4413,2.4598,0.5677,5.1464,25.0346,242.4772,-72.1796
2014-08-28,43.6553,-0.1477,-0.4969,2.2117,0.4935,4.7894,24.7369,242.119,-72.2207
2014-08-29,43.615,-0.0925,-0.2401,4.2254,-0.0249,5.4011,24.2558,241.8952,-72.2464
2014-09-02,43.7603,0.3332,-0.2943,4.6736,0.4193,4.2404,25.3775,242.7012,-72.1539
2014-09-03,43.7038,-0.1291,-0.0923,4.1763,0.3081,3.9671,24.4245,242.3878,-72.1899
2014-09-04,43.7199,0.0369,0.0,4.8403,-0.6628,3.4148,23.2193,242.4772,-72.1796
2014-09-05,43.8653,0.3324,0.4809,5.721,-1.3236,3.4258,23.3259,243.2833,-72.0871
2014-09-08,43.8249,-0.092,0.4813,5.521,-1.911,3.781,23.2673,243.0594,-72.1128
2014-09-09,43.6876,-0.3132,-0.166,3.7186,-1.989,4.2064,21.3662,242.2982,-72.2002
2014-09-10,43.7199,0.0739,0.0369,3.3791,-1.186,4.4828,19.7164,242.4772,-72.1796
2014-09-11,43.7361,0.0369,0.0369,3.6548,0.1973,6.0218,19.2688,242.5668,-72.1693
2014-09-12,43.5907,-0.3323,-0.6258,2.3119,-0.4838,6.0811,19.3627,241.7608,-72.2618
2014-09-15,43.5746,-0.0371,-0.5711,1.8302,-0.411,4.7565,18.9827,241.6712,-72.2721
2014-09-16,43.8168,0.5559,0.2957,2.6092,-0.1326,4.7745,18.1105,243.0145,-72.118
2014-09-17,43.9864,0.387,0.6094,1.4714,-0.3122,6.2781,18.0632,243.9549,-72.0101
2014-09-18,44.1963,0.4773,1.0523,1.7094,-0.0913,6.4765,17.1563,245.1193,-71.8765
2014-09-19,44.1533,-0.0973,1.2906,0.5456,-0.6056,6.3626,16.6502,244.8809,-71.9038
2014-09-22,43.6585,-1.1207,0.1925,-0.4898,-1.1446,5.5179,16.7699,242.1364,-72.2187
2014-09-23,43.3015,-0.8176,-1.176,-0.957,-0.957,3.7084,16.1864,240.1568,-72.4459
2014-09-24,43.5287,0.5246,-1.0405,-0.8221,-0.5293,5.327,16.3733,241.4166,-72.3013
2014-09-25,42.8473,-1.5654,-3.0524,-2.0503,-2.0141,3.8195,15.0658,237.6374,-72.7349
2014-09-26,43.2448,0.9277,-2.0577,-1.0868,-1.3419,4.0129,15.6143,239.842,-72.482
2014-09-29,43.1799,-0.1501,-1.0963,-1.0892,-1.0708,2.666,16.1826,239.482,-72.5233
2014-09-30,43.115,-0.1503,-0.4308,-1.1464,-1.8189,1.792,16.6829,239.1221,-72.5646
2014-10-01,42.3038,-1.8815,-2.8141,-3.3284,-3.5065,-0.8195,13.7765,234.623,-73.0808
2014-10-02,42.2551,-0.115,-1.382,-3.3148,-4.4096,-1.0828,14.1836,234.3532,-73.1117
2014-10-03,42.831,1.363,-0.9567,-2.0331,-2.4116,1.4296,17.0239,237.5474,-72.7452
2014-10-06,42.7013,-0.303,-1.1084,-2.6536,-2.0406,2.5866,15.9129,236.8276,-72.8278
2014-10-07,41.6629,-2.4316,-3.3678,-4.9332,-4.5816,0.0921,13.882,231.0689,-73.4885
2014-10-08,42.4092,1.7913,0.2493,-2.9263,-2.2943,0.603,17.2487,235.2079,-73.0137
2014-10-09,41.4277,-2.3145,-1.9582,-5.243,-5.1028,0.2626,14.5855,229.7641,-73.6382
2014-10-10,40.8193,-1.4685,-4.6969,-6.669,-7.0295,-0.2199,10.0669,226.3899,-74.0254
2014-10-13,40.1866,-1.5501,-5.889,-7.8094,-8.5211,-2.3231,7.8513,222.8807,-74.428
2014-10-14,40.7463,1.3928,-2.2002,-6.4907,-7.6374,-1.6543,8.9346,225.985,-74.0718
2014-10-15,40.6489,-0.2389,-4.1507,-7.2298,-6.402,-3.3701,9.7725,225.4452,-74.1338
2014-10-16,40.9491,0.7383,-1.1553,-6.9051,-6.4932,-3.4132,9.8508,227.1096,-73.9428
2014-10-17,41.7603,1.981,2.3052,-5.5118,-4.588,-1.7791,11.1721,231.6087,-73.4266
2014-10-20,41.882,0.2914,4.2188,-5.1442,-4.6618,-1.5488,10.3037,232.2836,-73.3492
2014-10-21,42.8148,2.2274,5.0766,-1.9324,-2.1425,0.2652,12.4775,237.4574,-72.7556
2014-10-22,42.2551,-1.3073,3.9513,-2.4166,-2.9562,-0.8589,10.2691,234.3532,-73.1117
2014-10-23,43.188,2.2077,5.4676,-0.7827,-0.5556,2.3333,12.6567,239.527,-72.5181
2014-10-24,43.5692,0.8828,4.3318,1.685,0.8284,3.1778,12.8079,241.6416,-72.2755
2014-10-27,43.553,-0.0373,3.9899,0.7128,2.0686,2.8652,12.1876,241.5515,-72.2858
2014-10-28,44.3236,1.7694,3.5241,2.6489,3.7764,3.9944,14.3369,245.8255,-71.7955
2014-10-29,44.1695,-0.3477,4.5306,2.4459,5.5506,3.8875,13.6126,244.9708,-71.8935
2014-10-30,44.348,0.404,2.6859,4.8322,6.0793,4.4652,14.5878,245.9605,-71.78
2014-10-31,44.786,0.9878,2.7928,5.9896,6.7561,5.2778,15.696,248.39,-71.5012
2014-11-03,44.7292,-0.1268,2.7007,4.4318,7.2606,5.9449,14.7234,248.0751,-71.5374
2014-11-04,44.7049,-0.0544,0.8602,4.6922,7.7446,4.9879,14.241,247.9401,-71.5528
2014-11-05,44.9807,0.617,1.8365,7.9634,8.304,5.6556,15.0629,249.4697,-71.3773
2014-11-06,45.4512,1.046,2.4877,7.1729,7.9055,6.6802,15.9359,252.0792,-71.078
2014-11-07,45.5161,0.1428,1.6301,9.8688,7.6263,5.2637,17.3405,252.4391,-71.0367
2014-11-10,45.7432,0.499,2.267,12.0628,8.4118,5.6124,16.35,253.6988,-70.8921
2014-11-11,45.6864,-0.1241,2.1956,13.6859,7.2307,6.2701,16.2997,253.3839,-70.9283
2014-11-12,45.7514,0.1421,1.7133,12.2835,6.9171,7.3645,16.4178,253.7439,-70.887
2014-11-13,45.6216,-0.2837,0.3748,12.2331,6.8355,6.9187,15.4094,253.024,-70.9695
2014-11-14,45.6783,0.1245,0.3565,11.5492,5.3746,6.63,15.1126,253.3389,-70.9334
2014-11-17,45.6134,-0.1421,-0.2837,9.2269,4.9707,7.916,14.5583,252.979,-70.9747
2014-11-18,45.9542,0.747,0.586,9.723,4.6465,7.6576,15.2297,254.8686,-70.7579
2014-11-19,45.8162,-0.3001,0.1418,7.0102,4.4284,7.1328,15.7155,254.1037,-70.8457
2014-11-20,45.9379,0.2656,0.6935,8.7157,5.0732,6.7353,16.5384,254.7786,-70.7682
2014-11-21,46.3841,0.9712,1.545,7.4004,5.6838,7.2113,16.7272,257.253,-70.4843
2014-11-24,46.5058,0.2623,1.9563,6.7399,6.3131,7.4128,16.0107,257.9279,-70.4069
2014-11-25,46.6437,0.2965,1.5004,7.0963,6.6874,7.2931,16.6094,258.6927,-70.3192
2014-11-26,46.5544,-0.1913,1.6112,5.033,6.6409,7.1671,16.1551,258.1978,-70.3759
2014-11-28,46.1651,-0.8364,0.4944,4.5179,5.8468,5.8205,14.7278,256.0383,-70.6237
2014-12-01,45.5729,-1.2827,-1.7488,2.7621,4.1421,4.5787,13.5708,252.7541,-71.0005
2014-12-02,45.9622,0.8544,-1.1687,2.6263,5.1676,5.4917,15.0204,254.9135,-70.7528
2014-12-03,46.5788,1.3413,-0.1391,4.1349,6.539,5.8329,17.5704,258.3328,-70.3605
2014-12-04,46.3435,-0.505,-0.453,3.6654,5.6497,4.2513,17.4487,257.0281,-70.5101
2014-12-05,46.449,0.2275,0.615,3.2642,5.9876,3.9622,17.6684,257.6129,-70.443
2014-12-08,45.9379,-1.1002,0.801,1.0709,5.1509,3.0594,14.6169,254.7786,-70.7682
2014-12-09,45.946,0.0176,-0.0353,0.9446,5.0917,3.8453,14.3419,254.8236,-70.7631
2014-12-10,45.07,-1.9067,-3.2393,-1.4719,3.0498,3.2532,12.4066,249.9647,-71.3206
2014-12-11,45.289,0.4859,-2.2755,-0.87,3.8958,3.3932,14.753,251.1794,-71.1812
2014-12-12,44.4697,-1.8091,-4.2612,-2.8014,2.0541,1.6346,12.5635,246.6354,-71.7025
2014-12-15,44.3236,-0.3284,-3.5141,-2.845,1.1567,1.0226,11.8558,245.8255,-71.7955
2014-12-16,44.3642,0.0915,-3.4428,-2.8769,0.859,0.5441,10.9107,246.0505,-71.7696
2014-12-17,44.7779,0.9325,-0.648,-1.8318,1.316,1.2235,11.9896,248.345,-71.5064
2014-12-18,45.9055,2.5181,1.3613,-0.1059,3.9684,3.3387,12.9209,254.5986,-70.7889
2014-12-19,46.1632,0.5615,3.8084,0.7574,5.7372,4.5269,13.4439,256.0283,-70.6249
2014-12-22,46.6037,0.9542,5.1442,1.4494,7.6261,6.5961,13.6126,258.4714,-70.3446
2014-12-23,46.7751,0.3676,5.4343,0.843,7.458,6.8893,13.5871,259.4216,-70.2355
2014-12-24,46.824,0.1046,4.5694,0.6843,9.2812,7.0801,13.178,259.6929,-70.2044
2014-12-26,46.824,0.0,2.0009,0.3866,8.2767,6.8237,12.3954,259.6929,-70.2044
2014-12-29,46.8974,0.1568,1.5904,0.7367,8.6095,7.4464,12.7015,260.1001,-70.1577
2014-12-30,46.6201,-0.5914,0.035,0.9856,8.1296,6.1629,12.1428,258.5618,-70.3342
2014-12-31,46.1551,-0.9974,-1.3255,1.2775,9.104,5.2783,10.3658,255.983,-70.63
2015-01-02,46.098,-0.1237,-1.5505,0.2953,9.0945,4.2838,11.7908,255.6663,-70.6664
2015-01-05,45.0212,-2.3359,-3.8502,-3.3439,5.1135,2.5786,8.8836,249.6943,-71.3516
2015-01-06,44.4665,-1.2321,-5.1835,-4.0503,4.1339,2.009,8.1702,246.6178,-71.7046
2015-01-07,44.8009,0.7522,-3.902,-3.548,7.5319,2.6053,8.3091,248.4728,-71.4917
2015-01-08,45.6983,2.0029,-0.9898,-0.5217,7.7555,5.2833,10.6711,253.4494,-70.9207
2015-01-09,45.2088,-1.0711,-1.9289,-1.6045,9.1271,3.5585,8.9579,250.7349,-71.2322
2015-01-12,44.8988,-0.6857,-0.2718,-0.3797,9.9941,2.2621,8.0441,249.0156,-71.4294
2015-01-13,44.8091,-0.1998,0.7705,-1.0596,11.5027,2.0015,9.1523,248.518,-71.4865
2015-01-14,44.5644,-0.5462,-0.5281,0.213,9.3704,1.0174,7.4254,247.1607,-71.6423
2015-01-15,44.3523,-0.4759,-2.9454,0.0646,9.1105,2.1253,6.1565,245.9844,-71.7772
2015-01-16,44.6459,0.6621,-1.245,0.6351,9.028,1.9486,7.1261,247.6131,-71.5904
2015-01-20,44.9641,0.7126,0.1454,0.4158,7.6719,2.7319,8.4308,249.3776,-71.3879
2015-01-21,45.3312,0.8164,1.1651,-1.251,8.2356,3.1899,9.2106,251.4135,-71.1543
2015-01-22,46.0572,1.6016,3.3498,-0.2297,7.573,5.2682,10.6185,255.4401,-70.6923
2015-01-23,45.6738,-0.8324,2.9796,-1.9954,8.0906,4.8953,11.0206,253.3138,-70.9363
2015-01-26,45.7309,0.125,2.4301,-2.2323,5.888,5.2997,14.7301,253.6304,-70.9
2015-01-27,45.1273,-1.32,0.3629,-3.6237,3.5759,4.434,13.1021,250.2825,-71.2841
2015-01-28,44.7357,-0.8677,-1.3137,-4.4599,2.7155,4.8403,11.0737,248.1108,-71.5333
2015-01-29,45.2496,1.1488,-1.7534,-3.5136,2.0891,5.9444,13.5683,250.9611,-71.2062
2015-01-30,44.5154,-1.6225,-2.5362,-4.5144,0.7831,6.3772,10.6368,246.8893,-71.6734
2015-02-02,45.1762,1.4843,-1.213,-2.1209,1.8675,8.0604,12.84,250.5539,-71.253
2015-02-03,45.9104,1.6251,1.7353,-0.407,2.5104,9.4361,17.9509,254.6257,-70.7858
2015-02-04,45.5596,-0.764,1.8417,1.1959,1.8564,9.2518,16.3084,252.6803,-71.009
2015-02-05,45.9512,0.8595,1.5504,3.3388,2.7877,10.7483,17.356,254.852,-70.7598
2015-02-06,45.8451,-0.2308,2.987,2.3307,1.9217,10.3852,15.4803,254.2638,-70.8273
2015-02-09,45.7227,-0.2669,1.2099,0.0536,0.5975,8.5502,13.2096,253.5852,-70.9052
2015-02-10,45.9756,0.5531,0.1422,1.6961,1.0096,8.7129,14.5621,254.9877,-70.7442
2015-02-11,45.9919,0.0355,0.949,2.4346,0.5437,9.0013,13.3371,255.0782,-70.7339
2015-02-12,46.4243,0.94,1.0296,3.6046,1.615,8.9625,13.752,257.476,-70.4587
2015-02-13,46.6364,0.4569,1.726,4.6495,1.9344,8.9853,14.1821,258.6524,-70.3238
2015-02-17,46.7016,0.1399,2.1409,5.297,2.3675,9.3648,13.6074,259.0143,-70.2823
2015-02-18,46.9627,0.559,2.1469,5.1891,2.8117,8.3374,14.3315,260.4621,-70.1161
2015-02-19,47.0443,0.1737,2.288,4.6263,3.1368,8.2635,15.6111,260.9145,-70.0642
2015-02-20,47.444,0.8497,2.1965,4.6608,3.242,8.0391,15.5032,263.1314,-69.8099
2015-02-23,47.24,-0.4298,1.2944,2.5682,3.1076,7.6737,14.8724,262.0003,-69.9397
2015-02-24,47.4277,0.3972,1.5546,3.84,3.2429,8.4807,14.46,263.0409,-69.8203
2015-02-25,47.3298,-0.2064,0.7816,3.4962,2.0388,7.8385,14.6,262.4979,-69.8826
2015-02-26,47.1177,-0.4481,0.1561,4.4107,1.3158,7.712,13.9761,261.3217,-70.0175
2015-02-27,46.8974,-0.4675,-1.152,4.8322,0.544,7.2678,12.7883,260.1001,-70.1577
2015-03-02,47.3298,0.9219,0.1899,4.5971,1.6654,8.4169,13.6094,262.4979,-69.8826
2015-03-03,47.0279,-0.6377,-0.8428,5.6441,1.8692,7.8252,13.649,260.8241,-70.0746
2015-03-04,46.6609,-0.7806,-1.4133,3.2864,2.3873,6.6283,11.1498,258.7881,-70.3082
2015-03-05,46.6935,0.0699,-0.9002,1.7058,1.591,6.8408,11.0793,258.9691,-70.2874
2015-03-06,46.0572,-1.3627,-1.7916,1.0922,-1.1197,5.346,8.9434,255.4401,-70.6923
2015-03-09,46.4895,0.9387,-1.7752,1.1717,0.3151,5.9826,9.6134,257.838,-70.4172
2015-03-10,45.633,-1.8424,-2.9662,-0.4626,-1.7567,4.1258,8.0628,253.0875,-70.9623
2015-03-11,45.5841,-0.1073,-2.3077,-0.3033,-0.7703,4.3409,8.7298,252.816,-70.9934
2015-03-12,46.1714,1.2884,-1.1182,0.4258,0.4905,5.6072,10.3414,256.0734,-70.6197
2015-03-13,45.7472,-0.9187,-0.673,-0.5321,1.5027,4.5984,10.8971,253.7209,-70.8896
2015-03-16,46.5059,1.6583,0.0351,0.1757,2.6869,6.6874,13.1752,257.9284,-70.4068
2015-03-17,46.3182,-0.4034,1.5016,-0.6822,4.1569,6.2964,11.3525,256.8879,-70.5262
2015-03-18,46.8648,1.18,2.8096,0.3494,5.7332,6.9562,12.0628,259.9192,-70.1784
2015-03-19,46.5467,-0.6788,0.8128,-0.8859,4.9194,5.8207,12.4642,258.1548,-70.3809
2015-03-20,46.8097,0.5651,2.3225,-0.4986,4.5375,5.9132,12.7727,259.6136,-70.2135
2015-03-23,46.4163,-0.8403,-0.1925,-2.166,1.1129,5.1254,11.8142,257.432,-70.4638
2015-03-24,46.2607,-0.3354,-0.1243,-2.0732,0.211,5.9603,11.8071,256.5686,-70.5629
2015-03-25,45.4739,-1.7006,-2.9678,-4.1194,-2.4243,5.0169,8.9113,252.2052,-71.0635
2015-03-26,45.351,-0.2704,-2.5688,-4.1808,-3.0445,4.1864,9.7364,251.5234,-71.1417
2015-03-27,45.5231,0.3795,-2.7486,-3.3843,-2.7783,6.245,10.303,252.4779,-71.0322
2015-03-30,46.1623,1.4042,-0.5473,-1.5675,-1.4132,6.7466,11.0302,256.0231,-70.6255
2015-03-31,45.7034,-0.9941,-1.2046,-3.4362,-2.546,5.8442,8.666,253.4779,-70.9175
2015-04-01,45.4002,-0.6635,-0.1622,-3.4613,-2.6167,5.3002,7.1872,251.7961,-71.1104
2015-04-02,45.4248,0.0542,0.1627,-2.6491,-1.5823,7.3776,6.4976,251.9325,-71.0948
2015-04-06,45.7689,0.7577,0.5401,-1.98,-0.7138,8.3158,7.143,253.8414,-70.8758
2015-04-07,45.6624,-0.2328,-1.0829,-0.8572,1.4242,6.6106,8.1346,253.2506,-70.9436
2015-04-08,45.8181,0.341,0.251,-1.4443,3.0396,7.2992,10.0747,254.1141,-70.8445
2015-04-09,46.0394,0.4829,1.4079,0.8905,2.7643,10.5044,10.6062,255.3413,-70.7037
2015-04-10,46.6868,1.4062,2.7783,2.4191,2.1632,10.0864,10.7502,258.932,-70.2917
2015-04-13,46.2443,-0.9479,1.0385,0.1578,2.2903,11.6265,11.9197,256.4776,-70.5733
2015-04-14,46.3016,0.124,1.3998,1.2118,3.1243,13.4307,13.1812,256.7957,-70.5368
2015-04-15,46.3836,0.177,1.2341,-0.263,3.5137,15.4206,12.7392,257.2502,-70.4847
2015-04-16,46.2852,-0.212,0.534,-0.0713,3.8615,13.5937,11.7146,256.7048,-70.5472
2015-04-17,45.728,-1.2039,-2.0537,-2.4257,3.1017,12.4949,8.7037,253.6142,-70.9018
2015-04-20,46.2607,1.1649,0.0355,-0.6144,3.6167,12.9712,9.1153,256.5686,-70.5629
2015-04-21,46.2033,-0.124,-0.2124,-1.2955,2.7559,10.6393,8.6709,256.2503,-70.5994
2015-04-22,46.4,0.4257,0.0354,-0.0353,2.3577,10.7875,9.0716,257.3412,-70.4742
2015-04-23,46.3508,-0.106,0.1417,0.1948,0.6374,8.2588,8.5459,257.0684,-70.5055
2015-04-24,46.1541,-0.4243,0.9319,1.4958,1.0516,9.2273,8.2891,255.9776,-70.6307
2015-04-27,46.1377,-0.0355,-0.2658,1.7347,0.8896,6.83,9.3227,255.8867,-70.6411
2015-04-28,46.2197,0.1776,0.0355,1.5302,2.4207,6.0832,9.4543,256.3412,-70.589
2015-04-29,45.9902,-0.4965,-0.8831,-0.3728,2.8043,5.5959,8.6214,255.0685,-70.735
2015-04-30,45.5887,-0.8731,-1.6443,-0.2511,0.7493,2.854,6.9624,252.8415,-70.9905
2015-05-01,46.1623,1.2583,0.0178,1.6787,3.6996,4.5117,8.5745,256.0231,-70.6255
2015-05-04,46.2361,0.1598,0.2132,1.786,2.3461,4.2574,8.9127,256.4321,-70.5785
2015-05-05,45.6132,-1.3471,-1.3121,-0.3402,-0.6472,1.847,7.2223,252.9778,-70.9749
2015-05-06,45.5887,-0.0539,-0.8731,-0.1615,0.0638,1.9214,7.9805,252.8415,-70.9905
2015-05-07,45.8263,0.5213,0.5213,0.0179,-0.2717,2.5085,7.6215,254.1596,-70.8393
2015-05-08,46.3672,1.1802,0.4438,0.712,1.1388,3.0824,8.9123,257.1593,-70.4951
2015-05-11,46.3262,-0.0884,0.195,-0.7724,1.3198,1.9252,8.7339,256.9321,-70.5212
2015-05-12,46.277,-0.1061,1.4553,0.0709,0.6556,1.6718,7.0235,256.6594,-70.5524
2015-05-13,46.3754,0.2125,1.7257,0.1593,0.8337,1.3819,7.0719,257.2048,-70.4899
2015-05-14,46.8425,1.0072,2.2174,0.9894,0.9008,2.5304,8.9591,259.7954,-70.1926
2015-05-15,46.8015,-0.0875,0.9367,1.1155,0.3541,2.2954,9.8289,259.5682,-70.2187
2015-05-18,46.8917,0.1926,1.2206,2.5448,0.4069,2.784,9.8953,260.0682,-70.1613
2015-05-19,46.7605,-0.2796,1.0448,1.0806,-0.4304,2.3692,9.1563,259.341,-70.2448
2015-05-20,46.5884,-0.368,0.4595,0.8336,-0.9689,2.1375,10.2227,258.3865,-70.3543
2015-05-21,46.8425,0.5453,0.0,0.9537,-1.2678,1.9331,9.7387,259.7954,-70.1926
2015-05-22,46.6294,-0.4549,-0.3677,0.6011,-1.2926,1.7749,9.0342,258.6137,-70.3282
2015-05-26,46.1213,-1.0896,-1.6428,-0.071,-2.7544,0.3992,7.1614,255.7958,-70.6515
2015-05-27,46.4163,0.6397,-0.7361,0.6039,-1.9299,0.0696,7.2859,257.432,-70.4638
2015-05-28,46.1951,-0.4767,-0.8443,-0.0532,-1.9581,-0.668,6.6952,256.2049,-70.6046
2015-05-29,45.7362,-0.9934,-2.3618,-0.5524,-2.4761,-1.9456,5.2056,253.6596,-70.8966
2015-06-01,45.941,0.4479,-1.4763,0.773,-2.9341,-1.3176,5.7551,254.7959,-70.7663
2015-06-02,46.0312,0.1963,-0.1954,-0.284,-2.1195,-0.2899,5.5137,255.2959,-70.7089
2015-06-03,46.2607,0.4985,-0.3354,0.0532,-0.8577,1.5092,6.157,256.5686,-70.5629
2015-06-04,45.7444,-1.1161,-0.9757,0.2875,-2.0327,-0.4741,4.9916,253.7051,-70.8914
2015-06-05,45.7771,0.0717,0.0896,0.4135,-0.608,-1.721,4.0115,253.8869,-70.8705
2015-06-08,45.4411,-0.734,-1.0881,-0.8405,-2.2551,-1.9472,2.2214,252.0234,-71.0844
2015-06-09,45.4329,-0.018,-1.2997,-2.0148,-0.4384,-2.1874,1.6882,251.978,-71.0896
2015-06-10,45.8837,0.9921,-0.8149,-0.9552,0.6573,-0.1181,2.9377,254.4777,-70.8028
2015-06-11,46.1459,0.5715,0.8778,-0.2833,-0.0552,0.435,4.2971,255.9322,-70.6359
2015-06-12,45.8755,-0.5861,0.2148,-1.0779,0.2804,1.7873,5.0986,254.4323,-70.808
2015-06-15,45.4903,-0.8396,0.1082,-2.8866,-2.1837,0.4446,3.8529,252.2961,-71.0531
2015-06-16,45.5313,0.0901,0.2164,-2.7141,-1.699,2.3873,4.061,252.5234,-71.027
2015-06-17,45.6542,0.27,-0.5001,-2.6389,-2.5831,3.002,4.0552,253.2052,-70.9488
2015-06-18,46.1131,1.0052,-0.071,-1.3845,-0.9314,3.9422,4.5078,255.7504,-70.6567
2015-06-19,45.8891,-0.4858,0.0298,-1.501,-1.9666,2.4816,3.7355,254.508,-70.7993
2015-06-22,46.1691,0.6101,1.4922,-1.4375,-0.5326,0.5743,3.9322,256.0609,-70.6211
2015-06-23,46.0538,-0.2497,1.1477,-1.2344,-0.4471,-0.237,4.2792,255.4215,-70.6945
2015-06-24,45.6256,-0.9299,-0.0627,-1.0749,0.3335,-2.0989,4.3588,253.0463,-70.967
2015-06-25,45.2715,-0.7761,-1.8252,-2.4666,-0.1754,-3.2146,3.4533,251.0823,-71.1923
2015-06-26,45.3538,0.1819,-1.1666,-1.8212,-0.3719,-3.1398,3.718,251.539,-71.1399
2015-06-29,44.4973,-1.8885,-3.6211,-2.7087,-3.6069,-4.9691,1.5156,246.7887,-71.685
2015-06-30,44.522,0.0555,-3.3262,-3.0888,-2.5849,-5.0651,2.0041,246.9257,-71.6692
2015-07-01,44.7444,0.4995,-1.9314,-2.7956,-1.4445,-4.0233,1.8916,248.159,-71.5277
2015-07-02,44.662,-0.184,-1.3462,-3.4557,-1.6791,-3.2349,1.8726,247.7023,-71.5801
2015-07-06,44.4891,-0.3872,-1.9066,-2.7442,-2.7964,-3.4902,0.6441,246.743,-71.6902
2015-07-07,44.8514,0.8145,0.7958,-2.0222,-1.776,-0.3771,2.1917,248.7527,-71.4596
2015-07-08,44.0443,-1.7995,-1.0729,-3.0739,-3.8714,-0.9494,1.0405,244.2764,-71.9732
2015-07-09,44.1514,0.2431,-1.3253,-2.8208,-4.1008,-1.4499,1.1176,244.8703,-71.9051
2015-07-10,44.6126,1.0446,-0.1107,-2.7702,-4.4428,-2.3757,2.7821,247.4282,-71.6116
2015-07-13,45.1067,1.1076,1.3884,-2.2519,-2.4598,-0.2258,3.3247,250.1688,-71.2971
2015-07-14,45.2303,0.2738,0.8447,-1.4064,-2.3138,0.7382,3.017,250.8539,-71.2185
2015-07-15,45.0408,-0.4188,2.2625,-0.988,-2.8948,0.5172,2.529,249.8033,-71.3391
2015-07-16,45.2467,0.4571,2.4809,-0.6249,-2.2436,1.5312,2.5642,250.9452,-71.2081
2015-07-17,45.2303,-0.0364,1.3845,-0.9286,-1.0884,1.9796,4.147,250.8539,-71.2185
2015-07-20,45.2385,0.0182,0.2921,-1.8967,-2.2095,1.3273,3.3017,250.8996,-71.2133
2015-07-21,44.7526,-1.0741,-1.0561,-2.4767,-3.1398,-0.4704,2.2487,248.2046,-71.5225
2015-07-22,44.5549,-0.4417,-1.0788,-3.4962,-3.9763,-1.7124,1.4229,247.1084,-71.6483
2015-07-23,44.1432,-0.9242,-2.439,-4.1488,-4.7629,-4.1558,0.8935,244.8246,-71.9103
2015-07-24,43.5667,-1.306,-3.6781,-4.5126,-5.6061,-4.6135,0.056,241.6272,-72.2771
2015-07-27,43.3525,-0.4915,-4.1689,-4.2387,-6.0366,-5.2007,-0.1767,240.4397,-72.4134
2015-07-28,44.1926,1.9377,-1.2514,-2.5604,-4.3858,-2.0712,2.2709,245.0986,-71.8789
2015-07-29,44.7361,1.23,0.4067,0.5368,-2.7268,0.001,4.8413,248.1133,-71.533
2015-07-30,44.695,-0.092,1.25,0.3885,-1.9603,-1.2257,4.6458,247.885,-71.5592
2015-07-31,44.6538,-0.0922,2.4953,-0.2025,-3.2679,0.3108,6.7078,247.6565,-71.5854
2015-08-03,44.4396,-0.4795,2.5076,-0.4979,-3.8853,-1.6304,6.2986,246.469,-71.7216
2015-08-04,44.415,-0.0556,0.5032,-0.1666,-2.627,-3.2572,5.8715,246.332,-71.7373
2015-08-05,44.662,0.5563,-0.1657,-0.4223,-2.0326,-1.9701,7.0994,247.7023,-71.5801
2015-08-06,44.4314,-0.5163,-0.5897,0.8788,-3.0439,-3.3073,7.0855,246.4233,-71.7269
2015-08-07,44.2173,-0.4819,-0.9775,0.1492,-4.6367,-3.5507,6.4658,245.2357,-71.8631
2015-08-10,45.082,1.9557,1.4455,1.0522,-2.6857,-1.4013,7.0291,250.0317,-71.3129
2015-08-11,44.5302,-1.224,0.2596,-1.2781,-3.7746,-3.1438,5.2952,246.9714,-71.664
2015-08-12,44.5385,0.0185,-0.2766,-1.5295,-3.9609,-3.1603,5.5565,247.0171,-71.6587
2015-08-13,44.5055,-0.074,0.1668,-1.1885,-4.9889,-4.1331,4.459,246.8344,-71.6797
2015-08-14,44.7856,0.6292,1.2852,-1.0193,-4.3075,-3.9686,4.6601,248.3874,-71.5015
2015-08-17,45.0079,0.4965,-0.1644,-0.4916,-4.0172,-3.6267,5.3985,249.6206,-71.36
2015-08-18,44.9255,-0.183,0.8877,-0.6918,-3.9242,-4.3378,3.638,249.1638,-71.4124
2015-08-19,44.5055,-0.9349,-0.074,-0.5521,-4.4709,-5.3965,2.4211,246.8344,-71.6797
2015-08-20,43.5831,-2.0726,-2.0726,-2.1812,-6.9581,-8.1377,-0.7528,241.7185,-72.2667
2015-08-21,42.3807,-2.7589,-5.3697,-3.9925,-9.1116,-10.2864,-3.4021,235.0498,-73.0318
2015-08-24,40.8736,-3.5561,-9.1857,-6.1815,-11.3781,-13.8191,-6.5104,226.6911,-73.9908
2015-08-25,40.3383,-1.3097,-10.2108,-6.9529,-13.0947,-14.7718,-8.0912,223.7222,-74.3315
2015-08-26,41.5983,3.1237,-6.5322,-5.8703,-9.9507,-11.7139,-4.9054,230.7106,-73.5297
2015-08-27,42.6031,2.4154,-2.2486,-4.768,-6.8503,-9.1568,-2.5545,236.2832,-72.8903
2015-08-28,42.6196,0.0386,0.5636,-4.6435,-7.2299,-9.9519,-2.3726,236.3745,-72.8798
2015-08-31,42.2407,-0.8889,3.3447,-5.4039,-8.2346,-10.1795,-3.1509,234.2734,-73.1209
2015-09-01,41.1207,-2.6516,1.9395,-7.4685,-11.111,-11.8733,-6.032,228.0613,-73.8336
2015-09-02,42.0348,2.2231,1.0493,-5.3588,-8.1093,-9.9771,-3.8188,233.1315,-73.2519
2015-09-03,42.0595,0.0588,-1.2759,-5.827,-8.1211,-8.6797,-3.7978,233.2686,-73.2362
2015-09-04,41.4748,-1.3903,-2.686,-6.6543,-8.7285,-10.7868,-5.4495,230.0255,-73.6083
2015-09-08,42.6196,2.7601,0.8969,-3.6133,-6.1924,-6.6036,-2.7503,236.3745,-72.8798
2015-09-09,42.1666,-1.0628,2.5436,-6.4669,-8.1011,-7.4971,-3.4816,233.8623,-73.168
2015-09-10,42.1913,0.0586,0.3722,-5.2525,-8.5698,-8.6203,-3.4964,233.9992,-73.1523
2015-09-11,42.4219,0.5466,0.8615,-4.7522,-7.5281,-7.2689,-3.0048,235.2783,-73.0056
2015-09-14,42.2078,-0.5048,1.7672,-5.1629,-7.2159,-9.242,-3.1726,234.0907,-73.1418
2015-09-15,42.9407,1.7366,0.7536,-4.1192,-5.6896,-7.2919,-1.4546,238.1558,-72.6754
2015-09-16,43.2537,0.7288,2.5781,-3.8975,-5.258,-7.7053,-1.2851,239.8915,-72.4763
2015-09-17,43.0643,-0.4379,2.0691,-4.143,-6.6117,-7.4815,-2.0963,238.841,-72.5968
2015-09-18,42.1129,-2.2092,-0.7284,-5.376,-8.229,-10.0338,-4.714,233.5644,-73.2022
2015-09-21,42.3199,0.4915,0.2656,-2.8984,-8.3372,-8.8254,-4.1524,234.7125,-73.0705
2015-09-22,41.7072,-1.4478,-2.8727,-1.5893,-9.4382,-9.8431,-4.4694,231.3143,-73.4604
2015-09-23,41.4174,-0.6949,-4.2455,1.3304,-9.2233,-8.9206,-4.3513,229.707,-73.6448
2015-09-24,41.1607,-0.6197,-4.4204,2.0388,-9.0803,-9.2397,-5.4401,228.2833,-73.8081
2015-09-25,41.2435,0.2012,-2.0645,-0.853,-9.0628,-9.401,-3.743,228.7426,-73.7555
2015-09-28,40.432,-1.9675,-4.461,-5.0961,-9.136,-12.4133,-6.5042,224.2421,-74.2718
2015-09-29,40.697,0.6553,-2.4221,-4.511,-8.5913,-10.9541,-5.7501,225.7116,-74.1032
2015-09-30,41.3097,1.5056,-0.2599,-2.204,-7.6761,-9.0097,-4.187,229.11,-73.7133
2015-10-01,41.2186,-0.2205,0.1408,0.2383,-7.7099,-9.2595,-2.5651,228.6047,-73.7713
2015-10-02,41.7403,1.2656,1.2046,-0.7007,-6.1785,-8.8021,-1.2183,231.498,-73.4393
2015-10-05,42.9243,2.8367,6.1642,2.0561,-4.2966,-5.9963,0.2179,238.0649,-72.6859
2015-10-06,42.883,-0.0964,5.3713,3.3952,-2.6368,-6.4061,0.4255,237.8353,-72.7122
2015-10-07,43.446,1.313,5.1714,1.9391,-1.5977,-5.6329,4.2798,240.9581,-72.3539
2015-10-08,44.0505,1.3913,6.8703,4.4677,-1.26,-5.6468,3.87,244.3105,-71.9693
2015-10-09,44.1995,0.3383,5.8916,4.7597,-2.0114,-4.4217,6.6907,245.137,-71.8745
2015-10-12,44.2078,0.0187,2.99,4.2098,-2.2607,-4.5222,8.3012,245.1829,-71.8692
2015-10-13,43.7358,-1.0676,1.9888,3.6203,-2.8974,-5.7084,8.8319,242.5654,-72.1695
2015-10-14,43.2638,-1.0791,-0.4193,0.7524,-4.3824,-6.5277,6.1787,239.9478,-72.4698
2015-10-15,43.7358,1.0909,-0.7143,1.1146,-3.3041,-4.3566,7.594,242.5654,-72.1695
2015-10-16,43.5123,-0.5112,-1.5549,1.0402,-3.8159,-5.9411,6.2595,241.3255,-72.3118
2015-10-19,43.5702,0.1332,-1.4422,3.4605,-2.642,-5.6989,4.3341,241.647,-72.2749
2015-10-20,43.86,0.6651,0.284,3.6392,-1.5597,-5.474,4.7229,243.2542,-72.0905
2015-10-21,43.8683,0.0189,1.3971,5.1816,-0.6227,-5.3559,2.4605,243.3001,-72.0852
2015-10-22,45.0938,2.7935,3.1049,8.8764,3.5052,-2.2974,6.7179,250.0968,-71.3054
2015-10-23,45.2593,0.3672,4.0152,9.9577,4.3984,-1.9038,4.7962,251.0151,-71.2
2015-10-26,45.16,-0.2195,3.6488,9.4961,2.1891,-2.2927,3.6511,250.4641,-71.2633
2015-10-27,44.6632,-1.1001,1.8312,10.4649,-0.1631,-2.8854,2.549,247.7087,-71.5794
2015-10-28,45.0192,0.7972,2.6236,10.6205,0.7255,-1.249,1.5694,249.6834,-71.3528
2015-10-29,44.9944,-0.0551,-0.2203,8.9196,0.7629,-2.53,1.8676,249.5457,-71.3686
2015-10-30,44.9364,-0.1289,-0.7135,9.0197,1.1179,-2.8108,1.3269,249.2242,-71.4055
2015-11-02,45.4581,1.1609,0.66,8.9069,2.3486,-0.3401,1.5006,252.1173,-71.0736
2015-11-03,45.4912,0.0729,1.8539,5.9799,1.8566,-0.2138,1.7035,252.301,-71.0525
2015-11-04,45.367,-0.273,0.7725,5.7926,2.1057,-1.0022,1.4811,251.6123,-71.1315
2015-11-05,45.425,0.1277,0.9569,4.555,2.7312,-2.0321,0.9877,251.9336,-71.0947
2015-11-06,45.425,0.0,1.0871,3.1203,0.7607,-1.9454,-0.0577,251.9336,-71.0947
2015-11-09,45.0772,-0.7656,-0.8379,1.9858,1.2283,-2.5927,-0.9642,250.005,-71.3159
2015-11-10,45.0689,-0.0184,-0.9283,1.9479,1.191,-2.8171,-1.4741,249.959,-71.3212
2015-11-11,45.1269,0.1286,-0.5293,3.1806,1.3961,-3.6625,-1.2248,250.2804,-71.2843
2015-11-12,44.5141,-1.3578,-2.0051,2.8899,-0.6061,-4.8874,-2.7042,246.882,-71.6742
2015-11-13,44.3154,-0.4464,-2.4426,1.3252,-1.5386,-5.494,-2.863,245.78,-71.8007
2015-11-16,44.8867,1.2892,-0.4225,3.1589,-0.0864,-4.0072,-1.733,248.9486,-71.4371
2015-11-17,44.7957,-0.2029,-0.6063,2.8126,0.6519,-3.8481,-1.7928,248.4436,-71.4951
2015-11-18,45.4167,1.3863,0.6422,3.5492,4.207,-3.0438,-1.1696,251.8877,-71.0999
2015-11-19,45.6154,0.4376,2.474,3.9827,7.6325,-2.1746,-0.4383,252.99,-70.9735
2015-11-20,45.8472,0.5082,3.4567,1.6709,12.1684,-0.5942,-0.1974,254.2757,-70.8259
2015-11-23,45.6154,-0.5057,1.6234,0.7867,13.0822,-1.7255,-1.6572,252.99,-70.9735
2015-11-24,45.5409,-0.1634,1.6636,0.8434,9.4777,-1.4162,-2.0747,252.5766,-71.0209
2015-11-25,45.5409,0.0,0.2735,1.9652,6.8957,-0.427,-2.3642,252.5766,-71.0209
2015-11-27,45.6237,0.1818,0.0181,1.3427,7.0487,-0.6908,-1.9993,253.0358,-70.9682
2015-11-30,45.3256,-0.6533,-1.1378,0.7361,7.3031,-1.5329,-1.8184,251.3826,-71.1579
2015-12-01,45.5409,0.475,-0.1634,1.3451,10.7494,-1.5559,-0.0702,252.5766,-71.0209
2015-12-02,45.0772,-1.0182,-1.0182,-0.8379,7.2377,-1.4584,-1.9256,250.005,-71.3159
2015-12-03,44.5141,-1.2491,-2.2546,-2.1478,5.836,-2.7591,-4.4326,246.882,-71.6742
2015-12-04,45.1766,1.4881,-0.98,-0.4198,8.9253,-0.5823,-2.5181,250.5559,-71.2527
2015-12-07,44.953,-0.4949,-0.8221,-1.039,5.475,-1.0564,-3.2207,249.316,-71.395
2015-12-08,44.2326,-1.6025,-2.8727,-2.6249,4.8997,-3.5984,-3.7122,245.3207,-71.8534
2015-12-09,44.1001,-0.2995,-2.1675,-2.1675,4.5243,-4.4333,-4.0175,244.586,-71.9377
2015-12-10,44.3071,0.4694,-0.465,-1.6902,4.444,-3.4187,-1.6925,245.734,-71.806
2015-12-11,43.5619,-1.6819,-3.574,-3.4679,3.2083,-4.2391,-3.8134,241.601,-72.2802
2015-12-14,43.7192,0.3611,-2.7445,-1.7857,1.813,-3.9798,-1.6875,242.4735,-72.18
2015-12-15,43.7275,0.019,-1.1419,-1.3266,1.0955,-4.2202,-1.3449,242.5195,-72.1748
2015-12-16,44.5059,1.7799,0.92,-0.8485,3.3475,-3.4855,0.3193,246.8362,-71.6795
2015-12-17,43.7689,-1.6558,-1.2147,-2.292,3.9324,-4.6203,-2.2533,242.7491,-72.1484
2015-12-18,43.1017,-1.5245,-1.0566,-5.0973,1.8473,-6.644,-6.1078,239.0483,-72.573
2015-12-21,43.4349,0.7731,-0.6505,-4.7803,4.1424,-5.6867,-5.9103,240.8963,-72.361
2015-12-22,44.0347,1.3809,0.7024,-3.9535,6.3194,-3.4868,-5.5126,244.223,-71.9793
2015-12-23,44.5512,1.1729,0.1018,-2.3331,8.2372,-1.5911,-4.7545,247.0874,-71.6507
2015-12-24,44.5345,-0.0374,1.7491,-2.2099,7.9795,-1.8065,-4.8896,246.995,-71.6613
2015-12-28,44.4345,-0.2245,3.0924,-2.4294,9.8993,-0.141,-5.1031,246.4406,-71.7249
2015-12-29,44.8594,0.9562,3.2797,-1.6752,10.2278,0.7578,-4.3457,248.7969,-71.4545
2015-12-30,44.4845,-0.8356,1.0216,-1.8556,7.6853,-0.5807,-4.5807,246.7178,-71.6931
2015-12-31,44.1596,-0.7304,-0.8788,-3.033,7.1351,-1.1249,-4.3234,244.9159,-71.8998
2016-01-04,43.5682,-1.3394,-2.1698,-3.3477,4.3791,-2.07,-5.4879,241.6356,-72.2762
2016-01-05,43.6848,0.2677,-1.6873,-1.8631,1.7716,-2.6011,-2.9684,242.2824,-72.202
2016-01-06,43.01,-1.5446,-4.1226,-4.7957,0.2963,-2.3483,-3.2754,238.5401,-72.6313
2016-01-07,41.8438,-2.7116,-5.9363,-6.9166,-3.6879,-5.2266,-6.6007,232.0719,-73.3735
2016-01-08,41.4189,-1.0154,-6.2064,-6.3611,-5.974,-7.1587,-9.3644,229.7155,-73.6438
2016-01-11,41.4439,0.0604,-4.8757,-6.0232,-6.2344,-8.1204,-8.3278,229.8542,-73.6279
2016-01-12,41.7771,0.804,-4.3669,-5.7102,-5.4982,-7.6346,-6.9528,231.7022,-73.4159
2016-01-13,40.7691,-2.4128,-5.2102,-6.4111,-6.7832,-9.4841,-9.016,226.1117,-74.0573
2016-01-14,41.2523,1.1852,-1.4135,-5.6427,-4.6495,-8.8281,-7.4321,228.7915,-73.7498
2016-01-15,40.5276,-1.7569,-2.152,-7.318,-7.3355,-10.3973,-8.6235,224.772,-74.211
2016-01-19,40.5192,-0.0206,-2.2312,-8.9576,-6.8786,-10.432,-9.2432,224.7257,-74.2163
2016-01-20,39.9944,-1.2952,-4.2672,-8.6238,-8.207,-10.6322,-11.0526,221.815,-74.5503
2016-01-21,40.1694,0.4374,-1.4712,-6.8033,-8.4146,-9.8431,-11.3869,222.7853,-74.439
2016-01-22,40.5192,0.871,-1.7771,-6.7127,-7.6344,-8.2095,-12.0241,224.7257,-74.2163
2016-01-25,40.0194,-1.2335,-1.2538,-9.1184,-11.2529,-8.1421,-12.3799,221.9537,-74.5344
2016-01-26,40.7775,1.8942,0.6373,-8.4705,-9.9027,-5.9399,-10.8317,226.158,-74.052
2016-01-27,40.3193,-1.1236,0.8124,-9.465,-10.719,-8.7645,-10.6542,223.6169,-74.3435
2016-01-28,40.5526,0.5785,0.954,-8.7364,-9.2036,-9.3517,-9.3508,224.9105,-74.1951
2016-01-29,41.6438,2.691,2.7755,-7.1681,-7.4977,-6.8266,-7.9686,230.9629,-73.5007
2016-02-01,41.5439,-0.24,3.8093,-6.6105,-7.6688,-6.9645,-6.6754,230.4085,-73.5643
2016-02-02,40.7108,-2.0052,-0.1634,-7.8098,-9.4035,-8.3908,-9.8843,225.7883,-74.0944
2016-02-03,41.3689,1.6166,2.6033,-5.0478,-8.9954,-6.8581,-9.8919,229.4383,-73.6756
2016-02-04,42.0854,1.7318,3.7798,-3.6613,-7.4868,-5.7693,-7.6257,233.4117,-73.2197
2016-02-05,41.6855,-0.9501,0.1001,-3.0796,-8.115,-6.1801,-9.283,231.194,-73.4742
2016-02-08,41.3356,-0.8394,-0.5013,-1.2144,-9.0024,-6.5171,-9.8364,229.2535,-73.6968
2016-02-09,41.5855,0.6046,2.1485,0.4022,-8.4523,-7.7559,-9.0485,230.6395,-73.5378
2016-02-10,41.3689,-0.5208,0.0,-0.1809,-8.2265,-7.0992,-10.0198,229.4383,-73.6756
2016-02-11,40.5609,-1.9533,-3.6223,-2.9112,-10.0025,-8.9307,-11.8087,224.9568,-74.1898
2016-02-12,41.3773,2.0127,-0.7394,1.4916,-8.3091,-7.029,-10.8715,229.4845,-73.6703
2016-02-16,42.2103,2.0133,2.1161,2.3223,-5.1755,-5.7502,-9.4906,234.1047,-73.1402
2016-02-17,42.8601,1.5393,3.0649,5.7554,-3.2841,-4.7721,-8.2258,237.7084,-72.7268
2016-02-18,42.8351,-0.0583,3.5441,5.7155,-4.5707,-4.6532,-8.7891,237.5698,-72.7427
2016-02-19,42.7518,-0.1945,5.4015,6.8944,-4.5627,-3.9405,-9.1243,237.1079,-72.7957
2016-02-22,43.4765,1.6952,5.0735,8.2331,-4.2719,-0.2446,-8.3624,241.1274,-72.3345
2016-02-23,43.0434,-0.9964,1.9736,6.2295,-5.6386,1.5635,-8.8837,238.7249,-72.6101
2016-02-24,43.0683,0.058,0.4859,7.6186,-6.0613,5.3696,-9.1915,238.8634,-72.5942
2016-02-25,43.6348,1.3153,1.867,7.0071,-4.342,8.1722,-7.8068,242.0052,-72.2338
2016-02-26,43.6931,0.1336,2.2018,8.3677,-4.0574,5.0357,-7.2681,242.3286,-72.1967
2016-02-29,43.4182,-0.6292,-0.1342,7.0665,-4.661,1.9133,-7.4187,240.8039,-72.3716
2016-03-01,44.2679,1.957,2.845,6.3013,-2.9716,3.8676,-6.4692,245.5165,-71.8309
2016-03-02,44.3013,0.0753,2.8627,6.6373,-2.26,4.8781,-5.798,245.7014,-71.8097
2016-03-03,44.6178,0.7146,2.2528,9.5969,-2.0269,8.5046,-4.3785,247.4571,-71.6083
2016-03-04,44.8011,0.4107,2.5357,8.2964,-0.6126,6.5808,-4.0529,248.4735,-71.4916
2016-03-07,44.9344,0.2975,3.4919,6.7696,0.944,6.8351,-2.4379,249.2127,-71.4068
2016-03-08,44.3013,-1.4089,0.0753,6.275,-1.9375,6.8148,-4.707,245.7014,-71.8097
2016-03-09,44.4429,0.3196,0.3196,7.5171,-1.1348,4.2781,-2.6081,246.4868,-71.7196
2016-03-10,44.3762,-0.1499,-0.5415,6.7108,0.3247,5.2402,-2.6497,246.1172,-71.762
2016-03-11,45.0177,1.4455,0.4835,8.82,2.0806,6.6989,-2.4988,249.6747,-71.3538
2016-03-14,45.0593,0.0925,0.2781,11.0906,1.6976,6.2171,-1.5037,249.9057,-71.3273
2016-03-15,45.0343,-0.0555,1.6547,8.8384,3.38,6.6968,-3.1642,249.7671,-71.3432
2016-03-16,45.1926,0.3515,1.687,7.0653,3.37,5.2441,-2.4302,250.645,-71.2425
2016-03-17,46.1839,2.1935,4.0736,7.7551,5.6175,6.7745,-1.4529,256.1429,-70.6117
2016-03-18,46.58,0.8576,3.4704,8.7426,4.6603,8.1638,0.0716,258.3395,-70.3597
2016-03-21,46.8563,0.5932,3.988,9.6007,7.0537,11.2635,0.0995,259.872,-70.1839
2016-03-22,46.5884,-0.5718,3.4508,7.1575,8.0895,10.0862,0.3706,258.3861,-70.3543
2016-03-23,46.2869,-0.6471,2.4214,7.5355,6.5662,10.9807,0.0567,256.7141,-70.5462
2016-03-24,46.1529,-0.2894,-0.0671,7.1621,4.8104,11.4338,1.4932,255.9711,-70.6314
2016-03-28,46.1697,0.0363,-0.8808,5.8093,3.633,12.1694,1.8053,256.064,-70.6208
2016-03-29,46.4711,0.6529,-0.822,6.358,4.3486,12.6751,2.0825,257.7358,-70.4289
2016-03-30,46.5549,0.1802,-0.0719,7.2243,4.7718,15.1435,0.8504,258.2002,-70.3757
2016-03-31,46.446,-0.2338,0.3437,4.9202,3.5369,14.1264,1.6249,257.5965,-70.4449
2016-04-01,46.6637,0.4687,1.1067,5.3327,4.8988,12.9606,2.7831,258.804,-70.3064
2016-04-04,46.1362,-1.1305,-0.0725,3.4031,4.476,11.9304,1.5662,255.8783,-70.6421
2016-04-05,45.8515,-0.6171,-1.3333,2.3447,5.2408,9.8495,0.1804,254.2993,-70.8232
2016-04-06,46.0776,0.4931,-1.0252,2.5442,5.4774,7.346,0.9092,255.5532,-70.6794
2016-04-07,45.6338,-0.9631,-1.7487,3.0079,6.1004,6.4148,-0.4023,253.0919,-70.9618
2016-04-08,45.8096,0.3853,-1.8303,3.0754,9.4778,5.4404,-0.499,254.0672,-70.8499
2016-04-11,45.8264,0.0365,-0.6715,3.2679,10.6412,4.0315,-1.8429,254.16,-70.8392
2016-04-12,46.0943,0.5847,0.5296,2.3917,11.221,4.287,-0.3242,255.6461,-70.6687
2016-04-13,46.7809,1.4896,1.5264,3.8208,11.9774,5.8206,1.0352,259.4541,-70.2318
2016-04-14,46.8647,0.179,2.6973,4.0643,14.9514,7.154,1.0372,259.9185,-70.1785
2016-04-15,46.9316,0.1429,2.4493,3.8481,13.7673,8.4777,1.3966,260.2899,-70.1359
2016-04-18,46.9735,0.0892,2.5032,1.7097,15.9051,7.4029,2.7238,260.5221,-70.1093
2016-04-19,47.3084,0.713,2.634,1.5639,16.7555,8.7244,2.265,262.3797,-69.8961
2016-04-20,47.2331,-0.1593,0.9665,0.8042,18.0992,8.4068,2.2289,261.9618,-69.9441
2016-04-21,47.1159,-0.2482,0.536,1.1322,17.293,7.4233,1.5429,261.3116,-70.0187
2016-04-22,47.2331,0.2488,0.6423,2.0442,16.5696,7.6702,1.9035,261.9618,-69.9441
2016-04-25,47.007,-0.4787,0.0713,1.8505,17.4605,4.2428,1.8479,260.7079,-70.0879
2016-04-26,47.4257,0.8907,0.2478,2.7204,16.3036,4.7865,2.7915,263.0299,-69.8215
2016-04-27,47.7606,0.7062,1.1168,2.7748,18.4559,5.7586,3.3339,264.8874,-69.6084
2016-04-28,47.3001,-0.9642,0.391,1.6007,16.639,5.904,2.8482,262.3333,-69.9015
2016-04-29,47.0238,-0.5842,-0.4432,1.2439,12.9189,4.4526,3.1479,260.8008,-70.0773
2016-05-02,47.2666,0.5164,0.5522,1.2919,13.7751,5.0499,2.3921,262.1475,-69.9228
2016-05-03,46.8814,-0.8149,-1.1476,1.6152,15.1571,4.3283,1.3958,260.0113,-70.1679
2016-05-04,46.3037,-1.2324,-3.0505,0.9861,11.9286,1.8601,1.5137,256.807,-70.5355
2016-05-05,46.2785,-0.0542,-2.1597,0.4361,9.9636,1.7308,1.5133,256.6678,-70.5515
2016-05-06,46.5884,0.6695,-0.9259,2.0918,11.7616,2.6921,1.6629,258.3861,-70.3543
2016-05-09,46.379,-0.4494,-1.8778,1.2429,12.2011,2.1003,0.0255,257.225,-70.4876
2016-05-10,47.1745,1.7151,0.6251,2.9417,13.4397,3.8514,1.8311,261.6367,-69.9814
2016-05-11,46.7809,-0.8342,1.0308,1.4896,13.0823,3.7796,1.0889,259.4541,-70.2318
2016-05-12,46.6805,-0.2148,0.8685,-0.2148,15.0874,3.5757,0.6579,258.8969,-70.2957
2016-05-13,46.0943,-1.2556,-1.0604,-1.6438,11.4002,2.1439,-1.5972,255.6461,-70.6687
2016-05-16,46.6637,1.2353,0.6139,-0.5709,10.5505,4.829,-0.2944,258.804,-70.3064
2016-05-17,46.4376,-0.4845,-1.5619,-1.1408,8.3471,4.7889,-0.9683,257.55,-70.4503
2016-05-18,46.2785,-0.3426,-1.0739,-2.177,8.0389,3.1007,-1.0308,256.6678,-70.5515
2016-05-19,45.8431,-0.9408,-1.7937,-2.9427,7.2309,2.3383,-1.5998,254.2529,-70.8286
2016-05-20,46.0776,0.5114,-0.0363,-2.2037,5.9826,1.4552,-1.6329,255.5532,-70.6794
2016-05-23,45.9939,-0.1817,-1.4355,-2.6236,6.8547,0.8296,-1.363,255.0889,-70.7326
2016-05-24,46.4711,1.0377,0.0721,-1.14,7.9009,1.3608,0.7584,257.7358,-70.4289
2016-05-25,46.7893,0.6847,1.1037,-1.3418,7.2293,2.5734,0.8035,259.5005,-70.2265
2016-05-26,46.6553,-0.2863,1.7717,-2.3142,6.7796,2.4471,0.9963,258.7575,-70.3117
2016-05-27,46.8312,0.3769,1.6355,-0.9914,7.8607,2.8332,2.3942,259.7327,-70.1998
2016-05-31,46.8228,-0.0179,1.8023,-0.4274,5.7714,2.6283,1.9193,259.6863,-70.2052
2016-06-01,46.8647,0.0894,0.8469,-0.8503,5.7863,3.3956,1.8107,259.9185,-70.1785
2016-06-02,46.9233,0.1251,0.2863,0.0893,5.1672,3.0355,1.4324,260.2435,-70.1412
2016-06-03,46.8814,-0.0892,0.4846,1.2478,4.6435,4.0025,2.4857,260.0113,-70.1679
2016-06-06,47.3252,0.9466,1.0549,2.2616,5.3207,6.315,3.3817,262.4726,-69.8855
2016-06-07,47.5513,0.4777,1.5558,2.0668,7.3361,5.2565,4.6436,263.7264,-69.7416
2016-06-08,47.8527,0.6339,2.1083,3.1775,7.6724,6.4505,5.326,265.3982,-69.5498
2016-06-09,47.8443,-0.0175,1.9629,1.42,7.8152,8.1653,4.2731,265.3518,-69.5551
2016-06-10,47.2833,-1.1726,0.8573,1.0739,5.0328,7.2181,2.4648,262.2404,-69.9121
2016-06-13,46.7726,-1.0802,-1.1677,0.1973,3.8022,5.5644,1.9555,259.4076,-70.2371
2016-06-14,46.7809,0.0179,-1.62,1.4896,3.8784,7.3895,2.8372,259.4541,-70.2318
2016-06-15,46.7977,0.0358,-2.2047,0.2871,3.5517,7.0414,2.7814,259.547,-70.2211
2016-06-16,46.8814,0.1789,-2.0126,0.9557,1.5102,7.2125,2.688,260.0113,-70.1679
2016-06-17,46.921,0.0844,-0.7663,1.3882,0.7321,5.4265,1.7519,260.2308,-70.1427
2016-06-20,47.3504,0.9151,1.2354,3.2878,1.0545,8.1826,3.1843,262.6123,-69.8695
2016-06-21,47.3167,-0.0711,1.1453,2.6892,1.5633,9.7793,2.4856,262.4255,-69.8909
2016-06-22,47.182,-0.2847,0.8212,2.5832,1.9338,8.627,2.4496,261.6784,-69.9766
2016-06-23,47.7292,1.1599,1.8085,2.7073,3.4154,8.3901,4.6107,264.7135,-69.6284
2016-06-24,45.7844,-4.0748,-2.4224,-2.1478,-0.8346,2.7681,1.133,253.927,-70.8659
2016-06-27,44.7067,-2.3538,-5.5832,-4.1766,-3.7968,0.3867,-1.4268,247.9501,-71.5517
2016-06-28,45.4644,1.6949,-3.9146,-2.9184,-2.3422,2.3178,2.1735,252.1526,-71.0695
2016-06-29,46.2727,1.7778,-1.9272,-1.1749,-0.3732,3.1505,3.9322,256.6352,-70.5552
2016-06-30,47.1567,1.9105,-1.1995,0.6232,1.0565,6.007,5.3914,261.5382,-69.9927
2016-07-01,47.3083,0.3214,3.3284,0.8205,2.5404,7.1302,5.9251,262.3787,-69.8962
2016-07-05,46.8789,-0.9077,4.8587,-0.0054,2.2406,7.5989,5.3717,259.9973,-70.1695
2016-07-06,47.1146,0.5029,3.6296,-0.4449,2.2506,7.8513,5.046,261.3048,-70.0195
2016-07-07,47.2409,0.268,2.0924,-0.6527,3.5218,9.837,7.2576,262.0052,-69.9391
2016-07-08,48.1839,1.9961,2.1782,0.6921,5.1828,15.1518,9.1333,267.235,-69.3391
2016-07-11,48.487,0.629,2.4915,1.3432,5.8058,17.0648,8.6845,268.916,-69.1462
2016-07-12,48.9332,0.9203,4.3822,3.4894,6.1588,18.0709,8.4831,271.3909,-68.8622
2016-07-13,49.0511,0.2409,4.1101,4.8715,4.8527,17.4113,8.4475,272.0446,-68.7872
2016-07-14,49.4215,0.7553,4.616,5.6446,5.4559,21.2229,9.7261,274.0993,-68.5515
2016-07-15,49.4131,-0.0171,2.5511,5.5888,5.2874,19.7826,9.2081,274.0525,-68.5569
2016-07-18,49.371,-0.0852,1.8233,5.3104,5.1039,21.8208,9.1548,273.819,-68.5837
2016-07-19,49.3963,0.0512,0.9463,5.2754,4.4132,21.9082,9.1907,273.9591,-68.5676
2016-07-20,49.4889,0.1875,0.8925,4.5163,4.7759,23.7395,10.5832,274.4727,-68.5086
2016-07-21,48.9837,-1.0208,-0.8859,3.5231,3.9644,21.943,9.94,271.671,-68.8301
2016-07-22,49.0763,0.1891,-0.6815,4.015,3.9025,21.1186,11.1754,272.1847,-68.7712
2016-07-25,48.8153,-0.5318,-1.1255,2.2755,3.847,21.9791,12.0475,270.7372,-68.9372
2016-07-26,49.2195,0.8279,-0.3579,7.5028,3.7823,20.7026,13.533,272.9785,-68.6801
2016-07-27,49.0258,-0.3934,-0.9357,9.661,2.6491,21.5939,10.9368,271.9045,-68.8033
2016-07-28,49.009,-0.0343,0.0516,7.7963,3.6129,20.853,9.5512,271.8111,-68.814
2016-07-29,48.8659,-0.292,-0.4289,5.6041,3.9174,17.3424,9.3319,271.0174,-68.9051
2016-08-01,48.8069,-0.1206,-0.0173,3.4994,3.2588,17.4828,9.3008,270.6904,-68.9426
2016-08-02,48.3523,-0.9315,-1.7619,2.2068,3.1374,18.77,8.8043,268.1689,-69.2319
2016-08-03,48.588,0.4876,-0.893,3.6459,4.9334,17.4505,9.3956,269.4764,-69.0819
2016-08-04,48.6048,0.0346,-0.8246,3.163,5.0267,15.4911,8.8281,269.5698,-69.0712
2016-08-05,49.0932,1.0047,0.4652,3.9209,5.3765,17.7704,10.4921,272.2781,-68.7604
2016-08-08,49.1605,0.1372,0.7245,2.0269,5.9974,18.9302,11.1794,272.6517,-68.7176
2016-08-09,49.1437,-0.0342,1.6368,1.3545,4.1744,18.175,9.0095,272.5583,-68.7283
2016-08-10,49.1184,-0.0514,1.0917,0.3785,4.9967,18.7326,10.3036,272.4182,-68.7444
2016-08-11,49.4384,0.6514,1.7149,0.7896,5.9081,21.8868,11.0015,274.1926,-68.5408
2016-08-12,49.3037,-0.2725,0.4287,-0.2385,6.9625,19.1564,10.7809,273.4455,-68.6265
2016-08-15,49.632,0.666,0.959,0.443,6.361,17.5827,10.8215,275.2665,-68.4176
2016-08-16,49.4131,-0.441,0.5482,0.0853,6.4075,15.2894,9.7876,274.0525,-68.5569
2016-08-17,49.5562,0.2896,0.8913,0.3238,7.0825,15.6907,10.3075,274.8463,-68.4658
2016-08-18,49.7078,0.3058,0.5449,0.4423,8.4302,16.2706,11.689,275.6868,-68.3694
2016-08-19,49.6909,-0.0339,0.7855,1.4438,7.8419,14.2937,14.0142,275.5935,-68.3801
2016-08-22,49.6488,-0.0847,0.0339,1.1666,7.9467,15.3461,17.1496,275.36,-68.4069
2016-08-23,49.6909,0.0848,0.5623,1.7937,6.9287,15.377,21.5722,275.5935,-68.3801
2016-08-24,49.5394,-0.305,-0.034,0.65,5.8776,13.5318,22.8099,274.7529,-68.4765
2016-08-25,49.531,-0.017,-0.3557,1.0304,6.1636,13.361,19.0696,274.7062,-68.4819
2016-08-26,49.3879,-0.2889,-0.6099,0.7731,5.4594,13.7492,15.9255,273.9125,-68.5729
2016-08-29,49.7415,0.716,0.1865,1.7918,6.2334,12.3646,16.7104,275.8736,-68.3479
2016-08-30,49.6067,-0.2708,-0.1695,1.6388,5.851,11.9759,17.4382,275.1264,-68.4336
2016-08-31,49.3289,-0.5601,-0.4249,2.0198,5.1267,10.5588,19.9614,273.5855,-68.6104
2016-09-01,49.371,0.0854,-0.323,1.6115,5.3104,10.2005,17.4526,273.819,-68.5837
2016-09-02,49.6152,0.4946,0.4603,2.0787,4.8388,10.417,17.9641,275.1732,-68.4283
2016-09-06,49.472,-0.2885,-0.5416,0.7717,4.0394,11.6719,19.2821,274.3794,-68.5194
2016-09-07,49.531,0.1191,-0.1527,0.7535,3.5072,11.4487,16.2165,274.7062,-68.4819
2016-09-08,49.4889,-0.085,0.3243,0.7024,3.4373,11.5212,17.3651,274.4727,-68.5086
2016-09-09,48.0913,-2.8241,-2.5921,-2.0912,1.7088,6.8276,13.9839,266.7214,-69.398
2016-09-12,48.7059,1.278,-1.8327,-1.4816,4.1335,8.0928,14.813,270.1301,-69.0069
2016-09-13,47.9902,-1.4693,-2.9952,-2.6639,2.585,6.5637,13.7,266.1611,-69.4623
2016-09-14,47.9481,-0.0877,-3.1956,-3.3927,2.4584,6.0973,11.6612,265.9276,-69.4891
2016-09-15,48.327,0.7902,-2.3477,-2.1979,3.0836,4.6404,11.7292,268.029,-69.248
2016-09-16,47.9224,-0.8373,-0.3512,-3.297,2.1342,2.8819,11.281,265.7846,-69.5055
2016-09-19,48.134,0.4416,-1.1741,-3.1661,1.655,2.7269,14.2975,266.9584,-69.3708
2016-09-20,48.1763,0.0879,0.3878,-3.0481,1.8168,3.4085,13.8385,267.1931,-69.3439
2016-09-21,48.8028,1.3003,1.7824,-1.7041,3.4352,5.4354,17.0129,270.6675,-68.9452
2016-09-22,49.1498,0.7112,1.7026,-1.0889,2.9764,6.4934,18.6697,272.5924,-68.7244
2016-09-23,48.862,-0.5856,1.9608,-1.3673,6.722,5.8314,18.7104,270.9961,-68.9075
2016-09-26,48.6504,-0.4331,1.0728,-1.7778,8.8212,4.6895,17.959,269.8223,-69.0422
2016-09-27,48.989,0.696,1.6869,-0.8076,7.7524,5.2285,21.1639,271.7003,-68.8267
2016-09-28,49.3699,0.7776,1.1622,-0.7469,6.6935,6.2953,21.311,273.8131,-68.5843
2016-09-29,48.9805,-0.7888,-0.3445,-1.2624,3.8675,4.9649,18.569,271.6534,-68.8321
2016-09-30,49.4207,0.8987,1.1435,0.1862,4.4653,7.1192,19.899,274.0948,-68.552
2016-10-03,49.4631,0.0856,1.6704,0.1865,5.5125,7.8766,18.5019,274.3296,-68.5251
2016-10-04,49.0483,-0.8386,0.121,-1.1426,4.1041,6.4471,14.2668,272.029,-68.789
2016-10-05,49.3615,0.6386,-0.0171,-0.2235,4.4888,8.1687,15.1074,273.7662,-68.5897
2016-10-06,49.3615,0.0,0.7778,-0.3422,2.444,7.7535,13.6157,273.7662,-68.5897
2016-10-07,48.7266,-1.2862,-1.4046,-1.5404,0.4942,6.3286,10.6153,270.2449,-68.9937
2016-10-10,48.7774,0.1043,-1.3863,1.4267,-0.3185,5.8208,10.3573,270.5266,-68.9614
2016-10-11,48.2694,-1.0413,-1.5879,-0.8961,-1.5935,3.1819,9.1877,267.7096,-69.2846
2016-10-12,48.3626,0.1929,-2.0237,0.7758,-2.1427,3.1962,10.5789,268.226,-69.2254
2016-10-13,48.3456,-0.035,-2.058,0.829,-2.1603,3.0129,11.746,268.1321,-69.2361
2016-10-14,48.4472,0.2101,-0.5733,0.2487,-1.8711,3.1373,10.7724,268.6955,-69.1715
2016-10-17,48.3202,-0.2621,-0.9372,0.8302,-2.1784,2.1387,11.0497,267.9913,-69.2523
2016-10-18,48.4218,0.2102,0.3157,0.598,-2.1561,2.5168,11.1352,268.5547,-69.1876
2016-10-19,48.5742,0.3147,0.4376,0.8259,-0.836,3.0953,10.7483,269.3999,-69.0907
2016-10-20,48.3118,-0.5403,-0.07,-1.0061,-1.5579,2.2838,10.1292,267.9444,-69.2577
2016-10-21,48.2441,-0.1402,-0.4193,-1.8429,-1.1703,2.6317,6.9861,267.5688,-69.3008
2016-10-24,48.3372,0.193,0.035,-1.0742,-1.7926,1.922,6.8004,268.0852,-69.2415
2016-10-25,48.2102,-0.2627,-0.4371,-0.9048,-1.6637,0.9414,6.7542,267.3809,-69.3223
2016-10-26,48.3795,0.3512,-0.4009,-1.2442,-1.2844,2.2821,8.3208,268.32,-69.2146
2016-10-27,48.0493,-0.6824,-0.5432,-2.6749,-1.6709,2.181,6.7307,266.4889,-69.4247
2016-10-28,48.3372,0.599,0.193,-1.3135,-0.9624,2.265,7.4293,268.0852,-69.2415
2016-10-31,48.4303,0.1926,0.1926,-2.0041,0.1614,3.3038,7.7751,268.6016,-69.1823
2016-11-01,48.0155,-0.8565,-0.4039,-2.9266,-1.1783,3.697,5.6259,266.3011,-69.4462
2016-11-02,47.8377,-0.3702,-1.1198,-2.468,-1.5783,3.3691,5.1582,265.3152,-69.5593
2016-11-03,47.7615,-0.1593,-0.599,-3.2413,-2.7125,2.5181,5.2781,264.8925,-69.6078
2016-11-04,47.8038,0.0886,-1.1033,-3.1556,-2.7597,3.0721,5.237,265.1273,-69.5809
2016-11-07,48.9805,2.4615,1.1362,0.5212,-0.332,3.8285,7.8273,271.6534,-68.8321
2016-11-08,49.2768,0.6049,2.6269,1.0239,0.3225,5.3353,9.3165,273.2966,-68.6436
2016-11-09,50.5128,2.5082,5.5919,4.6475,2.1732,8.2096,12.079,280.1514,-67.8571
2016-11-10,51.5879,2.1284,8.0113,6.669,4.6329,11.918,14.3174,286.114,-67.173
2016-11-11,51.681,0.1805,8.1105,6.899,4.1283,10.752,16.1002,286.6305,-67.1137
2016-11-14,51.9011,0.4259,5.9627,7.1292,5.0351,11.7652,17.1175,287.8513,-66.9737
2016-11-15,52.0958,0.3751,5.7207,7.8136,5.1246,12.5701,16.0605,288.9311,-66.8498
2016-11-16,51.7995,-0.5688,2.5473,6.9755,4.208,12.9929,15.635,287.2878,-67.0383
2016-11-17,51.9095,0.2124,0.6236,6.8665,4.4648,12.6568,14.2962,287.8981,-66.9683
2016-11-18,51.8926,-0.0326,0.4095,7.4119,4.5193,12.8251,13.7611,287.8042,-66.9791
2016-11-21,52.172,0.5383,0.5219,8.1417,4.9929,12.2675,13.7952,289.3536,-66.8013
2016-11-22,52.409,0.4543,0.6012,8.4238,5.7926,12.0106,14.8932,290.6682,-66.6505
2016-11-23,52.7984,0.743,1.9284,9.5171,6.5967,13.1669,15.9363,292.8279,-66.4027
2016-11-25,53.0862,0.5452,2.2668,9.7288,7.4884,13.3566,16.5683,294.4243,-66.2195
2016-11-28,52.7222,-0.6857,1.5987,9.7252,5.9925,12.5995,15.5589,292.4054,-66.4512
2016-11-29,52.7645,0.0803,1.1358,9.1594,6.3657,12.5892,16.4122,292.6401,-66.4242
2016-11-30,52.8323,0.1284,0.8076,9.0893,7.1021,12.5929,16.0106,293.0157,-66.3811
2016-12-01,53.1794,0.6569,0.7215,10.7546,7.7137,13.4338,17.9739,294.9407,-66.1603
2016-12-02,53.1709,-0.0159,0.1595,11.1485,7.1666,12.3522,19.4472,294.8938,-66.1657
2016-12-05,53.1286,-0.0796,0.7707,11.2372,7.3911,11.729,17.6021,294.6589,-66.1926
2016-12-06,53.2301,0.1912,0.8824,11.3512,7.4684,11.2375,18.4129,295.2224,-66.128
2016-12-07,54.2206,1.8607,2.6278,10.6983,9.5612,13.3271,22.5806,300.7155,-65.4977
2016-12-08,53.9158,-0.5621,1.3849,9.4142,12.1114,14.0272,22.2577,299.0253,-65.6916
2016-12-09,54.1613,0.4553,1.8627,7.2231,11.2008,15.7972,22.2406,300.3869,-65.5354
2016-12-12,53.9666,-0.3595,1.5774,4.6111,12.4533,15.3603,23.8848,299.307,-65.6593
2016-12-13,53.8905,-0.1412,1.2405,4.2752,12.3932,15.1562,23.2648,298.8845,-65.7078
2016-12-14,53.3487,-1.0054,-1.6081,2.7891,10.3909,13.7949,22.0024,295.8797,-66.0525
2016-12-15,53.4079,0.1111,-0.9421,2.5187,11.4467,13.8252,20.002,296.2083,-66.0148
2016-12-16,53.3006,-0.2009,-1.5892,2.8979,10.7338,12.5664,21.7772,295.6131,-66.0831
2016-12-19,53.5987,0.5593,-0.6817,3.2541,11.2553,13.2765,24.3542,297.2665,-65.8934
2016-12-20,53.9053,0.572,0.0276,3.8786,10.4554,14.2498,24.1061,298.967,-65.6983
2016-12-21,53.7009,-0.3792,0.6603,2.9306,9.2595,12.5115,21.9514,297.8333,-65.8284
2016-12-22,53.5987,-0.1903,0.3573,2.2701,9.694,17.0677,20.3083,297.2665,-65.8934
2016-12-23,53.6498,0.0953,0.6551,1.6125,10.2762,20.0039,20.468,297.5498,-65.8609
2016-12-27,53.7605,0.2064,0.3019,1.2702,9.74,18.2474,20.9882,298.164,-65.7905
2016-12-28,53.1984,-1.0456,-1.3114,0.9032,7.7546,14.9672,18.5892,295.0462,-66.1482
2016-12-29,53.1814,-0.032,-0.9675,0.7899,8.5765,12.7758,19.5502,294.9518,-66.159
2016-12-30,52.994,-0.3523,-1.1283,0.3061,7.2303,12.0184,20.0055,293.9126,-66.2782
2017-01-03,53.3091,0.5947,-0.635,0.244,7.7756,13.7167,22.358,295.6604,-66.0777
2017-01-04,53.6243,0.5912,-0.2535,0.8527,9.3296,13.8166,22.7527,297.4082,-65.8772
2017-01-05,53.4709,-0.2859,0.5123,0.6444,8.3252,13.1878,24.322,296.5579,-65.9747
2017-01-06,53.7776,0.5734,1.1211,1.0284,8.9464,11.609,28.5198,298.2584,-65.7796
2017-01-09,53.3602,-0.776,0.6911,-1.5868,9.5095,10.0507,28.8306,295.9438,-66.0452
2017-01-10,53.5817,0.415,0.5113,-0.6198,9.8494,9.4996,29.2872,297.172,-65.9043
2017-01-11,53.8627,0.5246,0.4447,-0.5513,11.5876,9.8095,28.9288,298.7308,-65.7254
2017-01-12,53.6413,-0.4111,0.3186,-0.6029,10.9149,8.5383,31.5733,297.5026,-65.8663
2017-01-13,53.8457,0.3811,0.1267,-0.0831,11.3765,8.9705,30.5277,298.6363,-65.7363
2017-01-17,53.4284,-0.775,0.1277,0.1494,10.2816,8.2181,31.8322,296.3217,-66.0018
2017-01-18,53.6328,0.3826,0.0954,0.421,10.9944,8.5766,32.3637,297.4553,-65.8718
2017-01-19,54.0246,0.7305,0.3004,1.3582,11.5707,9.165,35.0803,299.6283,-65.6225
2017-01-20,54.0331,0.0158,0.7304,0.8104,11.2382,10.3082,34.5132,299.6755,-65.617
2017-01-23,53.735,-0.5517,-0.2056,-0.316,11.2254,9.4926,32.616,298.0222,-65.8067
2017-01-24,54.2716,0.9986,1.5782,1.0627,12.4938,11.1773,35.6131,300.9982,-65.4653
2017-01-25,54.8422,1.0515,2.255,2.32,13.4576,11.4238,34.4914,304.1631,-65.1022
2017-01-26,54.97,0.233,1.75,2.4607,14.0215,12.1245,36.3366,304.8717,-65.0209
2017-01-27,54.9274,-0.0775,1.6551,2.1705,13.5344,12.0762,35.4474,304.6355,-65.048
2017-01-30,54.4589,-0.8528,1.3473,2.3695,13.3396,11.4458,30.7731,302.0375,-65.346
2017-01-31,53.982,-0.8758,-0.5336,1.5054,11.678,10.6031,29.9397,299.3921,-65.6495
2017-02-01,53.8883,-0.1735,-1.7394,1.6876,11.2698,11.4494,32.3685,298.8725,-65.7092
2017-02-02,53.7861,-0.1897,-2.1537,0.8947,12.0182,10.6982,30.0156,298.3056,-65.7742
2017-02-03,54.1864,0.7443,-1.349,1.0483,13.2713,11.4835,28.7536,300.5259,-65.5195
2017-02-06,54.263,0.1414,-0.3597,1.4814,13.6125,10.5307,30.1725,300.951,-65.4707
2017-02-07,54.3567,0.1727,0.6942,1.077,13.7079,10.5699,31.501,301.4706,-65.4111
2017-02-08,54.2801,-0.141,0.727,1.7239,10.8197,10.4518,30.5264,301.0455,-65.4599
2017-02-09,54.6974,0.7689,1.6944,2.0823,11.0003,11.3582,32.2186,303.3601,-65.1943
2017-02-10,55.1318,0.7942,1.7447,2.3561,9.1443,11.5162,35.9236,305.7692,-64.9179
2017-02-13,55.6854,1.0042,2.6213,3.8108,7.9429,12.9438,34.5798,308.8397,-64.5656
2017-02-14,55.711,0.0459,2.4914,3.4641,7.7978,12.2481,31.9843,308.9814,-64.5493
2017-02-15,56.0091,0.5351,3.1853,4.8302,7.915,13.3486,30.6789,310.6348,-64.3596
2017-02-16,56.0261,0.0304,2.4292,4.4625,7.5444,13.0556,30.7949,310.7292,-64.3488
2017-02-17,56.1198,0.1672,1.7921,3.8783,8.3404,12.8994,31.2689,311.2488,-64.2892
2017-02-21,56.4009,0.5008,1.2848,4.3821,8.6522,13.5033,29.7271,312.8076,-64.1103
2017-02-22,56.2475,-0.2718,0.9631,4.6759,8.3922,13.2907,30.6765,311.9573,-64.2079
2017-02-23,55.8813,-0.6511,-0.2281,2.9661,7.1098,12.4577,29.7503,309.9261,-64.4409
2017-02-24,56.1198,0.4268,0.1672,2.3296,7.0804,13.2832,28.6124,311.2488,-64.2892
2017-02-27,56.3242,0.3642,0.3642,2.4636,6.6778,13.7151,28.9086,312.3825,-64.1591
2017-02-28,56.0942,-0.4083,-0.5436,2.1244,5.6663,13.579,29.1952,311.1071,-64.3054
2017-03-01,57.0397,1.6854,1.4083,4.7388,8.189,14.6723,28.851,316.3505,-63.7038
2017-03-02,56.4264,-1.0752,0.9755,4.5282,6.94,13.7474,27.3698,312.9493,-64.0941
2017-03-03,56.486,0.1057,0.6526,4.8206,6.9157,14.509,26.5997,313.2799,-64.0561
2017-03-06,56.3498,-0.2412,0.0454,4.7664,5.9617,14.1353,25.7777,312.5242,-64.1429
2017-03-07,56.1879,-0.2872,0.167,3.6938,5.6742,13.2475,25.0445,311.6267,-64.2458
2017-03-08,55.992,-0.3487,-1.8367,3.1863,5.3897,13.1791,26.3893,310.5402,-64.3705
2017-03-09,55.7365,-0.4563,-1.2226,2.5384,4.7086,12.5286,25.4117,309.1232,-64.5331
2017-03-10,56.0772,0.6112,-0.7237,3.3108,3.4242,13.3127,26.3677,311.0126,-64.3163
2017-03-13,56.0431,-0.0607,-0.5441,2.4603,3.9456,16.5349,24.4915,310.8237,-64.338
2017-03-14,55.5151,-0.9423,-1.1975,0.6952,2.4995,13.9802,23.2044,307.8949,-64.674
2017-03-15,56.1454,1.1353,0.2738,0.8259,4.0372,16.9933,24.6724,311.3905,-64.2729
2017-03-16,55.8898,-0.4551,0.275,0.321,3.71,16.563,23.6703,309.9733,-64.4355
2017-03-17,56.1953,0.5465,0.2105,0.3324,5.3359,16.2812,21.6771,311.6674,-64.2412
2017-03-20,56.0926,-0.1827,0.0883,0.1187,5.0268,17.0489,20.4221,311.098,-64.3065
2017-03-21,55.237,-1.5253,-0.5009,-1.573,3.633,14.7567,17.886,306.3528,-64.8509
2017-03-22,55.4338,0.3562,-1.2674,-1.7146,3.4237,15.0644,18.9863,307.4441,-64.7257
2017-03-23,55.3568,-0.1389,-0.9537,-1.5836,2.6926,13.4296,19.5949,307.017,-64.7747
2017-03-24,55.2113,-0.2627,-1.7509,-1.1989,2.8127,12.3327,19.6269,306.2104,-64.8673
2017-03-27,55.0146,-0.3564,-1.9219,-1.9694,2.6416,12.5917,19.1573,305.119,-64.9925
2017-03-28,55.5964,1.0575,0.6505,-1.2922,3.6283,14.2773,19.6363,308.3457,-64.6223
2017-03-29,55.5878,-0.0154,0.2778,-0.9028,3.3989,13.47,19.4028,308.2983,-64.6277
2017-03-30,55.8958,0.5541,0.9738,-2.0053,5.0705,13.2183,20.3458,310.0066,-64.4317
2017-03-31,55.6648,-0.4133,0.8213,-1.3497,4.6698,13.6468,19.2893,308.7254,-64.5787
2017-04-03,55.545,-0.2152,0.9642,-1.6659,4.8138,12.3921,20.3936,308.061,-64.6549
2017-04-04,55.6905,0.2619,0.1693,-1.1699,4.4671,12.5901,21.4584,308.8678,-64.5624
2017-04-05,55.5108,-0.3227,-0.1386,-1.2051,3.518,13.1758,20.4724,307.8711,-64.6767
2017-04-06,55.6648,0.2775,-0.4133,-0.5844,4.1029,12.7697,21.9815,308.7254,-64.5787
2017-04-07,55.7247,0.1076,0.1076,-0.0212,3.6207,12.8911,21.644,309.0576,-64.5406
2017-04-10,55.8616,0.2457,0.57,-0.3845,4.6877,14.643,21.8983,309.8169,-64.4535
2017-04-11,55.9386,0.1378,0.4455,-0.1865,4.3988,14.6814,21.3568,310.2438,-64.4045
2017-04-12,55.1686,-1.3766,-0.6165,-0.6241,2.4244,14.2929,17.9296,305.9732,-64.8945
2017-04-13,54.775,-0.7134,-1.5985,-2.4407,2.1135,13.2591,16.8791,303.7903,-65.1449
2017-04-17,55.3739,1.0934,-0.6295,-0.9231,2.8381,14.5376,17.9884,307.112,-64.7638
2017-04-18,55.1942,-0.3245,-1.1947,-1.7814,3.3051,13.9265,17.5007,306.1154,-64.8782
2017-04-19,55.2455,0.093,-1.2389,-1.5101,3.0071,14.3321,16.7774,306.4001,-64.8455
2017-04-20,55.9129,1.208,1.3492,1.2236,3.4954,15.4705,18.3766,310.1014,-64.4208
2017-04-21,55.9643,0.0918,2.1712,0.9569,3.5741,15.2139,18.7801,310.3862,-64.3882
2017-04-24,56.76,1.4218,2.5031,2.5348,5.6294,17.4868,20.1699,314.7992,-63.8818
2017-04-25,57.0338,0.4824,3.3328,3.3008,5.0896,18.2192,21.3304,316.3178,-63.7076
2017-04-26,57.0423,0.015,3.2523,3.6858,4.0117,18.0092,20.2773,316.3652,-63.7022
2017-04-27,57.0252,-0.03,1.9893,2.57,3.7388,18.2846,19.398,316.2703,-63.713
2017-04-28,56.76,-0.4651,1.4218,2.1086,3.3364,17.3223,19.9997,314.7992,-63.8818
2017-05-01,56.5888,-0.3015,-0.3015,1.2398,3.911,17.7723,20.341,313.8502,-63.9907
2017-05-02,56.8626,0.4838,-0.3001,2.1518,5.3363,17.6375,20.302,315.3687,-63.8165
2017-05-03,56.9054,0.0752,-0.24,2.4492,5.5988,17.4996,21.3816,315.606,-63.7893
2017-05-04,56.9653,0.1052,-0.105,2.2891,5.9109,18.6394,23.0255,315.9381,-63.7512
2017-05-05,57.2562,0.5106,0.8743,3.1443,5.6652,19.6884,23.7208,317.5514,-63.5661
2017-05-08,57.1022,-0.2689,0.9072,2.5822,5.2322,19.5569,22.5675,316.6974,-63.664
2017-05-09,57.1792,0.1348,0.5567,2.6101,5.1925,19.6121,23.2868,317.1244,-63.6151
2017-05-10,57.0594,-0.2095,0.2706,2.1443,5.1204,16.4941,20.954,316.4601,-63.6913
2017-05-11,57.0423,-0.03,0.1352,1.9731,4.287,15.7589,21.9349,316.3652,-63.7022
2017-05-12,56.7257,-0.555,-0.9265,2.8226,2.8911,12.2998,21.5192,314.6094,-63.9036
2017-05-15,56.991,0.4676,-0.1948,4.0456,2.3445,10.4736,23.6399,316.0805,-63.7348
2017-05-16,56.9311,-0.1051,-0.4339,2.8121,2.1901,10.1587,22.0029,315.7483,-63.7729
2017-05-17,55.7931,-1.9988,-2.2192,1.0851,-0.3855,7.499,20.1464,309.4372,-64.497
2017-05-18,55.8701,0.138,-2.0549,1.1306,-0.2784,7.245,20.7258,309.8642,-64.448
2017-05-19,56.606,1.317,-0.2111,1.2395,0.8663,9.279,23.4775,313.9451,-63.9798
2017-05-22,57.0423,0.7709,0.0901,1.9263,1.1373,9.8879,23.7962,316.3652,-63.7022
2017-05-23,57.1621,0.21,0.4058,0.7085,1.6259,10.1546,24.282,317.0295,-63.6259
2017-05-24,57.2305,0.1197,2.5763,0.345,2.4144,9.6959,23.1529,317.4091,-63.5824
2017-05-25,57.607,0.6578,3.1088,0.99,2.6501,9.9182,23.1201,319.4971,-63.3428
2017-05-26,57.6754,0.1188,1.8893,1.1403,2.399,9.2371,23.6203,319.8766,-63.2993
2017-05-30,57.6583,-0.0297,1.0799,1.5828,2.7883,8.6126,23.1195,319.7817,-63.3102
2017-05-31,57.7695,0.1929,1.0627,2.0865,1.2796,9.5734,23.3791,320.3986,-63.2394
2017-06-01,58.1289,0.6221,1.5698,2.2269,3.0172,10.1666,24.0357,322.3916,-63.0107
2017-06-02,58.3599,0.3974,1.307,2.556,3.3175,10.4626,24.373,323.6728,-62.8637
2017-06-05,58.1546,-0.3518,0.8308,2.0877,3.2029,9.3556,24.0462,322.5341,-62.9944
2017-06-06,57.761,-0.6768,0.1781,0.8817,2.7997,8.6328,22.0513,320.3513,-63.2448
2017-06-07,57.6926,-0.1185,-0.1332,1.0339,3.0371,8.5905,21.3271,319.9717,-63.2884
2017-06-08,57.8808,0.3263,-0.4268,1.227,3.8472,8.7369,20.9562,321.0156,-63.1686
2017-06-09,58.1033,0.3843,-0.4398,1.8294,3.613,7.1609,21.4423,322.2494,-63.027
2017-06-12,58.3171,0.3681,0.2795,2.2349,4.0576,8.1633,23.3356,323.4356,-62.8909
2017-06-13,58.5567,0.4108,1.3776,3.2278,5.4789,8.1153,25.1946,324.7643,-62.7385
2017-06-14,58.4968,-0.1023,1.394,2.6422,4.1882,8.3944,25.0441,324.4321,-62.7766
2017-06-15,58.8476,0.5997,1.6704,3.3664,5.2922,9.1986,25.749,326.3777,-62.5534
2017-06-16,59.0401,0.3272,1.6125,5.8197,5.0625,10.6685,25.9351,327.4455,-62.4309
2017-06-19,59.4012,0.6116,1.8589,6.3201,5.8985,11.2218,26.5984,329.4481,-62.2011
2017-06-20,58.7651,-1.0709,0.3559,3.8143,6.3872,10.2522,24.1069,325.92,-62.6059
2017-06-21,58.3696,-0.6729,-0.2174,2.3269,5.2961,8.9012,23.3595,323.7268,-62.8575
2017-06-22,58.2493,-0.2062,-1.0167,1.902,5.2253,8.0586,23.4567,323.0594,-62.9341
2017-06-23,58.4642,0.3689,-0.9755,2.1556,5.8916,8.8701,22.4914,324.2512,-62.7974
2017-06-26,58.4814,0.0294,-1.5485,1.5179,6.3017,9.1097,27.7322,324.3467,-62.7864
2017-06-27,58.043,-0.7497,-1.2288,0.6372,4.4007,8.1886,29.8306,321.915,-63.0654
2017-06-28,58.5674,0.9034,0.3387,1.5766,5.3601,8.9412,28.8202,324.8234,-62.7317
2017-06-29,58.0688,-0.8513,-0.3099,0.518,3.8875,9.1551,25.4926,322.0581,-63.049
2017-06-30,58.5502,0.829,0.147,0.7247,5.1834,10.0953,24.1608,324.728,-62.7427
2017-07-03,58.9112,0.6167,0.7349,0.9446,6.0603,11.1658,24.5262,326.7304,-62.5129
2017-07-05,59.0832,0.2919,1.7921,1.5967,6.092,10.8312,26.0336,327.684,-62.4035
2017-07-06,58.5674,-0.873,0.0,1.396,5.5063,9.218,24.3082,324.8234,-62.7317
2017-07-07,59.023,0.7779,1.6432,2.306,6.0328,10.3833,24.9404,327.3503,-62.4418
2017-07-10,59.1949,0.2913,1.1012,2.2703,6.2274,10.0736,22.8521,328.3038,-62.3324
2017-07-11,59.1433,-0.0871,0.394,1.79,5.8747,10.8379,21.9778,328.0178,-62.3652
2017-07-12,59.47,0.5523,0.6547,1.9768,6.3129,10.9894,21.5329,329.8294,-62.1574
2017-07-13,59.427,-0.0723,1.4678,1.4862,7.7189,10.3304,21.1533,329.591,-62.1847
2017-07-14,59.6849,0.434,1.1215,2.031,8.9638,11.2667,20.767,331.0214,-62.0206
2017-07-17,59.6505,-0.0576,0.7697,1.3643,7.7231,10.7804,20.718,330.8306,-62.0425
2017-07-18,59.513,-0.2305,0.625,0.8009,7.8247,11.3884,20.5424,330.0679,-62.13
2017-07-19,59.5731,0.1011,0.1735,0.2894,7.8334,11.076,20.6025,330.4016,-62.0917
2017-07-20,59.2379,-0.5628,-0.3182,0.8046,5.9467,9.6499,19.6994,328.5422,-62.305
2017-07-21,59.1261,-0.1887,-0.9362,1.296,5.6498,9.4258,20.7057,327.9224,-62.3762
2017-07-24,58.9972,-0.2181,-1.0952,1.2839,3.9416,9.7929,20.2152,327.2073,-62.4582
2017-07-25,58.9198,-0.1312,-0.9967,0.7793,3.3069,8.5648,20.6994,326.7781,-62.5074
2017-07-26,58.9972,0.1313,-0.9668,0.882,3.4271,7.5763,19.8656,327.2073,-62.4582
2017-07-27,58.6619,-0.5682,-0.9723,1.0664,2.8702,6.7163,19.6552,325.3479,-62.6715
2017-07-28,58.7995,0.2345,-0.5524,0.3964,3.5933,7.0495,19.977,326.1108,-62.584
2017-07-31,58.7221,-0.1316,-0.4663,1.1251,3.7697,7.8282,20.17,325.6816,-62.6333
2017-08-01,58.5502,-0.2928,-0.6274,0.0,2.9677,8.4624,19.9628,324.728,-62.7427
2017-08-02,58.8081,0.4405,-0.3206,-0.1751,3.3435,9.1296,21.6242,326.1583,-62.5786
2017-08-03,59.1003,0.497,0.7473,0.0291,3.748,9.8804,21.6356,327.7793,-62.3926
2017-08-04,59.2121,0.1891,0.7017,1.1009,3.4161,9.2749,21.8235,328.3992,-62.3214
2017-08-07,59.2121,0.0,0.8345,0.3204,3.695,9.1205,20.6117,328.3992,-62.3214
2017-08-08,59.0316,-0.3049,0.8222,-0.2759,3.2396,8.6003,20.0792,327.3979,-62.4363
2017-08-09,59.0488,0.0291,0.4093,-0.1599,3.4864,8.7853,20.1553,327.4933,-62.4254
2017-08-10,58.3009,-1.2666,-1.3527,-1.9658,2.2064,6.588,18.6945,323.3454,-62.9013
2017-08-11,58.3353,0.059,-1.4809,-1.8371,2.8374,5.8106,17.9959,323.5361,-62.8794
2017-08-14,58.9456,1.0463,-0.4501,-1.2387,3.4297,5.8546,19.5563,326.9212,-62.491
2017-08-15,58.8167,-0.2187,-0.364,-1.3979,3.3121,5.5747,18.5055,326.2061,-62.5731
2017-08-16,58.98,0.2777,-0.1165,-0.8956,5.7119,5.3043,19.361,327.1119,-62.4692
2017-08-17,57.957,-1.7344,-0.5898,-2.7128,3.7352,3.4465,16.9521,321.4384,-63.1201
2017-08-18,57.7249,-0.4005,-1.0463,-2.5541,1.9767,2.8602,16.1285,320.151,-63.2678
2017-08-21,57.8195,0.1638,-1.9105,-2.21,1.3624,2.5152,16.3581,320.6754,-63.2076
2017-08-22,58.4814,1.1448,-0.57,-0.8742,2.3081,3.9715,17.7901,324.3467,-62.7864
2017-08-23,57.9312,-0.9408,-1.7782,-1.6779,1.2243,3.6684,16.5831,321.2953,-63.1365
2017-08-24,57.7507,-0.3116,-0.356,-2.1128,0.2494,2.9061,16.5753,320.2941,-63.2514
2017-08-25,58.0258,0.4763,0.5212,-1.0845,0.6074,3.021,17.1505,321.8197,-63.0763
2017-08-28,57.9914,-0.0593,0.2973,-1.3743,0.5777,3.3821,17.4203,321.6289,-63.0982
2017-08-29,58.4126,0.7264,-0.1176,-0.527,1.1132,2.407,17.4325,323.9652,-62.8302
2017-08-30,58.6533,0.4121,1.2465,0.1762,0.9022,3.9466,18.2366,325.3002,-62.677
2017-08-31,58.8511,0.3371,1.9054,0.0731,0.8416,4.187,19.3034,326.3968,-62.5512
2017-09-01,58.9026,0.0876,1.5111,-0.3346,1.2862,4.5304,19.306,326.6827,-62.5184
2017-09-05,58.3095,-1.007,0.5485,-1.5244,0.9495,3.7758,17.5235,323.3931,-62.8958
2017-09-06,58.3696,0.1032,-0.0736,-1.4228,1.1736,4.2463,17.9851,323.7268,-62.8575
2017-09-07,58.49,0.2062,-0.2785,-0.9174,1.0525,4.9401,18.0877,324.3943,-62.7809
2017-09-08,58.6877,0.338,-0.2776,-0.6115,1.0059,4.6552,18.5877,325.4908,-62.6551
2017-09-11,59.1949,0.8642,0.4962,1.5334,1.5051,5.6238,23.0886,328.3038,-62.3324
2017-09-12,59.4786,0.4792,2.005,1.9599,1.5743,7.1395,22.1178,329.8771,-62.1519
2017-09-13,59.3926,-0.1445,1.7526,0.7584,1.5314,5.7837,23.7598,329.4004,-62.2066
2017-09-14,59.6763,0.4776,2.0282,1.4615,1.4082,6.7749,24.4601,330.9737,-62.0261
2017-09-15,59.9233,0.4138,2.1053,1.5993,1.4958,6.634,23.9953,332.3434,-61.8689
2017-09-18,60.2601,0.5621,1.7994,3.9737,1.4458,7.4296,25.7452,334.2114,-61.6546
2017-09-19,60.3205,0.1003,1.4155,4.4965,2.6469,9.2031,25.3179,334.5467,-61.6161
2017-09-20,60.7609,0.7301,2.3038,5.0873,4.0968,9.6099,26.122,336.9893,-61.3359
2017-09-21,60.9423,0.2985,2.1214,4.208,4.6232,10.09,24.8747,337.9952,-61.2205
2017-09-22,61.0977,0.2551,1.96,5.466,4.5045,10.6616,24.3091,338.8573,-61.1216
2017-09-25,61.0977,0.0,1.3901,5.7957,4.4738,11.0574,25.0414,338.8573,-61.1216
2017-09-26,61.0977,0.0,1.2885,5.2941,5.263,9.8952,25.5853,338.8573,-61.1216
2017-09-27,61.1668,0.1131,0.668,5.4757,4.4384,10.0364,24.8583,339.2404,-61.0776
2017-09-28,61.1323,-0.0565,0.3117,4.6559,5.2757,9.3682,23.8249,339.0488,-61.0996
2017-09-29,61.3136,0.2967,0.3534,4.5356,4.7199,10.1479,25.1796,340.0547,-60.9842
2017-10-02,61.7368,0.6902,1.046,4.9035,4.7964,11.1473,24.9208,342.4016,-60.7149
2017-10-03,62.0045,0.4336,1.4841,5.2661,4.9444,11.3376,25.3551,343.8861,-60.5446
2017-10-04,61.9872,-0.0278,1.3412,6.3073,5.8392,11.667,26.38,343.7904,-60.5556
2017-10-05,62.134,0.2369,1.6387,6.4492,5.2709,11.6218,25.8756,344.6047,-60.4621
2017-10-06,62.1254,-0.0139,1.324,6.2154,4.9506,11.4863,25.8581,344.5568,-60.4676
2017-10-09,61.9527,-0.278,0.3497,5.5634,4.7501,10.9039,27.1436,343.599,-60.5775
2017-10-10,62.0477,0.1533,0.0697,4.8193,4.3345,10.921,27.2058,344.1257,-60.5171
2017-10-11,62.0131,-0.0557,0.0418,4.2613,4.3518,12.4066,28.4728,343.9341,-60.5391
2017-10-12,62.3413,0.5292,0.3336,4.9647,4.4507,13.8134,28.904,345.7542,-60.3302
2017-10-13,62.229,-0.1801,0.1668,4.2776,4.3227,12.3797,28.7169,345.1315,-60.4017
2017-10-16,62.2981,0.111,0.5575,3.9632,4.6799,12.8707,28.5897,345.5147,-60.3577
2017-10-17,62.134,-0.2634,0.1392,3.1098,4.2987,12.4689,28.588,344.6047,-60.4621
2017-10-18,62.1599,0.0417,0.2367,3.0494,4.9327,11.1728,28.3717,344.7483,-60.4457
2017-10-19,62.3326,0.2778,-0.0139,2.5867,5.4231,11.3794,28.3245,345.7061,-60.3358
2017-10-20,63.0062,1.0807,1.249,3.3867,6.7953,11.0047,30.4159,349.4421,-59.9071
2017-10-23,62.609,-0.6305,0.499,2.4735,6.2613,9.7753,29.7755,347.2388,-60.1599
2017-10-24,62.9631,0.5655,1.3342,3.053,6.7221,10.3796,30.2581,349.2026,-59.9346
2017-10-25,62.3413,-0.9875,0.2918,2.0353,6.2721,9.3224,29.3115,345.7542,-60.3302
2017-10-26,62.4276,0.1385,0.1524,2.0613,6.1704,9.9854,29.0374,346.233,-60.2753
2017-10-27,62.4535,0.0415,-0.8772,2.1613,6.3544,10.3637,29.9779,346.3768,-60.2588
2017-10-30,62.0218,-0.6914,-0.9379,1.1549,5.9293,9.073,28.3107,343.9821,-60.5336
2017-10-31,61.7713,-0.4038,-1.8927,0.056,5.0389,8.5509,27.5469,342.5932,-60.6929
2017-11-01,61.7368,-0.0559,-0.9696,-0.4317,4.461,8.3762,28.5769,342.4016,-60.7149
2017-11-02,62.0908,0.5735,-0.5395,0.1672,4.8617,8.4439,29.7947,344.3651,-60.4896
2017-11-03,62.0304,-0.0974,-0.6775,-0.1668,4.7596,8.6305,29.8753,344.0299,-60.5281
2017-11-06,62.0649,0.0557,0.0696,-0.0974,5.1385,8.5446,29.8325,344.2214,-60.5061
2017-11-07,62.1599,0.1531,0.6291,0.3345,5.2688,8.939,26.9074,344.7483,-60.4457
2017-11-08,62.0563,-0.1667,0.5175,0.0139,6.4415,8.79,25.9341,344.1736,-60.5116
2017-11-09,61.2791,-1.2524,-1.3073,-1.1836,5.0464,8.027,21.3141,339.8631,-61.0061
2017-11-10,61.3654,0.1409,-1.072,-1.5653,4.1052,7.6757,18.9533,340.3419,-60.9512
2017-11-13,61.1582,-0.3377,-1.461,-1.7208,3.981,7.425,18.3379,339.1924,-61.0831
2017-11-14,60.9941,-0.2683,-1.8755,-2.0932,3.4149,9.3219,17.5199,338.2825,-61.1875
2017-11-15,60.6487,-0.5663,-2.2683,-2.3905,4.6443,8.5529,16.4176,336.3668,-61.4073
2017-11-16,61.2186,0.9398,-0.0987,-1.5143,6.0524,8.1488,18.1838,339.5278,-61.0446
2017-11-17,60.8818,-0.5502,-0.7881,-2.3275,5.2964,6.731,17.2845,337.6598,-61.2589
2017-11-20,61.1582,0.4539,0.0,-2.9331,4.5771,6.9908,17.8553,339.1924,-61.0831
2017-11-21,61.5986,0.7201,0.9911,-1.6138,6.3306,7.6324,18.0684,341.6351,-60.8028
2017-11-22,61.6677,0.1122,1.6802,-2.0573,6.7826,7.049,17.6663,342.0184,-60.7589
2017-11-24,61.6677,0.0,0.7336,-1.0805,6.2764,6.922,16.7984,342.0184,-60.7589
2017-11-27,61.7713,0.168,1.461,-1.0513,6.5181,7.1334,16.3604,342.5932,-60.6929
2017-11-28,62.7126,1.5238,2.5417,0.4148,7.3614,8.5565,18.9491,347.8136,-60.094
2017-11-29,63.2653,0.8813,2.7057,2.005,7.8631,8.8362,19.9012,350.8788,-59.7423
2017-11-30,64.3448,1.7063,4.3411,4.1661,9.335,10.2551,21.7907,356.8659,-59.0554
2017-12-01,63.5503,-1.2348,3.0527,2.9374,7.8904,9.2782,19.5018,352.4594,-59.5609
2017-12-04,64.0857,0.8425,3.7466,3.2128,9.9061,10.9497,20.5278,355.4288,-59.2202
2017-12-05,63.5417,-0.8489,1.322,2.4363,8.8608,10.1384,19.5998,352.4116,-59.5664
2017-12-06,63.6366,0.1495,0.587,2.5324,8.7992,9.9443,19.55,352.9384,-59.506
2017-12-07,64.2239,0.9228,-0.1879,3.3203,9.4332,10.534,18.4492,356.1951,-59.1323
2017-12-08,64.5002,0.4303,1.4947,3.9382,8.9624,10.6024,19.6313,357.7277,-58.9565
2017-12-11,64.3707,-0.2008,0.4447,5.045,8.225,9.9288,18.8499,357.0094,-59.0389
2017-12-12,64.4398,0.1073,1.4134,5.0099,8.4979,10.1594,19.4067,357.3926,-58.9949
2017-12-13,64.6902,0.3886,1.6556,5.7752,8.4018,9.9283,20.0402,358.7816,-58.8356
2017-12-14,64.2498,-0.6808,0.0404,5.3377,7.2201,8.8239,20.4338,356.339,-59.1158
2017-12-15,64.703,0.7054,0.3144,6.6849,7.3729,8.9254,21.1487,358.8526,-58.8274
2017-12-18,65.1632,0.7112,1.2312,6.4434,8.0282,10.8876,22.256,361.4049,-58.5346
2017-12-19,65.1806,0.0266,1.1496,7.0608,7.2738,11.6686,21.6084,361.5012,-58.5235
2017-12-20,65.3976,0.333,1.0936,6.9319,7.3107,12.2719,21.3195,362.7051,-58.3854
2017-12-21,65.4497,0.0796,1.8676,6.2519,7.123,11.9484,21.8782,362.9939,-58.3523
2017-12-22,65.4671,0.0265,1.1809,6.161,7.1514,11.9451,22.143,363.0902,-58.3412
2017-12-26,65.5366,0.1061,0.573,6.2737,7.2651,12.9104,22.1562,363.4756,-58.297
2017-12-27,65.6929,0.2385,0.786,6.3484,7.3995,12.1663,22.1953,364.3425,-58.1975
2017-12-28,65.823,0.1982,0.6505,4.9598,7.6731,13.3536,23.7313,365.0645,-58.1147
2017-12-29,65.7015,-0.1846,0.3847,3.8508,7.1565,12.2141,23.5424,364.3905,-58.192
2018-01-02,66.0922,0.5947,0.9549,2.7158,7.0548,12.1896,24.7165,366.5575,-57.9434
2018-01-03,66.4482,0.5386,1.3911,4.5601,7.1668,12.4656,24.647,368.5318,-57.7169
2018-01-04,66.9344,0.7317,1.89,4.4452,7.981,14.2863,24.8212,371.2285,-57.4075
2018-01-05,67.3946,0.6875,2.3876,6.0637,8.4666,14.1838,26.0398,373.7808,-57.1146
2018-01-08,67.6725,0.4122,2.9999,6.342,8.9288,14.3215,25.8378,375.3217,-56.9378
2018-01-09,68.1066,0.6415,3.0478,6.0456,9.9332,15.1552,27.6355,377.7294,-56.6616
2018-01-10,68.0979,-0.0127,2.4827,5.5779,9.751,14.5081,27.0919,377.6813,-56.6671
2018-01-11,68.9662,1.275,3.0354,7.1392,11.2123,16.052,28.0407,382.4969,-56.1146
2018-01-12,69.6087,0.9316,3.2852,8.0213,11.6574,16.627,29.767,386.0603,-55.7058
2018-01-16,68.9836,-0.8981,1.9374,6.6368,10.8543,15.6462,28.1134,382.5931,-56.1036
2018-01-17,69.3656,0.5538,1.8485,7.9623,11.3446,16.5554,29.8291,384.7119,-55.8605
2018-01-18,68.9922,-0.5382,1.3133,6.6291,11.0378,15.811,28.6382,382.6413,-56.098
2018-01-19,69.1919,0.2895,0.3273,6.1825,11.3127,16.8035,28.075,383.7488,-55.971
2018-01-22,69.1919,0.0,-0.5987,6.1542,11.0044,17.0243,28.0548,383.7488,-55.971
2018-01-23,69.2267,0.0502,0.3524,5.855,9.8727,17.3389,28.8298,383.9414,-55.9489
2018-01-24,69.1659,-0.0877,-0.2878,5.678,10.4729,17.3899,27.4441,383.6046,-55.9875
2018-01-25,69.2354,0.1004,0.3524,5.756,9.9619,17.3536,26.2447,383.9897,-55.9433
2018-01-26,70.0341,1.1537,1.2172,6.8627,12.3399,19.386,27.4044,388.4199,-55.435
2018-01-29,69.5653,-0.6695,0.5396,5.8947,11.4335,18.3093,26.6496,385.8195,-55.7334
2018-01-30,69.0183,-0.7863,-0.301,4.8543,10.5114,17.5337,26.7345,382.7857,-56.0815
2018-01-31,69.2267,0.3019,0.0878,5.3654,11.6167,18.2348,28.2403,383.9414,-55.9489
2018-02-01,69.1051,-0.1755,-0.1881,4.5586,11.8725,17.5096,28.2378,383.2674,-56.0262
2018-02-02,67.7159,-2.0103,-3.3102,1.9078,9.6848,14.5778,25.8986,375.5625,-56.9102
2018-02-05,64.6422,-4.539,-7.0769,-3.4246,4.1091,9.1706,19.2961,358.5155,-58.8661
2018-02-06,65.823,1.8267,-4.6295,-2.3319,6.1142,11.1648,21.3036,365.0645,-58.1147
2018-02-07,65.9446,0.1847,-4.741,-2.5532,6.251,11.7108,21.3183,365.7388,-58.0373
2018-02-08,63.4006,-3.8578,-8.2548,-6.9097,1.9959,7.3699,16.8027,351.6293,-59.6562
2018-02-09,64.0866,1.0819,-5.3596,-5.8906,3.2716,9.9238,17.1656,355.4337,-59.2197
2018-02-12,65.1198,1.6122,0.7387,-5.5773,6.2675,11.6302,18.1165,361.164,-58.5622
2018-02-13,65.2674,0.2267,-0.8442,-6.2367,6.3586,10.7248,17.2073,361.9828,-58.4683
2018-02-14,66.0922,1.2638,0.2238,-4.1913,8.0677,12.3699,18.6342,366.5575,-57.9434
2018-02-15,67.0907,1.5108,5.8203,-3.2795,9.9954,13.7517,19.7855,372.0953,-57.308
2018-02-16,67.1081,0.0259,4.7148,-2.7309,10.6506,15.7894,19.7801,372.1917,-57.297
2018-02-20,66.4309,-1.0092,2.0134,-3.9904,8.5141,15.0818,18.3733,368.4356,-57.7279
2018-02-21,66.4482,0.0261,1.8092,-3.9654,9.1429,14.9236,17.8142,368.5318,-57.7169
2018-02-22,66.891,0.6664,1.2086,-3.3739,9.3738,14.38,18.9226,370.9877,-57.4351
2018-02-23,67.4467,0.8307,0.5306,-2.4856,9.4939,16.4255,20.6964,374.0697,-57.0815
2018-02-26,68.3758,1.3775,1.889,-1.2415,10.8778,18.3982,21.839,379.2223,-56.4903
2018-02-27,67.5162,-1.2571,1.6338,-3.5953,9.4839,16.3555,19.8707,374.455,-57.0373
2018-02-28,66.5524,-1.4275,0.1568,-4.331,7.7399,14.7626,18.6439,369.1096,-57.6506
2018-03-01,65.25,-1.9569,-2.4533,-5.4598,4.0461,11.7053,14.3941,361.8864,-58.4793
2018-03-02,65.2327,-0.0266,-3.2827,-5.7694,3.1097,11.2173,15.6066,361.7901,-58.4904
2018-03-05,66.0141,1.1979,-3.454,-4.473,2.5943,12.1715,16.868,366.1241,-57.9931
2018-03-06,66.3093,0.4472,-1.7875,-2.0772,4.3415,12.5745,17.6746,367.7614,-57.8053
2018-03-07,66.3006,-0.0131,-0.3783,2.5655,3.4562,13.7047,17.998,367.7132,-57.8108
2018-03-08,66.6479,0.5239,2.1424,1.2532,4.8886,14.1825,19.0311,369.6395,-57.5898
2018-03-09,68.1153,2.2016,4.419,3.2916,7.0378,16.4563,22.2094,377.7775,-56.6561
2018-03-12,67.2731,-1.2364,1.9071,6.1079,4.7478,14.6289,19.9651,373.1066,-57.192
2018-03-13,66.9431,-0.4904,0.9559,4.4574,3.7875,13.0894,19.4493,371.2767,-57.4019
2018-03-14,66.2138,-1.0895,-0.131,1.68,2.8633,11.3238,19.2718,367.2316,-57.8661
2018-03-15,66.4048,0.2885,-0.3648,1.7427,3.0494,11.8065,18.273,368.291,-57.7445
2018-03-16,66.7596,0.5343,-1.9902,1.0098,3.199,11.8696,19.4486,370.2588,-57.5187
2018-03-19,66.2453,-0.7704,-1.5278,-1.2602,3.1058,10.5502,17.8841,367.4062,-57.846
2018-03-20,66.4719,0.3422,-0.7039,-0.948,2.7339,10.3084,18.5039,368.6633,-57.7018
2018-03-21,66.5504,0.118,0.5084,0.1799,2.1288,10.328,20.4815,369.0985,-57.6519
2018-03-22,64.3536,-3.301,-3.089,-3.1523,-1.2688,5.9127,16.0909,356.9145,-59.0498
2018-03-23,63.4121,-1.463,-5.0143,-5.201,-3.0361,4.0526,14.5516,351.6928,-59.6489
2018-03-26,64.9463,2.4195,-1.9608,-3.7072,-0.7691,6.2991,17.6322,360.2022,-58.6726
2018-03-27,64.0484,-1.3825,-3.6459,-6.3288,-2.1669,4.8295,16.4209,355.2223,-59.2439
2018-03-28,63.8305,-0.3403,-4.087,-5.459,-2.6032,4.4728,14.8106,354.0136,-59.3826
2018-03-29,64.7633,1.4613,0.6367,-2.6883,-1.415,5.8798,16.5063,359.1869,-58.7891
2018-04-02,63.4295,-2.0595,0.0275,-2.7901,-3.6363,3.7578,13.478,351.7895,-59.6378
2018-04-03,64.31,1.3881,-0.9799,-1.4145,-2.118,4.8869,15.5307,356.6727,-59.0775
2018-04-04,64.5889,0.4338,0.8439,-2.1589,-2.2746,4.6198,16.2821,358.2198,-58.9
2018-04-05,65.2427,1.0123,2.2125,-1.6085,-1.8142,5.2226,17.1524,361.8461,-58.484
2018-04-06,63.4382,-2.7659,-2.0461,-4.3173,-5.2234,2.3408,14.2808,351.8377,-59.6323
2018-04-09,63.2464,-0.3023,-0.2886,-5.1037,-6.1551,1.7903,13.6201,350.7742,-59.7543
2018-04-10,64.2141,1.53,-0.1491,-5.7273,-5.1105,3.362,15.2345,356.141,-59.1385
2018-04-11,63.7433,-0.7331,-1.3092,-5.2469,-6.4065,2.8903,14.1094,353.53,-59.4381
2018-04-12,64.6587,1.436,-0.8952,-3.4126,-5.0505,4.208,15.5886,358.6066,-58.8556
2018-04-13,64.5017,-0.2427,1.6765,-2.5856,-6.4734,4.0131,16.9176,357.7364,-58.9555
2018-04-16,65.1469,1.0001,3.0048,-1.8944,-6.4099,4.5003,18.9354,361.3143,-58.545
2018-04-17,65.6961,0.843,2.3078,-1.5931,-4.7656,5.5714,18.6408,364.3602,-58.1955
2018-04-18,66.3761,1.0351,4.1302,0.1974,-4.3098,6.5459,20.2591,368.1316,-57.7628
2018-04-19,66.193,-0.2758,2.373,-0.4196,-4.0573,6.5326,19.816,367.1163,-57.8793
2018-04-20,65.9053,-0.4347,2.176,-0.9694,-4.75,6.0254,17.8713,365.5206,-58.0624
2018-04-23,65.8268,-0.119,1.0438,2.2894,-4.8634,5.6058,17.623,365.0856,-58.1123
2018-04-24,63.9874,-2.7944,-2.6008,0.9073,-7.5683,1.5573,12.7334,354.8838,-59.2828
2018-04-25,64.1705,0.2861,-3.3228,-1.1946,-7.2224,2.4941,12.5132,355.8992,-59.1663
2018-04-26,63.9351,-0.3668,-3.4111,-0.177,-7.6554,1.5438,12.0836,354.5936,-59.3161
2018-04-27,63.8043,-0.2045,-3.1878,-0.041,-8.8954,2.3468,11.888,353.8684,-59.3993
2018-04-30,62.9587,-1.3253,-4.357,-2.7864,-9.4969,0.8508,10.9211,349.1786,-59.9373
2018-05-01,62.6711,-0.457,-2.0572,-1.1957,-9.1964,0.3483,10.7481,347.5831,-60.1204
2018-05-02,62.1218,-0.8763,-3.1925,-3.4025,-10.2631,0.1613,9.249,344.5371,-60.4699
2018-05-03,62.27,0.2385,-2.6043,-3.5902,-9.8909,0.8073,9.4273,345.3589,-60.3756
2018-05-04,62.9936,1.162,-1.2707,-3.4473,-6.9737,2.0357,10.5824,349.372,-59.9152
2018-05-07,63.4121,0.6643,0.72,-0.0412,-1.9031,2.1279,10.7514,351.6928,-59.6489
2018-05-08,63.8654,0.7149,1.9057,0.9786,-2.9741,2.9582,11.844,354.207,-59.3604
2018-05-09,64.5541,1.0783,3.9152,0.5294,-2.1087,4.0105,12.8978,358.0265,-58.9222
2018-05-10,64.99,0.6752,4.368,1.9557,2.5068,4.5528,13.8987,360.4441,-58.6448
2018-05-11,65.1294,0.2146,3.3905,0.7281,1.6273,4.9522,14.1774,361.2176,-58.5561
2018-05-14,65.0161,-0.174,2.5295,0.7974,-0.1592,6.0983,14.6148,360.589,-58.6282
2018-05-15,64.7982,-0.3352,1.4606,-0.5352,-0.7189,5.5939,13.699,359.3803,-58.7669
2018-05-16,65.0335,0.3633,0.7428,-1.0084,-1.6018,6.3366,14.2321,360.6858,-58.6171
2018-05-17,65.2863,0.3887,0.456,-1.6418,-2.6895,7.0371,17.0149,362.0878,-58.4562
2018-05-18,65.6699,0.5876,0.8299,-0.7902,-2.1431,8.2792,17.5403,364.2152,-58.2121
2018-05-21,66.6637,1.5133,2.5342,1.1508,0.3505,8.8945,17.7681,369.7271,-57.5797
2018-05-22,65.8443,-1.2293,1.6144,0.0265,-0.9089,8.1509,15.4306,365.1822,-58.1012
2018-05-23,65.7833,-0.0927,1.1528,2.8066,-1.6561,7.5625,15.082,364.8438,-58.14
2018-05-24,66.1058,0.4903,1.2552,3.0159,-1.9881,7.317,15.5079,366.6327,-57.9348
2018-05-25,65.9837,-0.1846,0.4779,3.2043,-3.4984,6.9988,14.5412,365.9557,-58.0124
2018-05-29,64.9289,-1.5986,-2.6024,1.7625,-3.8321,5.2883,12.5764,360.1055,-58.6837
2018-05-30,65.8443,1.4098,0.0,4.5832,-1.064,6.5935,14.1973,365.1822,-58.1012
2018-05-31,64.894,-1.4431,-1.3517,3.5471,-0.5456,3.4784,12.3326,359.9121,-58.7059
2018-06-01,65.6089,1.1016,-0.7517,5.6133,0.5768,3.7044,12.868,363.8769,-58.251
2018-06-04,65.513,-0.1462,-0.7134,5.2079,-0.7591,1.8156,12.2569,363.3449,-58.312
2018-06-05,65.5915,0.1198,1.0204,4.124,-1.0826,3.2119,12.7881,363.7801,-58.2621
2018-06-06,66.1407,0.8373,0.4502,4.303,-0.2412,3.2066,14.5075,366.8262,-57.9126
2018-06-07,66.4196,0.4218,2.3509,3.9995,-0.3425,4.5293,15.1269,368.3733,-57.7351
2018-06-08,66.6376,0.3281,1.5679,3.2275,-2.1694,4.7157,15.129,369.5819,-57.5964
2018-06-11,66.7683,0.1962,1.9162,2.7364,-0.7503,3.9619,14.9132,370.3072,-57.5132
2018-06-12,66.6986,-0.1045,1.6879,2.4093,-0.3653,3.4084,14.3722,369.9204,-57.5576
2018-06-13,66.1668,-0.7973,0.0395,1.7699,-0.0709,2.7903,12.9962,366.9711,-57.8959
2018-06-14,65.914,-0.3821,-0.7613,1.722,-0.7391,2.2878,12.6797,365.569,-58.0568
2018-06-15,65.7495,-0.2496,-1.3327,1.1009,-1.5131,1.6375,11.7284,364.6565,-58.1615
2018-06-18,65.4781,-0.4127,-1.9324,0.2938,-1.158,1.9118,10.9044,363.1515,-58.3342
2018-06-19,64.0952,-2.112,-3.9032,-2.3979,-3.5755,-0.9393,7.9022,355.4818,-59.2142
2018-06-20,64.139,0.0683,-3.0647,-3.7873,-3.6234,-1.5718,9.1447,355.7244,-59.1863
2018-06-21,63.3337,-1.2555,-3.9146,-3.8128,-1.5847,-2.8334,8.5046,351.2584,-59.6987
2018-06-22,63.5526,0.3455,-3.3413,-3.391,0.2216,-2.8213,9.1044,352.4721,-59.5595
2018-06-25,62.7473,-1.2671,-4.1706,-5.0805,-3.3859,-4.129,7.3261,348.0061,-60.0719
2018-06-26,62.9837,0.3766,-1.7343,-4.5467,-1.6625,-3.7934,7.6986,349.3168,-59.9215
2018-06-27,62.476,-0.806,-2.5928,-3.7778,-2.1221,-4.67,7.6375,346.5012,-60.2445
2018-06-28,62.5635,0.1401,-1.2161,-4.9826,-3.3966,-4.7636,6.8232,346.9868,-60.1888
2018-06-29,62.6948,0.2098,-1.3497,-3.389,-1.1583,-4.7525,7.9665,347.7148,-60.1053
2018-07-02,62.8349,0.2234,0.1395,-4.2282,-2.2937,-4.3632,7.318,348.4916,-60.0162
2018-07-03,62.6335,-0.3204,-0.5559,-4.3953,-3.0275,-5.2332,6.3185,347.3749,-60.1443
2018-07-05,62.9399,0.4892,0.7425,-4.0426,-3.5297,-5.2798,6.5276,349.0741,-59.9493
2018-07-06,63.1587,0.3477,0.9513,-4.5085,-0.4405,-5.6409,7.8395,350.2877,-59.8101
2018-07-09,64.3315,1.8569,2.6106,-3.1438,1.7157,-4.545,8.994,356.7923,-59.0638
2018-07-10,64.5329,0.3129,2.7023,-3.1584,0.4964,-4.6394,9.0176,357.9089,-58.9357
2018-07-11,63.4738,-1.6411,1.3416,-4.9343,-0.4228,-6.8023,7.322,352.0352,-59.6096
2018-07-12,64.2178,1.1721,2.0303,-3.7195,-0.6819,-5.6979,7.9835,356.1613,-59.1362
2018-07-13,64.5504,0.5179,2.2034,-2.443,0.0754,-6.4029,8.6213,358.006,-58.9245
2018-07-16,64.2878,-0.4068,-0.068,-2.4672,-1.3187,-7.644,7.712,356.5496,-59.0916
2018-07-17,64.5416,0.3948,0.0136,-1.8371,-1.7573,-6.4391,8.1996,357.9574,-58.9301
2018-07-18,65.2506,1.0985,2.7992,-0.3475,-1.6956,-5.9324,9.6409,361.8894,-58.479
2018-07-19,65.2243,-0.0403,1.5674,1.7615,-1.4635,-5.4614,9.4861,361.7437,-58.4957
2018-07-20,65.1543,-0.1073,0.9356,1.583,-1.1395,-5.8354,9.9876,361.3556,-58.5402
2018-07-23,64.7517,-0.618,0.7216,2.2388,-1.6334,-6.4173,9.5144,359.1224,-58.7965
2018-07-24,65.023,0.419,0.7459,2.3137,1.6184,-6.0723,10.2137,360.6273,-58.6238
2018-07-25,66.012,1.5211,1.167,5.203,2.8698,-4.5599,12.0371,366.1127,-57.9944
2018-07-26,66.5197,0.769,1.9861,5.6142,4.0425,-3.9224,12.7506,368.9282,-57.6714
2018-07-27,66.5284,0.0132,2.1091,6.4864,4.2695,-5.0057,13.4099,368.9767,-57.6658
2018-07-30,65.872,-0.9867,1.7302,5.2882,4.6273,-5.3091,12.0282,365.3361,-58.0835
2018-07-31,67.3249,2.2057,3.5402,7.3852,7.4259,-2.4535,14.6501,373.3941,-57.159
2018-08-01,66.4146,-1.3521,0.6099,5.6971,6.9103,-4.062,13.4321,368.3456,-57.7382
2018-08-02,66.3271,-0.1318,-0.2895,5.8972,6.5153,-4.02,12.7858,367.8602,-57.7939
2018-08-03,66.3884,0.0924,-0.2105,5.4791,5.3891,-1.9604,12.3317,368.2,-57.7549
2018-08-06,66.4847,0.1451,0.9301,5.2661,4.8455,2.8502,12.2823,368.7341,-57.6937
2018-08-07,66.9573,0.7109,-0.546,4.0816,4.8413,1.7232,13.0804,371.3553,-57.3929
2018-08-08,66.6597,-0.4444,0.369,3.2958,3.2619,1.0844,12.9222,369.7048,-57.5823
2018-08-09,66.2921,-0.5514,-0.0528,4.4402,2.0036,4.5607,12.2668,367.6661,-57.8162
2018-08-10,65.7057,-0.8846,-1.0283,2.317,0.8848,2.5265,12.7011,364.4137,-58.1894
2018-08-13,65.3906,-0.4796,-1.6456,1.3017,0.576,0.4159,12.0945,362.6661,-58.3899
2018-08-14,65.8457,0.696,-1.6601,2.4234,1.6167,0.8861,11.706,365.1904,-58.1002
2018-08-15,65.5306,-0.4786,-1.6938,1.5324,0.7644,-0.8497,11.4151,363.4428,-58.3008
2018-08-16,66.3622,1.2689,0.1057,1.7036,1.6479,-1.0859,12.5164,368.0545,-57.7716
2018-08-17,66.7648,0.6067,1.6118,2.3618,1.6672,-0.5116,15.197,370.2875,-57.5154
2018-08-20,67.2111,0.6686,2.7841,3.1569,0.8211,1.1746,16.4335,372.7631,-57.2314
2018-08-21,67.71,0.7423,2.8313,4.5688,2.8336,1.8989,17.1059,375.53,-56.9139
2018-08-22,67.0536,-0.9695,2.324,3.1229,1.9311,0.243,14.658,371.8893,-57.3317
2018-08-23,66.861,-0.2872,0.7517,1.2861,1.1425,-0.8684,15.4145,370.8214,-57.4542
2018-08-24,67.1499,0.432,0.5768,0.9474,1.7673,-1.7929,16.2754,372.4233,-57.2704
2018-08-27,67.9989,1.2643,1.172,2.2102,4.7282,0.7149,17.1874,377.132,-56.7301
2018-08-28,67.8588,-0.206,0.2198,3.0162,3.0596,1.963,17.0154,376.3552,-56.8193
2018-08-29,67.9113,0.0774,1.2792,0.871,4.6496,4.0787,16.2614,376.6465,-56.7858
2018-08-30,67.4387,-0.6959,0.864,1.5419,2.789,3.3818,14.9785,374.0252,-57.0866
2018-08-31,67.4825,0.0649,0.4953,1.7419,3.0062,2.2244,14.6666,374.268,-57.0587
2018-09-04,67.43,-0.0778,-0.8366,1.5689,2.803,1.6901,14.4771,373.9768,-57.0921
2018-09-05,67.9113,0.7139,0.0774,2.1458,2.6771,2.4294,16.4671,376.6465,-56.7858
2018-09-06,68.1214,0.3094,0.3094,1.7386,2.5622,2.2109,16.707,377.8117,-56.6522
2018-09-07,67.9113,-0.3084,0.7008,1.8776,1.9115,-0.2994,16.1076,376.6465,-56.7858
2018-09-10,68.2615,0.5155,1.1543,2.9707,2.2363,1.4692,16.313,378.5883,-56.5631
2018-09-11,68.2439,-0.0257,1.2071,3.863,2.3169,1.9431,15.2869,378.4911,-56.5742
2018-09-12,68.454,0.3078,0.7991,4.6848,3.4567,3.3833,15.0902,379.6563,-56.4405
2018-09-13,68.8654,0.6009,1.0921,4.5859,4.4776,3.7054,15.9494,381.9377,-56.1788
2018-09-14,69.2067,0.4957,1.9075,5.6097,5.2582,3.6656,15.9702,383.831,-55.9615
2018-09-17,69.233,0.038,1.4233,4.326,5.7346,4.5101,15.5361,383.9767,-55.9448
2018-09-18,69.8632,0.9102,2.3727,4.6408,8.999,5.1018,15.9361,387.4717,-55.5438
2018-09-19,69.8019,-0.0877,1.969,3.8546,8.8291,4.8858,15.7183,387.1317,-55.5828
2018-09-20,69.907,0.1505,1.5125,3.2446,10.3787,8.6295,15.0525,387.7145,-55.516
2018-09-21,70.359,0.6466,1.6649,4.9295,10.7099,10.9552,15.4518,390.2215,-55.2283
2018-09-24,69.1541,-1.7125,-0.114,3.4296,10.2105,6.4789,13.186,383.5391,-55.995
2018-09-25,68.943,-0.3052,-1.3171,2.6704,9.4618,7.642,12.8406,382.3684,-56.1294
2018-09-26,68.899,-0.0638,-1.2935,1.3238,10.2808,7.9406,12.7685,382.1244,-56.1573
2018-09-27,68.9958,0.1404,-1.3034,1.6755,10.2812,6.5353,12.7994,382.661,-56.0958
2018-09-28,68.9518,-0.0637,-2.0,1.5321,9.9801,8.7062,12.7912,382.4171,-56.1238
2018-10-01,69.5587,0.8801,0.585,3.1435,10.7008,8.1616,13.4473,385.7828,-55.7376
2018-10-02,69.717,0.2276,1.1226,3.3112,11.3094,7.9395,12.9261,386.6608,-55.6369
2018-10-03,70.0072,0.4163,1.6084,3.8221,11.2287,7.3027,12.9067,388.2705,-55.4522
2018-10-04,69.7785,-0.3267,1.1344,2.7494,10.4812,9.9945,12.5692,387.0021,-55.5977
2018-10-05,69.4179,-0.5167,0.676,1.9032,7.9066,9.7579,11.7229,385.0023,-55.8272
2018-10-08,69.5938,0.2534,0.0506,2.4775,7.8425,8.3778,12.0215,385.9779,-55.7152
2018-10-09,68.5209,-1.5418,-1.7156,0.38,7.9514,7.495,10.6019,380.027,-56.398
2018-10-10,66.3134,-3.2217,-5.2764,-2.8289,3.2633,2.5591,6.8749,367.7839,-57.8027
2018-10-11,64.5632,-2.6392,-7.4741,-5.6838,0.0199,0.0953,4.1121,358.0772,-58.9164
2018-10-12,64.9941,0.6675,-6.3727,-5.6215,1.0987,-0.2344,4.2553,360.4672,-58.6422
2018-10-15,65.1173,0.1895,-6.4324,-5.9091,0.8919,-0.881,4.6413,361.1502,-58.5638
2018-10-16,66.2166,1.6883,-3.3628,-4.3569,1.4806,-0.2402,6.29,367.2474,-57.8642
2018-10-17,65.7329,-0.7306,-0.8754,-5.912,0.7797,-0.6951,5.7921,364.5644,-58.1721
2018-10-18,64.5983,-1.726,0.0544,-7.4547,-0.8533,-1.9831,3.9228,358.2721,-58.894
2018-10-19,64.3609,-0.3676,-0.9743,-7.9335,-0.6035,-2.227,3.2539,356.9551,-59.0451
2018-10-22,64.141,-0.3416,-1.4992,-8.8375,-1.3564,0.2401,1.8011,355.7357,-59.185
2018-10-23,63.0856,-1.6454,-4.7284,-8.7753,-4.4331,-1.6906,0.7613,349.8824,-59.8566
2018-10-24,60.9485,-3.3877,-7.2786,-11.5959,-8.3753,-4.6713,-3.1996,338.0294,-61.2165
2018-10-25,61.3794,0.7071,-4.983,-10.9139,-7.7396,-3.8005,-1.5429,340.4196,-60.9423
2018-10-26,60.7726,-0.9887,-5.5753,-11.9184,-7.7414,-3.4724,-2.6512,337.0538,-61.3285
2018-10-29,59.7612,-1.6643,-6.8285,-13.3291,-11.2347,-4.6431,-4.311,331.4444,-61.9721
2018-10-30,60.9925,2.0604,-3.318,-12.3151,-8.1641,-1.818,-1.6596,338.2734,-61.1886
2018-10-31,61.4586,0.7642,0.8369,-11.8456,-7.3402,-1.3031,-0.5063,340.8585,-60.8919
2018-11-01,62.5404,1.7602,1.8914,-10.6658,-5.7963,-0.7195,1.3016,346.8582,-60.2036
2018-11-02,62.4348,-0.1688,2.7351,-10.5243,-6.0915,-1.5411,0.554,346.2728,-60.2707
2018-11-05,62.7602,0.5212,5.0184,-9.5908,-6.2683,-1.7304,1.1766,348.0776,-60.0637
2018-11-06,63.4198,1.051,3.9798,-8.8715,-4.8603,-1.757,2.183,351.7359,-59.6439
2018-11-07,64.4488,1.6225,4.8655,-5.9428,-2.7806,-0.8326,3.6823,357.4429,-58.9891
2018-11-08,64.3433,-0.1638,2.8828,-2.9708,-2.0735,-1.207,3.6854,356.8576,-59.0563
2018-11-09,63.6925,-1.0115,2.0144,-1.3486,-2.5969,-2.0358,3.9383,353.248,-59.4704
2018-11-12,62.4348,-1.9746,-0.5185,-3.9378,-5.1802,-3.6473,1.7426,346.2728,-60.2707
2018-11-13,62.7163,0.4508,-1.1094,-3.6872,-4.2948,-3.5632,2.5476,347.8337,-60.0916
2018-11-14,62.5052,-0.3365,-3.0158,-5.605,-5.812,-4.2599,2.4774,346.6631,-60.226
2018-11-15,63.3319,1.3226,-1.5719,-3.6526,-5.1418,-3.5603,4.4242,351.2482,-59.6999
2018-11-16,63.3143,-0.0278,-0.5938,-1.9877,-5.7979,-5.0244,3.4232,351.1506,-59.7111
2018-11-19,62.3117,-1.5835,-0.1972,-3.1839,-7.9727,-5.3651,2.3486,345.59,-60.3491
2018-11-20,61.0188,-2.0748,-2.7065,-4.8677,-8.9999,-7.2426,-0.2278,338.4197,-61.1718
2018-11-21,61.4498,0.7063,-1.6885,-2.593,-8.0933,-7.0433,-0.2416,340.8098,-60.8975
2018-11-23,61.3266,-0.2004,-3.1662,0.6205,-8.672,-7.0579,-0.5531,340.1268,-60.9759
2018-11-26,61.7752,0.7314,-2.4309,0.6448,-9.1526,-4.8572,0.1743,342.6146,-60.6905
2018-11-27,61.6697,-0.1708,-1.0303,1.4761,-9.1206,-6.3401,-0.1646,342.0292,-60.7576
2018-11-28,63.1472,2.3959,3.488,5.6659,-7.0152,-2.6918,0.693,350.2238,-59.8174
2018-11-29,63.1824,0.0557,2.8195,3.5905,-6.3114,-3.6985,-0.1311,350.419,-59.795
2018-11-30,63.798,0.9744,4.0299,3.8066,-5.4599,-2.6177,-0.8497,353.8335,-59.4033
2018-12-03,64.5368,1.1579,4.4704,3.1922,-4.2907,-1.608,1.5523,357.9306,-58.9332
2018-12-04,61.7928,-4.2518,0.1997,-1.0283,-9.0096,-6.5737,-3.5778,342.7122,-60.6793
2018-12-06,61.4498,-0.5551,-2.688,-2.088,-9.7937,-7.4825,-3.2921,340.8098,-60.8975
2018-12-07,59.8315,-2.6335,-5.3034,-5.658,-11.8976,-10.2135,-5.9794,331.8347,-61.9273
2018-12-10,59.981,0.2499,-5.9829,-6.9323,-12.1304,-10.1654,-6.6063,332.6638,-61.8322
2018-12-11,59.6292,-0.5865,-7.6042,-7.3264,-12.6234,-10.599,-7.5518,330.7127,-62.056
2018-12-12,59.9635,0.5605,-2.9605,-5.8547,-12.4033,-9.3754,-6.8466,332.5663,-61.8433
2018-12-13,59.7964,-0.2787,-2.6907,-4.2259,-13.1692,-9.2813,-7.2058,331.6395,-61.9497
2018-12-14,58.9696,-1.3826,-1.4406,-5.9739,-14.7921,-10.3116,-8.843,327.0544,-62.4757
2018-12-17,58.0022,-1.6406,-3.2991,-7.2042,-16.2218,-11.4175,-9.7239,321.6889,-63.0914
2018-12-18,58.2924,0.5004,-2.2419,-7.9572,-16.562,-9.0534,-9.9077,323.2986,-62.9067
2018-12-19,57.1931,-1.886,-4.6201,-9.668,-18.0637,-10.8295,-12.231,317.2013,-63.6062
2018-12-20,56.1465,-1.8299,-6.1039,-9.8942,-19.684,-11.3482,-13.8601,311.3967,-64.2722
2018-12-21,55.0863,-1.8882,-6.5852,-9.7224,-21.7068,-13.3216,-15.7671,305.5171,-64.9468
2018-12-24,53.3961,-3.0683,-7.9412,-13.1061,-22.7868,-14.9029,-18.4165,296.143,-66.0223
2018-12-26,55.8828,4.657,-4.1337,-8.8768,-18.9435,-11.2742,-14.6399,309.9343,-64.44
2018-12-27,56.5819,1.251,-1.0687,-8.4069,-17.8771,-9.4343,-13.6637,313.8114,-63.9952
2018-12-28,56.4314,-0.2658,0.5075,-8.494,-18.2103,-9.8014,-14.0981,312.9772,-64.0909
2018-12-31,56.9978,1.0036,3.4699,-9.7382,-17.3368,-9.0869,-13.4076,316.1182,-63.7305
2019-01-02,57.2898,0.5124,7.292,-9.3263,-17.6381,-8.8248,-12.8029,317.7379,-63.5447
2019-01-03,55.5465,-3.0429,-0.6017,-12.9338,-20.3257,-11.315,-15.9561,308.0693,-64.654
2019-01-04,57.6526,3.7916,1.8924,-10.667,-17.6476,-8.4005,-13.2368,319.7501,-63.3138
2019-01-07,58.1216,0.8135,2.9951,-5.9411,-16.7055,-7.9753,-13.1663,322.3513,-63.0153
2019-01-08,58.9181,1.3703,3.369,-4.12,-15.1256,-8.415,-12.5775,326.7684,-62.5086
2019-01-09,59.3163,0.6759,3.5372,-0.8612,-14.7679,-8.0836,-12.348,328.977,-62.2552
2019-01-10,60.1215,1.3576,8.2364,0.2343,-12.258,-5.2813,-11.7243,333.4431,-61.7427
2019-01-11,60.0596,-0.103,4.175,0.7218,-9.4306,-6.4751,-11.8041,333.0996,-61.7822
2019-01-14,60.0508,-0.0147,3.3191,0.1456,-6.9892,-6.9707,-12.9273,333.0505,-61.7878
2019-01-15,59.8649,-0.3095,1.6071,0.1147,-7.8918,-6.8798,-13.9979,332.0198,-61.906
2019-01-16,59.9269,0.1035,1.0294,1.6233,-7.9709,-7.15,-13.1288,332.3634,-61.8666
2019-01-17,60.9534,1.7129,1.3836,5.0881,-7.9486,-6.5857,-12.1273,338.0566,-61.2134
2019-01-18,62.1126,1.9018,3.4183,6.5535,-5.5075,-4.7707,-9.9716,344.4859,-60.4758
2019-01-22,60.8295,-2.0658,1.2968,6.3581,-5.8343,-6.6378,-12.0859,337.3694,-61.2923
2019-01-23,60.918,0.1455,1.759,8.4983,-5.3494,-5.9206,-11.958,337.8602,-61.236
2019-01-24,61.2277,0.5084,2.1707,11.1486,-4.5421,-5.8369,-11.5547,339.578,-61.0389
2019-01-25,62.0064,1.2719,1.7276,16.1253,-1.7107,-6.068,-10.3512,343.897,-60.5433
2019-01-28,61.4135,-0.9562,-1.1255,9.8971,0.763,-7.6762,-11.2974,340.6087,-60.9206
2019-01-29,62.2631,1.3833,2.3567,10.0407,1.4396,-6.4114,-11.0961,345.3203,-60.38
2019-01-30,63.2365,1.5634,3.8059,12.0589,4.0543,-4.001,-9.0977,350.7189,-59.7606
2019-01-31,63.5108,0.4338,3.7289,11.4268,6.2744,-5.6652,-7.9797,352.2404,-59.5861
2019-02-01,63.6081,0.1533,2.5831,11.0287,4.2885,-4.2257,-8.1161,352.7803,-59.5241
2019-02-04,64.4311,1.2938,4.9135,15.9949,4.8366,-2.8586,-6.7637,357.3445,-59.0004
2019-02-05,64.9886,0.8653,4.3775,12.7244,3.9147,-2.1085,-4.0275,360.4365,-58.6457
2019-02-06,65.0063,0.0272,2.7988,11.8453,4.1187,-2.2236,0.5632,360.5348,-58.6344
2019-02-07,64.5638,-0.6807,1.6581,9.5824,2.8738,-3.5746,-1.913,358.0808,-58.916
2019-02-08,64.6612,0.1507,1.6555,9.0108,1.9573,-2.9981,-1.9463,358.6206,-58.854
2019-02-11,65.0063,0.5338,0.8928,8.1248,0.865,-1.9396,2.5326,360.5348,-58.6344
2019-02-12,66.0151,1.5519,1.5795,9.916,2.5983,0.4709,3.0093,366.1298,-57.9925
2019-02-13,66.4045,0.5898,2.1509,10.5806,4.258,1.5505,1.9729,368.2894,-57.7447
2019-02-14,66.0948,-0.4664,2.3712,10.4065,5.8621,0.3782,1.2677,366.5715,-57.9418
2019-02-15,66.9797,1.3389,3.5856,11.7691,6.798,2.2113,1.3427,371.4794,-57.3787
2019-02-19,66.9531,-0.0396,2.9948,9.8432,7.1161,0.8905,-0.2051,371.3322,-57.3956
2019-02-20,67.2717,0.4758,1.9035,8.306,6.2209,0.7593,0.2438,373.099,-57.1929
2019-02-21,66.9974,-0.4078,0.8928,10.1397,5.8171,-0.3181,0.8528,371.5775,-57.3674
2019-02-22,67.4398,0.6604,2.035,10.706,8.2298,-0.3991,1.4923,374.0314,-57.0859
2019-02-25,67.7053,0.3937,1.0834,10.5796,10.9581,0.972,1.2174,375.5039,-56.9169
2019-02-26,67.5195,-0.2745,0.8459,8.8911,9.8775,0.9848,0.1079,374.4732,-57.0352
2019-02-27,67.7849,0.3931,0.7629,10.3746,10.531,0.9457,-0.8641,375.9454,-56.8663
2019-02-28,67.5549,-0.3393,0.8322,8.4992,9.356,-0.6529,0.0573,374.6697,-57.0127
2019-03-01,67.6168,0.0916,0.2624,6.927,9.6436,-0.3566,1.5994,375.013,-56.9733
2019-03-04,67.316,-0.4449,-0.5751,5.9914,6.6017,-0.8767,3.1662,373.3445,-57.1647
2019-03-05,66.8824,-0.6442,-0.9436,5.1475,5.856,-0.825,2.5289,370.9396,-57.4406
2019-03-06,66.2541,-0.9394,-2.2584,2.8293,3.8497,-1.8204,0.3635,367.455,-57.8404
2019-03-07,65.8558,-0.6011,-2.5151,1.3344,2.0439,-2.3345,-0.6839,365.2462,-58.0938
2019-03-08,65.7231,-0.2015,-2.8007,1.1026,6.3604,-3.2222,-0.8711,364.5101,-58.1783
2019-03-11,66.2806,0.8483,-1.5381,2.659,7.8614,-2.7023,-0.5512,367.6022,-57.8235
2019-03-12,65.732,-0.8278,-1.72,1.656,9.8617,-3.2092,-3.4989,364.5593,-58.1727
2019-03-13,66.3072,0.8751,0.0801,2.0011,10.5469,-2.863,-1.4358,367.7494,-57.8066
2019-03-14,66.0859,-0.3337,0.3494,0.1072,10.828,-3.1622,-1.2805,366.5224,-57.9474
2019-03-15,65.8527,-0.3529,0.1972,-0.831,9.8214,-3.8001,-0.5453,365.2291,-58.0958
2019-03-18,66.4935,0.9731,0.3213,0.6033,11.2,-3.4442,0.1336,368.7832,-57.688
2019-03-19,66.2532,-0.3614,0.793,-1.0846,12.3515,-4.2677,-0.7585,367.4504,-57.841
2019-03-20,65.7993,-0.6851,-0.7659,-1.7233,13.4428,-4.9596,-0.6732,364.9329,-58.1298
2019-03-21,66.4312,0.9604,0.5225,-1.2494,13.962,-4.9124,-0.0612,368.4376,-57.7277
2019-03-22,64.9271,-2.2642,-1.4056,-3.0901,13.5227,-6.9837,-2.4392,360.0955,-58.6848
2019-03-25,65.0784,0.233,-2.1282,-3.5015,15.9083,-6.9071,1.1263,360.9346,-58.5885
2019-03-26,65.5145,0.6702,-1.115,-3.2358,18.9307,-6.8853,3.3156,363.3534,-58.311
2019-03-27,65.5857,0.1087,-0.3246,-2.864,22.8286,-5.1601,0.9845,363.7483,-58.2657
2019-03-28,66.0663,0.7328,-0.5493,-2.5354,18.2231,-4.1726,3.1506,366.4138,-57.9599
2019-03-29,66.7784,1.0777,2.8513,-1.1495,18.0208,-3.078,4.6182,370.3628,-57.5068
2019-04-01,68.1579,2.0658,4.7319,0.8002,20.78,-1.2144,5.2416,378.0139,-56.629
2019-04-02,68.1312,-0.0392,3.994,1.211,19.5331,-1.1901,7.4125,377.8658,-56.646
2019-04-03,67.9265,-0.3005,3.569,1.5611,18.5664,-2.3465,5.6236,376.7305,-56.7762
2019-04-04,68.3448,0.6158,3.4487,3.1556,23.0406,-1.9682,5.815,379.0505,-56.51
2019-04-05,68.5406,0.2865,2.6389,4.0768,18.8855,-2.0949,5.0547,380.1364,-56.3854
2019-04-08,68.2469,-0.4285,0.1306,3.8401,17.4208,-2.195,7.5801,378.5075,-56.5723
2019-04-09,67.3213,-1.3563,-1.1888,1.5701,14.2625,-3.0204,6.4428,373.3739,-57.1613
2019-04-10,67.3035,-0.0264,-0.9172,2.3908,13.4654,-3.2911,4.8111,373.2751,-57.1727
2019-04-11,67.882,0.8596,-0.6772,2.3751,12.9079,-0.9324,6.4927,376.4837,-56.8045
2019-04-12,68.7809,1.3242,0.3506,4.078,14.5211,3.721,6.3754,381.4692,-56.2325
2019-04-15,68.3982,-0.5564,0.2217,3.8654,13.9006,5.9399,6.0408,379.3466,-56.4761
2019-04-16,68.8165,0.6116,2.2211,3.4935,14.953,5.8811,5.6329,381.6668,-56.2099
2019-04-17,68.9055,0.1293,2.3803,4.0032,14.9827,5.8176,4.8853,382.1603,-56.1532
2019-04-18,69.6976,1.1496,2.6747,5.9245,14.3458,5.257,5.0042,386.5535,-55.6492
2019-04-22,69.484,-0.3065,1.0223,4.5954,11.8678,5.7066,4.9719,385.3688,-55.7851
2019-04-23,70.0892,0.871,2.4724,7.9507,15.2225,8.5001,6.3484,388.7255,-55.4
2019-04-24,69.8845,-0.2921,1.552,7.3851,14.7191,8.5823,6.1642,387.5901,-55.5302
2019-04-25,68.4783,-2.0122,-0.62,4.5239,11.8421,6.7621,7.0184,379.791,-56.4251
2019-04-26,68.9945,0.7538,-1.0088,5.1974,11.2699,9.3664,7.5175,382.6539,-56.0966
2019-04-29,69.1547,0.2322,-0.474,4.6746,12.605,13.4642,8.1639,383.5423,-55.9947
2019-04-30,69.4306,0.399,-0.9397,3.9717,11.5117,13.1171,8.818,385.0726,-55.8191
2019-05-01,68.9767,-0.6538,-1.2991,1.2014,9.0774,13.4997,9.5586,382.5551,-56.1079
2019-05-02,68.9411,-0.0516,0.6758,1.1888,8.5502,15.361,10.0047,382.3577,-56.1306
2019-05-03,69.7777,1.2136,1.1352,2.7254,9.6994,14.4039,12.324,386.9978,-55.5982
2019-05-06,69.1102,-0.9566,-0.0643,1.12,7.2622,12.4501,10.9847,383.2957,-56.023
2019-05-07,67.7129,-2.0219,-2.474,-1.2076,4.1919,8.2707,7.4917,375.5458,-56.9121
2019-05-08,67.7129,0.0,-1.8322,-0.7825,4.1635,8.4537,6.7823,375.5458,-56.9121
2019-05-09,67.615,-0.1446,-1.9236,0.4363,4.7258,7.7354,5.8711,375.0028,-56.9744
2019-05-10,67.882,0.3949,-2.7168,0.8596,4.9811,7.0359,5.1553,376.4837,-56.8045
2019-05-13,65.9506,-2.8452,-4.5718,-2.8452,1.4526,2.3302,1.4782,365.7721,-58.0335
2019-05-14,66.636,1.0392,-1.5904,-3.1185,0.9404,3.5632,2.3131,369.573,-57.5974
2019-05-15,66.725,0.1336,-1.459,-2.4463,0.4826,4.7611,2.6284,370.0666,-57.5408
2019-05-16,67.3391,0.9204,-0.4081,-2.1469,1.8826,7.855,3.9213,373.4726,-57.15
2019-05-17,66.5914,-1.1102,-1.9012,-3.3583,-0.5796,6.1789,2.3955,369.3262,-57.6257
2019-05-20,66.4223,-0.254,0.7152,-4.6993,-0.7928,6.2669,1.74,368.3882,-57.7334
2019-05-21,67.2056,1.1792,0.8548,-3.2791,-0.0983,6.1165,2.3384,372.7321,-57.235
2019-05-22,66.6538,-0.8211,-0.1067,-4.9016,-0.5129,5.2744,-0.015,369.6718,-57.5861
2019-05-23,65.6391,-1.5222,-2.5244,-6.0749,-2.6701,5.34,-0.3115,364.0445,-58.2317
2019-05-24,65.6658,0.0406,-1.39,-4.1071,-3.0123,7.6156,-0.1785,364.1925,-58.2147
2019-05-28,65.0606,-0.9217,-2.0501,-5.7018,-3.6417,5.876,-1.5811,360.8359,-58.5999
2019-05-29,64.7669,-0.4514,-3.6287,-6.3449,-4.4524,5.6097,-1.8442,359.2069,-58.7868
2019-05-30,65.0161,0.3848,-2.4569,-6.3581,-3.7581,5.2463,0.1343,360.5891,-58.6282
2019-05-31,64.1261,-1.3689,-2.3051,-7.0322,-5.1625,3.9832,-2.6095,355.6529,-59.1945
2019-06-03,64.5622,0.6801,-1.6806,-6.3516,-4.0908,2.2408,-0.5113,358.0718,-58.917
2019-06-04,66.1019,2.3848,1.6005,-5.2679,-1.1669,4.6208,0.7515,366.6112,-57.9372
2019-06-05,66.7428,0.9695,3.0507,-3.4256,0.7376,4.6157,1.8771,370.1654,-57.5295
2019-06-06,66.8585,0.1734,2.8337,-1.2618,1.5225,3.5975,1.9316,370.8071,-57.4558
2019-06-07,67.3925,0.7987,5.0937,-0.4732,2.54,9.062,1.8926,373.7688,-57.116
2019-06-10,67.4815,0.1321,4.5216,-0.1974,1.8118,9.8156,1.5987,374.2624,-57.0594
2019-06-11,66.903,-0.8573,1.2118,-1.4422,1.7815,11.8189,0.3983,371.0539,-57.4275
2019-06-12,67.0454,0.2128,0.4534,1.6599,1.1133,11.7776,0.4149,371.8436,-57.3369
2019-06-13,67.3836,0.5044,0.7854,1.1219,1.9636,13.0042,1.0269,373.7193,-57.1217
2019-06-14,67.1166,-0.3962,-0.4094,0.5869,1.9192,11.9291,1.4354,372.2386,-57.2916
2019-06-17,66.8852,-0.3448,-0.8837,-0.6741,0.5889,11.8549,1.4733,370.9551,-57.4388
2019-06-18,68.1846,1.9428,1.9157,2.3924,2.9151,15.6266,3.7036,378.162,-56.612
2019-06-19,68.1312,-0.0783,1.6195,2.5727,3.5439,17.4631,4.0518,377.8658,-56.646
2019-06-20,69.2704,1.6721,2.8002,3.0725,4.2739,18.8326,8.0742,384.1841,-55.921
2019-06-21,68.9012,-0.533,2.6591,3.3719,6.1209,20.4713,7.4249,382.1366,-56.1559
2019-06-24,68.7672,-0.1946,2.8138,4.7655,5.6682,22.4782,8.579,381.393,-56.2413
2019-06-25,68.2487,-0.754,0.094,3.9334,4.1734,23.8941,7.3893,378.5175,-56.5712
2019-06-26,68.4185,0.2489,0.4217,5.1612,4.3192,28.1338,9.0382,379.4594,-56.4631
2019-06-27,68.4811,0.0915,-1.1394,5.7347,3.6551,22.5442,8.7284,379.8066,-56.4233
2019-06-28,69.2052,1.0573,0.4411,6.4431,3.6341,22.3098,10.7708,383.8223,-55.9625
2019-07-01,69.2677,0.0904,0.7279,8.018,1.6283,22.7467,10.7158,384.1692,-55.9227
2019-07-02,69.1784,-0.129,1.3622,7.1499,1.537,21.3703,10.3414,383.6735,-55.9796
2019-07-03,69.5627,0.5556,1.6723,5.2355,2.4088,21.4225,10.7072,385.8053,-55.735
2019-07-05,69.2856,-0.3984,1.1747,3.8099,1.3766,24.7344,10.6206,384.2683,-55.9114
2019-07-08,68.7135,-0.8257,-0.7104,2.7746,0.2523,19.1854,9.1732,381.0954,-56.2754
2019-07-09,68.5616,-0.2211,-1.0195,1.7347,0.4611,17.9622,8.5544,380.2527,-56.3721
2019-07-10,68.4006,-0.2347,-1.1242,1.3621,1.6033,16.0945,6.3252,379.3602,-56.4745
2019-07-11,68.8655,0.6796,-1.0023,2.9334,2.3208,16.0988,6.7138,381.9383,-56.1787
2019-07-12,70.0723,1.7524,1.1354,4.5147,3.2266,16.551,10.3956,388.6312,-55.4108
2019-07-15,69.7862,-0.4082,1.5611,3.5656,1.4616,16.1949,8.6712,387.0448,-55.5928
2019-07-16,70.2331,0.6404,2.4381,4.6435,2.6828,16.9563,8.8036,389.5235,-55.3084
2019-07-17,68.7314,-2.1382,0.4836,2.7603,-0.1237,14.8108,6.9121,381.1947,-56.264
2019-07-18,68.8565,0.1821,-0.013,0.9855,-0.0711,14.901,6.6855,381.8887,-56.1844
2019-07-19,69.232,0.5452,-1.1992,1.6157,-0.6681,13.5819,6.1017,383.9709,-55.9455
2019-07-22,69.2856,0.0775,-0.7173,0.0219,-0.2856,11.5484,6.2267,384.2683,-55.9114
2019-07-23,70.1616,1.2644,-0.1018,1.8293,0.1033,15.3415,7.6853,389.1269,-55.3539
2019-07-24,70.4656,0.4332,2.5231,2.4698,0.8314,15.6729,8.8243,390.8126,-55.1605
2019-07-25,70.3226,-0.2029,2.1291,3.0387,2.6932,14.8542,8.1503,390.0195,-55.2515
2019-07-26,70.1706,-0.2161,1.3557,2.5608,1.7046,13.1666,6.2996,389.1765,-55.3482
2019-07-29,70.0454,-0.1783,1.0967,2.2843,1.288,14.0554,5.3003,388.4824,-55.4279
2019-07-30,70.3493,0.4339,0.2675,1.6533,1.3232,12.9873,5.7432,390.168,-55.2345
2019-07-31,69.5627,-1.1182,-1.2812,0.4259,0.8496,10.0041,5.6029,385.8053,-55.735
2019-08-01,68.2129,-1.9404,-2.9999,-1.3955,-1.0562,7.4037,1.319,378.3192,-56.5939
2019-08-02,67.7749,-0.6421,-3.414,-2.57,-2.8703,6.5507,2.0482,375.89,-56.8726
2019-08-05,65.8977,-2.7698,-5.9214,-4.8897,-4.6483,2.2763,-0.6474,365.4788,-58.0672
2019-08-06,66.89,1.5057,-4.9174,-2.6538,-1.2153,2.9257,0.7555,370.9819,-57.4358
2019-08-07,66.8542,-0.0535,-3.8936,-2.4902,-1.2681,2.8427,0.5558,370.7835,-57.4585
2019-08-08,67.9895,1.6981,-0.3276,-0.6011,0.5539,5.3058,1.5415,377.0799,-56.7361
2019-08-09,67.4174,-0.8415,-0.5276,-2.1028,-0.6844,4.2625,1.1366,373.9069,-57.1002
2019-08-12,66.4877,-1.379,0.8953,-5.1155,0.8144,2.2789,0.295,368.7508,-57.6918
2019-08-13,67.2833,1.1966,0.588,-3.5865,0.9715,1.921,2.401,373.1633,-57.1855
2019-08-14,65.2273,-3.0557,-2.4335,-7.1274,-2.2445,-1.7727,-0.2497,361.7605,-58.4938
2019-08-15,65.1558,-0.1096,-4.1678,-5.2023,-3.2422,-1.4206,-1.0478,361.3639,-58.5393
2019-08-16,66.4162,1.9345,-1.485,-3.544,-0.2631,-0.8412,1.3514,368.3544,-57.7372
2019-08-19,67.0419,0.9421,0.8336,-3.1633,0.9328,0.1326,1.0243,371.8247,-57.3391
2019-08-20,66.6486,-0.5867,-0.9433,-3.8059,-0.8287,-0.9262,-0.174,369.6433,-57.5893
2019-08-21,67.0598,0.6169,2.8094,-4.421,0.6092,0.0932,-0.2252,371.9238,-57.3277
2019-08-22,67.1581,0.1466,3.0731,-4.6937,2.3142,-0.4177,-0.8151,372.4691,-57.2651
2019-08-23,65.3614,-2.6753,-1.5882,-7.0548,-0.4635,-3.4619,-2.5236,362.5043,-58.4084
2019-08-26,65.8441,0.7385,-1.7867,-6.1656,1.2043,-2.4813,-1.5209,365.1814,-58.1013
2019-08-27,65.5044,-0.5159,-1.7167,-6.4829,1.1388,-3.3643,-2.4504,363.2975,-58.3174
2019-08-28,66.3089,1.2281,-1.1197,-5.7433,1.9885,-1.8444,-2.4853,367.7593,-57.8055
2019-08-29,67.4442,1.7121,0.426,-3.0455,5.1744,-0.2553,-0.611,374.0557,-57.0831
2019-08-30,67.7213,0.4109,3.6105,-0.7207,4.8931,0.6021,-0.2798,375.5926,-56.9068
2019-09-03,66.8006,-1.3596,1.4526,-1.4376,1.057,-0.1222,-0.9462,370.4861,-57.4926
2019-09-04,67.6498,1.2712,3.2751,2.6587,1.359,2.1066,0.2479,375.1958,-56.9523
2019-09-05,68.8655,1.7971,3.8555,2.9533,3.0019,4.5701,2.1289,381.9383,-56.1787
2019-09-06,69.0085,0.2077,2.3194,3.2223,2.3979,4.9989,1.6156,382.7315,-56.0877
2019-09-09,69.2141,0.298,2.2043,1.8012,2.5675,4.4259,1.604,383.8718,-55.9569
2019-09-10,69.8488,0.917,4.5631,3.6065,4.4031,6.263,2.8529,387.3918,-55.553
2019-09-11,70.5013,0.9342,4.2152,6.0366,5.1547,6.3254,3.2813,391.0109,-55.1378
2019-09-12,70.546,0.0634,2.4403,4.8492,4.6932,6.7489,3.3733,391.2587,-55.1093
2019-09-13,70.9304,0.5448,2.785,8.7433,5.6823,7.7106,3.6175,393.3905,-54.8647
2019-09-16,70.8678,-0.0882,2.3893,8.7667,5.9545,6.5785,2.9078,393.0435,-54.9046
2019-09-17,70.832,-0.0505,1.4077,6.6487,3.8828,6.9111,2.3485,392.8452,-54.9273
2019-09-18,70.7248,-0.1514,0.317,5.4933,3.8068,7.4856,2.1547,392.2502,-54.9956
2019-09-19,70.3672,-0.5055,-0.2534,5.5794,1.5834,5.9249,0.7215,390.2672,-55.2231
2019-09-20,69.9224,-0.6322,-1.4211,4.2687,1.4821,7.6937,0.1727,387.8001,-55.5061
2019-09-23,69.7876,-0.1928,-1.5242,3.9154,1.4839,7.2362,-0.1707,387.0526,-55.5919
2019-09-24,69.3922,-0.5666,-2.0327,6.1669,1.6755,5.9188,-1.3741,384.8596,-55.8435
2019-09-25,69.8415,0.6475,-1.2489,6.071,2.0799,6.4889,0.994,387.3516,-55.5576
2019-09-26,69.9404,0.1415,-0.6066,6.7719,2.1309,5.8639,1.4466,387.8998,-55.4947
2019-09-27,69.6618,-0.3983,-0.3727,5.0564,0.6598,4.3179,1.1071,386.3548,-55.672
2019-09-30,69.7607,0.1419,-0.0386,3.4346,0.7116,2.3516,1.1086,386.903,-55.6091
2019-10-01,68.0892,-2.396,-1.8778,0.5432,-1.5744,-0.0616,-1.251,377.6329,-56.6727
2019-10-02,66.8042,-1.8873,-4.3489,0.0053,-3.9656,-1.6522,-3.96,370.5059,-57.4904
2019-10-03,67.2445,0.6591,-3.8546,-0.5991,-2.946,-1.6099,-3.5465,372.948,-57.2102
2019-10-04,67.9454,1.0424,-2.4639,-1.336,-1.1178,-0.8683,-2.9451,376.8355,-56.7642
2019-10-07,67.604,-0.5026,-3.0916,-2.0353,-1.3967,-0.9421,-3.1164,374.9417,-56.9815
2019-10-08,66.5615,-1.5419,-2.2436,-3.8324,-2.6887,-1.1285,-4.1148,369.1603,-57.6448
2019-10-09,67.1277,0.8505,0.4842,-3.8957,-2.5235,-0.2612,-3.5437,372.3001,-57.2845
2019-10-10,67.7387,0.9103,0.735,-3.9185,-3.3302,-0.211,-1.1415,375.6891,-56.8957
2019-10-11,69.0148,1.8838,1.5738,-2.1705,-1.1054,0.34,4.0737,382.7663,-56.0837
2019-10-14,68.88,-0.1953,1.8875,-2.8907,-1.9266,0.7044,6.6862,382.0188,-56.1695
2019-10-15,69.4371,0.8089,4.3202,-2.0188,1.0268,0.9018,6.836,385.1088,-55.8149
2019-10-16,69.4012,-0.0518,3.3869,-2.0201,0.791,0.7193,6.5788,384.9093,-55.8378
2019-10-17,69.7427,0.492,2.9583,-1.3887,0.7376,0.0646,5.325,386.8032,-55.6205
2019-10-18,69.1406,-0.8632,0.1823,-1.7432,-0.2093,-0.4942,5.1842,383.4642,-56.0036
2019-10-21,69.554,0.5979,0.9785,-0.5269,-0.8661,-0.7637,7.6715,385.7568,-55.7406
2019-10-22,70.1021,0.7881,0.9577,0.4507,-0.5158,0.3114,8.9204,388.7969,-55.3918
2019-10-23,70.0931,-0.0129,0.997,1.0101,-0.3263,2.3581,9.2797,388.7469,-55.3975
2019-10-24,70.192,0.1411,0.6443,0.5018,0.0305,1.7356,11.2646,389.2953,-55.3346
2019-10-25,70.6323,0.6273,2.1575,0.9893,0.8379,2.1367,15.8886,391.7374,-55.0544
2019-10-28,70.83,0.2799,1.8346,1.677,0.6833,2.0156,15.397,392.834,-54.9286
2019-10-29,71.0637,0.3299,1.3716,1.8678,2.1577,3.0256,16.9338,394.1298,-54.7799
2019-10-30,71.3153,0.3541,1.7437,4.7381,4.5481,3.4438,19.3338,395.5254,-54.6198
2019-10-31,70.5515,-1.0711,0.5121,5.6094,4.0967,1.1088,15.6724,391.2889,-55.1059
2019-11-01,72.0881,2.1781,2.0611,7.203,9.3939,4.3089,17.2954,399.8114,-54.128
2019-11-04,72.9238,1.1593,2.9561,7.3271,9.0206,7.6957,16.6028,404.4465,-53.5962
2019-11-05,73.0766,0.2095,2.8325,8.0951,9.3074,7.9212,17.0446,405.2937,-53.499
2019-11-06,73.1215,0.0615,2.5327,9.8555,7.5483,8.144,16.5093,405.543,-53.4704
2019-11-07,73.3731,0.3441,3.9995,9.3039,8.8342,8.0893,15.6943,406.9385,-53.3103
2019-11-08,73.472,0.1347,1.9197,8.4638,10.5046,11.4046,14.0005,407.4868,-53.2474
2019-11-11,73.5079,0.0489,0.801,6.5104,9.2514,10.3127,14.2434,407.6861,-53.2246
2019-11-12,73.4989,-0.0122,0.578,6.7058,12.6812,10.1521,15.3966,407.6362,-53.2303
2019-11-13,73.1934,-0.4157,0.0983,5.4096,12.336,8.6938,17.2318,405.9417,-53.4247
2019-11-14,73.427,0.3192,0.0735,5.8009,10.5559,10.265,17.0782,407.2374,-53.276
2019-11-15,73.9662,0.7343,0.6726,6.0559,10.3283,11.3574,18.3361,410.2277,-52.9329
2019-11-18,73.6877,-0.3766,0.2445,6.5765,10.5614,9.6452,16.3516,408.6828,-53.1102
2019-11-19,73.6248,-0.0853,0.1712,5.8527,9.7897,10.4586,16.2846,408.3341,-53.1502
2019-11-20,73.0407,-0.7934,-0.2087,4.1918,8.7592,11.2761,17.2183,405.0945,-53.5219
2019-11-21,73.0137,-0.0369,-0.5629,4.1667,11.7076,11.1898,19.6576,404.9449,-53.5391
2019-11-22,73.3911,0.5169,-0.7776,4.5576,11.4619,12.8042,19.4326,407.038,-53.2989
2019-11-25,73.9213,0.7225,0.3171,4.6565,12.8493,14.1344,20.537,409.9786,-52.9615
2019-11-26,74.137,0.2918,0.6957,4.6688,11.8054,14.0286,20.0109,411.1748,-52.8243
2019-11-27,74.0651,-0.0969,1.4026,4.2236,9.8169,15.4992,20.0997,410.7763,-52.87
2019-11-29,73.7236,-0.4611,0.9723,3.377,8.8632,14.19,16.7488,408.8822,-53.0873
2019-12-02,72.5105,-1.6455,-1.1999,2.7767,8.5476,9.6949,14.7637,402.1539,-53.8593
2019-12-03,71.7197,-1.0906,-2.9784,-0.5111,6.0161,7.4568,12.4167,397.768,-54.3625
2019-12-04,71.9982,0.3884,-2.8849,-1.2693,4.5491,7.6875,11.5616,399.313,-54.1852
2019-12-05,72.0162,0.025,-2.7664,-1.451,4.3585,6.8609,16.5447,399.4127,-54.1738
2019-12-06,72.8879,1.2104,-1.1336,-0.3195,5.3079,8.0117,18.6137,404.2472,-53.6191
2019-12-09,72.6093,-0.3822,0.1363,-1.041,3.9522,8.5293,21.3563,402.7022,-53.7964
2019-12-10,72.5194,-0.1238,1.1151,-1.2965,2.8625,8.1647,20.9039,402.2036,-53.8536
2019-12-11,72.9777,0.632,1.3605,-0.7213,3.447,8.302,22.3858,404.7455,-53.5619
2019-12-12,73.6248,0.8866,2.2336,0.1712,3.7987,9.6969,22.7828,408.3341,-53.1502
2019-12-13,73.427,-0.2686,0.7397,0.3192,3.6113,9.7808,22.7952,407.2374,-53.276
2019-12-16,73.3911,-0.049,1.0767,-0.049,3.6128,7.6359,24.4557,407.038,-53.2989
2019-12-17,73.3192,-0.0979,1.1029,-0.8747,3.6684,7.6148,26.4077,406.6394,-53.3446
2019-12-18,73.0137,-0.4167,0.0493,-0.9146,3.7609,5.4039,25.2542,404.9449,-53.5391
2019-12-19,73.2114,0.2708,-0.5615,-0.5615,4.7038,6.2556,28.0075,406.0414,-53.4133
2019-12-20,73.5483,0.4601,0.1651,0.6949,5.3887,6.9526,30.9936,407.9097,-53.1989
2019-12-23,74.1533,0.8227,1.0386,1.5608,6.8612,8.6517,34.6129,411.2655,-52.8139
2019-12-24,73.8553,-0.4019,0.7312,0.6325,5.747,7.9463,38.3158,409.6126,-53.0035
2019-12-26,74.0269,0.2323,1.3877,0.1429,5.8429,8.0983,32.4682,410.5643,-52.8943
2019-12-27,73.9637,-0.0854,1.0275,-0.2338,6.1753,6.8759,30.7197,410.2135,-52.9346
2019-12-30,73.6205,-0.464,0.0982,-0.6003,5.533,6.284,30.4601,408.3103,-53.1529
2019-12-31,73.5753,-0.0613,-0.7794,-0.2011,8.0573,6.356,29.0846,408.0599,-53.1817
2020-01-02,74.9661,1.8903,1.504,3.3866,12.2177,7.7677,30.8542,415.7733,-52.2967
2020-01-03,74.8216,-0.1928,1.0735,4.3251,11.268,7.9901,34.7008,414.9718,-52.3886
2020-01-06,74.8487,0.0362,1.1966,3.9591,10.16,8.9287,29.827,415.1221,-52.3714
2020-01-07,74.6952,-0.2051,1.4597,3.7199,10.4893,8.9461,28.5152,414.2705,-52.4691
2020-01-08,74.948,0.3386,1.8657,2.8265,12.5996,9.5721,27.2073,415.6731,-52.3082
2020-01-09,75.2641,0.4217,0.3975,3.6563,12.1209,9.2915,26.8861,417.4261,-52.107
2020-01-10,74.7313,-0.7079,-0.1207,3.05,10.3229,6.6489,24.3004,414.471,-52.4461
2020-01-13,75.3454,0.8218,0.6636,3.2444,9.1729,7.9661,25.451,417.877,-52.0553
2020-01-14,75.3544,0.012,0.8826,2.3493,9.3996,7.2919,25.4846,417.927,-52.0496
2020-01-15,75.4718,0.1558,0.6989,2.7848,8.6909,9.8069,26.0702,418.5781,-51.9749
2020-01-16,76.2214,0.9932,1.2719,3.8565,9.8273,10.696,27.1907,422.7354,-51.4979
2020-01-17,76.2304,0.0118,2.006,3.9706,9.3025,10.1087,25.0635,422.7855,-51.4921
2020-01-21,75.3906,-1.1018,0.0599,3.2554,9.0395,8.8113,21.3772,418.1274,-52.0266
2020-01-22,74.9932,-0.5271,-0.4794,2.4337,7.8201,6.8863,23.2843,415.9234,-52.2795
2020-01-23,75.806,1.0839,0.4428,3.0697,8.1365,7.5788,24.4395,420.4314,-51.7622
2020-01-24,75.4538,-0.4646,-1.0071,1.7537,7.6479,7.2967,23.2347,418.478,-51.9864
2020-01-27,74.0269,-1.8911,-2.8906,0.2323,5.4635,5.4957,19.3858,410.5643,-52.8943
2020-01-28,74.5055,0.6466,-1.1739,0.6466,5.4836,6.3674,21.3178,413.2188,-52.5898
2020-01-29,74.9029,0.5333,-0.1204,1.2699,5.7502,6.4728,20.3007,415.4227,-52.3369
2020-01-30,74.9841,0.1085,-1.0842,1.8523,5.5168,7.7936,18.5774,415.8733,-52.2852
2020-01-31,73.2502,-2.3124,-2.9204,-0.4419,2.7132,7.3846,15.335,406.2566,-53.3886
2020-02-03,73.2231,-0.037,-1.0858,-2.325,3.7868,8.0386,15.116,406.1065,-53.4058
2020-02-04,74.6049,1.887,0.1333,-0.2897,3.4912,13.2131,15.7901,413.7697,-52.5265
2020-02-05,75.8511,1.6705,1.266,1.3393,4.0142,13.3969,16.7145,420.6818,-51.7335
2020-02-06,76.095,0.3215,1.4814,1.8741,4.1305,13.8223,17.0578,422.0342,-51.5783
2020-02-07,75.5441,-0.7239,3.1316,0.7953,3.3131,11.1114,17.0068,418.9789,-51.9289
2020-02-10,75.9686,0.5619,3.7494,0.9359,3.5373,12.6839,17.4871,421.333,-51.6588
2020-02-11,76.2575,0.3804,2.2152,2.0423,3.7912,14.6942,17.3079,422.9356,-51.4749
2020-02-12,76.971,0.9356,1.4764,2.1575,4.7111,14.3984,16.596,426.8926,-51.0209
2020-02-13,76.5375,-0.5632,0.5815,1.57,4.1342,17.3396,15.2595,424.4885,-51.2967
2020-02-14,76.4381,-0.1298,1.1835,1.2804,4.4331,17.3159,15.6493,423.9374,-51.36
2020-02-18,76.0047,-0.5671,0.0475,-0.2844,3.5104,14.4369,13.4742,421.5332,-51.6358
2020-02-19,75.9776,-0.0356,-0.3671,-0.3317,2.7193,13.3284,13.4787,421.383,-51.6531
2020-02-20,75.8692,-0.1426,-1.4314,0.6349,2.9605,13.8346,12.7802,420.7819,-51.722
2020-02-21,75.4899,-0.4999,-1.3687,0.6624,2.5333,12.571,12.6759,418.6783,-51.9634
2020-02-24,73.3405,-2.8472,-4.0525,-3.2523,0.4105,9.2057,8.7496,406.7576,-53.3311
2020-02-25,70.3513,-4.0758,-7.4382,-6.7624,-3.6464,7.6342,3.908,390.1788,-55.2332
2020-02-26,69.8184,-0.7574,-8.1065,-5.685,-4.8679,6.036,3.4049,387.2236,-55.5723
2020-02-27,67.2266,-3.7123,-11.3915,-9.7697,-9.0566,2.629,-0.8237,372.8487,-57.2216
2020-02-28,65.9984,-1.827,-12.5733,-11.8881,-10.9778,-0.4684,-2.3041,366.0368,-58.0031
2020-03-02,68.3193,3.5167,-6.8464,-8.8883,-7.7578,1.2975,1.0389,378.9092,-56.5262
2020-03-03,66.6486,-2.4455,-5.2632,-9.0124,-9.5967,-1.584,-0.9914,369.643,-57.5894
2020-03-04,69.403,4.1328,-0.595,-5.2171,-4.2855,3.8958,3.7688,384.9195,-55.8367
2020-03-05,66.0074,-4.8926,-1.8136,-11.524,-7.9647,-2.4278,-0.3723,366.0868,-57.9974
2020-03-06,65.4294,-0.8756,-0.8621,-13.7397,-9.1236,-4.9896,-0.6475,362.8813,-58.3652
2020-03-09,59.3967,-9.2202,-13.0602,-21.944,-17.5232,-13.9284,-9.6258,329.423,-62.204
2020-03-10,62.4763,5.1848,-6.2602,-17.2983,-14.2844,-9.7348,-5.7397,346.5028,-60.2444
2020-03-11,58.8097,-5.8688,-15.2635,-22.5868,-19.0053,-15.8043,-10.531,326.1674,-62.5775
2020-03-12,52.7228,-10.3501,-20.1259,-30.8621,-27.2984,-25.2173,-20.487,292.4087,-66.4508
2020-03-13,56.8409,7.8109,-13.1263,-26.1528,-22.1119,-19.4271,-13.9893,315.2484,-63.8303
2020-03-16,50.3928,-11.3441,-15.1589,-34.1593,-31.5545,-28.9545,-23.4765,279.4862,-67.9334
2020-03-17,52.7138,4.6057,-15.6259,-31.0373,-28.2093,-25.6167,-20.7235,292.3586,-66.4565
2020-03-18,48.8305,-7.3668,-16.9687,-35.7533,-33.4654,-31.0616,-26.2972,270.8212,-68.9276
2020-03-19,48.8666,0.0739,-7.3142,-35.6829,-33.3509,-30.906,-25.7339,271.0214,-68.9046
2020-03-20,46.4192,-5.0083,-18.3349,-38.8168,-36.424,-34.0329,-30.1244,257.4478,-70.462
2020-03-23,44.386,-4.3801,-11.92,-41.2027,-39.3728,-36.521,-31.6372,246.1715,-71.7558
2020-03-24,50.0014,12.6512,-5.1455,-31.823,-32.0155,-28.3521,-23.1675,277.3152,-68.1825
2020-03-25,52.6316,5.2603,7.7843,-25.1874,-29.0233,-24.1534,-19.6642,291.9028,-66.5088
2020-03-26,55.9535,6.3116,14.5026,-19.8586,-24.239,-19.8851,-14.6865,310.3265,-64.395
2020-03-27,53.5963,-4.2128,15.4615,-20.2751,-27.5989,-23.3686,-18.875,297.2532,-65.895
2020-03-30,54.379,1.4603,22.5138,-17.6055,-26.4787,-21.9386,-18.5679,301.5941,-65.3969
2020-03-31,53.7055,-1.2385,7.4081,-21.3904,-27.0508,-23.0146,-21.2042,297.859,-65.8255
2020-04-01,51.2846,-4.5077,-2.5592,-23.0522,-30.2964,-24.6802,-24.7266,284.4323,-67.3659
2020-04-02,51.9672,1.331,-7.1243,-25.1225,-30.679,-22.2096,-23.4949,288.218,-66.9316
2020-04-03,51.2755,-1.331,-4.3301,-22.3185,-31.4696,-23.7476,-24.9752,284.3819,-67.3717
2020-04-06,54.825,6.9223,0.8201,-16.2074,-26.7523,-19.3103,-20.011,304.0675,-65.1131
2020-04-07,54.6975,-0.2324,1.8471,-7.9115,-26.7723,-19.0912,-19.8534,303.3608,-65.1942
2020-04-08,56.6816,3.6273,10.5235,-9.275,-24.3722,-14.8433,-15.8043,314.3646,-63.9317
2020-04-09,57.5371,1.5093,10.718,-2.1639,-23.5531,-14.2871,-14.511,319.1093,-63.3873
2020-04-13,55.8534,-2.9263,8.9279,5.9378,-25.2611,-17.5459,-17.7199,309.7712,-64.4587
2020-04-14,56.9182,1.9065,3.8181,0.136,-24.457,-17.5275,-17.2471,315.677,-63.7811
2020-04-15,55.3437,-2.7662,1.1814,9.8246,-26.5554,-19.6519,-19.086,306.9446,-64.783
2020-04-16,54.8523,-0.888,-3.2274,4.0568,-27.3209,-21.0044,-20.292,304.2189,-65.0958
2020-04-17,57.4279,4.6955,-0.1898,17.6066,-24.6565,-17.2523,-16.6571,318.5036,-63.4568
2020-04-20,55.8989,-2.6624,0.0815,14.3908,-26.6712,-19.8498,-19.798,310.0236,-64.4298
2020-04-21,54.5792,-2.3608,-4.1094,17.579,-27.6047,-21.0605,-21.4507,302.7047,-65.2695
2020-04-22,55.1526,1.0505,-0.3454,24.2567,-26.4565,-20.7053,-21.3109,305.8846,-64.9046
2020-04-23,55.5895,0.7921,1.344,11.1758,-26.6688,-20.7022,-20.4553,308.3075,-64.6267
2020-04-24,56.0354,0.8022,-2.4247,6.4672,-25.7355,-20.0558,-18.1706,310.7808,-64.3429
2020-04-27,57.4279,2.485,2.7353,2.635,-22.423,-18.1846,-16.7646,318.5036,-63.4568
2020-04-28,58.5018,1.87,7.1869,9.1527,-21.4799,-17.1742,-15.4044,324.4598,-62.7734
2020-04-29,59.6212,1.9135,8.1023,9.6402,-20.4019,-15.8249,-14.1283,330.6684,-62.0611
2020-04-30,58.4381,-1.9844,5.1244,8.812,-22.0661,-17.7666,-15.2785,324.1064,-62.814
2020-05-01,56.6725,-3.0213,1.1369,10.5058,-22.6316,-20.5325,-17.7958,314.3141,-63.9375
2020-05-04,55.9535,-1.2687,-2.5674,7.6707,-23.5849,-20.6912,-19.8118,310.3265,-64.395
2020-05-05,56.1719,0.3904,-3.9826,9.5492,-24.7074,-22.0788,-18.7212,311.5379,-64.256
2020-05-06,55.3983,-1.3772,-7.0829,1.0458,-26.9644,-24.0326,-18.1864,307.2474,-64.7483
2020-05-07,56.0445,1.1664,-4.0959,2.4626,-26.3493,-23.3072,-17.2321,310.8312,-64.3371
2020-05-08,57.437,2.4846,1.349,1.3327,-23.9689,-21.45,-15.0529,318.5541,-63.451
2020-05-11,56.718,-1.2518,1.3663,-1.4236,-25.3402,-22.6992,-16.4462,314.5665,-63.9085
2020-05-12,55.1253,-2.8081,-1.8633,-1.3036,-27.7116,-24.971,-16.4143,305.7332,-64.922
2020-05-13,53.7419,-2.5095,-2.99,-5.5804,-30.179,-26.8896,-19.3499,298.0608,-65.8023
2020-05-14,54.3062,1.05,-3.1016,-1.8747,-29.0463,-26.1129,-18.6119,301.1904,-65.4432
2020-05-15,54.1151,-0.352,-5.7836,-1.3439,-29.2041,-26.0656,-19.6379,300.1303,-65.5649
2020-05-18,57.6827,6.5927,1.7009,0.4438,-24.1063,-21.4421,-13.3782,319.917,-63.2947
2020-05-19,56.9455,-1.278,3.302,1.8724,-25.0496,-23.0114,-14.2675,315.8284,-63.7638
2020-05-20,58.0104,1.8699,7.9424,6.2865,-23.539,-21.2753,-13.6822,321.7341,-63.0862
2020-05-21,58.1469,0.2353,7.0722,5.4291,-22.974,-21.0227,-12.7628,322.4912,-62.9993
2020-05-22,58.1013,-0.0783,7.3663,4.5186,-20.7787,-20.4534,-11.4837,322.2388,-63.0283
2020-05-26,60.5404,4.198,4.9542,8.0396,-13.9455,-17.0835,-7.8053,335.7663,-61.4762
2020-05-27,62.5609,3.3374,9.8609,8.9382,-10.3949,-14.7568,-3.8421,346.972,-60.1905
2020-05-28,61.9693,-0.9456,6.8246,5.9272,-7.8202,-16.1685,-4.3195,343.6911,-60.567
2020-05-29,61.5871,-0.6168,5.9164,3.2972,-6.6839,-16.928,-5.2741,341.5711,-60.8102
2020-06-01,61.7236,0.2217,6.2343,5.6222,-9.6543,-16.6631,-3.7465,342.3283,-60.7233
2020-06-02,62.5245,1.2976,3.2772,10.326,-6.1878,-15.1907,-3.1562,346.7702,-60.2137
2020-06-03,64.9636,3.901,3.8406,16.1028,-6.3966,-10.408,-1.7221,360.2977,-58.6616
2020-06-04,65.6553,1.0647,5.948,16.8827,-0.5334,-8.4557,-1.6294,364.134,-58.2215
2020-06-05,68.0671,3.6734,10.5217,22.8685,4.0313,-5.4601,1.8077,377.5102,-56.6868
2020-06-08,69.4322,2.0056,12.489,23.8876,16.8958,-3.5881,3.0267,385.0815,-55.8181
2020-06-09,67.703,-2.4905,8.2824,17.8736,8.366,-7.1135,0.3283,375.4911,-56.9184
2020-06-10,66.083,-2.3928,1.7232,16.5116,12.3676,-8.9882,-1.2256,366.5064,-57.9493
2020-06-11,61.4415,-7.0238,-6.4181,11.4578,16.5368,-15.2759,-8.3584,340.7636,-60.9028
2020-06-12,62.6337,1.9405,-7.9824,16.5453,10.1912,-14.1742,-7.049,347.376,-60.1442
2020-06-15,63.2526,0.9881,-8.9003,16.4739,25.519,-14.0879,-5.7571,350.8083,-59.7504
2020-06-16,64.4903,1.9568,-4.7453,19.1726,22.3405,-12.1709,-3.5805,357.673,-58.9627
2020-06-17,64.0262,-0.7197,-3.1125,10.9972,31.1193,-12.7603,-6.0988,355.0988,-59.2581
2020-06-18,63.7896,-0.3696,3.8217,12.0186,30.5382,-12.9975,-6.3725,353.7865,-59.4087
2020-06-19,63.0068,-1.227,0.5957,8.6131,35.7345,-13.7054,-9.0422,349.4454,-59.9067
2020-06-22,63.1129,0.1683,-0.2209,8.5405,42.1909,-13.7936,-8.4009,350.0335,-59.8393
2020-06-23,63.122,0.0145,-2.1218,8.6412,26.2405,-14.1761,-8.2091,350.0841,-59.8335
2020-06-24,60.9281,-3.4757,-4.8388,0.6403,15.7633,-17.835,-10.7264,337.9163,-61.2295
2020-06-25,61.6045,1.1103,-3.4254,-1.5287,10.0995,-16.5875,-9.9593,341.668,-60.7991
2020-06-26,60.4618,-1.8549,-4.0392,-2.4326,12.8097,-18.3245,-11.7102,335.3305,-61.5262
2020-06-29,62.4456,3.2809,-1.0574,1.3939,14.8339,-15.5726,-9.7675,346.3324,-60.2639
2020-06-30,62.8021,0.571,-0.5068,1.7473,16.9378,-14.6948,-9.3343,348.3098,-60.037
2020-07-01,62.5187,-0.4513,2.6106,-0.0093,21.9053,-15.0277,-9.6268,346.7381,-60.2174
2020-07-02,63.058,0.8627,2.3594,-2.9332,21.3419,-15.8846,-9.3508,349.7293,-59.8742
2020-07-06,63.963,1.4352,5.7908,-2.5774,24.7438,-14.5126,-7.682,354.7487,-59.2983
2020-07-07,62.7381,-1.9151,0.4684,-7.829,14.4334,-16.1801,-8.6961,347.9548,-60.0778
2020-07-08,62.7381,0.0,-0.1019,-9.6413,14.7,-16.0078,-8.4938,347.9548,-60.0778
2020-07-09,61.376,-2.1711,-1.8278,-9.3452,8.2821,-18.1086,-10.2698,340.4005,-60.9445
2020-07-10,62.1713,1.2958,-1.4062,-5.9194,8.0543,-17.3958,-9.7206,344.8114,-60.4384
2020-07-13,62.4273,0.4117,-2.401,1.6045,11.7699,-16.4643,-10.9101,346.2311,-60.2755
2020-07-14,63.7802,2.1672,1.6611,1.8305,12.0559,-15.3496,-8.6063,353.7346,-59.4146
2020-07-15,65.4074,2.5513,4.2547,3.4067,18.1839,-13.2003,-6.871,362.7593,-58.3792
2020-07-16,65.4257,0.028,6.5982,1.4504,19.2762,-13.3111,-4.8096,362.8607,-58.3675
2020-07-17,65.8188,0.6008,5.8668,2.7998,14.6112,-13.6479,-4.4117,365.0408,-58.1174
2020-07-20,65.0143,-1.2222,4.1441,1.92,16.307,-14.7134,-6.092,360.5792,-58.6293
2020-07-21,65.8736,1.3217,3.2822,4.5499,20.6935,-12.6235,-4.9245,365.345,-58.0825
2020-07-22,66.4038,0.8049,1.5234,5.2144,20.4002,-11.4535,-5.3559,368.2855,-57.7451
2020-07-23,66.2027,-0.3028,1.1876,4.8806,19.0922,-12.6682,-6.0495,367.1702,-57.8731
2020-07-24,65.6725,-0.8009,-0.2222,7.7869,17.1982,-12.9633,-6.6125,364.2295,-58.2105
2020-07-27,65.9467,0.4176,1.4342,7.0485,14.834,-10.9152,-6.0194,365.7505,-58.036
2020-07-28,65.4897,-0.6931,-0.5828,8.3157,11.9447,-12.1009,-6.504,363.2156,-58.3268
2020-07-29,66.4861,1.5215,0.1239,6.4705,11.5141,-11.2369,-5.4915,368.7419,-57.6928
2020-07-30,65.8188,-1.0037,-0.5799,4.8035,12.6299,-12.2231,-5.3821,365.0408,-58.1174
2020-07-31,65.572,-0.375,-0.1531,4.8838,15.7033,-10.4822,-3.8717,363.6719,-58.2745
2020-08-03,65.8462,0.4182,-0.1525,4.4216,17.6802,-10.0746,-2.8458,365.1928,-58.1
2020-08-04,66.0107,0.2499,0.7956,3.2014,17.5155,-11.5195,0.1715,366.1054,-57.9953
2020-08-05,67.2723,1.9111,1.1824,7.2272,21.4338,-11.3102,0.5715,373.1021,-57.1925
2020-08-06,67.5282,0.3805,2.5972,7.6352,20.4904,-11.258,1.0082,374.5217,-57.0296
2020-08-07,68.68,1.7057,4.74,11.9005,19.5746,-9.0861,1.0157,380.9098,-56.2967
2020-08-10,70.3712,2.4624,6.8722,13.1892,24.0721,-7.3679,4.3814,390.2895,-55.2205
2020-08-11,70.746,0.5326,7.1735,13.3255,28.3368,-7.2275,6.4047,392.3681,-54.982
2020-08-12,70.9746,0.3231,5.5035,11.2799,32.0655,-7.7905,5.4862,393.6357,-54.8366
2020-08-13,70.5997,-0.5281,4.5485,7.9385,30.0031,-7.758,8.2364,391.5568,-55.0751
2020-08-14,70.874,0.3885,3.1945,8.3275,30.9691,-7.2793,8.7762,393.0778,-54.9006
2020-08-17,70.5449,-0.4643,0.2468,7.1805,22.2982,-7.1834,6.2164,391.2527,-55.11
2020-08-18,70.161,-0.5443,-0.827,7.9162,23.2072,-7.6557,4.6523,389.1232,-55.3543
2020-08-19,69.9781,-0.2606,-1.4039,6.2309,20.6304,-7.7647,4.9956,388.1093,-55.4707
2020-08-20,69.6033,-0.5356,-1.4113,4.8183,19.7027,-7.7978,3.7929,386.0306,-55.7092
2020-08-21,69.8867,0.4072,-1.393,5.5648,20.2842,-4.7093,4.0629,387.6023,-55.5288
2020-08-24,71.1483,1.8051,0.8553,8.338,17.5219,1.1328,8.8536,394.5989,-54.7261
2020-08-25,71.0568,-0.1285,1.2769,7.7488,13.5803,1.7737,7.9168,394.0919,-54.7843
2020-08-26,71.0934,0.0515,1.5937,8.5566,14.7236,5.7519,8.5322,394.2947,-54.761
2020-08-27,71.3494,0.36,2.5085,7.3147,15.8512,8.1078,7.6014,395.7143,-54.5981
2020-08-28,72.0258,0.9481,3.0608,9.4305,16.691,5.4253,6.7932,399.4661,-54.1677
2020-08-31,71.13,-1.2438,-0.0257,8.4762,13.7634,6.7239,5.0334,394.4975,-54.7377
2020-09-01,71.8521,1.0153,1.1192,9.1212,10.6037,3.5288,7.5621,398.5027,-54.2782
2020-09-02,73.0406,1.654,2.7389,10.6495,11.2486,10.6551,7.9687,405.0939,-53.522
2020-09-03,70.9929,-2.8035,-0.4997,5.5306,4.2984,8.503,3.0892,393.737,-54.825
2020-09-04,71.1574,0.2318,-1.2057,5.3743,2.4847,19.8002,3.114,394.6496,-54.7203
2020-09-08,69.8227,-1.8756,-1.8378,1.6638,3.1309,11.7588,0.8793,387.2473,-55.5696
2020-09-09,70.9014,1.5449,-1.3231,0.7534,7.2915,20.5608,1.5071,393.23,-54.8832
2020-09-10,69.9965,-1.2764,-4.1677,-1.0595,13.9238,32.7631,-0.7161,388.2108,-55.459
2020-09-11,70.9471,1.3582,-0.0644,-0.0387,13.2731,24.817,0.5686,393.4835,-54.8541
2020-09-14,71.907,1.3529,1.0535,1.8517,13.6823,42.6929,1.3769,398.8071,-54.2433
2020-09-15,71.9527,0.0636,3.0506,1.522,11.5713,36.497,1.5309,399.0606,-54.2142
2020-09-16,72.684,1.0164,2.5142,3.0323,13.5224,48.8497,2.6146,403.1166,-53.7488
2020-09-17,72.8303,0.2012,4.0485,3.8046,14.1727,49.039,2.977,403.9277,-53.6558
2020-09-18,72.0167,-1.1171,1.5076,2.9131,14.2998,55.1442,2.3441,399.4154,-54.1735
2020-09-21,69.6261,-3.3195,-3.1721,0.0327,10.3199,56.8649,-0.4238,386.1567,-55.6947
2020-09-22,70.3144,0.9885,-2.277,0.6119,11.3944,40.6248,0.7548,389.974,-55.2567
2020-09-23,69.0571,-1.7881,-4.99,-2.9392,13.342,31.2084,-0.4829,383.001,-56.0568
2020-09-24,69.1581,0.1462,-5.0422,-2.6722,12.2613,23.5992,-0.9786,383.561,-55.9925
2020-09-25,70.1951,1.4994,-2.5295,-1.2636,16.0981,30.9699,0.3641,389.3123,-55.3326
2020-09-28,71.4615,1.8041,2.6361,0.1571,14.438,31.4137,2.5834,396.3361,-54.5268
2020-09-29,70.8283,-0.8861,0.7309,-1.6627,12.7801,31.8826,1.5304,392.8242,-54.9297
2020-09-30,70.6447,-0.2591,2.299,-0.6822,12.9978,37.7503,3.7532,391.8064,-55.0465
2020-10-01,70.4336,-0.2988,1.8444,-1.9742,11.6965,35.5348,5.433,390.6356,-55.1808
2020-10-02,71.2229,1.1205,1.4643,-2.4886,11.3501,38.9023,5.9163,395.0128,-54.6786
2020-10-05,72.37,1.6106,1.2714,1.9399,15.3526,32.002,6.512,401.3751,-53.9486
2020-10-06,71.489,-1.2174,0.9329,0.4661,13.9484,30.6988,5.7468,396.4889,-54.5093
2020-10-07,73.0675,2.208,3.4295,4.6471,19.0489,28.9087,9.7743,405.2432,-53.5048
2020-10-08,73.7925,0.9922,4.7688,4.0775,18.6921,28.252,9.9285,409.264,-53.0435
2020-10-09,74.0678,0.3731,3.9943,5.8165,18.6465,32.6111,9.3433,410.791,-52.8683
2020-10-12,74.4899,0.57,2.9292,4.9936,16.7916,30.8718,7.9333,413.1323,-52.5997
2020-10-13,73.664,-1.1088,3.0424,2.4434,12.6233,33.1027,6.9454,408.5515,-53.1253
2020-10-14,74.0769,0.5606,1.3816,2.9522,13.223,35.0481,6.682,410.8418,-52.8625
2020-10-15,74.3431,0.3593,0.7462,2.2826,12.9512,29.4547,7.1208,412.318,-52.6931
2020-10-16,74.8845,0.7283,1.1027,2.8206,15.1816,33.9642,7.3726,415.3208,-52.3486
2020-10-19,73.9576,-1.2378,-0.7146,2.6951,12.272,35.5051,6.967,410.1802,-52.9384
2020-10-20,74.3431,0.5212,0.9219,6.7748,11.9561,34.7953,6.8855,412.318,-52.6931
2020-10-21,73.5906,-1.0122,-0.6566,4.6593,11.1594,32.3822,4.9762,408.1443,-53.172
2020-10-22,74.1962,0.823,-0.1975,7.4419,12.9792,32.4096,5.8538,411.5035,-52.7866
2020-10-23,74.4899,0.3958,-0.527,7.7097,12.9547,29.7104,6.1231,413.1323,-52.5997
2020-10-26,72.627,-2.5009,-1.7992,3.4645,10.8983,24.1448,2.824,402.8001,-53.7851
2020-10-27,71.0394,-2.186,-4.4439,-0.5907,6.8484,19.1511,0.2955,393.9949,-54.7954
2020-10-28,68.7084,-3.2812,-6.6342,-2.993,4.3903,17.5747,-3.3143,381.0671,-56.2787
2020-10-29,69.7087,1.4559,-6.0482,-1.325,6.3087,23.0027,-2.2528,386.6149,-55.6421
2020-10-30,69.6261,-0.1185,-6.5295,-1.1466,5.7405,24.4356,-1.3116,386.1567,-55.6947
2020-11-02,71.5074,2.702,-1.5416,0.3994,8.3269,27.3009,-0.8056,396.5906,-54.4976
2020-11-03,73.6181,2.9518,3.63,1.7246,9.4331,32.8887,0.952,408.297,-53.1545
2020-11-04,72.8564,-1.0346,6.0371,1.9127,7.8903,29.9974,-0.3013,404.0726,-53.6391
2020-11-05,74.5725,2.3555,6.9773,2.0598,8.5796,29.8336,1.9843,413.5903,-52.5471
2020-11-06,74.6459,0.0984,7.2097,1.1566,6.0745,31.6089,1.7347,413.9975,-52.5004
2020-11-09,77.1879,3.4054,7.944,4.2126,9.1057,40.0227,5.0576,428.0959,-50.8829
2020-11-10,78.5461,1.7596,6.694,5.4453,10.668,46.1543,6.8539,435.6286,-50.0186
2020-11-11,77.8854,-0.8412,6.9026,5.7307,10.3197,43.419,5.9681,431.9643,-50.439
2020-11-12,76.9952,-1.143,3.2488,3.9395,8.6368,42.2806,5.1942,427.0271,-51.0055
2020-11-13,78.7022,2.2169,5.434,5.8635,11.5632,36.4398,7.1842,436.4941,-49.9193
2020-11-16,80.6201,2.437,4.4466,7.6593,14.9074,41.5742,8.9959,447.1314,-48.6988
2020-11-17,80.4091,-0.2618,2.3718,8.7232,14.906,38.6116,9.1215,445.9609,-48.8331
2020-11-18,80.0512,-0.4451,2.7807,7.678,15.0106,37.6707,8.7286,443.9759,-49.0609
2020-11-19,80.2531,0.2522,4.2312,9.0535,14.8331,38.126,9.8745,445.0956,-48.9324
2020-11-20,79.5281,-0.9034,1.0494,7.1861,11.778,31.3636,8.9221,441.0747,-49.3937
2020-11-23,80.8588,1.6732,0.296,8.5499,13.7945,29.2481,10.1752,448.4548,-48.547
2020-11-24,82.272,1.7478,2.3168,13.2803,15.7239,32.7625,11.2968,456.2931,-47.6477
2020-11-25,81.648,-0.7585,1.9947,14.9335,14.4341,32.5732,10.1313,452.832,-48.0448
2020-11-27,81.5103,-0.1686,1.5666,18.6323,13.1682,32.057,10.0523,452.0686,-48.1324
2020-11-30,80.7853,-0.8895,1.5809,15.8899,13.5743,29.2059,9.5787,448.0476,-48.5937
2020-12-01,80.5835,-0.2499,-0.3405,15.7374,12.1518,24.0441,11.1336,446.9279,-48.7222
2020-12-02,80.6936,0.1367,-1.9186,12.8465,10.4778,22.905,12.5125,447.5387,-48.6521
2020-12-03,80.9047,0.2616,-0.9104,9.8978,13.9617,18.8602,12.3703,448.7094,-48.5178
2020-12-04,81.8683,1.191,0.4391,12.3693,15.0524,17.911,13.6803,454.0536,-47.9046
2020-12-07,81.4736,-0.482,0.852,9.2542,16.6864,20.3397,11.7794,451.865,-48.1557
2020-12-08,81.8683,0.4844,1.5944,9.6755,15.4677,23.887,12.7517,454.0536,-47.9046
2020-12-09,82.0518,0.2242,1.6831,6.3013,17.2227,33.5446,13.1445,455.0714,-47.7878
2020-12-10,81.2717,-0.9507,0.4537,3.47,14.5525,29.7571,11.3651,450.7451,-48.2842
2020-12-11,81.4645,0.2372,-0.4932,4.5952,13.2914,28.7923,10.6481,451.8141,-48.1616
2020-12-14,80.4091,-1.2955,-1.3066,4.4339,11.7527,24.684,9.5088,445.9609,-48.8331
2020-12-15,81.5287,1.3924,-0.4148,3.5914,12.1686,27.3365,11.088,452.1704,-48.1207
2020-12-16,81.024,-0.6191,-1.2526,0.5009,11.2504,27.0176,10.5085,449.3711,-48.4419
2020-12-17,81.5195,0.6116,0.3049,1.381,13.1953,29.382,11.6496,452.1195,-48.1265
2020-12-18,81.5287,0.0113,0.0789,1.8457,17.095,29.1792,11.3607,452.1704,-48.1207
2020-12-21,81.0366,-0.6036,0.7804,0.9763,15.249,28.3809,10.1815,449.4412,-48.4338
2020-12-22,80.6588,-0.4663,-1.067,1.4217,16.8001,32.3836,8.773,447.3456,-48.6743
2020-12-23,81.0827,0.5256,0.0725,0.2769,17.2425,31.618,9.7859,449.6967,-48.4045
2020-12-24,81.0919,0.0114,-0.5246,-1.4344,15.5237,34.1208,9.5438,449.7478,-48.3986
2020-12-28,81.1933,0.125,-0.4114,-0.5569,13.6182,30.0225,9.7745,450.31,-48.3341
2020-12-29,80.7049,-0.6015,-0.4094,-0.9882,13.9444,28.5067,9.6229,447.6013,-48.6449
2020-12-30,81.2209,0.6394,0.6969,0.5392,14.9709,29.9146,10.3915,450.4633,-48.3165
2020-12-31,81.5987,0.4652,0.6364,1.2599,15.8519,29.4026,8.8475,452.5588,-48.0761
2021-01-04,79.6267,-2.4167,-1.8068,-1.3221,11.7993,24.4886,6.4221,441.6217,-49.331
2021-01-05,80.41,0.9837,-0.9647,-0.6114,11.1095,28.1677,7.43,445.9658,-48.8326
2021-01-06,82.3267,2.3837,2.0096,0.56,15.1599,31.2229,10.2169,456.5963,-47.6129
2021-01-07,82.7783,0.5485,1.9174,1.6013,13.2902,34.8707,10.4475,459.1006,-47.3256
2021-01-08,82.5755,-0.2449,1.1971,0.8639,11.9024,32.8193,9.7143,457.9762,-47.4546
2021-01-11,82.5479,-0.0335,3.6685,0.6046,11.4491,32.2304,10.4595,457.8228,-47.4722
2021-01-12,83.368,0.9936,3.6787,2.5794,11.9185,30.7114,10.6478,462.3715,-46.9503
2021-01-13,82.6492,-0.8622,0.3917,1.4543,12.1976,26.3607,9.6806,458.385,-47.4077
2021-01-14,82.9349,0.3456,0.1892,3.1412,11.9578,26.7619,9.8885,459.9693,-47.2259
2021-01-15,81.8567,-1.3,-0.8704,0.4024,10.1067,24.3669,7.3934,453.9898,-47.9119
2021-01-19,82.124,0.3265,-0.5135,1.3576,9.6675,26.3167,7.7312,455.472,-47.7419
2021-01-20,82.6308,0.6172,-0.8843,1.3632,11.7272,25.4384,9.6037,458.2829,-47.4194
2021-01-21,81.9858,-0.7807,-0.8028,0.5606,10.2803,23.4654,9.3243,454.7053,-47.8298
2021-01-22,81.5619,-0.517,-1.6555,0.6482,10.832,23.2002,7.5929,452.3543,-48.0996
2021-01-25,81.009,-0.6779,-1.0357,0.4342,9.182,23.353,7.3624,449.2879,-48.4514
2021-01-26,80.2625,-0.9214,-2.2666,-1.0115,7.7495,21.7081,8.4235,445.148,-48.9264
2021-01-27,78.6684,-1.9862,-4.7954,-2.9886,8.3184,20.1233,5.5873,436.3065,-49.9408
2021-01-28,79.8386,1.4876,-2.6189,-1.6684,12.3865,20.0832,6.5895,442.7971,-49.1961
2021-01-29,78.1154,-2.1584,-4.2255,-3.2085,13.6913,18.6826,4.176,433.24,-50.2926
2021-02-01,78.9264,1.0381,-2.5708,-2.825,13.2231,20.3661,7.749,437.7375,-49.7766
2021-02-02,80.6035,2.1249,0.4248,-1.2197,15.7662,22.4118,10.0793,447.0391,-48.7094
2021-02-03,80.6588,0.0686,2.5301,1.2961,12.7978,22.1904,8.1146,447.3456,-48.6743
2021-02-04,81.525,1.0739,2.1122,1.3867,10.7404,21.1866,7.4802,452.1498,-48.1231
2021-02-05,82.0042,0.5878,4.9782,-0.3918,12.5559,21.4369,7.7655,454.8074,-47.8181
2021-02-08,82.7045,0.854,4.7869,-0.0891,10.9048,20.42,9.4785,458.6917,-47.3725
2021-02-09,82.9165,0.2562,2.8695,0.4129,11.0797,17.8272,9.1458,459.8671,-47.2376
2021-02-10,82.7875,-0.1556,2.6391,0.2903,7.2544,17.0206,8.563,459.1516,-47.3197
2021-02-11,82.6124,-0.2115,1.3338,-0.9064,5.1769,16.3971,7.3292,458.1807,-47.4311
2021-02-12,83.2113,0.725,1.4721,0.6801,6.8381,17.8635,8.7197,461.5025,-47.05
2021-02-16,83.1284,-0.0997,0.5125,0.2333,7.9657,17.2904,8.7525,461.0426,-47.1027
2021-02-17,82.898,-0.2771,-0.0222,1.2721,5.3313,17.511,9.0697,459.7649,-47.2493
2021-02-18,82.4834,-0.5002,-0.3673,0.4376,2.3111,17.563,8.5628,457.4651,-47.5132
2021-02-19,83.838,1.6423,1.4835,1.4609,4.2643,19.8059,10.5033,464.978,-46.6512
2021-02-22,84.1052,0.3187,1.0742,2.5851,5.0643,20.835,11.4125,466.46,-46.4812
2021-02-23,84.3632,0.3068,1.4854,3.4346,5.1215,20.7142,15.0295,467.8911,-46.317
2021-02-24,85.9574,1.8897,3.6905,6.1085,8.0843,20.8145,22.1831,476.7327,-45.3026
2021-02-25,84.3724,-1.8439,2.2902,5.1206,4.3454,18.7393,20.8455,467.9421,-46.3111
2021-02-26,83.497,-1.0376,-0.4067,6.138,1.4889,17.4469,24.2024,463.0869,-46.8682
2021-03-01,85.6349,2.5604,1.8188,7.2599,4.883,20.0219,29.7531,474.9439,-45.5078
2021-03-02,85.3861,-0.2905,1.2125,9.3076,4.7549,18.5492,24.9809,473.5641,-45.6661
2021-03-03,85.4782,0.1079,-0.5575,8.3012,5.8091,20.1719,28.2522,474.0751,-45.6075
2021-03-04,84.1144,-1.5955,-0.3058,4.3558,4.3817,17.066,21.1971,466.5111,-46.4753
2021-03-05,86.1049,2.3664,3.1233,6.752,6.706,17.8864,30.4473,477.5505,-45.2087
2021-03-08,87.0079,1.0488,1.6034,6.7255,7.5438,22.5587,32.9799,482.559,-44.6341
2021-03-09,86.6485,-0.4131,1.4785,5.6636,5.839,21.7702,45.881,480.5658,-44.8628
2021-03-10,87.9294,1.4782,2.8676,6.3175,7.9238,25.9323,40.7405,487.6696,-44.0477
2021-03-11,87.9939,0.0734,4.6122,6.1236,7.4823,24.1074,49.6248,488.0274,-44.0067
2021-03-12,89.1734,1.3405,3.5638,7.7137,8.6795,27.3971,69.1363,494.5693,-43.2561
2021-03-15,89.9199,0.837,3.3467,8.8455,10.641,26.742,58.1956,498.709,-42.7811
2021-03-16,88.639,-1.4245,2.2972,6.5227,8.8069,23.2689,75.896,491.6051,-43.5962
2021-03-17,89.6618,1.154,1.9703,7.8594,11.5071,24.6122,70.0918,497.278,-42.9453
2021-03-18,89.5789,-0.0925,1.8013,8.0592,9.8741,23.2443,83.4488,496.8181,-42.9981
2021-03-19,88.897,-0.7612,-0.31,7.7757,9.7169,22.0605,81.9177,493.0361,-43.432
2021-03-22,88.8471,-0.0562,-1.193,5.9747,8.9887,23.3701,91.4016,492.7592,-43.4638
2021-03-23,87.2942,-1.7478,-1.5171,3.7917,7.0717,25.3757,96.6705,484.1467,-44.4519
2021-03-24,87.932,0.7306,-1.9293,4.2302,8.509,25.0555,75.8591,487.684,-44.0461
2021-03-25,89.337,1.5978,-0.2701,3.9317,10.7592,29.3668,69.7402,495.4762,-43.152
2021-03-26,90.8806,1.7279,2.2314,7.7136,12.0839,31.41,62.4217,504.0375,-42.1698
2021-03-29,90.8991,0.0203,2.3096,8.8651,12.0939,29.495,69.5995,504.14,-42.158
2021-03-30,91.2966,0.4373,4.5849,6.6114,12.4436,27.7564,67.8894,506.3445,-41.9051
2021-03-31,91.0008,-0.324,3.49,6.5757,12.7575,28.4809,69.4439,504.704,-42.0933
2021-04-01,91.3058,0.3352,2.2038,6.8176,12.4166,29.2464,78.0373,506.3957,-41.8992
2021-04-05,92.4335,1.2351,1.7087,9.8902,13.2781,31.2349,77.8689,512.6501,-41.1816
2021-04-06,92.2117,-0.24,1.444,7.0923,15.8049,29.4691,79.8356,511.4197,-41.3228
2021-04-07,91.7865,-0.4611,0.5366,5.4921,14.1481,26.8294,67.4173,509.0615,-41.5934
2021-04-08,92.0083,0.2417,1.1072,6.1857,11.76,28.7027,68.2129,510.2919,-41.4522
2021-04-09,92.9049,0.9745,1.7514,5.6585,12.2335,27.1495,63.9067,515.2645,-40.8816
2021-04-12,93.2469,0.3681,0.88,5.9697,12.9232,26.3638,62.064,517.1614,-40.664
2021-04-13,92.794,-0.4857,0.6315,4.0601,12.4124,25.2826,66.1385,514.6494,-40.9522
2021-04-14,92.9141,0.1295,1.2286,3.3299,11.4506,24.7338,63.2415,515.3158,-40.8758
2021-04-15,93.2839,0.398,1.3864,5.2403,12.8672,26.6344,68.5537,517.3665,-40.6405
2021-04-16,93.4872,0.218,0.6268,4.2665,12.7237,26.2029,70.4346,518.4942,-40.5111
2021-04-19,93.099,-0.4153,-0.1586,3.9296,13.7341,25.2289,62.1147,516.3411,-40.7581
2021-04-20,92.073,-1.102,-0.777,3.5727,12.1147,22.9533,64.7135,510.6508,-41.411
2021-04-21,93.3301,1.3653,0.4477,5.0458,12.9483,26.194,70.9993,517.6228,-40.6111
2021-04-22,92.8587,-0.5051,-0.4558,6.3744,13.262,24.9056,68.3669,515.0083,-40.9111
2021-04-23,93.8755,1.095,0.4153,6.7592,15.0973,27.5645,68.8728,520.6474,-40.264
2021-04-26,93.5982,-0.2954,0.5362,4.7698,15.5405,26.1495,67.034,519.1095,-40.4405
2021-04-27,94.3746,0.8295,2.4997,3.8446,17.5824,26.6944,64.3359,523.4157,-39.9464
2021-04-28,94.1805,-0.2057,0.9111,3.6099,19.7184,29.677,60.9873,522.3391,-40.07
2021-04-29,94.846,0.7067,2.1402,3.8878,18.7971,33.5119,59.0809,526.0302,-39.6465
2021-04-30,94.2175,-0.6627,0.3643,3.5348,20.6131,37.1266,61.2261,522.5442,-40.0464
2021-05-03,95.188,1.0301,1.6986,4.2519,20.6036,36.5511,67.9616,527.927,-39.4288
2021-05-04,95.604,0.437,1.3026,3.43,18.6102,37.3106,70.8632,530.2339,-39.1642
2021-05-05,95.6964,0.0967,1.6096,3.779,18.6435,33.8273,70.3634,530.7465,-39.1053
2021-05-06,96.3619,0.6955,1.5983,4.9849,18.1992,30.8943,73.9438,534.4377,-38.6818
2021-05-07,97.3787,1.0552,3.3553,5.8369,18.7485,33.6584,73.7524,540.0769,-38.0348
2021-05-10,97.4711,0.0949,2.3985,4.915,17.8547,30.7065,69.701,540.5895,-37.976
2021-05-11,96.0292,-1.4794,0.4448,2.9837,15.8144,28.6462,69.3099,532.5921,-38.8936
2021-05-12,93.7276,-2.3968,-2.0574,1.0061,13.2147,21.4277,70.0264,519.8271,-40.3582
2021-05-13,95.4838,1.8738,-0.9113,2.7656,15.5805,21.564,77.671,529.5675,-39.2406
2021-05-14,96.8056,1.3843,-0.5885,3.7752,16.337,24.2923,78.2588,536.8984,-38.3995
2021-05-17,96.5098,-0.3055,-0.9863,3.2332,16.0973,25.3452,78.3418,535.2579,-38.5877
2021-05-18,95.1048,-1.4558,-0.9626,2.1545,14.7251,20.8414,64.8758,527.4656,-39.4818
2021-05-19,94.5687,-0.5637,0.8974,2.7106,14.6519,17.3016,66.0687,524.4923,-39.8229
2021-05-20,94.7813,0.2248,-0.7357,1.5549,13.053,17.8739,63.3869,525.6715,-39.6876
2021-05-21,95.2435,0.4876,-1.6136,2.5682,13.2433,18.9782,63.7982,528.2347,-39.3935
2021-05-24,95.8351,0.6211,-0.6992,2.0874,13.5982,19.416,64.9446,531.5156,-39.0171
2021-05-25,95.5485,-0.299,0.4665,2.0837,11.158,20.1444,57.8259,529.9264,-39.1994
2021-05-26,95.8535,0.3192,1.3586,1.5671,13.6077,18.5444,53.2164,531.6181,-39.0053
2021-05-27,97.1661,1.3694,2.5161,3.1701,16.3708,18.1034,56.7971,538.8978,-38.1701
2021-05-28,97.1661,0.0,2.0186,2.4462,13.4656,19.0061,57.7703,538.8978,-38.1701
2021-06-01,97.5451,0.39,1.7843,3.5318,14.24,19.672,58.0353,540.9996,-37.929
2021-06-02,97.2678,-0.2843,1.7994,2.1849,13.7925,20.4028,55.5675,539.4617,-38.1054
2021-06-03,97.0552,-0.2186,1.2536,1.518,15.3847,20.4406,49.3994,538.2826,-38.2407
2021-06-04,97.3694,0.3238,0.2093,1.7483,13.0824,20.6657,48.3041,540.0255,-38.0407
2021-06-07,96.6947,-0.693,-0.4852,0.3453,11.1332,19.5168,42.0579,536.2832,-38.4701
2021-06-08,96.9442,0.2581,-0.616,-0.4462,11.8821,18.4149,39.6243,537.6673,-38.3113
2021-06-09,95.9552,-1.0202,-1.3494,-1.5552,9.1276,17.7746,41.7296,532.182,-38.9406
2021-06-10,95.4838,-0.4913,-1.6191,-0.5679,8.5118,16.6311,44.4907,529.5675,-39.2406
2021-06-11,95.6779,0.2033,-1.7372,2.0809,7.2942,16.6068,55.7221,530.6442,-39.1171
2021-06-14,95.2435,-0.4541,-1.5008,-0.2517,5.9204,17.1915,52.0643,528.2347,-39.3935
2021-06-15,95.6502,0.427,-1.3348,-1.1935,7.9098,17.4134,51.2194,530.4903,-39.1347
2021-06-16,94.7443,-0.947,-1.2619,-1.8293,5.6685,17.8279,46.9125,525.4663,-39.7112
2021-06-17,93.2839,-1.5414,-2.304,-1.9146,4.136,14.4185,45.6965,517.3665,-40.6405
2021-06-18,92.073,-1.2981,-3.7678,-2.639,3.5727,13.6368,44.3387,510.6508,-41.411
2021-06-21,94.0982,2.1995,-1.2025,-0.7208,5.9102,15.4302,49.3459,521.8825,-40.1223
2021-06-22,94.2001,0.1084,-1.516,-1.0955,7.9111,15.5423,49.2566,522.4481,-40.0574
2021-06-23,93.9869,-0.2264,-0.7995,-1.9285,6.8859,15.9808,48.8972,521.2653,-40.1932
2021-06-24,94.7194,0.7794,1.5388,-0.8677,6.0249,17.4322,55.461,525.328,-39.727
2021-06-25,94.9048,0.1958,3.0756,-0.9897,4.4281,17.047,54.0549,526.3565,-39.609
2021-06-28,94.4041,-0.5276,0.3252,-2.8425,3.856,16.4162,56.1384,523.5796,-39.9276
2021-06-29,94.2187,-0.1964,0.0197,-3.0334,3.2007,16.0425,50.8813,522.551,-40.0456
2021-06-30,94.9512,0.7775,1.026,-2.6592,4.3411,17.6524,51.1911,526.6136,-39.5795
2021-07-01,95.6281,0.7129,0.9594,-1.6857,4.7339,17.7383,52.9592,530.3679,-39.1488
2021-07-02,95.7765,0.1551,0.9184,-1.3175,3.6166,17.375,51.8862,531.1907,-39.0544
2021-07-06,94.8585,-0.9585,0.4813,-2.5788,2.8704,19.129,48.302,526.0994,-39.6385
2021-07-07,95.8043,0.9971,1.6829,-0.9208,4.3774,19.1448,52.7052,531.3451,-39.0367
2021-07-08,94.469,-1.3937,-0.5078,-2.5532,2.6745,14.749,50.5769,523.9395,-39.8863
2021-07-09,95.9619,1.5803,0.3491,0.007,3.2905,15.9265,56.3509,532.2194,-38.9364
2021-07-12,96.0917,0.1353,0.3292,0.6367,3.0508,16.3683,54.5596,532.9392,-38.8538
2021-07-13,95.1645,-0.965,0.3226,-0.5366,2.5546,15.284,52.4406,527.7965,-39.4438
2021-07-14,95.1552,-0.0097,-0.6775,-0.0927,2.412,14.1388,49.1924,527.7451,-39.4497
2021-07-15,95.3407,0.1949,0.9227,-0.3236,2.2049,15.3558,45.7644,528.7737,-39.3317
2021-07-16,94.4968,-0.8851,-1.5267,-0.2612,1.0799,13.941,44.4338,524.0937,-39.8686
2021-07-19,92.5218,-2.0901,-3.7151,-0.817,-0.62,13.0289,40.5705,513.1398,-41.1254
2021-07-20,95.1088,2.7962,-0.0585,3.2972,3.2972,15.8113,46.2891,527.488,-39.4792
2021-07-21,96.0176,0.9555,0.9063,2.0398,2.8795,16.2007,45.7603,532.5279,-38.9009
2021-07-22,95.6652,-0.367,0.3404,1.5553,3.0223,16.6851,44.0658,530.5736,-39.1252
2021-07-23,96.0732,0.4265,1.6682,2.2198,2.3411,17.7918,45.1197,532.8364,-38.8656
2021-07-26,96.0268,-0.0483,3.7883,1.3803,2.5948,18.5385,46.2208,532.5792,-38.8951
2021-07-27,95.4983,-0.5504,0.4095,0.6253,1.1907,18.9824,44.8112,529.6479,-39.2314
2021-07-28,95.2758,-0.233,-0.7726,0.9233,1.163,21.1107,45.4821,528.4137,-39.373
2021-07-29,96.0268,0.7883,0.378,1.9191,1.245,20.2761,44.4314,532.5792,-38.8951
2021-07-30,95.8414,-0.1931,-0.2413,0.9375,1.7236,22.692,45.614,531.5507,-39.0131
2021-08-02,95.183,-0.6869,-0.8787,-0.4654,-0.0052,20.5972,45.1582,527.8994,-39.432
2021-08-03,96.4255,1.3054,0.971,0.6777,0.8594,19.6295,46.4406,534.7905,-38.6414
2021-08-04,95.1181,-1.3559,-0.1654,0.2737,-0.6042,17.9266,44.095,527.5395,-39.4733
2021-08-05,95.5632,0.4679,-0.4828,-0.2517,-0.8289,17.2195,42.0544,530.0079,-39.1901
2021-08-06,96.0083,0.4657,0.1742,1.6294,-1.4073,17.0773,42.1751,532.4764,-38.9069
2021-08-09,95.6281,-0.396,0.4676,-0.3479,-1.8908,15.6262,39.2371,530.3679,-39.1488
2021-08-10,96.6018,1.0181,0.1827,0.5308,0.5963,16.5049,37.2745,535.7678,-38.5292
2021-08-11,97.8535,1.2958,2.8758,2.8257,4.4021,18.1985,38.3167,542.7104,-37.7327
2021-08-12,97.6681,-0.1895,2.2026,2.6408,2.2876,18.2245,37.61,541.6819,-37.8507
2021-08-13,97.3621,-0.3133,1.4101,2.1202,0.5749,17.0058,37.9072,539.9848,-38.0454
2021-08-16,97.6959,0.3429,2.1623,3.3854,1.229,17.5241,37.8445,541.8362,-37.833
2021-08-17,96.6388,-1.082,0.0384,4.4498,1.613,16.5756,36.9891,535.9735,-38.5056
2021-08-18,95.5817,-1.0939,-2.3216,0.4972,1.0712,15.88,36.2321,530.1107,-39.1783
2021-08-19,94.9141,-0.6985,-2.8197,-1.1492,0.1401,13.2114,35.6339,526.408,-39.6031
2021-08-20,95.1645,0.2638,-2.2571,-0.5234,-0.0829,13.1494,36.724,527.7965,-39.4438
2021-08-23,95.9434,0.8185,-1.7938,-0.1351,0.113,13.7266,37.2841,532.1164,-38.9482
2021-08-24,96.4255,0.5025,-0.2207,0.4152,0.9179,12.1783,35.5276,534.7905,-38.6414
2021-08-25,97.0468,0.6443,1.5328,1.6215,1.2449,15.022,36.5763,538.2363,-38.246
2021-08-26,96.6203,-0.4395,1.7976,1.4112,-0.5617,15.7171,35.9061,535.8706,-38.5174
2021-08-27,97.2879,0.691,2.2313,1.3133,0.1254,13.6078,36.3543,539.5734,-38.0926
2021-08-30,97.1767,-0.1144,1.2854,1.3932,-0.3777,13.8085,34.9192,538.9563,-38.1634
2021-08-31,96.9077,-0.2768,0.5,1.812,-0.3702,13.3712,36.2403,537.4647,-38.3345
2021-09-01,96.5368,-0.3827,-0.5255,0.1154,-0.5341,14.7685,34.3549,535.4078,-38.5705
2021-09-02,97.5754,1.0758,0.9885,2.5833,0.2115,13.3216,33.5907,541.1676,-37.9097
2021-09-03,96.9819,-0.6082,-0.3145,1.4846,0.2971,11.4633,36.608,537.8763,-38.2873
2021-09-07,95.3036,-1.7306,-1.9275,-0.734,-1.6924,9.9887,33.9335,528.5679,-39.3553
2021-09-08,95.4334,0.1362,-1.5213,-0.2036,-0.5438,8.5341,36.6796,529.288,-39.2727
2021-09-09,94.9698,-0.4858,-1.6233,-1.6894,-0.5384,7.9277,33.9462,526.7166,-39.5677
2021-09-10,94.5432,-0.4491,-3.1075,-3.3829,-1.186,6.0217,35.0686,524.3509,-39.8391
2021-09-13,94.7936,0.2648,-2.2564,-2.9431,-0.4724,5.4201,33.6116,525.7395,-39.6798
2021-09-14,93.6531,-1.2032,-1.7318,-3.8095,-2.088,5.6567,30.2419,519.4139,-40.4056
2021-09-15,94.6823,1.099,-0.787,-3.0847,-0.0655,5.5994,31.5896,525.1224,-39.7506
2021-09-16,94.0332,-0.6855,-0.9861,-2.6962,0.8033,4.9725,29.3726,521.5225,-40.1636
2021-09-17,93.0318,-1.065,-1.5987,-2.6678,1.0413,4.6512,27.7378,515.9684,-40.8009
2021-09-20,91.9648,-1.1469,-2.9842,-3.1074,-2.2672,3.5091,27.6993,510.0505,-41.4799
2021-09-21,91.481,-0.526,-2.3192,-3.8706,-2.8865,4.7963,31.389,507.3676,-41.7877
2021-09-22,92.2066,0.7932,-2.6147,-3.8947,-1.8941,4.8613,31.1349,511.3919,-41.326
2021-09-23,93.6206,1.5335,-0.4388,-2.9089,-1.16,4.795,35.5699,519.2341,-40.4262
2021-09-24,93.816,0.2087,0.8429,-3.3292,-1.1473,3.23,35.6545,520.3176,-40.3019
2021-09-27,93.909,0.0991,2.1141,-2.8061,-0.5245,3.3113,33.783,520.8335,-40.2427
2021-09-28,92.8206,-1.159,1.4643,-4.5918,-1.4838,1.6693,29.889,514.7971,-40.9353
2021-09-29,92.9229,0.1102,0.7768,-4.3773,-2.1361,2.1123,31.1947,515.3646,-40.8702
2021-09-30,91.0159,-2.0523,-2.7822,-6.0798,-4.823,-0.3175,28.8361,504.788,-42.0837
2021-10-01,92.2625,1.3696,-1.6559,-4.4277,-3.669,-0.185,30.9921,511.7016,-41.2904
2021-10-04,91.7601,-0.5445,-2.2883,-5.9597,-3.2663,-0.4897,28.8352,508.9155,-41.6101
2021-10-05,92.7834,1.1152,-0.0401,-4.3292,-3.1532,1.0862,28.207,514.5908,-40.959
2021-10-06,93.1927,0.4411,0.2903,-2.2149,-1.351,1.2873,30.3595,516.8609,-40.6985
2021-10-07,93.9183,0.7786,3.1889,-1.5876,-2.1296,1.0908,28.5364,520.8852,-40.2368
2021-10-08,93.909,-0.0099,1.7846,-1.1169,-2.2715,0.7101,27.261,520.8335,-40.2427
2021-10-11,93.1555,-0.8024,1.5207,-1.4678,-2.111,0.3896,25.7707,516.6546,-40.7222
2021-10-12,92.8485,-0.3296,0.0702,-2.0519,-2.4241,-0.0706,24.6458,514.9519,-40.9175
2021-10-13,93.0439,0.2104,-0.1597,-0.6504,-2.409,-0.2573,26.3085,516.0354,-40.7932
2021-10-14,94.8021,1.8896,0.941,0.1265,0.323,1.4064,27.9778,525.7866,-39.6744
2021-10-15,95.7137,0.9616,1.9217,1.7871,3.4499,2.8085,28.7459,530.8426,-39.0943
2021-10-18,95.7788,0.068,2.816,2.9528,0.7044,4.0249,27.902,531.2038,-39.0529
2021-10-19,96.3463,0.5924,3.7672,4.7643,0.3423,3.2317,30.2722,534.3509,-38.6918
2021-10-20,96.951,0.6276,4.1992,5.9793,1.344,4.407,30.4102,537.7045,-38.307
2021-10-21,97.1463,0.2015,2.4728,5.3572,1.117,3.4842,32.0092,538.788,-38.1827
2021-10-22,97.4905,0.3543,1.8564,4.1336,1.5242,4.1586,31.3955,540.697,-37.9637
2021-10-25,97.7138,0.229,2.0202,4.1547,2.3199,3.5382,31.1771,541.9351,-37.8216
2021-10-26,97.1091,-0.6188,0.7917,3.4076,1.9242,3.1096,33.7094,538.5816,-38.2064
2021-10-27,95.9742,-1.1687,-1.0075,3.3975,-0.0548,1.1895,35.1,532.2872,-38.9286
2021-10-28,97.1742,1.2504,0.0287,4.575,1.3906,3.1382,41.4299,538.9427,-38.165
2021-10-29,97.2021,0.0288,-0.2958,6.7968,2.1213,2.1159,39.4405,539.0976,-38.1472
2021-11-01,97.4719,0.2775,-0.2475,5.6463,1.0851,1.9538,39.9933,540.5937,-37.9755
2021-11-02,97.7975,0.334,0.7089,6.5795,2.8168,2.1956,36.7656,542.3994,-37.7684
2021-11-03,97.5835,-0.2187,1.6769,5.1735,2.1141,1.2677,32.5537,541.2129,-37.9045
2021-11-04,97.9742,0.4004,0.8233,5.1308,2.0477,0.6116,34.4758,543.3798,-37.6559
2021-11-05,98.9696,1.0159,1.8183,5.3784,3.4942,1.5373,32.7159,548.9002,-37.0225
2021-11-08,99.3789,0.4136,1.9565,5.8247,2.8748,3.4883,33.1337,551.1703,-36.762
2021-11-09,99.6301,0.2527,1.8739,6.9502,1.8155,6.2975,29.0746,552.5633,-36.6022
2021-11-10,99.0719,-0.5602,1.5253,6.7027,1.4374,3.7578,26.1322,549.4678,-36.9574
2021-11-11,98.6626,-0.4132,0.7026,6.0388,1.3358,1.9183,26.6766,547.1977,-37.2178
2021-11-12,99.444,0.792,0.4794,4.8965,1.7893,3.0403,29.1561,551.5315,-36.7206
2021-11-15,99.6301,0.1871,0.2527,4.0917,3.0953,4.7582,26.5913,552.5633,-36.6022
2021-11-16,99.6487,0.0187,0.0187,4.0404,4.255,5.3717,23.6027,552.6666,-36.5904
2021-11-17,99.0533,-0.5975,-0.0188,2.8097,4.361,4.5072,23.1867,549.3645,-36.9692
2021-11-18,98.8487,-0.2066,0.1886,1.9574,3.8714,3.7852,23.4818,548.2296,-37.0994
2021-11-19,98.3557,-0.4988,-1.0944,1.2449,2.5143,2.6301,22.5569,545.4953,-37.4132
2021-11-22,98.6254,0.2742,-1.0084,1.1641,2.2814,3.2202,24.0133,546.9913,-37.2415
2021-11-23,98.7928,0.1698,-0.8589,1.1043,1.7991,3.0665,22.1795,547.9199,-37.135
2021-11-24,98.6812,-0.113,-0.3756,1.6189,2.133,1.5593,19.945,547.3008,-37.206
2021-11-26,96.0114,-2.7055,-2.8703,0.0388,-1.3121,-1.1884,17.5919,532.4935,-38.9049
2021-11-29,96.1788,0.1744,-2.2132,-1.0243,-1.0268,-1.4006,17.9959,533.4222,-38.7983
2021-11-30,93.7416,-2.5341,-4.9519,-3.5602,-3.2672,-3.6253,16.0378,519.9048,-40.3492
2021-12-01,92.4392,-1.3893,-6.4313,-5.1632,-4.2446,-4.756,14.7124,512.6818,-41.178
2021-12-02,95.1835,2.9687,-3.5445,-2.6729,-2.4513,-2.245,17.9567,527.9017,-39.4317
2021-12-03,95.0718,-0.1173,-0.9786,-2.5739,-1.9695,-1.6783,17.5109,527.2826,-39.5028
2021-12-06,96.6812,1.6928,0.5223,-1.3198,1.4455,-0.2713,18.0936,536.2084,-38.4787
2021-12-07,97.6672,1.0199,4.1878,-1.3159,2.3407,1.7842,19.8759,541.6772,-37.8512
2021-12-08,97.9091,0.2476,5.9173,-1.479,3.095,2.54,19.5935,543.0186,-37.6973
2021-12-09,97.6021,-0.3136,2.541,-2.0355,3.2354,2.0111,18.9519,541.316,-37.8927
2021-12-10,98.0021,0.4098,3.0822,-1.0798,3.3848,2.8964,20.5858,543.5345,-37.6381
2021-12-13,96.9881,-1.0347,0.3175,-1.6972,3.5611,1.3988,19.0558,537.9108,-38.2834
2021-12-14,96.0672,-0.9495,-1.6383,-3.3957,1.4627,1.3963,19.4731,532.8032,-38.8694
2021-12-15,96.9044,0.8715,-1.0261,-2.7358,3.0534,3.8812,18.8593,537.4465,-38.3366
2021-12-16,96.951,0.048,-0.6672,-2.7073,4.2127,5.2979,19.6571,537.7045,-38.307
2021-12-17,95.2951,-1.7079,-2.7622,-3.7941,3.6213,1.272,16.8985,528.5209,-39.3607
2021-12-20,93.7684,-1.6021,-3.3197,-5.1394,2.5004,-0.4583,15.0128,520.0536,-40.3322
2021-12-21,95.6359,1.9916,-0.4489,-2.7652,3.7191,1.7546,18.0157,530.4112,-39.1438
2021-12-22,95.9067,0.2831,-1.0296,-2.7566,2.4418,1.2535,18.9042,531.913,-38.9715
2021-12-23,97.0366,1.1781,0.0883,-1.7777,3.4328,2.2462,19.6761,538.1793,-38.2525
2021-12-27,98.0637,1.0585,2.9053,-0.6258,4.4241,3.8765,20.9291,543.8759,-37.5989
2021-12-28,98.5586,0.5047,5.1085,2.653,6.1818,4.6062,21.3877,546.6208,-37.284
2021-12-29,98.736,0.18,3.2416,2.6588,6.2558,3.9861,22.3421,547.6048,-37.1711
2021-12-30,98.3812,-0.3594,2.5801,4.9494,8.0923,2.8789,21.1279,545.6368,-37.3969
2021-12-31,98.8014,0.4271,1.8187,6.8825,7.0873,3.1583,21.082,547.9673,-37.1295
2022-01-03,97.989,-0.8222,-0.0762,2.9475,6.7882,3.3002,23.0605,543.4617,-37.6465
2022-01-04,99.9592,2.0107,1.4211,5.1408,7.7339,4.3369,24.312,554.3889,-36.3927
2022-01-05,99.0068,-0.9528,0.2742,2.4054,6.2388,4.8034,20.2608,549.1065,-36.9988
2022-01-06,99.4644,0.4622,1.101,1.84,5.9052,3.6498,20.1576,551.6442,-36.7077
2022-01-07,99.4363,-0.0282,0.6427,1.5598,5.8858,3.4806,20.4187,551.4889,-36.7255
2022-01-10,98.3158,-1.1269,0.3335,0.7312,5.5394,3.3114,19.1016,545.2743,-37.4385
2022-01-11,98.9041,0.5984,-1.0556,0.9204,6.522,3.9398,18.6355,548.537,-37.0642
2022-01-12,99.2216,0.321,0.2169,2.3028,6.6395,4.0706,20.0514,550.2977,-36.8621
2022-01-13,99.4363,0.2165,-0.0282,3.5071,4.8884,5.2271,19.8969,551.4889,-36.7255
2022-01-14,98.8387,-0.601,-0.601,1.9961,3.265,6.8275,20.746,548.1744,-37.1058
2022-01-18,97.6995,-1.1526,-0.6268,0.7721,2.0053,2.7239,18.9659,541.8562,-37.8307
2022-01-19,96.607,-1.1182,-2.3225,1.3767,0.2707,0.6139,16.9141,535.7972,-38.5259
2022-01-20,95.3745,-1.2759,-3.8773,1.7128,-1.6261,-0.3039,16.3305,528.9612,-39.3102
2022-01-21,94.4967,-0.9203,-4.9676,-1.1912,-2.7274,-1.6409,15.859,524.093,-39.8687
2022-01-24,95.0383,0.5731,-3.8451,-0.9055,-2.5153,-1.0294,17.3182,527.0966,-39.5241
2022-01-25,94.1045,-0.9825,-3.6796,-3.0215,-3.6937,-1.4594,17.2459,521.9179,-40.1183
2022-01-26,93.2828,-0.8732,-3.4409,-4.8752,-3.9401,-2.0917,18.5773,517.3607,-40.6412
2022-01-27,92.4518,-0.8909,-3.0644,-6.1961,-3.6701,-3.723,15.7983,512.7515,-41.17
2022-01-28,93.0961,0.6969,-1.4822,-5.7121,-4.1967,-2.8644,19.1776,516.325,-40.76
2022-01-31,94.0672,1.0431,-1.0218,-4.385,-3.2252,-1.1723,19.1835,521.7108,-40.142
2022-02-01,95.3651,1.3798,1.3396,-3.4779,-2.1614,-1.0997,18.3139,528.9094,-39.3161
2022-02-02,96.0281,0.6952,2.9429,-2.0011,-1.8092,0.9567,19.0548,532.5863,-38.8943
2022-02-03,94.4967,-1.5947,2.2119,-5.4647,-3.1633,-1.116,15.9114,524.093,-39.8687
2022-02-04,93.4789,-1.0771,0.4112,-5.5833,-4.5882,-2.6345,13.9929,518.4482,-40.5164
2022-02-07,93.5536,0.0799,-0.546,-5.9426,-5.4724,-2.1693,13.1179,518.8625,-40.4688
2022-02-08,94.4874,0.9981,-0.9204,-4.977,-4.9221,-2.1887,13.9549,524.0413,-39.8747
2022-02-09,95.7853,1.3736,-0.2528,-2.5738,-3.859,-2.1136,15.7003,531.2397,-39.0487
2022-02-10,94.2166,-1.6377,-0.2964,-4.7394,-4.9008,-3.5339,14.0466,522.5395,-40.047
2022-02-11,92.7786,-1.5263,-0.7492,-6.4935,-5.9638,-4.7077,11.4976,514.5641,-40.962
2022-02-14,92.4331,-0.3724,-1.1977,-7.0429,-7.0501,-5.3869,11.1932,512.648,-41.1819
2022-02-15,93.8244,1.5052,-0.7017,-5.0732,-5.8272,-2.9123,13.1805,520.3643,-40.2965
2022-02-16,94.3193,0.5275,-1.5305,-3.4598,-5.3482,-1.3208,14.3495,523.1091,-39.9816
2022-02-17,92.5919,-1.8315,-1.7245,-4.1562,-6.5232,-2.4467,10.4414,513.5284,-41.0808
2022-02-18,91.8262,-0.8269,-1.0266,-3.7204,-7.1043,-3.5079,9.1802,509.2818,-41.5681
2022-02-22,90.9391,-0.966,-1.6163,-3.7648,-7.5405,-5.2159,7.7947,504.362,-42.1325
2022-02-23,89.2676,-1.838,-4.8567,-6.0719,-9.4882,-7.4232,3.851,495.0918,-43.1961
2022-02-24,90.4069,1.2762,-4.1481,-3.9293,-8.4885,-6.842,7.1521,501.41,-42.4712
2022-02-25,92.5638,2.3859,-0.0303,-0.7708,-6.1991,-4.1983,10.8589,513.3729,-41.0987
2022-02-28,93.2735,0.7667,1.5762,0.8888,-2.8516,-4.1263,8.92,517.309,-40.6471
2022-03-01,91.8822,-1.4916,1.0371,-1.3039,-4.4673,-5.4483,7.6079,509.5925,-41.5324
2022-03-02,93.8431,2.1341,5.1256,-0.2382,0.1083,-3.1624,9.786,520.468,-40.2846
2022-03-03,93.9458,0.1094,3.9145,-1.4883,1.6298,-2.684,11.6881,521.0376,-40.2193
2022-03-04,93.7404,-0.2187,1.2711,-2.3823,-1.5161,-3.9303,8.8677,519.8983,-40.35
2022-03-07,91.2286,-2.6796,-2.1924,-3.4585,-4.0425,-5.9324,4.8509,505.9673,-41.9484
2022-03-08,90.6683,-0.6141,-1.3211,-3.0067,-6.2193,-4.8637,4.6392,502.8601,-42.3049
2022-03-09,92.3117,1.8125,-1.6319,-1.3275,-5.4834,-3.2711,4.9839,511.9747,-41.2591
2022-03-10,92.1904,-0.1315,-1.8686,-2.431,-5.8409,-2.9266,4.769,511.3016,-41.3363
2022-03-11,91.4527,-0.8002,-2.4405,-4.5233,-6.3005,-3.2689,2.5559,507.2102,-41.8058
2022-03-14,91.7608,0.3369,0.5834,-2.6066,-6.3686,-3.1994,2.0473,508.9192,-41.6097
2022-03-15,93.2175,1.5875,2.8115,0.473,-3.8878,-0.4651,5.1653,516.9981,-40.6827
2022-03-16,94.45,1.3222,2.3164,2.182,-1.6834,-0.2453,5.3403,523.8341,-39.8984
2022-03-17,95.6639,1.2852,3.7678,1.9606,-1.2801,1.7342,6.7929,530.5666,-39.126
2022-03-18,96.0281,0.3807,5.0031,1.8117,-0.9519,3.2207,8.0218,532.5863,-38.8943
2022-03-21,96.2445,0.2254,4.8863,3.9449,0.9963,4.6536,8.326,533.7865,-38.7566
2022-03-22,96.7692,0.5451,3.8101,5.383,3.2002,5.7806,10.8541,536.6963,-38.4227
2022-03-23,95.8417,-0.9585,1.4734,5.391,0.2151,3.9422,8.9952,531.5522,-39.0129
2022-03-24,96.5724,0.7625,0.9497,8.183,0.6942,3.1529,8.0991,535.6053,-38.5479
2022-03-25,97.172,0.6209,1.1912,7.483,0.1396,3.5772,6.9227,538.9306,-38.1663
2022-03-28,97.2001,0.0289,0.9929,5.0088,-0.8806,3.5046,6.9319,539.0866,-38.1484
2022-03-29,98.0995,0.9253,1.3748,5.174,-0.4658,5.6872,7.4515,544.0747,-37.5761
2022-03-30,97.9871,-0.1146,2.2385,6.6443,-0.7585,5.4499,7.6772,543.4512,-37.6477
2022-03-31,96.4787,-1.5394,-0.097,2.8085,-1.9338,6.002,5.6655,535.0855,-38.6075
2022-04-01,95.7292,-0.7768,-1.4848,1.8984,-3.1094,3.7575,3.5655,530.9287,-39.0844
2022-04-04,95.6075,-0.1272,-1.6386,1.9917,-2.4304,4.1928,3.6826,530.2533,-39.1619
2022-04-05,94.249,-1.4209,-3.9251,3.3108,-5.7126,1.5796,2.6829,522.719,-40.0264
2022-04-06,93.5182,-0.7753,-4.5607,3.1432,-5.5436,0.3493,1.6411,518.6661,-40.4914
2022-04-07,93.8368,0.3406,-2.7384,1.6521,-5.6579,-0.0868,1.0031,520.4329,-40.2887
2022-04-08,93.3121,-0.5591,-2.525,1.2168,-6.1589,-0.6356,0.0699,517.523,-40.6225
2022-04-11,93.0123,-0.3213,-2.7144,1.7054,-5.3943,-0.1537,0.2353,515.8603,-40.8133
2022-04-12,92.8624,-0.1611,-1.4712,1.2005,-6.1086,0.015,-0.0557,515.029,-40.9087
2022-04-13,93.7337,0.9383,0.2304,0.5538,-5.5309,0.7414,0.4822,519.8612,-40.3542
2022-04-14,93.6306,-0.11,-0.2197,-0.8675,-5.8386,-1.2357,0.1534,519.2896,-40.4198
2022-04-18,93.3027,-0.3502,-0.01,-2.4682,-5.601,-2.5189,0.2188,517.471,-40.6285
2022-04-19,94.9985,1.8175,2.1354,-1.0722,-2.7646,-0.8148,3.1773,526.8758,-39.5494
2022-04-20,95.5138,0.5424,2.8551,-0.7593,-1.1317,-0.8641,2.3397,529.7336,-39.2216
2022-04-21,94.5394,-1.0201,0.8596,-2.3042,-0.8755,-2.4874,1.81,524.3299,-39.8415
2022-04-22,92.216,-2.4577,-1.5109,-3.783,-2.4136,-5.0752,-1.7678,511.4436,-41.32
2022-04-25,92.216,0.0,-1.1648,-4.5111,-2.9697,-5.4103,-1.4767,511.4436,-41.32
2022-04-26,90.2017,-2.1843,-5.0493,-7.1732,-4.1473,-7.6878,-4.4216,500.2722,-42.6018
2022-04-27,90.539,0.3739,-5.2084,-6.853,-2.9415,-6.7657,-3.8665,502.1427,-42.3872
2022-04-28,91.5602,1.1279,-3.1513,-6.666,-0.9644,-4.5992,-3.4644,507.8065,-41.7373
2022-04-29,89.1337,-2.6502,-3.3425,-9.0353,-4.2563,-8.2743,-5.3958,494.3488,-43.2814
2022-05-02,89.321,0.2102,-3.1393,-7.4189,-5.0455,-8.1079,-6.1636,495.3879,-43.1622
2022-05-03,89.9113,0.6608,-0.322,-6.0775,-5.7189,-7.7567,-5.9544,498.6616,-42.7866
2022-05-04,92.5158,2.8967,2.1834,-3.2337,-3.6576,-5.4006,-3.3236,513.1064,-41.1293
2022-05-05,90.0987,-2.6127,-1.5962,-4.4036,-4.6542,-7.6702,-6.4997,499.7007,-42.6673
2022-05-06,89.4897,-0.6759,0.3994,-4.3077,-4.2675,-8.66,-8.1014,496.3233,-43.0549
2022-05-09,87.3255,-2.4183,-2.2341,-6.9389,-6.6572,-11.7653,-10.4088,484.3205,-44.432
2022-05-10,86.754,-0.6545,-3.5115,-7.0281,-8.1845,-12.7038,-9.6587,481.1509,-44.7956
2022-05-11,85.9671,-0.9071,-7.0785,-7.5745,-10.2503,-13.7137,-8.2798,476.7862,-45.2964
2022-05-12,86.1263,0.1853,-4.4089,-7.2538,-8.5869,-13.0669,-9.8001,477.6696,-45.1951
2022-05-13,87.2225,1.2727,-2.5335,-6.9465,-5.9886,-11.5952,-9.8993,483.749,-44.4976
2022-05-16,87.1007,-0.1396,-0.2575,-6.9742,-5.769,-12.4124,-9.7494,483.0734,-44.5751
2022-05-17,89.0775,2.2696,2.6782,-4.5286,-5.0594,-10.5918,-6.3376,494.0371,-43.3172
2022-05-18,85.761,-3.7232,-0.2397,-9.7238,-9.0738,-13.9367,-9.3136,475.6433,-45.4276
2022-05-19,84.9927,-0.8958,-1.3162,-11.0152,-8.2071,-14.195,-10.3276,471.3824,-45.9164
2022-05-20,84.0746,-1.0802,-3.609,-11.0693,-8.4416,-14.9462,-11.7267,466.2903,-46.5007
2022-05-23,85.4518,1.6381,-1.8931,-7.3352,-6.0341,-13.1196,-10.8345,473.9284,-45.6243
2022-05-24,85.4049,-0.0548,-4.1229,-7.386,-4.3271,-13.4047,-10.6162,473.6686,-45.6541
2022-05-25,85.9015,0.5814,0.1638,-4.7673,-4.9834,-13.0489,-10.3826,476.4226,-45.3381
2022-05-26,87.6441,2.0286,3.1195,-3.1974,-5.315,-11.1846,-9.7998,486.0871,-44.2293
2022-05-27,89.4429,2.0524,6.3851,-2.3125,-4.1069,-6.8414,-7.9485,496.0636,-43.0847
2022-05-31,88.7215,-0.8066,3.8263,-0.4625,-3.44,-7.7537,-9.0457,492.0625,-43.5437
2022-06-01,88.1781,-0.6125,3.247,-1.2796,-6.0367,-5.9349,-9.345,489.0488,-43.8895
2022-06-02,89.8644,1.9125,4.6134,-0.0521,-4.3444,-2.7854,-7.4089,498.4017,-42.8164
2022-06-03,89.5178,-0.3857,2.1379,-3.2405,-4.5045,-5.9523,-8.0638,496.4792,-43.037
2022-06-06,89.8925,0.4186,0.5028,-0.2288,-1.4645,-5.4478,-7.0346,498.5576,-42.7985
2022-06-07,91.1011,1.3444,2.6822,1.8007,0.4773,-5.7716,-6.0273,505.2604,-42.0295
2022-06-08,89.4522,-1.81,1.445,2.4354,-3.0977,-8.4112,-6.7771,496.1154,-43.0787
2022-06-09,87.6909,-1.969,-2.4187,1.0799,-4.8806,-10.4364,-8.1615,486.347,-44.1995
2022-06-10,85.1052,-2.9487,-4.9294,-1.0026,-6.9408,-12.804,-11.0504,472.006,-45.8449
2022-06-13,82.5475,-3.0053,-8.1709,-4.1553,-10.0406,-15.7697,-13.33,457.8208,-47.4724
2022-06-14,82.3414,-0.2497,-9.6154,-5.5961,-11.6674,-15.1016,-13.914,456.6777,-47.6036
2022-06-15,83.1377,0.9671,-7.0591,-4.5499,-11.977,-13.4588,-12.2505,461.0943,-47.0968
2022-06-16,80.3646,-3.3356,-8.3547,-9.7812,-15.9928,-17.0682,-13.8495,445.7141,-48.8614
2022-06-17,80.1585,-0.2565,-5.8124,-6.5327,-16.526,-17.3206,-12.9403,444.5709,-48.9926
2022-06-21,81.6208,1.8243,-1.1227,-3.9673,-15.1944,-14.3495,-13.26,452.6811,-48.0621
2022-06-22,81.1691,-0.5534,-1.4237,-3.4558,-16.1209,-13.4366,-13.8334,450.176,-48.3495
2022-06-23,80.7551,-0.5101,-2.8659,-5.4963,-15.7412,-15.5599,-14.0784,447.8797,-48.613
2022-06-24,83.578,3.4957,3.9986,-2.1391,-13.4556,-12.8549,-11.7625,463.5362,-46.8166
2022-06-27,83.3804,-0.2364,4.0195,-2.9349,-14.193,-14.0732,-12.1431,462.4403,-46.9424
2022-06-28,82.4112,-1.1624,0.9684,-5.9706,-15.215,-15.9616,-12.7038,457.0648,-47.5591
2022-06-29,81.9313,-0.5823,0.939,-8.3982,-16.4814,-16.8705,-13.0413,454.4033,-47.8645
2022-06-30,82.1854,0.3101,1.7711,-7.367,-16.1264,-16.7625,-13.4446,455.8123,-47.7028
2022-07-01,82.9005,0.8701,-0.8107,-5.9851,-14.0738,-15.7354,-13.3095,459.7786,-47.2478
2022-07-05,81.6584,-1.4983,-2.0652,-9.1316,-14.6986,-17.3509,-14.7406,452.8898,-48.0381
2022-07-06,82.1289,0.5762,-0.3425,-8.2541,-14.0978,-16.1856,-13.4196,455.4992,-47.7388
2022-07-07,83.0981,1.1801,1.4241,-7.5584,-11.8313,-16.868,-13.2627,460.8746,-47.122
2022-07-08,82.7217,-0.4529,0.6526,-9.1979,-11.5448,-16.4484,-12.4351,458.7871,-47.3615
2022-07-11,82.1665,-0.6712,-0.8853,-8.1448,-12.4368,-17.391,-14.3759,455.7079,-47.7148
2022-07-12,81.9125,-0.3092,0.3111,-6.5895,-12.2167,-17.6232,-14.756,454.2989,-47.8765
2022-07-13,80.915,-1.2177,-1.478,-4.9235,-13.0061,-17.6989,-14.9735,448.7669,-48.5112
2022-07-14,80.4539,-0.5698,-3.182,-2.5362,-13.3622,-18.6546,-15.4498,446.2096,-48.8046
2022-07-15,81.7149,1.5673,-1.2172,-0.7609,-12.8223,-17.6441,-14.2917,453.2029,-48.0022
2022-07-18,81.2256,-0.5988,-1.1452,-2.3,-13.249,-18.314,-14.0442,450.4892,-48.3136
2022-07-19,84.1238,3.5681,2.6996,4.6777,-9.8378,-14.8878,-9.0768,466.5632,-46.4694
2022-07-20,84.7731,0.7718,4.768,5.7568,-10.7638,-13.2308,-10.8673,470.1641,-46.0562
2022-07-21,85.3847,0.7215,6.1287,4.6115,-10.6048,-11.6165,-11.0739,473.5564,-45.667
2022-07-22,85.1118,-0.3196,4.1571,4.8574,-9.9721,-10.7604,-11.0316,472.043,-45.8406
2022-07-25,85.5164,0.4754,5.2827,5.8961,-7.2651,-9.5033,-10.9883,474.287,-45.5832
2022-07-26,85.0554,-0.5392,1.1074,1.7676,-7.765,-10.5041,-11.4254,471.7298,-45.8766
2022-07-27,86.3727,1.5488,1.887,3.5888,-4.2449,-8.2162,-9.5557,479.0362,-45.0383
2022-07-28,88.1794,2.0917,3.2731,6.9993,-2.6061,-5.4709,-7.4482,489.0563,-43.8886
2022-07-29,89.9955,2.0595,5.738,9.8426,-1.7089,-2.6568,-6.2809,499.1285,-42.733
2022-08-01,90.0896,0.1046,5.3477,9.6176,1.0725,-3.2295,-6.0014,499.6504,-42.6731
2022-08-02,89.1392,-1.0549,4.8014,7.5256,-0.2036,-5.2388,-6.3497,494.3795,-43.2779
2022-08-03,89.9767,0.9395,4.1726,10.1867,0.0727,-5.6503,-6.6879,499.0242,-42.745
2022-08-04,90.306,0.366,2.4117,9.9565,-2.3885,-5.9587,-5.0591,500.8508,-42.5354
2022-08-05,90.4472,0.1563,0.5019,8.8439,0.3868,-4.2854,-5.3535,501.6337,-42.4456
2022-08-08,90.419,-0.0312,0.3656,9.305,1.0384,-3.2734,-5.8217,501.4771,-42.4635
2022-08-09,90.0896,-0.3643,1.0662,9.6427,3.1652,-3.7027,-5.7917,499.6504,-42.6731
2022-08-10,92.0657,2.1934,2.3217,12.3952,6.1226,-2.563,-4.6957,510.61,-41.4157
2022-08-11,92.555,0.5315,2.4904,14.3854,7.6633,-3.3725,-5.4148,513.3238,-41.1043
2022-08-12,93.9476,1.5047,3.8702,16.772,9.0812,-0.2855,-3.8093,521.0477,-40.2181
2022-08-15,94.1735,0.2404,4.1524,15.2465,7.9693,1.5034,-3.275,522.3003,-40.0744
2022-08-16,94.5969,0.4496,5.0031,16.462,8.6064,2.3409,-3.1721,524.6487,-39.805
2022-08-17,93.8441,-0.7958,1.9317,11.5548,5.3511,0.021,-2.8919,520.4736,-40.284
2022-08-18,94.2205,0.4011,1.7995,11.1444,9.8641,-0.1048,-1.4242,522.5611,-40.0445
2022-08-19,93.0067,-1.2883,-1.0016,8.9266,9.429,0.448,-2.0097,515.8289,-40.8169
2022-08-22,91.2376,-1.9021,-3.1175,7.1973,8.5198,-0.641,-4.1264,506.0174,-41.9426
2022-08-23,91.407,0.1857,-3.3721,6.8882,6.9691,0.5145,-4.7282,506.9569,-41.8348
2022-08-24,91.7081,0.3294,-2.2762,7.8216,7.3803,2.7339,-4.8923,508.6268,-41.6432
2022-08-25,93.1102,1.5288,-1.1785,7.8004,8.3918,2.9901,-4.0565,516.4029,-40.751
2022-08-26,89.8826,-3.4664,-3.359,1.9315,2.5541,-2.8967,-6.9734,498.5023,-42.8049
2022-08-29,89.478,-0.4502,-1.9286,-0.5751,0.0392,-4.0693,-8.0277,496.2582,-43.0623
2022-08-30,88.1888,-1.4407,-3.5207,-2.1099,-0.6003,-4.0197,-9.249,489.1085,-43.8826
2022-08-31,87.4454,-0.8429,-4.6481,-1.9001,-0.8308,-6.8174,-9.7642,484.9856,-44.3557
2022-09-01,87.5678,0.1399,-5.9525,-2.6773,-2.5557,-6.7891,-9.2908,485.664,-44.2778
2022-09-02,86.7209,-0.9671,-3.5176,-3.97,-3.1244,-7.4882,-11.1242,480.9671,-44.8167
2022-09-06,86.862,0.1627,-2.9235,-3.9638,-3.3713,-4.7864,-10.4348,481.7499,-44.7269
2022-09-07,88.2547,1.6033,0.0747,-2.3936,-3.1245,-2.662,-7.3962,489.4737,-43.8407
2022-09-08,88.5182,0.2986,1.2267,-1.7443,-1.0442,-4.1095,-7.2461,490.9351,-43.6731
2022-09-09,89.6662,1.2969,2.3963,-2.6063,2.2525,-2.738,-5.5845,497.302,-42.9426
2022-09-12,90.2025,0.5982,4.0148,-2.5417,5.9895,-1.367,-4.5912,500.2769,-42.6012
2022-09-13,86.8056,-3.7659,-0.065,-7.6022,5.1583,-5.4002,-8.4267,481.4367,-44.7628
2022-09-14,86.6362,-0.1951,-1.8339,-8.0036,5.2159,-7.0601,-7.4924,480.4974,-44.8706
2022-09-15,85.7329,-1.0427,-3.1466,-9.3703,3.1215,-9.2294,-9.4521,475.4873,-45.4454
2022-09-16,83.945,-2.0854,-6.3805,-10.5485,4.4552,-12.2501,-10.7284,465.5716,-46.5831
2022-09-19,85.0843,1.3572,-5.6742,-9.6966,6.1451,-11.3964,-8.5428,471.8903,-45.8581
2022-09-20,84.0254,-1.2446,-3.2028,-9.6566,2.946,-12.6959,-8.6331,466.0172,-46.532
2022-09-21,82.9097,-1.3278,-4.3013,-9.1277,2.1444,-14.3222,-9.3695,459.8296,-47.2419
2022-09-22,81.6616,-1.5053,-4.7487,-10.6615,1.1226,-14.7953,-11.4363,452.9077,-48.0361
2022-09-23,80.13,-1.8756,-4.5447,-12.625,-4.1256,-17.0261,-14.4099,444.4128,-49.0108
2022-09-26,79.2885,-1.0502,-6.8119,-14.8444,-4.9076,-18.404,-15.4851,439.7457,-49.5462
2022-09-27,79.0237,-0.3339,-5.9525,-12.0811,-4.1104,-18.7,-15.8508,438.2775,-49.7147
2022-09-28,80.7634,2.2015,-2.5887,-9.7393,-1.4254,-17.6719,-12.9898,447.9261,-48.6077
2022-09-29,79.3641,-1.7326,-2.8134,-10.0066,-3.4328,-19.0055,-14.5915,440.1653,-49.4981
2022-09-30,78.3241,-1.3105,-2.2537,-10.4309,-5.5204,-18.8173,-13.9447,434.397,-50.1599
2022-10-03,80.6878,3.0179,1.7649,-7.8567,-1.1886,-15.7125,-12.5454,447.5066,-48.6558
2022-10-04,83.4959,3.4802,5.6592,-3.7188,1.6644,-12.668,-9.0064,463.0807,-46.8689
2022-10-05,83.0421,-0.5435,2.8214,-4.3977,-0.0675,-11.8908,-10.499,460.5637,-47.1577
2022-10-06,82.0871,-1.15,3.431,-6.9884,-0.7672,-12.2234,-11.9168,455.2675,-47.7654
2022-10-07,80.5176,-1.912,2.8006,-9.0384,-2.0068,-14.194,-14.2685,446.5627,-48.7641
2022-10-10,80.8013,0.3523,0.1406,-9.8866,-1.3566,-13.4075,-13.9579,448.136,-48.5836
2022-10-11,80.7824,-0.0234,-3.2499,-10.4434,-0.164,-13.1488,-13.2823,448.0311,-48.5956
2022-10-12,80.1489,-0.7842,-3.484,-7.6685,-0.3792,-13.6907,-13.6778,444.5177,-48.9987
2022-10-13,81.9169,2.206,-0.2073,-5.4472,0.2473,-12.6068,-11.9588,454.3236,-47.8736
2022-10-14,80.1205,-2.193,-0.4932,-6.5463,-1.3605,-14.4292,-15.4866,444.3603,-49.0168
2022-10-17,81.8697,2.1832,1.3222,-2.4723,-2.6795,-12.2537,-14.464,454.0614,-47.9037
2022-10-18,83.8457,2.4137,3.7921,-1.4557,-1.0939,-11.7399,-12.459,465.0209,-46.6463
2022-10-19,83.2501,-0.7104,3.8693,-0.9227,-2.5,-12.8397,-13.5929,461.7173,-47.0253
2022-10-20,81.6144,-1.9648,-0.3694,-1.5623,-4.1093,-13.6716,-15.8189,452.6455,-48.0662
2022-10-21,83.8552,2.7456,4.6613,2.6861,-1.9426,-9.0666,-13.6816,465.0733,-46.6403
2022-10-24,84.9709,1.3305,3.788,6.0413,-0.0994,-7.8567,-12.8419,471.2611,-45.9303
2022-10-25,86.1149,1.3464,2.7064,8.6096,-0.2985,-4.5308,-11.8703,477.606,-45.2024
2022-10-26,86.4174,0.3513,3.8046,9.3563,-1.9982,-4.5522,-11.0099,479.284,-45.0098
2022-10-27,87.4291,1.1707,7.1247,8.2533,-2.8517,-4.5119,-8.9035,484.895,-44.3661
2022-10-28,89.4619,2.3251,6.6862,12.7234,-0.6967,0.3682,-7.9366,496.1692,-43.0725
2022-10-31,89.2066,-0.2853,4.985,13.8943,0.0756,-0.1281,-8.2256,494.7533,-43.235
2022-11-01,89.1215,-0.0954,3.4914,10.4523,-0.9504,-0.8784,-8.5669,494.2814,-43.2891
2022-11-02,87.552,-1.7611,1.3129,4.8579,-3.0496,-5.3653,-10.4762,485.5767,-44.2879
2022-11-03,88.4691,1.0475,1.1896,6.5353,-2.187,-1.8086,-9.3401,490.6632,-43.7043
2022-11-04,89.8874,1.6031,0.4756,9.5024,-0.5879,0.4444,-8.2541,498.5288,-42.8018
2022-11-07,90.8518,1.0729,1.8442,12.8347,0.846,4.038,-8.2023,503.8776,-42.1881
2022-11-08,91.646,0.8742,2.8326,13.4215,-0.4558,5.6389,-7.7813,508.2824,-41.6827
2022-11-09,90.3696,-1.3928,3.2181,11.868,-2.3612,5.1212,-9.2949,501.2032,-42.495
2022-11-10,94.161,4.1954,6.4337,17.4826,0.2271,9.3289,-4.957,522.2309,-40.0824
2022-11-11,94.1042,-0.0603,4.6913,14.8776,-0.0735,7.8899,-4.6202,521.9162,-40.1185
2022-11-14,93.5275,-0.6129,2.9451,16.7335,-1.1305,7.3786,-5.9496,518.7175,-40.4855
2022-11-15,94.1704,0.6874,2.7546,15.0248,0.3477,5.7174,-5.4799,522.2833,-40.0764
2022-11-16,93.4897,-0.7229,3.4526,11.502,-0.7757,9.0119,-6.1807,518.5077,-40.5095
2022-11-17,93.3289,-0.1719,-0.8836,12.1068,0.3465,9.8082,-5.7791,517.6163,-40.6118
2022-11-18,94.0191,0.7395,-0.0904,15.1993,3.0487,11.8283,-4.8858,521.4443,-40.1726
2022-11-21,94.3217,0.3218,0.8492,12.4817,3.1887,10.38,-4.1014,523.1223,-39.9801
2022-11-22,95.0497,0.7718,0.9337,11.8616,3.6438,11.293,-3.6255,527.16,-39.5168
2022-11-23,95.409,0.378,2.053,10.7927,2.469,11.068,-3.4252,529.1528,-39.2882
2022-11-25,95.7778,0.3865,2.6239,10.8315,6.5588,9.2804,-2.9423,531.1978,-39.0536
2022-11-28,94.0381,-1.8164,0.0201,7.5592,5.0964,5.1376,-2.0553,521.5492,-40.1606
2022-11-29,94.6148,0.6133,0.3107,5.7599,7.2866,6.6425,-1.6262,524.7479,-39.7936
2022-11-30,96.1749,1.6489,1.1837,7.8113,9.9827,9.0689,2.5957,533.4002,-38.8009
2022-12-01,96.2032,0.0295,0.8324,7.9461,9.8615,7.0537,4.0719,533.5575,-38.7828
2022-12-02,96.7516,0.57,1.0168,10.5076,11.5667,8.0809,1.6475,536.599,-38.4339
2022-12-05,95.1348,-1.6711,1.1663,7.5345,9.5241,5.8317,0.0663,527.6322,-39.4627
2022-12-06,94.0097,-1.1827,-0.6396,4.5861,6.5209,3.1927,-2.7632,521.3919,-40.1786
2022-12-07,93.8868,-0.1307,-2.3791,3.3406,6.065,4.9575,-3.8708,520.7102,-40.2568
2022-12-08,94.4446,0.5942,-1.828,3.0538,5.3292,7.7017,-3.5385,523.8041,-39.9019
2022-12-09,93.6693,-0.8209,-3.1858,3.6514,3.8433,10.063,-4.0294,519.5041,-40.3952
2022-12-12,95.2766,1.716,0.149,1.1849,9.7587,15.4204,-2.781,528.4186,-39.3724
2022-12-13,95.6359,0.3771,1.7299,1.6277,10.3879,16.1456,-1.3942,530.4112,-39.1438
2022-12-14,95.4563,-0.1878,1.6717,2.0623,11.3415,14.8171,-0.6359,529.4149,-39.2581
2022-12-15,93.1493,-2.4168,-1.3715,-1.0843,10.9647,15.9084,-3.8751,516.62,-40.7261
2022-12-16,92.7522,-0.4263,-0.9791,-0.7888,9.0121,15.711,-4.3308,514.4176,-40.9788
2022-12-19,92.2639,-0.5265,-3.1621,-1.1412,9.8048,13.0397,-3.1809,511.7094,-41.2895
2022-12-20,92.3779,0.1235,-3.4067,-1.7457,11.4199,13.8092,-1.4829,512.3417,-41.217
2022-12-21,94.1164,1.882,-1.4037,-0.2177,15.2517,16.5455,-1.5889,521.9837,-40.1107
2022-12-22,92.9194,-1.2718,-0.2468,-2.2413,15.9609,11.1768,-3.1148,515.3449,-40.8724
2022-12-23,93.4704,0.593,0.7743,-2.0319,17.8865,12.1011,-3.6751,518.4008,-40.5218
2022-12-27,93.7554,0.3049,1.6165,-2.1115,18.6421,13.7654,-4.3934,519.9814,-40.3405
2022-12-28,92.5299,-1.3071,0.1646,-1.6038,14.569,12.936,-6.1169,513.1847,-41.1203
2022-12-29,93.6699,1.232,-0.4744,-0.9987,18.0255,13.974,-5.131,519.5073,-40.3949
2022-12-30,93.2994,-0.3955,0.409,-2.9898,19.1197,12.5439,-5.1654,517.4525,-40.6306
2023-01-03,93.4989,0.2138,0.0305,-2.8111,15.8774,14.5,-5.3668,518.5589,-40.5037
2023-01-04,94.3254,0.884,0.608,-2.5077,12.9701,14.8504,-3.7388,523.1428,-39.9777
2023-01-05,93.3089,-1.0776,0.8419,-1.9193,12.3634,12.2876,-6.6531,517.5051,-40.6246
2023-01-06,95.8644,2.7388,2.3428,1.9729,16.7838,15.8878,-3.1739,531.6784,-38.9984
2023-01-09,95.4369,-0.446,2.291,1.651,18.5292,16.1506,-4.0491,529.3074,-39.2705
2023-01-10,95.9594,0.5475,2.6316,1.6039,18.7598,17.1487,-3.4966,532.2053,-38.938
2023-01-11,96.8809,0.9603,2.7092,3.4286,19.9283,19.7316,-1.4595,537.316,-38.3516
2023-01-12,97.4509,0.5884,4.439,2.2821,21.5874,21.1263,-1.4693,540.4774,-37.9889
2023-01-13,97.3369,-0.117,1.536,1.7786,18.8239,19.1177,-1.8995,539.845,-38.0614
2023-01-17,96.5104,-0.8491,1.1248,1.1043,20.4566,18.8178,-2.9425,535.2612,-38.5874
2023-01-18,94.6959,-1.8801,-1.3167,1.6603,15.6667,12.5673,-4.1915,525.1977,-39.742
2023-01-19,92.7484,-2.0566,-4.2655,-0.0041,10.618,9.4079,-5.0677,514.3966,-40.9812
2023-01-20,94.0404,1.393,-3.4997,1.9255,12.9614,10.1373,-2.6568,521.5622,-40.1591
2023-01-23,95.0664,1.091,-2.3326,2.9103,16.4824,11.6959,-0.323,527.2525,-39.5062
2023-01-24,95.6934,0.6595,-0.8465,1.6756,14.1175,11.9006,1.2664,530.73,-39.1072
2023-01-25,95.1614,-0.5559,0.4916,2.4129,11.993,11.8817,0.1295,527.7794,-39.4458
2023-01-26,95.6839,0.5491,3.165,2.3681,11.1119,10.7802,1.6783,530.6772,-39.1133
2023-01-27,96.0829,0.417,2.1719,2.4825,11.1846,8.963,3.0017,532.8902,-38.8594
2023-01-30,95.1424,-0.9788,0.0799,2.8234,8.8223,5.7191,2.9103,527.674,-39.4579
2023-01-31,96.7574,1.6975,1.1119,3.2962,8.1549,7.4013,3.9328,536.6311,-38.4302
2023-02-01,97.4604,0.7265,2.4159,4.4598,9.2524,9.335,3.6072,540.5299,-37.9828
2023-02-02,98.2204,0.7798,2.6509,5.0498,10.2095,9.162,2.994,544.745,-37.4992
2023-02-03,97.7074,-0.5223,1.6907,3.5855,11.5992,8.1958,1.7487,541.8998,-37.8257
2023-02-06,97.4699,-0.2431,2.4463,4.4594,10.1739,7.7644,3.1463,540.5827,-37.9768
2023-02-07,97.7739,0.3119,1.0506,1.9919,8.7738,8.1343,4.5946,542.2687,-37.7834
2023-02-08,97.2229,-0.5635,-0.2437,1.8714,7.0127,7.918,3.9221,539.2128,-38.134
2023-02-09,96.3489,-0.899,-1.9054,0.4059,5.1316,4.6524,1.9701,534.3654,-38.6901
2023-02-10,97.0329,0.7099,-0.6903,0.1569,7.3734,4.8381,1.3025,538.159,-38.2549
2023-02-13,97.9164,0.9105,0.4581,0.4777,3.9883,4.2244,3.9269,543.0591,-37.6927
2023-02-14,97.6504,-0.2717,-0.1263,0.3221,3.7683,3.692,5.251,541.5838,-37.8619
2023-02-15,98.2584,0.6226,1.0651,1.8112,5.0583,3.8706,6.3021,544.9558,-37.4751
2023-02-16,97.2419,-1.0345,0.9268,2.6886,3.2616,3.6206,3.6424,539.3181,-38.1219
2023-02-17,97.8784,0.6546,0.8714,5.5311,4.6944,3.8823,3.7734,542.8483,-37.7169
2023-02-21,95.6364,-2.2906,-2.3285,1.6971,2.4724,2.8275,3.2881,530.4137,-39.1435
2023-02-22,95.3989,-0.2483,-2.3057,0.3498,1.4675,4.561,3.8908,529.0967,-39.2946
2023-02-23,95.8454,0.468,-2.4558,0.1588,1.6154,4.8557,5.3951,531.573,-39.0105
2023-02-24,95.2944,-0.5749,-2.0027,0.1398,0.2574,3.9106,6.7513,528.517,-39.3611
2023-02-27,96.1399,0.8872,-1.7762,0.4766,0.766,3.2539,6.3414,533.2062,-38.8231
2023-02-28,95.9214,-0.2273,0.298,-0.1681,0.15,6.7186,3.6273,531.9945,-38.9622
2023-03-01,96.3014,0.3962,0.946,1.2182,2.4068,7.6258,3.2462,534.102,-38.7203
2023-03-02,97.4319,1.1739,1.6553,0.6971,2.9774,10.481,6.04,540.3719,-38.001
2023-03-03,98.4864,1.0823,3.3496,1.0527,2.4035,12.6261,4.9479,546.2203,-37.33
2023-03-06,98.3059,-0.1833,2.253,0.0871,2.1857,12.2626,4.6411,545.2192,-37.4448
2023-03-07,97.0424,-1.2853,1.1687,-0.6806,0.3005,11.902,3.5225,538.2117,-38.2488
2023-03-08,97.2704,0.2349,1.0062,-0.2047,2.2447,11.9826,6.6227,539.4761,-38.1038
2023-03-09,95.8359,-1.4747,-1.6381,-1.9821,1.9426,8.5902,5.6994,531.5203,-39.0166
2023-03-10,94.0499,-1.8636,-4.5047,-3.2636,0.1737,6.2492,1.8829,521.6148,-40.1531
2023-03-13,93.5179,-0.5656,-4.8705,-2.9383,-0.9812,4.2956,1.44,518.6643,-40.4916
2023-03-14,94.5059,1.0565,-2.6138,-2.6043,0.8931,4.7708,3.3386,524.1439,-39.8629
2023-03-15,92.1784,-2.4628,-5.2349,-5.8601,-3.2519,6.1895,0.4551,511.2352,-41.344
2023-03-16,93.3659,1.2883,-2.5773,-4.3876,-2.3736,7.7678,0.1592,517.8213,-40.5883
2023-03-17,91.8364,-1.6382,-2.3535,-6.5358,-3.7922,7.1192,-2.7672,509.3384,-41.5616
2023-03-20,93.0526,1.3243,-0.4975,-4.3081,-0.1038,10.8495,-2.7297,516.0838,-40.7877
2023-03-21,94.1305,1.1584,-0.3972,-3.8291,1.486,10.6321,-1.9761,522.062,-40.1018
2023-03-22,92.3277,-1.9153,0.1619,-3.4597,0.0691,9.8807,-4.0697,512.0631,-41.249
2023-03-23,92.0606,-0.2893,-1.3981,-3.4994,-0.3435,11.0372,-4.8658,510.5817,-41.4189
2023-03-24,92.4421,0.4145,0.6596,-3.5508,-1.7789,13.2014,-3.547,512.698,-41.1761
2023-03-27,93.2148,0.8358,0.1743,-2.1823,0.3179,16.3295,-3.4768,516.9832,-40.6845
2023-03-28,93.6917,0.5117,-0.4661,-2.5465,0.2368,18.1656,-3.5816,519.6284,-40.381
2023-03-29,95.0558,1.4559,2.9548,-0.9024,1.387,20.2876,-2.2061,527.1937,-39.513
2023-03-30,95.2561,0.2107,3.4711,-1.0854,2.9463,17.9446,-2.8985,528.3047,-39.3855
2023-03-31,96.5153,1.3218,4.4061,-0.9408,3.0376,21.6107,-1.5021,535.2881,-38.5843
2023-04-03,96.687,0.1779,3.7249,-1.8271,3.6308,23.4448,0.2158,536.2404,-38.475
2023-04-04,94.5216,-2.2396,0.8858,-3.8495,1.0938,17.1449,-1.2615,524.231,-39.8529
2023-04-05,93.2911,-1.3018,-1.8565,-3.8656,-1.0965,11.7314,-2.4228,517.4064,-40.6359
2023-04-06,93.2625,-0.0307,-2.0929,-4.1204,-0.0498,12.3075,-1.0467,517.2476,-40.6541
2023-04-10,94.1115,0.9103,-2.4906,-1.7994,-1.8286,14.6483,0.6343,521.9562,-40.1139
2023-04-11,94.6742,0.598,-2.0817,0.6638,-0.7991,17.582,0.8925,525.0775,-39.7558
2023-04-12,94.989,0.3325,0.4945,1.5731,-1.0112,17.5588,1.7971,526.8234,-39.5555
2023-04-13,95.342,0.3716,2.1983,0.8847,-1.5885,18.0232,2.5047,528.7808,-39.3309
2023-04-14,95.2275,-0.1201,2.107,3.3078,-2.2816,18.8133,2.5468,528.146,-39.4037
2023-04-17,95.9811,0.7914,1.9866,2.801,-1.3929,17.1688,2.3976,532.3256,-38.9242
2023-04-18,96.4389,0.477,1.864,5.0117,-0.074,20.3674,2.9993,534.8649,-38.6328
2023-04-19,96.3626,-0.0791,1.4461,3.5572,1.7601,17.7025,3.2795,534.4417,-38.6814
2023-04-20,96.1909,-0.1782,0.8905,2.1889,3.7117,14.7237,1.2552,533.4894,-38.7906
2023-04-21,95.9715,-0.2281,0.7813,3.9467,2.0535,15.281,0.4793,532.2725,-38.9303
2023-04-24,96.2005,0.2385,0.2286,4.4969,1.1929,17.872,1.757,533.5422,-38.7846
2023-04-25,94.4262,-1.8443,-2.087,2.1463,-1.3242,12.6063,2.3968,523.7021,-39.9136
2023-04-26,92.6424,-1.8891,-3.8606,-0.614,-2.647,9.0285,0.4625,513.8089,-41.0487
2023-04-27,94.4739,1.9769,-1.785,0.8349,-1.2645,9.7068,4.7363,523.9665,-39.8832
2023-04-28,95.3897,0.9693,-0.6063,0.3512,-0.7215,10.3824,5.3576,529.0454,-39.3005
2023-05-01,95.9048,0.54,-0.3074,0.681,0.8013,9.6943,4.7451,531.9022,-38.9727
2023-05-02,94.9032,-1.0444,0.5051,-1.6703,-1.9164,6.0822,6.4728,526.3472,-39.6101
2023-05-03,94.5407,-0.3819,2.049,-2.2198,-2.9958,5.9795,5.8437,524.337,-39.8407
2023-05-04,93.5105,-1.0897,-1.0198,-1.0697,-4.7952,4.9247,4.0031,518.6233,-40.4963
2023-05-05,94.9222,1.5097,-0.49,1.7484,-2.8505,8.4181,2.6011,526.453,-39.598
2023-05-08,94.5788,-0.3618,-1.3825,1.4115,-2.9661,6.906,4.9725,524.5485,-39.8165
2023-05-09,94.7887,0.2219,-0.1206,0.7196,-3.0531,5.4528,5.9214,525.7125,-39.6829
2023-05-10,94.4453,-0.3623,-0.1009,-0.2418,-2.8569,3.9554,8.1531,523.8078,-39.9014
2023-05-11,93.873,-0.606,0.3876,-1.1749,-2.5697,2.43,8.2059,520.6335,-40.2656
2023-05-12,93.9397,0.0711,-1.0351,-1.4707,-3.1877,3.9506,9.2741,521.0039,-40.2231
2023-05-15,94.3976,0.4874,-0.1916,-0.8715,-3.5937,0.2513,9.6036,523.5433,-39.9318
2023-05-16,93.1194,-1.3541,-1.7611,-2.9815,-4.64,-1.0465,6.7608,516.4542,-40.7452
2023-05-17,94.7219,1.7209,0.2929,-1.7804,-3.5991,1.2771,8.7499,525.3421,-39.7254
2023-05-18,95.4087,0.7251,1.636,-0.9899,-1.8851,1.315,7.1076,529.1512,-39.2884
2023-05-19,95.1798,-0.2399,1.3201,-1.0512,-2.7571,1.8079,10.9827,527.8816,-39.434
2023-05-22,95.1607,-0.0201,0.8084,-0.8448,-0.4974,1.9627,11.9634,527.7757,-39.4462
2023-05-23,94.0161,-1.2029,0.9629,-2.2707,-1.4495,-0.0033,11.8246,521.4272,-40.1746
2023-05-24,92.8046,-1.2886,-2.0242,-1.7173,-3.1726,-1.6084,8.6046,514.7083,-40.9455
2023-05-25,93.1098,0.3289,-2.4095,0.5045,-2.2924,-2.0409,9.0216,516.4012,-40.7512
2023-05-26,93.8062,0.7479,-1.4432,-0.7068,-2.4274,-1.68,9.2021,520.2633,-40.3081
2023-05-30,93.6631,-0.1525,-1.5738,-1.81,-2.3543,-2.2079,6.8676,519.4697,-40.3992
2023-05-31,92.3849,-1.3647,-1.735,-3.6702,-4.0669,-1.758,3.2893,512.3805,-41.2125
2023-06-01,93.5677,1.2803,0.8223,-1.4072,-3.966,-1.1067,5.4623,518.9406,-40.4599
2023-06-02,96.2863,2.9055,3.4115,1.8464,-2.2339,0.1159,9.1953,534.0184,-38.7299
2023-06-05,95.6186,-0.6935,1.9321,2.2544,-2.7336,-0.6077,6.4032,530.3151,-39.1548
2023-06-06,96.2196,0.6285,2.7294,1.3667,-0.8479,-0.5499,7.4865,533.6481,-38.7724
2023-06-07,97.7649,1.606,5.8234,3.3686,0.5084,2.7645,8.7575,542.2186,-37.7891
2023-06-08,97.9366,0.1756,4.6692,3.3209,2.192,4.1771,7.5032,543.171,-37.6798
2023-06-09,97.679,-0.263,1.4464,3.4239,3.8587,4.0392,9.1969,541.7425,-37.8437
2023-06-12,98.3754,0.7129,2.8831,4.7963,5.1941,4.1619,12.1842,545.6045,-37.4006
2023-06-13,99.5201,1.1636,3.4302,5.9403,5.3057,6.2462,16.9377,551.9531,-36.6722
2023-06-14,99.2529,-0.2684,1.5221,5.1435,7.6749,4.1734,20.2374,550.4717,-36.8422
2023-06-15,100.7506,1.5089,2.8733,8.195,7.9094,5.348,22.3571,558.7778,-35.8892
2023-06-16,100.5884,-0.161,2.9785,6.1934,9.53,5.3764,20.9901,557.8784,-35.9924
2023-06-20,99.8414,-0.7426,1.4902,4.646,7.2956,7.1843,24.2355,553.7353,-36.4677
2023-06-21,100.3969,0.5564,0.881,5.4812,6.6571,8.242,25.248,556.816,-36.1143
2023-06-22,99.669,-0.725,0.4192,4.7375,7.9514,8.026,22.1123,552.7792,-36.5774
2023-06-23,98.9124,-0.7591,-1.8245,5.208,7.4427,7.0737,21.8597,548.583,-37.0589
2023-06-26,99.736,0.8327,-0.8474,7.4688,7.8902,5.9709,23.5044,553.151,-36.5348
2023-06-27,100.9332,1.2003,1.0935,8.4023,8.2802,8.6245,20.7652,559.7906,-35.773
2023-06-28,100.9332,0.0,0.5342,7.5976,7.729,7.9841,21.0514,559.7906,-35.773
2023-06-29,101.91,0.9678,2.2485,8.8049,7.2108,8.6978,23.6604,565.2084,-35.1514
2023-06-30,102.7816,0.8552,3.9117,11.2537,7.9002,11.0793,25.4485,570.042,-34.5968
2023-07-03,102.8007,0.0186,3.0728,9.8677,6.5124,9.7479,25.084,570.1482,-34.5846
2023-07-05,102.2453,-0.5403,1.2999,6.1888,5.7487,9.5883,23.3349,567.0675,-34.9381
2023-07-06,101.4791,-0.7493,0.5409,6.129,7.3607,8.5351,24.2727,562.8182,-35.4256
2023-07-07,101.7089,0.2265,-0.1974,5.705,9.0232,7.8277,23.8406,564.0929,-35.2794
2023-07-10,103.1551,1.4218,0.3634,5.5134,10.6073,10.5522,24.1365,572.1134,-34.3592
2023-07-11,104.3714,1.1791,1.5279,6.5704,10.9019,8.8739,26.1716,578.8592,-33.5852
2023-07-12,104.1894,-0.1743,1.9014,6.6651,10.0504,9.171,26.8027,577.85,-33.701
2023-07-13,104.3235,0.1287,2.8029,6.0464,9.8269,8.7163,27.3597,578.5937,-33.6156
2023-07-14,104.017,-0.2938,2.2693,4.5187,9.0989,7.3659,28.5509,576.894,-33.8107
2023-07-17,104.4097,0.3775,1.2162,5.1955,9.6423,7.1408,29.7757,579.0717,-33.5608
2023-07-18,104.9939,0.5595,0.5964,4.2117,9.3902,7.8665,28.4881,582.3117,-33.1891
2023-07-19,104.946,-0.0456,0.7262,4.3321,8.8212,8.7406,29.2031,582.0462,-33.2195
2023-07-20,105.4153,0.4472,1.0465,5.5827,9.3943,11.3198,25.3097,584.6488,-32.9209
2023-07-21,104.9173,-0.4724,0.8655,4.5025,9.0719,13.1203,23.7625,581.8868,-33.2378
2023-07-24,105.1567,0.2282,0.7155,5.5059,9.5707,11.8208,23.1563,583.2148,-33.0854
2023-07-25,105.0226,-0.1275,0.0274,6.1774,9.1706,10.4729,23.3937,582.4711,-33.1708
2023-07-26,105.76,0.7022,0.7757,6.04,12.0028,10.5197,23.6722,586.5611,-32.7015
2023-07-27,104.8502,-0.8603,-0.536,3.8808,13.1773,10.1815,23.2729,581.515,-33.2805
2023-07-28,105.5015,0.6211,0.5568,4.526,11.6726,10.2604,22.1467,585.1269,-32.8661
2023-07-31,105.7505,0.236,0.5647,3.7684,10.8616,10.0617,19.9265,586.508,-32.7076
2023-08-01,106.0665,0.2989,0.994,3.196,10.5957,11.4819,17.8576,588.2608,-32.5065
2023-08-02,104.9555,-1.0474,-0.7607,2.0961,10.5922,8.4729,16.5013,582.0992,-33.2134
2023-08-03,104.2948,-0.6296,-0.5298,2.0045,10.3173,7.0125,17.0021,578.4344,-33.6339
2023-08-04,103.6626,-0.6061,-1.7429,2.1517,10.8567,5.5408,15.2105,574.9285,-34.0362
2023-08-07,104.9364,1.2288,-0.7698,3.1733,10.5499,7.3986,16.2009,581.9931,-33.2256
2023-08-08,104.4576,-0.4563,-1.5169,1.2627,10.4449,7.169,15.4901,579.3373,-33.5303
2023-08-09,104.4001,-0.055,-0.5292,0.0275,10.1398,6.7771,15.4626,579.0186,-33.5669
2023-08-10,104.1128,-0.2752,-0.1745,-0.0735,10.2361,7.0867,15.5658,577.4251,-33.7497
2023-08-11,104.2852,0.1656,0.6005,-0.0367,11.0918,8.237,13.2726,578.3812,-33.64
2023-08-14,104.3235,0.0367,-0.5841,0.2946,11.0536,7.5135,12.7152,578.5937,-33.6156
2023-08-15,102.9923,-1.2761,-1.4028,-1.3575,9.1047,5.1839,9.6273,571.2105,-34.4627
2023-08-16,102.4176,-0.5579,-1.8989,-2.4537,9.9853,4.8819,8.7542,568.0235,-34.8284
2023-08-17,101.5557,-0.8416,-2.4561,-3.2305,7.2145,3.3557,7.3562,563.243,-35.3769
2023-08-18,101.7472,0.1886,-2.4337,-3.4796,6.6435,4.6331,8.4215,564.3054,-35.255
2023-08-21,101.6227,-0.1224,-2.5888,-3.1401,6.7692,3.8255,7.8563,563.6149,-35.3342
2023-08-22,101.3833,-0.2356,-1.5622,-3.5883,6.539,6.0091,9.0065,562.287,-35.4866
2023-08-23,102.4272,1.0297,0.0094,-2.4713,8.9465,7.3673,12.2643,568.0767,-34.8223
2023-08-24,101.1822,-1.2155,-0.3678,-4.3285,9.0271,5.5681,10.6941,561.1715,-35.6146
2023-08-25,102.0345,0.8424,0.2824,-2.6854,9.5851,7.073,11.2601,565.8989,-35.0722
2023-08-28,102.8677,0.8166,1.2251,-2.4964,9.6599,6.998,10.4796,570.52,-34.542
2023-08-29,103.6531,0.7635,2.2388,-1.9833,10.6659,8.0605,15.3206,574.8756,-34.0422
2023-08-30,104.1224,0.4527,1.655,-1.833,12.705,8.1213,16.3665,577.4782,-33.7436
2023-08-31,103.6531,-0.4507,2.442,-1.241,10.7787,6.3852,17.5354,574.8756,-34.0422
2023-09-01,104.199,0.5266,2.1213,-0.0918,8.2178,5.8004,19.1588,577.9032,-33.6949
2023-09-05,102.4464,-1.682,-0.4096,-1.1733,7.1406,4.2118,16.9909,568.1829,-34.8101
2023-09-06,102.0058,-0.43,-1.5892,-2.7927,6.0136,5.1147,17.6254,565.7396,-35.0904
2023-09-07,101.6706,-0.3286,-2.3547,-2.668,3.995,4.5237,17.0484,563.8805,-35.3037
2023-09-08,101.163,-0.4992,-2.4023,-3.1006,3.2944,5.5586,14.6262,561.0654,-35.6267
2023-09-11,101.1918,0.0284,-2.886,-2.8056,3.5962,7.5937,14.3175,561.2247,-35.6085
2023-09-12,100.8278,-0.3596,-1.5799,-3.3153,2.493,7.8166,12.448,559.2063,-35.84
2023-09-13,100.1574,-0.6649,-1.812,-3.9934,0.6405,5.9801,11.0361,555.4882,-36.2666
2023-09-14,101.1439,0.9849,-0.5181,-1.7947,1.9052,9.7262,16.5177,560.959,-35.6389
2023-09-15,100.5597,-0.5776,-0.5964,-1.8141,-0.1895,7.7049,16.0712,557.719,-36.0107
2023-09-18,100.6712,0.1109,-0.5144,-0.8709,0.0823,9.6202,17.4243,558.3377,-35.9397
2023-09-19,100.2481,-0.4203,-0.575,-1.4734,0.4074,7.7327,19.4212,555.9911,-36.2089
2023-09-20,99.8538,-0.3933,-0.3031,-1.7406,-0.5409,6.0802,17.3587,553.8044,-36.4598
2023-09-21,98.2191,-1.6371,-2.8917,-3.121,-1.4547,6.381,16.8922,544.7379,-37.5
2023-09-22,97.8825,-0.3427,-2.6622,-4.437,-1.0412,6.3241,18.0592,542.8713,-37.7142
2023-09-25,98.373,0.501,-2.2829,-2.7764,-1.3667,6.4157,20.4641,545.5912,-37.4022
2023-09-26,96.8728,-1.5249,-3.3669,-5.0588,-4.0228,3.9243,20.8947,537.2713,-38.3567
2023-09-27,97.5941,0.7445,-2.2631,-5.1267,-3.3082,4.1651,23.0873,541.2713,-37.8978
2023-09-28,98.0076,0.4237,-0.2154,-5.4466,-3.8293,3.1053,24.0229,543.5646,-37.6347
2023-09-29,97.4883,-0.5298,-0.4028,-6.3714,-5.15,2.3433,20.7084,540.6846,-37.9651
2023-10-02,96.5363,-0.9765,-1.867,-6.866,-6.0938,0.0218,21.6372,535.4047,-38.5709
2023-10-03,95.8632,-0.6973,-1.0423,-7.9999,-6.242,-0.852,22.393,531.6714,-38.9992
2023-10-04,96.1709,0.321,-1.4583,-6.1256,-5.2308,1.7449,19.1889,533.3781,-38.8034
2023-10-05,95.6035,-0.5899,-2.4529,-6.2764,-6.0028,2.4787,14.5009,530.2314,-39.1644
2023-10-06,96.9113,1.3679,-0.5918,-4.6811,-6.0528,3.9125,16.7015,537.4847,-38.3322
2023-10-09,98.4307,1.5678,1.9623,-2.701,-5.6919,4.5895,19.91,545.9112,-37.3654
2023-10-10,99.0269,0.6057,3.3002,-2.1394,-4.9549,4.5975,22.9879,549.2179,-36.986
2023-10-11,99.6231,0.602,3.5896,-1.1949,-4.5056,4.8785,23.2939,552.5244,-36.6067
2023-10-12,98.7191,-0.9073,3.2589,-1.436,-5.0933,3.5422,22.2038,547.5112,-37.1819
2023-10-13,97.8441,-0.8864,0.9625,-3.2625,-6.2883,2.7477,22.0779,542.6579,-37.7387
2023-10-16,98.8826,1.0614,0.4592,-1.6677,-5.8206,3.023,20.7108,548.4178,-37.0778
2023-10-17,99.1903,0.3112,0.1651,-1.471,-5.4844,2.853,23.8014,550.1245,-36.882
2023-10-18,96.7959,-2.4139,-2.8378,-3.4436,-8.1765,0.4496,18.2317,536.8448,-38.4057
2023-10-19,95.9016,-0.9239,-2.8541,-3.958,-8.5931,-0.3008,14.3787,531.8848,-38.9747
2023-10-20,94.9111,-1.0328,-2.9976,-3.3679,-9.7431,-1.1049,14.0073,526.3915,-39.605
2023-10-23,94.4688,-0.4661,-4.4637,-3.4876,-10.0491,-1.8,15.7502,523.9382,-39.8865
2023-10-24,95.1804,0.7533,-4.0427,-3.2453,-10.0034,0.7987,13.5057,527.8849,-39.4337
2023-10-25,93.9592,-1.2831,-2.9307,-3.0077,-10.3872,1.4213,10.5781,521.1117,-40.2108
2023-10-26,93.5649,-0.4196,-2.4366,-4.1285,-11.3141,-0.9622,8.6513,518.925,-40.4617
2023-10-27,92.7379,-0.8839,-2.2897,-5.3768,-12.305,-2.7799,7.3139,514.3384,-40.9879
2023-10-30,93.8918,1.2443,-0.6107,-3.6891,-11.4783,-2.0989,7.392,520.7383,-40.2536
2023-10-31,94.5842,0.7374,-0.6264,-2.0221,-9.8816,-0.3361,5.7257,524.5782,-39.8131
2023-11-01,94.8919,0.3253,0.9927,-1.0131,-9.0156,0.3715,6.3732,526.2848,-39.6172
2023-11-02,96.844,2.0572,3.5046,0.6999,-6.5777,3.5648,8.6651,537.1114,-38.3751
2023-11-03,97.6998,0.8837,5.3505,2.1927,-6.8962,2.9262,11.5906,541.8579,-37.8305
2023-11-06,97.4402,-0.2657,3.7792,0.5457,-6.7179,3.0254,10.1403,540.418,-37.9957
2023-11-07,97.1998,-0.2467,2.7654,-1.2505,-6.8968,2.5436,8.1351,539.0847,-38.1487
2023-11-08,97.421,0.2275,2.6652,-1.6217,-6.4275,3.1507,7.2307,540.3113,-38.0079
2023-11-09,97.2094,-0.2172,0.3773,-2.4228,-6.785,3.5542,6.0706,539.1379,-38.1426
2023-11-10,98.6134,1.4443,0.9351,-0.1072,-5.4735,4.9751,9.1223,546.9245,-37.2492
2023-11-13,98.6999,0.0878,1.2928,0.8747,-4.1676,4.5577,4.8204,547.4046,-37.1941
2023-11-14,100.6808,2.007,3.5813,1.8186,-1.6958,8.1202,6.9886,558.3911,-35.9336
2023-11-15,100.8924,0.2101,3.5633,1.7159,-0.6531,6.5143,7.8746,559.5642,-35.799
2023-11-16,100.9116,0.0191,3.8085,4.2519,-0.8213,5.7677,7.1585,559.671,-35.7867
2023-11-17,101.5559,0.6385,2.9839,5.8959,-0.0658,6.699,8.6279,563.2443,-35.3767
2023-11-20,101.8636,0.303,3.2054,7.3252,0.4738,7.0437,9.1447,564.9509,-35.1809
2023-11-21,101.7867,-0.0755,1.0984,7.7463,-0.6253,8.2652,8.2617,564.5243,-35.2299
2023-11-22,102.0079,0.2173,1.1056,7.1732,0.816,9.9168,8.1489,565.7509,-35.0891
2023-11-24,102.2579,0.2451,1.3341,8.8323,0.2189,9.825,7.5836,567.1376,-34.93
2023-11-27,101.6809,-0.5642,0.1231,8.6742,-1.1537,8.3947,6.5737,563.9376,-35.2972
2023-11-28,101.4405,-0.2365,-0.4154,9.384,-2.1346,8.3036,5.9124,562.6042,-35.4502
2023-11-29,101.8252,0.3792,0.0378,8.4494,-2.2062,10.2184,8.2808,564.7376,-35.2054
2023-11-30,102.9406,1.0955,0.9144,8.8349,-0.6873,10.0173,8.7997,570.9243,-34.4956
2023-12-01,104.5657,1.5787,2.2569,10.1946,0.352,8.5987,8.7246,579.9373,-33.4615
2023-12-04,104.7388,0.1655,3.0074,8.1521,2.2377,9.5381,8.8725,580.8973,-33.3513
2023-12-05,103.8926,-0.8079,2.4173,6.3386,1.8497,7.9745,7.3808,576.2041,-33.8898
2023-12-06,104.3542,0.4443,2.4837,7.0956,2.6395,6.74,9.6908,578.764,-33.5961
2023-12-07,104.4504,0.0921,1.4666,7.4594,3.2495,6.651,11.1059,579.2974,-33.5349
2023-12-08,104.7773,0.313,0.2023,7.5511,3.5433,7.2669,11.5996,581.1107,-33.3269
2023-12-11,105.7774,0.9545,0.9916,8.814,4.9089,7.5243,11.9994,586.6573,-32.6905
2023-12-12,106.2582,0.4545,2.2769,7.7523,6.0912,6.7706,13.4397,589.3239,-32.3845
2023-12-13,107.441,1.1131,2.958,8.8562,6.2259,8.2497,12.7674,595.8837,-31.6319
2023-12-14,108.8257,1.2888,4.1889,8.0898,8.22,8.015,13.7916,603.5637,-30.7507
2023-12-15,108.6814,-0.1326,3.7261,7.7202,7.9568,8.0457,13.8547,602.7636,-30.8425
2023-12-18,108.6766,-0.0044,2.7409,7.6949,8.4077,8.8493,16.6693,602.7369,-30.8456
2023-12-19,109.5178,0.774,3.0676,7.8399,9.6781,9.0849,18.0757,607.4021,-30.3103
2023-12-20,107.7484,-1.6156,0.2861,5.7771,9.7021,8.1062,16.7828,597.5888,-31.4363
2023-12-21,108.8603,1.0319,0.0318,6.9495,11.2153,10.0573,17.8424,603.7556,-30.7287
2023-12-22,109.3824,0.4796,0.645,7.2294,11.1916,9.6719,16.2204,606.6514,-30.3965
2023-12-26,110.1559,0.7071,1.3612,7.7236,13.7119,9.1375,18.55,610.9412,-29.9043
2023-12-27,110.3203,0.1492,0.7328,8.4966,13.04,9.3003,18.027,611.8529,-29.7997
2023-12-28,110.3493,0.0263,2.4138,8.7823,12.5926,8.2811,17.6991,612.0137,-29.7812
2023-12-29,110.2139,-0.1227,1.2435,8.2384,13.0535,7.2312,19.1117,611.2631,-29.8674
2024-01-02,109.1021,-1.0088,-0.2563,5.9854,13.0166,6.1297,16.475,605.0964,-30.5749
2024-01-03,107.4777,-1.4888,-2.4313,2.7848,12.1158,5.1175,15.1965,596.0874,-31.6085
2024-01-04,107.613,0.1259,-2.454,2.7442,11.8977,6.0446,15.0955,596.8381,-31.5224
2024-01-05,107.7387,0.1168,-2.3657,3.702,12.6933,5.9285,14.2203,597.5352,-31.4424
2024-01-08,108.4446,0.6551,-1.6054,3.9197,11.9008,5.1277,16.221,601.4499,-30.9933
2024-01-09,108.1062,-0.3121,-0.9128,3.5,9.8298,3.5784,12.7699,599.573,-31.2086
2024-01-10,108.6573,0.5098,1.0975,3.7031,9.725,4.2882,13.8525,602.6295,-30.8579
2024-01-11,108.4059,-0.2314,0.7368,2.4849,8.8161,3.9132,12.9706,601.2353,-31.0179
2024-01-12,108.3962,-0.0089,0.6103,2.0121,9.8026,4.2101,11.8861,601.1817,-31.024
2024-01-16,107.3037,-1.0079,-1.0521,-0.1278,9.668,2.7718,10.1105,595.1222,-31.7193
2024-01-17,106.5785,-0.6758,-1.4131,-2.065,7.7828,1.5093,9.4944,591.1003,-32.1807
2024-01-18,108.0191,1.3517,-0.5873,-0.6094,8.9009,2.9283,11.9249,599.0903,-31.264
2024-01-19,108.725,0.6534,0.2943,0.0445,12.3239,3.1397,14.8148,603.0049,-30.8148
2024-01-22,109.5661,0.7737,1.0793,0.0442,14.2485,4.431,18.1326,607.6703,-30.2796
2024-01-23,109.4791,-0.0794,2.0274,1.6062,15.3491,4.1105,16.4171,607.1876,-30.335
2024-01-24,108.8023,-0.6182,2.0866,-0.0533,15.1727,3.5989,14.4488,603.4339,-30.7656
2024-01-25,109.8465,0.9597,1.6917,0.4243,15.4087,3.8639,14.7901,609.2253,-30.1012
2024-01-26,109.6725,-0.1584,0.8715,-0.4389,16.7236,4.5992,15.2489,608.2601,-30.2119
2024-01-29,110.388,0.6524,0.7501,0.0614,17.9801,4.6317,15.3674,612.2283,-29.7566
2024-01-30,110.4267,0.035,0.8655,0.0701,19.0739,4.4219,14.9285,612.4428,-29.732
2024-01-31,109.1504,-1.1558,0.3199,-0.965,16.2512,2.9075,14.7232,605.3644,-30.5441
2024-02-01,111.0068,1.7008,1.0563,1.7458,17.3629,5.7655,14.7269,615.6603,-29.3628
2024-02-02,111.7513,0.6707,1.8954,3.9762,17.7669,7.1495,14.6633,619.7893,-28.8891
2024-02-05,111.1421,-0.5451,0.6832,3.2794,14.7641,7.2152,13.1559,616.4109,-29.2767
2024-02-06,112.138,0.8961,1.5498,4.0833,14.7781,6.8628,14.7693,621.9344,-28.643
2024-02-07,112.8825,0.6639,3.4193,4.0924,15.848,8.0654,15.8127,626.0634,-28.1693
2024-02-08,112.9018,0.0171,1.7072,4.4361,16.1544,8.1434,15.4724,626.1706,-28.157
2024-02-09,113.0759,0.1542,1.1853,4.0666,16.0694,8.609,16.3058,627.1359,-28.0462
2024-02-12,113.2403,0.1454,1.8878,4.4595,16.4911,8.5871,17.5315,628.0475,-27.9416
2024-02-13,112.08,-1.0246,-0.0517,3.3985,13.656,7.4351,15.5072,621.6126,-28.6799
2024-02-14,113.9557,1.6736,0.9508,6.1993,15.4568,10.645,16.3807,632.0157,-27.4863
2024-02-15,114.8066,0.7466,1.6871,7.7202,14.0302,12.0965,17.569,636.7346,-26.9449
2024-02-16,114.1201,-0.5979,0.9235,5.6481,13.1107,12.372,16.1429,632.9273,-27.3817
2024-02-20,113.7624,-0.3135,0.4611,4.6332,12.7347,11.8088,16.9891,630.9432,-27.6094
2024-02-21,114.2168,0.3995,1.9065,4.2446,12.4669,12.393,16.6926,633.4635,-27.3202
2024-02-22,115.6284,1.2359,1.4678,5.6169,13.513,14.0508,20.9042,641.2927,-26.4219
2024-02-23,116.2376,0.5268,1.2464,6.8337,14.1972,13.4831,21.8437,644.6711,-26.0343
2024-02-26,116.0635,-0.1497,1.7029,5.6597,13.779,14.7075,21.0945,643.7057,-26.1451
2024-02-27,116.2376,0.15,2.1758,5.9861,13.671,13.9198,21.9774,644.6711,-26.0343
2024-02-28,116.634,0.341,2.1163,5.6582,14.7059,13.3825,21.317,646.8696,-25.7821
2024-02-29,116.9917,0.3067,1.179,5.9452,15.3304,12.8685,21.9663,648.8537,-25.5544
2024-03-01,117.4945,0.4298,1.0813,7.6446,15.3885,12.8427,22.0071,651.6422,-25.2345
2024-03-04,117.9199,0.3621,1.5995,6.2277,14.5514,13.764,21.0281,654.0016,-24.9638
2024-03-05,116.953,-0.82,0.6155,4.6548,11.8464,12.2401,18.7505,648.6391,-25.579
2024-03-06,117.5622,0.5208,0.7958,5.7764,12.2432,14.7549,19.5881,652.0175,-25.1914
2024-03-07,118.5097,0.806,1.2975,5.682,14.0694,16.1794,22.1216,657.2727,-24.5885
2024-03-08,118.2487,-0.2203,0.6419,4.7537,13.3147,16.3056,21.567,655.8248,-24.7546
2024-03-11,117.6395,-0.5151,-0.2378,4.1963,12.6272,16.2871,22.751,652.4465,-25.1422
2024-03-12,118.1616,0.4438,1.0334,4.4976,12.7741,16.77,25.6372,655.3422,-24.81
2024-03-13,118.4807,0.27,0.7813,4.6277,12.0095,17.5079,26.6931,657.1118,-24.6069
2024-03-14,117.9779,-0.4244,-0.4487,5.2622,11.0295,17.7925,24.8366,654.3233,-24.9269
2024-03-15,117.9973,0.0164,-0.2126,3.5466,9.8252,16.6628,28.0097,654.4306,-24.9146
2024-03-18,118.2068,0.1775,0.4822,2.9617,8.6203,17.5489,26.6059,655.5925,-24.7813
2024-03-19,119.2251,0.8615,0.9,4.4734,9.7014,18.4302,29.8234,661.2404,-24.1333
2024-03-20,120.6605,1.2039,1.8398,6.0637,11.0271,20.3619,29.6691,669.2014,-23.2199
2024-03-21,121.8534,0.9887,3.285,6.6861,11.2636,22.0318,29.4516,675.8175,-22.4608
2024-03-22,121.4364,-0.3423,2.9146,5.0229,12.7037,23.6383,31.5276,673.5045,-22.7261
2024-03-25,120.6508,-0.6469,2.0676,3.7967,10.8308,23.2608,31.0559,669.1475,-23.226
2024-03-26,120.2144,-0.3617,0.8297,3.5764,9.9028,22.2027,30.0428,666.7269,-23.5038
2024-03-27,122.1444,1.6055,1.2298,5.0817,10.8832,26.0874,31.0354,677.4312,-22.2756
2024-03-28,122.1638,0.0159,0.2547,4.7412,10.7356,25.1754,30.3891,677.5388,-22.2633
2024-04-01,121.223,-0.7701,-0.1757,3.6168,9.8539,23.6874,27.5283,672.3211,-22.8619
2024-04-02,120.6605,-0.464,0.008,2.6946,9.4785,23.7693,26.6696,669.2014,-23.2199
2024-04-03,121.2812,0.5144,0.8875,2.8505,11.1631,25.6328,25.6602,672.6439,-22.8249
2024-04-04,120.2144,-0.8797,-1.5801,2.7886,11.8505,25.4021,24.3336,666.7269,-23.5038
2024-04-05,121.8825,1.3877,-0.2302,3.6749,13.26,26.7354,28.9467,675.9788,-22.4423
2024-04-08,121.6692,-0.1751,0.368,2.666,12.9298,27.2643,30.4188,674.7955,-22.578
2024-04-09,121.3879,-0.2312,0.6028,2.6548,11.9354,25.2567,30.1573,673.2356,-22.757
2024-04-10,120.3502,-0.8549,-0.7677,2.3042,11.3259,22.269,27.8805,667.4801,-23.4174
2024-04-11,120.4859,0.1128,0.2259,1.967,10.8862,21.6699,27.2637,668.2331,-23.331
2024-04-12,119.196,-1.0706,-2.2042,0.6037,9.9535,19.647,25.484,661.079,-24.1518
2024-04-15,118.3425,-0.716,-2.7342,0.3091,9.1759,19.878,24.1243,656.3455,-24.6949
2024-04-16,118.071,-0.2295,-2.7325,0.0625,10.0344,20.6726,23.9883,654.8394,-24.8677
2024-04-17,117.46,-0.5175,-2.4015,-0.6318,10.2098,18.7873,22.3783,651.4507,-25.2565
2024-04-18,117.0526,-0.3468,-2.8495,-1.8222,8.3629,18.0081,21.3749,649.1915,-25.5157
2024-04-19,116.8393,-0.1823,-1.9772,-3.1669,7.4632,20.7068,21.2495,648.0081,-25.6514
2024-04-22,117.7218,0.7554,-0.5245,-3.3906,7.4436,22.7527,22.3835,652.903,-25.0898
2024-04-23,119.3609,1.3923,1.0925,-1.7091,9.0262,25.7607,24.3711,661.9935,-24.0469
2024-04-24,118.4104,-0.7963,0.8092,-1.8569,8.8308,25.3434,23.0872,656.722,-24.6517
2024-04-25,118.7693,0.3031,1.4666,-1.2021,8.1229,24.7833,25.78,658.7123,-24.4233
2024-04-26,118.9633,0.1633,1.8179,-2.6044,8.4714,26.6117,28.4112,659.7881,-24.2999
2024-04-29,119.7586,0.6685,1.7301,-1.9689,8.4888,27.9952,26.7636,664.199,-23.7938
2024-04-30,117.8576,-1.5873,-1.2594,-2.7762,6.7293,27.0868,23.5539,653.6561,-25.0034
2024-05-01,117.5667,-0.2469,-0.7126,-2.5641,7.7107,25.215,22.5869,652.0423,-25.1886
2024-05-02,118.2456,0.5775,-0.441,-2.503,6.521,25.0162,24.596,655.8076,-24.7566
2024-05-03,119.0699,0.6972,0.0897,-0.952,6.5491,25.4795,25.9457,660.3797,-24.232
2024-05-06,120.2726,1.01,0.4292,-1.3209,8.2151,24.1921,28.6193,667.0497,-23.4667
2024-05-07,120.6023,0.2742,2.3288,-0.8768,7.5481,23.4417,27.0538,668.8786,-23.2569
2024-05-08,120.6023,0.0,2.5821,-0.6472,6.8388,23.7706,27.5151,668.8786,-23.2569
2024-05-09,121.8049,0.9972,3.0102,1.2088,7.8857,25.314,28.5015,675.5485,-22.4916
2024-05-10,121.8922,0.0717,2.3703,1.1672,7.7968,25.1191,29.0612,676.0327,-22.4361
2024-05-13,121.3782,-0.4217,0.9193,1.8308,7.1865,24.8626,29.3005,673.1818,-22.7632
2024-05-14,121.3491,-0.024,0.6192,2.5406,8.2701,23.0555,29.1776,673.0204,-22.7817
2024-05-15,122.1444,0.6554,1.2787,3.45,7.1858,23.7533,29.3935,677.4312,-22.2756
2024-05-16,121.417,-0.5955,-0.3185,3.3688,5.7579,20.5959,30.3885,673.397,-22.7385
2024-05-17,121.5528,0.1118,-0.2785,3.8446,6.513,20.4777,28.3259,674.1501,-22.6521
2024-05-20,121.7856,0.1915,0.3356,4.2334,7.0526,20.6854,27.6461,675.441,-22.504
2024-05-21,121.3879,-0.3265,0.032,3.1142,6.2785,19.5282,27.5354,673.2356,-22.757
2024-05-22,121.5334,0.1198,-0.5002,1.8201,5.1068,19.3099,27.7138,674.0425,-22.6644
2024-05-23,120.098,-1.1811,-1.0864,1.4252,3.3211,17.9899,27.742,666.0815,-23.5778
2024-05-24,120.709,0.5088,-0.6942,1.6332,4.0025,18.333,30.0679,669.4702,-23.189
2024-05-28,119.2348,-1.2213,-2.0944,0.2283,2.5786,16.6021,28.0582,661.2942,-24.1271
2024-05-29,117.5473,-1.4153,-3.164,-1.8465,0.783,15.604,25.3086,651.9347,-25.2009
2024-05-30,118.3523,0.6848,-2.6175,0.4197,1.1629,16.6716,26.3595,656.3994,-24.6887
2024-05-31,119.7877,1.2128,-0.2584,1.8891,1.9517,17.6405,29.6615,664.3603,-23.7753
2024-06-03,118.3231,-1.2226,-1.9765,0.0656,0.3419,14.9431,26.4572,656.2379,-24.7072
2024-06-04,118.0322,-0.2459,-1.0086,-0.8715,0.9227,12.8784,22.5846,654.6242,-24.8924
2024-06-05,119.2251,1.0107,1.4274,-0.8709,1.4145,13.8309,24.6882,661.2404,-24.1333
2024-06-06,118.5171,-0.5938,0.1393,-1.729,0.0063,14.0765,23.1736,657.3137,-24.5838
2024-06-07,118.6432,0.1064,-0.9554,-1.6244,0.3337,13.6928,21.3557,658.013,-24.5035
2024-06-10,119.0117,0.3106,0.582,-2.2932,1.1665,13.941,21.5192,660.057,-24.269
2024-06-11,118.3329,-0.5704,0.2547,-2.9201,0.1449,12.9375,21.1446,656.2918,-24.701
2024-06-12,119.4579,0.9507,0.1952,-1.5821,0.8248,12.9333,21.4307,662.5314,-23.9851
2024-06-13,118.6917,-0.6414,0.1473,-2.1899,0.605,11.7012,19.2641,658.282,-24.4727
2024-06-14,117.4988,-1.0051,-0.9646,-3.8034,-0.4225,9.3612,18.3832,651.6658,-25.2318
2024-06-17,118.7984,1.1061,-0.1793,-2.1567,0.5005,9.1639,17.9134,658.8736,-24.4048
2024-06-18,119.4385,0.5388,0.9343,-1.7394,0.179,9.8978,18.7398,662.4239,-23.9975
2024-06-20,119.5161,0.065,0.0487,-1.8635,-0.9485,9.974,19.7059,662.8541,-23.9481
2024-06-21,119.2639,-0.211,0.4821,-1.7498,-2.1251,8.8991,18.7925,661.4556,-24.1086
2024-06-24,119.7709,0.4251,1.9338,-1.4502,-1.3715,11.158,20.1687,664.2676,-23.7859
2024-06-25,118.7491,-0.8532,-0.0415,-1.1232,-1.5762,9.0839,20.0548,658.6003,-24.4362
2024-06-26,118.4279,-0.2704,-0.8461,-1.8897,-1.486,8.2696,18.7414,656.8191,-24.6405
2024-06-27,118.5545,0.1068,-0.8046,-0.5706,-2.9391,7.6242,17.4584,657.5208,-24.56
2024-06-28,118.6031,0.041,-0.5541,0.8982,-2.9147,7.508,17.5066,657.7907,-24.5291
2024-07-01,117.3282,-1.0749,-2.0395,-0.8652,-3.2129,6.3244,15.1292,650.7199,-25.3403
2024-07-02,117.9705,0.5474,-0.6556,-1.517,-2.2294,7.0378,14.7779,654.2823,-24.9316
2024-07-03,118.3988,0.363,-0.0246,0.0639,-2.3767,8.5211,15.1731,656.6572,-24.6591
2024-07-05,117.9705,-0.3617,-0.4925,-0.0522,-1.8665,9.7628,15.38,654.2823,-24.9316
2024-07-08,118.1165,0.1238,-0.4103,-0.9298,-3.0899,9.7604,16.3949,655.092,-24.8387
2024-07-09,117.6007,-0.4367,0.2323,-0.7732,-3.3439,9.1536,15.6248,652.2313,-25.1669
2024-07-10,118.6518,0.8937,0.5775,0.0072,-2.2541,9.4124,15.0227,658.0605,-24.4981
2024-07-11,120.1602,1.2713,1.4878,0.965,-0.1578,11.1502,15.1276,666.4267,-23.5382
2024-07-12,120.8512,0.575,2.4419,2.1282,0.3032,11.2224,15.9918,670.2589,-23.0985
2024-07-15,121.7173,0.7167,3.0485,1.8914,2.1153,12.2793,16.673,675.0626,-22.5474
2024-07-16,124.7537,2.4946,6.0824,5.1073,5.4174,15.0904,19.9359,691.9027,-20.6152
2024-07-17,123.1577,-1.2793,3.7976,4.8161,4.3082,14.7749,17.9562,683.0509,-21.6308
2024-07-18,122.1942,-0.7823,1.6927,2.8585,4.0305,14.6518,16.3822,677.7074,-22.2439
2024-07-19,121.5227,-0.5495,0.5556,1.745,3.8188,12.5011,15.7955,673.9831,-22.6712
2024-07-22,122.7586,1.0171,0.8555,2.7131,5.0663,12.9075,16.4524,680.8379,-21.8848
2024-07-23,122.5251,-0.1903,-1.7864,2.7344,4.0802,11.8275,16.7826,679.5425,-22.0334
2024-07-24,119.8877,-2.1525,-2.6551,0.0975,0.4414,9.5074,14.0087,664.9153,-23.7116
2024-07-25,120.8512,0.8036,-1.0991,1.7702,2.0613,11.0741,15.0716,670.2589,-23.0985
2024-07-26,122.9144,1.7072,1.1452,3.7883,3.49,11.8965,16.22,681.7015,-21.7857
2024-07-29,122.7003,-0.1742,-0.0476,3.497,3.1413,11.8788,17.0243,680.514,-21.9219
2024-07-30,123.0603,0.2935,0.4368,3.7581,2.757,11.4798,16.6433,682.5111,-21.6928
2024-07-31,124.4325,1.1151,3.7909,6.0551,5.5787,12.6834,17.6662,690.1216,-20.8196
2024-08-01,122.1261,-1.8536,1.0549,3.5225,3.8782,11.8879,15.141,677.3295,-22.2873
2024-08-02,119.4401,-2.1994,-2.8266,0.8795,1.0102,7.5971,13.8006,662.4326,-23.9965
2024-08-05,117.3672,-1.7355,-4.3464,-0.5115,-1.4301,5.0253,12.5341,650.9359,-25.3155
2024-08-06,118.7783,1.2023,-3.4796,0.5603,-1.2424,6.8706,14.5816,658.7622,-24.4176
2024-08-07,118.2041,-0.4834,-5.0055,0.5131,-1.9885,5.4095,12.6436,655.5777,-24.783
2024-08-08,120.929,2.3053,-0.9802,1.9193,0.2709,7.1282,15.7686,670.6906,-23.049
2024-08-09,120.9485,0.0161,1.2629,0.656,-0.7031,7.1271,15.851,670.7985,-23.0366
2024-08-12,120.3354,-0.5069,2.529,-0.4268,-1.2772,6.42,15.5818,667.3983,-23.4267
2024-08-13,121.6006,1.0513,2.3761,-0.0959,0.1832,7.3828,16.6039,674.4149,-22.6217
2024-08-14,122.0969,0.4082,3.2933,-2.1296,0.6162,8.9372,17.0368,677.1676,-22.3059
2024-08-15,123.7416,1.3471,2.3258,0.4741,1.3076,8.5874,20.1465,686.2894,-21.2593
2024-08-16,123.5664,-0.1416,2.1645,1.123,1.7703,7.6301,20.6496,685.3178,-21.3708
2024-08-19,124.3158,0.6064,3.3077,2.2984,2.2731,8.9341,22.4114,689.4739,-20.8939
2024-08-20,123.9751,-0.274,1.9528,0.991,1.7979,8.9773,21.8462,687.5847,-21.1107
2024-08-21,124.7245,0.6044,2.1521,1.7951,2.7487,9.1998,22.7329,691.7408,-20.6338
2024-08-22,124.5688,-0.1248,0.6685,3.9045,2.4976,7.732,22.8691,690.8772,-20.7329
2024-08-23,125.8145,1.0,1.8193,4.1069,4.7598,8.2391,22.8331,697.786,-19.9402
2024-08-26,125.6782,-0.1083,1.096,2.2486,4.1167,8.284,24.2098,697.0303,-20.0269
2024-08-27,125.7561,0.062,1.4365,2.4905,5.4693,8.1888,23.2485,697.4621,-19.9774
2024-08-28,125.6977,-0.0464,0.7803,2.1431,6.9338,7.7711,22.1935,697.1383,-20.0145
2024-08-29,126.5833,0.7046,1.6172,1.7285,6.9547,8.1985,22.1221,702.05,-19.451
2024-08-30,127.936,1.0687,1.6863,4.7574,6.8024,8.8868,22.8709,709.5525,-18.5902
2024-09-03,125.1041,-2.2136,-0.4569,4.7421,5.7309,6.0924,20.695,693.8459,-20.3923
2024-09-04,125.2306,0.1011,-0.4179,6.6998,6.0987,7.0776,20.1841,694.5475,-20.3118
2024-09-05,123.7708,-1.1657,-1.533,4.2032,3.8127,5.2811,20.8152,686.4512,-21.2407
2024-09-06,122.5154,-1.0143,-3.2137,3.6473,3.3735,3.38,20.1062,679.4885,-22.0396
2024-09-09,124.3936,1.5331,-2.7689,2.865,4.8468,5.1966,22.3496,689.9057,-20.8444
2024-09-10,124.6077,0.1721,-0.3967,3.0254,4.702,5.9233,23.1752,691.0931,-20.7081
2024-09-11,124.8316,0.1796,-0.3186,3.7363,5.4919,5.6447,23.3614,692.3346,-20.5657
2024-09-12,125.795,0.7718,1.6355,3.4494,5.3049,6.1734,24.7622,697.678,-19.9526
2024-09-13,127.0699,1.0135,3.7175,4.073,7.0588,7.7065,26.8702,704.7487,-19.1414
2024-09-16,127.7219,0.5131,2.6756,3.2167,8.7007,8.2414,26.2775,708.3651,-18.7265
2024-09-17,128.4227,0.5486,3.0616,3.9301,8.1014,8.6424,27.7079,712.2513,-18.2806
2024-09-18,128.3156,-0.0834,2.791,3.2175,7.4323,7.6246,27.46,711.6575,-18.3487
2024-09-19,130.5247,1.7217,3.7599,5.283,9.211,8.1752,30.2017,723.9098,-16.9429
2024-09-20,129.6099,-0.7009,1.9989,3.917,8.6749,6.3654,29.7996,718.8361,-17.5251
2024-09-23,130.4799,0.6712,2.1593,4.7452,8.9412,7.4471,32.8457,723.6609,-16.9715
2024-09-24,131.4172,0.7184,2.3318,4.4531,10.6679,8.9236,34.2601,728.8594,-16.3751
2024-09-25,130.8021,-0.4681,1.9378,4.077,10.4487,8.8073,32.9655,725.4479,-16.7665
2024-09-26,131.4562,0.5001,0.7137,4.5327,10.8826,7.6236,35.6998,729.076,-16.3502
2024-09-27,131.6417,0.1411,1.5676,4.7288,10.9935,7.7584,34.887,730.1048,-16.2322
2024-09-30,132.2373,0.4524,1.3469,4.4666,12.7071,9.0859,34.9256,733.4079,-15.8532
2024-10-01,132.3056,0.0517,0.6761,3.4154,12.1514,9.6511,35.7144,733.7869,-15.8097
2024-10-02,132.0616,-0.1845,0.9629,5.5614,11.5397,8.8887,36.7999,732.4332,-15.965
2024-10-03,131.3879,-0.5101,-0.052,4.9168,11.3735,9.2946,37.0577,728.6968,-16.3937
2024-10-04,132.3056,0.6985,0.5043,6.8957,12.0128,8.5518,37.5735,733.7869,-15.8097
2024-10-07,131.9834,-0.2435,-0.192,7.7281,12.2301,8.4773,38.0529,732.0,-16.0147
2024-10-08,132.2764,0.2219,-0.0221,6.3369,11.4828,8.9699,36.4922,733.6245,-15.8283
2024-10-09,133.4577,0.8931,1.0572,7.1023,11.0665,10.8912,35.5856,740.1767,-15.0766
2024-10-10,132.7743,-0.5121,1.0552,6.3628,9.8659,10.199,34.0791,736.3862,-15.5115
2024-10-11,135.1468,1.7869,2.1475,7.4342,11.0334,13.382,35.6582,749.5446,-14.0018
2024-10-14,135.9572,0.5996,3.0108,6.994,8.9805,14.8845,37.7212,754.039,-13.4861
2024-10-15,134.9125,-0.7684,1.9929,5.6299,9.5445,14.2639,37.8852,748.245,-14.1509
2024-10-16,135.9572,0.7743,1.8728,5.867,11.2632,15.7477,37.4935,754.039,-13.4861
2024-10-17,135.5667,-0.2872,2.1031,5.651,11.5567,15.8169,36.6733,751.8732,-13.7346
2024-10-18,135.9767,0.3025,0.6141,4.177,10.7676,16.3793,40.4778,754.1474,-13.4737
2024-10-21,135.4983,-0.3518,-0.3375,4.5432,10.5882,15.1004,41.2889,751.494,-13.7781
2024-10-22,133.8581,-1.2105,-0.7816,2.5891,11.6529,12.1457,41.0351,742.3969,-14.8218
2024-10-23,133.4675,-0.2918,-1.8312,1.5602,10.4395,12.716,41.2821,740.2308,-15.0704
2024-10-24,132.5497,-0.6876,-2.2254,1.3361,7.8391,11.6027,39.2616,735.1407,-15.6544
2024-10-25,132.1982,-0.2652,-2.7788,0.5644,7.7408,11.1253,40.6975,733.1912,-15.8781
2024-10-28,132.5888,0.2954,-2.1473,0.7194,7.7429,10.7134,41.7078,735.3573,-15.6295
2024-10-29,132.413,-0.1326,-1.0795,0.1329,6.4135,12.35,42.782,734.3825,-15.7414
2024-10-30,132.1885,-0.1696,-0.9583,-0.0885,8.2394,12.4371,40.788,733.1372,-15.8842
2024-10-31,130.6654,-1.1522,-1.4216,-1.0572,9.3983,10.5034,38.1472,724.6899,-16.8534
2024-11-01,130.8411,0.1345,-1.0266,-0.4161,11.4802,9.8859,37.8843,725.6644,-16.7416
2024-11-04,130.6947,-0.1119,-1.4286,-1.2176,10.0324,8.6654,34.9538,724.8522,-16.8348
2024-11-05,132.8817,1.6734,0.3539,0.6806,12.4172,10.1817,36.0102,736.9819,-15.4431
2024-11-06,138.0856,3.9162,4.4612,4.3918,14.1873,14.4967,41.7132,765.8437,-12.1317
2024-11-07,137.2558,-0.601,5.0437,2.8459,13.4828,12.6849,41.2099,761.2411,-12.6598
2024-11-08,138.7301,1.0741,6.0294,4.4856,15.2861,13.8137,42.4027,769.4177,-11.7216
2024-11-11,139.804,0.7741,6.97,3.446,14.9699,15.1805,43.8174,775.3741,-11.0382
2024-11-12,138.6031,-0.859,4.3056,1.9461,13.519,14.2185,40.5521,768.7137,-11.8024
2024-11-13,138.896,0.2113,0.5869,2.9527,12.2468,13.7146,40.7256,770.3382,-11.616
2024-11-14,136.5528,-1.687,-0.5122,0.4381,10.5096,12.4659,35.6294,757.3423,-13.1071
2024-11-15,135.8205,-0.5363,-2.0973,0.1872,9.2545,11.7379,34.6192,753.281,-13.5731
2024-11-18,135.635,-0.1366,-2.982,-0.2513,9.405,11.372,34.4097,752.2521,-13.6911
2024-11-19,135.5179,-0.0864,-2.226,0.0144,8.6538,11.6403,33.4416,751.6024,-13.7657
2024-11-20,135.6643,0.1081,-2.3267,1.3494,8.9072,11.6272,33.1823,752.4147,-13.6725
2024-11-21,137.3632,1.2522,0.5934,2.9188,9.1791,14.3759,34.952,761.8367,-12.5914
2024-11-22,139.2768,1.3931,2.5447,5.0751,10.8202,15.3823,36.5354,772.4501,-11.3737
2024-11-25,140.1458,0.6239,3.3257,6.0118,11.4425,17.5376,37.0513,777.2696,-10.8208
2024-11-26,140.3117,0.1184,3.5374,5.8247,11.6263,19.3662,37.9922,778.19,-10.7152
2024-11-27,139.7943,-0.3688,3.0442,5.5744,10.4366,18.1171,37.8092,775.3201,-11.0444
2024-11-29,140.5851,0.5657,2.3456,6.352,9.8871,17.362,38.0652,779.7063,-10.5412
2024-12-02,139.5502,-0.7362,0.1963,6.7996,11.5473,17.9399,35.5637,773.9662,-11.1998
2024-12-03,138.6715,-0.6297,-1.052,5.9846,10.7329,17.4861,32.6165,769.0928,-11.7589
2024-12-04,139.2768,0.4365,-0.7376,6.5666,12.528,16.8183,32.9753,772.4501,-11.3737
2024-12-05,137.5877,-1.2128,-1.5784,3.5415,12.3024,16.091,32.4326,763.0822,-12.4485
2024-12-06,137.2362,-0.2555,-2.3821,-0.6151,10.3242,15.6714,31.51,761.1328,-12.6722
2024-12-09,136.0451,-0.868,-2.5117,-0.8821,9.1787,14.3123,30.2486,754.5265,-13.4302
2024-12-10,135.7131,-0.244,-2.1333,-2.1747,8.717,14.6876,29.5253,752.6853,-13.6414
2024-12-11,135.4007,-0.2302,-2.783,-3.1496,7.636,13.346,28.0053,750.9526,-13.8402
2024-12-12,134.5317,-0.6418,-2.2211,-2.9374,5.8722,13.3455,26.6083,746.1331,-14.3932
2024-12-13,134.1802,-0.2613,-2.2268,-3.3952,5.0565,14.1971,24.8874,744.1837,-14.6168
2024-12-16,134.2974,0.0873,-1.2846,-1.6516,4.5746,13.0465,23.406,744.8337,-14.5423
2024-12-17,133.0672,-0.9161,-1.9497,-2.0272,3.7031,11.4106,22.4378,738.0106,-15.3251
2024-12-18,129.3082,-2.8248,-4.4996,-4.6646,-0.932,8.1932,18.9844,717.1629,-17.717
2024-12-19,129.1423,-0.1284,-4.0061,-4.7046,-0.3608,8.2828,17.919,716.2424,-17.8227
2024-12-20,130.6556,1.1719,-2.6268,-3.692,0.1347,9.0879,21.2599,724.6358,-16.8596
2024-12-23,130.6262,-0.0226,-2.7337,-4.9045,-0.6019,10.0018,19.9943,724.4723,-16.8784
2024-12-24,131.6467,0.7813,-1.0675,-5.4784,0.6457,11.1618,20.3545,730.1323,-16.229
2024-12-26,131.7448,0.0745,1.8843,-5.9945,0.2195,11.126,19.5985,730.6764,-16.1666
2024-12-27,130.7635,-0.7448,1.2554,-6.805,-0.6671,10.2531,18.5308,725.2343,-16.791
2024-12-30,129.4486,-1.0056,-0.9238,-7.4006,-2.1088,10.3303,17.3081,717.9416,-17.6277
2024-12-31,129.2916,-0.1213,-1.0216,-8.0332,-2.2781,9.5966,17.3097,717.0709,-17.7276
2025-01-02,128.8403,-0.3491,-2.1318,-7.6746,-2.4392,8.8189,18.0915,714.5675,-18.0148
2025-01-03,130.2337,1.0815,-1.147,-6.0847,-0.8785,10.3951,21.1727,722.2954,-17.1282
2025-01-06,129.9491,-0.2185,-0.6229,-6.6973,-1.7811,10.0177,20.7559,720.7171,-17.3093
2025-01-07,129.8215,-0.0982,0.2881,-5.6445,-1.638,10.3918,20.4966,720.0097,-17.3904
2025-01-08,130.3318,0.393,0.8045,-5.0311,-1.4701,9.844,20.1829,722.8397,-17.0657
2025-01-10,128.8697,-1.1218,0.0229,-5.2743,-3.4378,7.2482,19.2066,714.7308,-17.9961
2025-01-13,130.3809,1.1726,0.113,-3.9291,-1.8026,7.8855,19.9928,723.1118,-17.0345
2025-01-14,131.9214,1.1816,1.5178,-2.5696,-2.3866,8.3835,21.6921,731.6562,-16.0542
2025-01-15,132.7555,0.6323,2.26,-1.3203,-2.3549,6.4141,22.4725,736.2821,-15.5234
2025-01-16,134.3648,1.2122,3.0944,0.1375,-0.406,9.0998,25.2192,745.2073,-14.4994
2025-01-17,135.1694,0.5988,4.8884,0.6493,-0.5794,10.6185,26.8262,749.67,-13.9874
2025-01-21,137.9464,2.0544,5.8027,3.6667,1.7554,13.5149,27.7055,765.0715,-12.2203
2025-01-22,137.6226,-0.2347,4.3216,6.4299,1.2104,12.1083,26.5787,763.2755,-12.4264
2025-01-23,139.016,1.0125,4.7158,7.6456,2.5961,13.4592,26.8786,771.0036,-11.5397
2025-01-24,138.4272,-0.4235,3.0235,5.9482,3.4135,15.4641,26.4417,767.7383,-11.9143
2025-01-27,136.5727,-1.3398,1.0381,4.5523,2.3265,13.0089,25.5237,757.4525,-13.0945
2025-01-28,135.6699,-0.661,-1.6503,3.0561,2.3539,10.3776,23.5086,752.4455,-13.6689
2025-01-29,135.2087,-0.3399,-1.754,2.6292,2.2772,10.1943,23.284,749.8876,-13.9624
2025-01-30,136.7198,1.1177,-1.6517,4.555,3.1157,11.0999,23.8539,758.2688,-13.0008
2025-01-31,135.7582,-0.7034,-1.9281,4.8742,2.5263,9.1019,22.9397,752.9355,-13.6127
2025-02-03,134.4138,-0.9903,-1.5807,3.9617,1.6835,10.0616,23.1456,745.4794,-14.4682
2025-02-04,134.4531,0.0292,-0.8969,4.3564,2.8988,12.5695,21.1215,745.697,-14.4432
2025-02-05,134.5512,0.073,-0.4862,3.3153,2.8356,14.6413,20.4024,746.2414,-14.3808
2025-02-06,135.1596,0.4522,-1.1412,4.0097,3.4163,13.7915,21.6097,749.6156,-13.9936
2025-02-07,134.7573,-0.2977,-0.7373,3.802,1.4115,14.0039,20.1709,747.3843,-14.2496
2025-02-10,135.9642,0.8956,1.1535,4.3216,-1.5363,12.4331,20.4476,754.0781,-13.4816
2025-02-11,136.0133,0.0361,1.1604,5.5433,-0.9052,12.4556,20.4704,754.3503,-13.4504
2025-02-12,135.1694,-0.6204,0.4594,3.6728,-2.5666,12.3272,19.5387,749.67,-13.9874
2025-02-13,135.3068,0.1016,0.1089,2.5662,-3.2168,11.2716,19.4865,750.432,-13.9
2025-02-14,134.9732,-0.2466,0.1602,1.6705,-2.6189,10.546,20.4257,748.5816,-14.1123
2025-02-18,136.033,0.7852,0.0505,1.2415,-2.0613,9.9331,19.3735,754.4592,-13.4379
2025-02-19,136.1703,0.101,0.1154,0.7405,-0.2801,10.2001,18.6085,755.2211,-13.3505
2025-02-20,135.2774,-0.6558,0.0799,-1.9348,-0.3999,8.8176,18.5395,750.2687,-13.9187
2025-02-21,132.3139,-2.1906,-2.2119,-3.8574,-2.4485,6.7262,16.3073,733.833,-15.8044
2025-02-24,131.7154,-0.4524,-2.4137,-5.2516,-2.8059,5.6051,15.3205,730.5133,-16.1853
2025-02-25,132.3925,0.514,-2.6762,-4.3595,-2.4117,6.2806,14.4982,734.2684,-15.7545
2025-02-26,132.4709,0.0593,-2.7167,-3.0033,-3.5615,5.2907,13.9657,734.7037,-15.7045
2025-02-27,132.0098,-0.3481,-2.4155,-2.6978,-5.2177,5.0379,13.7392,732.1459,-15.998
2025-02-28,133.776,1.338,1.105,-1.0596,-4.5451,6.3774,15.0885,741.942,-14.874
2025-03-03,131.8724,-1.423,0.1192,-3.5456,-6.0147,4.9123,13.0651,731.384,-16.0854
2025-03-04,129.3015,-1.9495,-2.3347,-4.7561,-7.5059,2.1473,10.5219,717.1254,-17.7214
2025-03-05,131.3425,1.5785,-0.8518,-2.285,-6.5744,2.6626,11.7861,728.4454,-16.4226
2025-03-06,130.214,-0.8592,-1.3603,-3.1528,-6.6902,4.0846,10.4258,722.1866,-17.1407
2025-03-07,131.735,1.1681,-1.5257,-2.0931,-5.0021,5.194,12.6392,730.6221,-16.1728
2025-03-10,129.6743,-1.5642,-1.6668,-4.0584,-6.8945,4.7698,10.3028,719.1934,-17.4841
2025-03-11,127.6824,-1.5361,-1.2522,-5.2501,-7.1993,4.2174,7.74,708.1455,-18.7516
2025-03-12,127.6726,-0.0077,-2.7942,-6.0984,-6.9688,2.636,7.9696,708.0912,-18.7579
2025-03-13,126.3675,-1.0222,-2.954,-7.0918,-7.1135,1.4122,7.4192,700.853,-19.5883
2025-03-14,128.6735,1.8248,-2.324,-4.8058,-5.1871,3.0777,8.8961,713.6424,-18.121
2025-03-17,130.4496,1.3803,0.5978,-3.5898,-3.6567,3.7001,10.1019,723.4928,-16.9908
2025-03-18,129.4094,-0.7974,1.3526,-4.1221,-3.8075,1.8411,9.6895,717.724,-17.6527
2025-03-19,131.1266,1.3269,2.7054,-3.6067,-2.2758,2.6657,11.1268,727.2478,-16.56
2025-03-20,130.4692,-0.5014,3.2459,-4.1868,-2.8506,1.5936,10.3737,723.6017,-16.9783
2025-03-21,129.7725,-0.534,0.8541,-4.0694,-2.476,1.1354,8.8466,719.7376,-17.4216
2025-03-24,132.179,1.8544,1.3258,-0.102,2.2201,1.2674,9.5462,733.0847,-15.8903
2025-03-25,132.3759,0.149,2.2923,0.5015,2.5039,2.1341,8.6353,734.1766,-15.765
2025-03-26,131.4999,-0.6618,0.2847,-0.6742,0.6462,0.7818,8.2871,729.3182,-16.3224
2025-03-27,130.8011,-0.5314,0.2544,-1.2606,0.1339,-0.4688,8.4129,725.4423,-16.7671
2025-03-28,128.1041,-2.0619,-1.2856,-2.9586,-2.691,-2.0626,6.5631,710.4846,-18.4833
2025-03-31,129.0097,0.7069,-2.3978,-3.5629,-2.0761,-1.8611,5.6206,715.507,-17.907
2025-04-01,129.738,0.5646,-1.9927,-1.6185,-0.7843,-1.4461,6.2,719.5465,-17.4436
2025-04-02,130.9585,0.9408,-0.4117,1.2816,1.1664,-0.967,8.0311,726.3157,-16.6669
2025-04-03,123.8717,-5.4115,-5.2976,-5.688,-4.192,-6.3746,2.6613,687.0111,-21.1765
2025-04-04,116.086,-6.2853,-9.3815,-10.8498,-9.8993,-12.097,-4.2836,643.8306,-26.1307
2025-04-07,115.5447,-0.4663,-10.4372,-12.2901,-11.2789,-12.0583,-3.8845,640.8282,-26.4752
2025-04-08,114.5899,-0.8263,-11.6759,-11.6325,-11.8194,-13.39,-5.9833,635.533,-27.0828
2025-04-09,124.7674,8.8816,-4.7276,-2.283,-3.8931,-5.4674,2.5464,691.9787,-20.6065
2025-04-10,121.5488,-2.5797,-1.8752,-4.7965,-6.7389,-8.11,0.1325,674.1279,-22.6546
2025-04-11,123.6945,1.7653,6.5542,-2.1152,-4.0158,-7.3156,2.7789,686.0285,-21.2892
2025-04-14,124.984,1.0424,8.1694,-2.8674,-4.1393,-5.8674,3.7332,693.1798,-20.4687
2025-04-15,124.3638,-0.4962,8.5295,-4.6652,-5.7289,-7.9787,4.3356,689.7406,-20.8633
2025-04-16,122.661,-1.3692,-1.6882,-5.2147,-7.6038,-9.7797,3.6492,680.2966,-21.9469
2025-04-17,123.3304,0.5457,1.4657,-5.9456,-8.2123,-8.5849,4.4544,684.0087,-21.521
2025-04-21,120.5645,-2.2426,-2.5304,-7.5916,-10.8049,-11.3217,2.6431,668.6689,-23.2809
2025-04-22,122.6709,1.7471,-1.8507,-5.4723,-11.0735,-9.5125,4.7998,680.3511,-21.9406
2025-04-23,124.2064,1.2517,-0.1266,-6.0317,-9.7486,-8.6562,6.3053,688.8672,-20.9635
2025-04-24,126.9919,2.2426,3.5307,-4.0672,-8.6494,-6.2779,7.8745,704.316,-19.191
2025-04-25,126.982,-0.0078,2.9609,-3.4356,-8.268,-5.1368,6.3849,704.2614,-19.1973
2025-04-28,127.4053,0.3333,5.6739,-2.5961,-6.7125,-4.5421,7.5963,706.6088,-18.928
2025-04-29,128.2321,0.6489,4.5334,0.0999,-5.4823,-3.2574,7.9674,711.1943,-18.4018
2025-04-30,129.1573,0.7215,3.9861,0.1144,-4.4756,-2.3003,8.5691,716.3258,-17.8131
2025-05-01,130.1317,0.7544,2.4725,0.3035,-4.8187,-1.8531,8.6617,721.7301,-17.193
2025-05-02,132.4645,1.7926,4.3175,1.1499,-2.4262,0.0389,12.3936,734.6679,-15.7086
2025-05-05,132.5334,0.052,4.025,6.9925,-1.399,0.2609,12.7304,735.0501,-15.6648
2025-05-06,131.3719,-0.8764,2.4486,13.1677,-2.2916,0.5407,11.1009,728.6084,-16.4039
2025-05-07,132.0412,0.5095,2.2329,14.2772,-1.8655,0.9172,10.8938,732.3205,-15.978
2025-05-08,133.8622,1.3791,2.8667,16.8184,-0.96,2.4236,11.299,742.4196,-14.8192
2025-05-09,133.9704,0.0809,1.1369,7.3761,-0.5839,0.8193,11.0844,743.0201,-14.7503
2025-05-12,138.0946,3.0784,4.1961,13.6124,1.5668,0.0065,14.5041,765.8932,-12.126
2025-05-13,139.0592,0.6985,5.8515,12.4214,2.2394,1.3139,14.1654,771.243,-11.5122
2025-05-14,138.3898,-0.4813,4.8081,10.7261,2.3825,-0.2452,13.5346,767.5309,-11.9381
2025-05-15,139.9253,1.1095,4.5294,12.5129,3.4134,0.0868,15.2804,776.0469,-10.961
2025-05-16,141.5199,1.1395,5.6351,15.3747,4.8503,2.1044,16.6221,784.8903,-9.9464
2025-05-19,142.0022,0.3408,2.8296,15.1397,4.3881,2.2363,16.2576,787.5653,-9.6395
2025-05-20,141.4903,-0.3604,1.7483,17.3565,3.9069,3.6158,16.5325,784.7266,-9.9652
2025-05-21,139.0985,-1.6904,0.5121,13.3916,2.8247,2.4135,14.4347,771.4613,-11.4872
2025-05-22,139.069,-0.0212,-0.612,11.9661,5.1053,2.5318,14.1917,771.2976,-11.506
2025-05-23,138.6162,-0.3256,-2.0517,9.1536,5.2392,2.2863,14.1928,768.7865,-11.7941
2025-05-27,141.0573,1.761,-0.6654,11.0844,6.5448,3.9752,16.0646,782.3247,-10.2408
2025-05-28,140.3584,-0.4954,-0.8,10.1669,5.9541,2.1805,16.8699,778.4488,-10.6855
2025-05-29,140.4864,0.0912,0.9977,9.5563,6.4212,0.8684,16.3843,779.1584,-10.604
2025-05-30,140.575,0.0631,1.0829,8.8401,5.0823,0.3062,17.8976,779.6498,-10.5477
2025-06-02,140.3978,-0.126,1.2852,7.889,6.4649,0.0613,19.4394,778.6672,-10.6604
2025-06-03,141.4805,0.7712,0.3,6.8064,9.4191,1.2062,19.5419,784.672,-9.9715
2025-06-04,141.5592,0.0557,0.8555,6.8102,7.7787,0.6929,18.1751,785.1088,-9.9213
2025-06-05,141.4608,-0.0695,0.6936,7.6796,8.6371,1.3691,19.5546,784.5628,-9.984
2025-06-06,142.6518,0.8419,1.4774,8.0358,8.2869,2.8703,20.8584,791.1681,-9.2261
2025-06-09,142.5238,-0.0897,1.5143,6.4706,9.909,2.3313,19.5418,790.4586,-9.3075
2025-06-10,141.9037,-0.4351,0.2991,5.9217,11.1381,3.1369,19.7327,787.0193,-9.7021
2025-06-11,141.9726,0.0486,0.292,2.8083,11.2006,3.4513,19.6635,787.4015,-9.6583
2025-06-12,141.5986,-0.2634,0.0974,1.8262,12.053,4.0821,18.9787,785.3271,-9.8963
2025-06-13,140.4076,-0.8411,-1.5732,1.458,9.1193,3.4591,18.6548,778.7218,-10.6542
2025-06-16,141.3722,0.687,-0.808,1.034,8.3731,4.4103,18.3448,784.0715,-10.0404
2025-06-17,140.3092,-0.7519,-1.1237,-0.8555,8.4227,4.2945,18.2132,778.1759,-10.7168
2025-06-18,139.9745,-0.2385,-1.4074,-1.4279,6.7476,4.3183,19.1285,776.3199,-10.9297
2025-06-20,140.132,0.1125,-1.0357,-0.96,7.4062,4.3445,17.9578,777.1931,-10.8295
2025-06-23,142.0296,1.3541,1.1552,2.1072,9.4451,6.7352,18.9144,787.7173,-9.6221
2025-06-24,143.2143,0.8341,1.303,2.9807,8.3487,10.7542,19.8285,794.288,-8.8682
2025-06-25,141.9506,-0.8824,1.1698,2.4055,7.233,9.918,19.0222,787.2793,-9.6723
2025-06-26,143.4907,1.085,2.512,1.7252,9.1185,9.8236,19.8043,795.8212,-8.6923
2025-06-27,144.9223,0.9977,3.4184,3.2516,10.796,10.9443,22.0408,803.7608,-7.7813
2025-06-30,145.643,0.4973,2.5441,3.6706,13.6911,10.6317,22.9803,807.758,-7.3227
2025-07-01,146.1268,0.3321,2.0336,3.9494,13.2681,10.9165,23.2571,810.4409,-7.0149
2025-07-02,146.2748,0.1013,3.0463,4.186,12.7463,11.8621,23.3314,811.2622,-6.9207
2025-07-03,147.5188,0.8505,2.8072,4.268,12.6455,13.9594,25.7318,818.1617,-6.1291
2025-07-07,147.0054,-0.348,1.4374,3.8473,18.6756,13.7006,24.612,815.3142,-6.4558
2025-07-08,146.966,-0.0269,0.9084,3.8916,26.6009,14.0683,24.128,815.0953,-6.4809
2025-07-09,147.9927,0.6986,1.2769,3.744,28.0827,13.6363,25.4489,820.7898,-5.8275
2025-07-10,148.822,0.5604,1.7414,4.4191,29.8736,14.5233,25.996,825.3894,-5.2998
2025-07-11,148.2889,-0.3582,0.522,4.4997,18.8523,14.2252,26.0952,822.4325,-5.639
2025-07-14,149.0886,0.5393,1.4171,5.0122,22.6574,14.3916,25.6522,826.8676,-5.1302
2025-07-15,147.973,-0.7483,0.6852,4.5017,19.6277,14.8237,23.1464,820.6804,-5.8401
2025-07-16,148.4962,0.3536,0.3402,5.7608,18.8122,13.8942,22.8753,823.5824,-5.5071
2025-07-17,149.8685,0.9241,0.7032,6.0099,20.5081,13.6044,23.1283,831.1934,-4.6339
2025-07-18,149.5329,-0.224,0.8389,6.5738,21.9074,12.6378,19.8625,829.3318,-4.8475
2025-07-21,148.743,-0.5282,-0.2318,6.2643,20.6054,10.7009,20.7745,824.9512,-5.3501
2025-07-22,149.0985,0.239,0.7606,6.3986,23.6669,10.3049,22.0176,826.9225,-5.1239
2025-07-23,151.774,1.7945,2.2073,6.8608,23.7245,10.0239,24.8935,841.7613,-3.4214
2025-07-24,151.5173,-0.1691,1.1001,5.7976,21.9884,10.0962,23.427,840.3377,-3.5847
2025-07-25,153.0179,0.9904,2.3306,7.7966,20.4943,10.0722,24.887,848.6605,-2.6298
2025-07-28,152.5441,-0.3097,2.5554,6.3093,20.1304,10.198,27.2391,846.0322,-2.9314
2025-07-29,150.8065,-1.1391,1.1455,4.0602,18.3675,10.4221,24.7869,836.3953,-4.037
2025-07-30,150.066,-0.491,-1.1254,3.0369,17.0269,10.6111,22.0899,832.2885,-4.5082
2025-07-31,150.0759,0.0066,-0.9513,2.7025,16.1962,10.9957,22.311,832.3433,-4.5019
2025-08-01,147.8347,-1.4933,-3.3873,1.0664,13.6039,8.1297,20.1319,819.9137,-5.928
2025-08-04,149.1972,0.9216,-2.194,1.1377,12.6318,9.8992,19.902,827.4699,-5.0611
2025-08-05,148.8911,-0.2051,-1.27,1.2827,12.3424,10.7707,21.9159,825.7726,-5.2558
2025-08-06,149.0096,0.0796,-0.7039,1.3906,13.4258,10.8265,24.7568,826.4297,-5.1804
2025-08-07,148.7924,-0.1458,-0.8552,0.5404,12.6863,10.5842,26.7752,825.2251,-5.3186
2025-08-08,148.9109,0.0796,0.7279,0.0597,11.242,10.1741,25.3688,825.8821,-5.2433
2025-08-11,148.4271,-0.3249,-0.5161,0.0932,10.791,10.144,25.5685,823.1991,-5.5511
2025-08-12,149.9673,1.0376,0.7228,0.5894,8.5975,10.299,24.0126,831.7409,-4.5711
2025-08-13,150.5399,0.3818,1.027,1.7347,8.256,10.6803,24.4661,834.9168,-4.2067
2025-08-14,149.2071,-0.8853,0.2787,0.4787,7.8165,10.3852,23.9927,827.5249,-5.0548
2025-08-15,148.5258,-0.4566,-0.2586,-0.8959,6.1465,9.7697,22.1424,823.7467,-5.4883
2025-08-18,149.1084,0.3922,0.459,-0.2839,5.3621,10.4726,22.123,826.9773,-5.1176
2025-08-19,149.4342,0.2185,-0.3555,0.4646,5.2337,9.8514,20.7631,828.7843,-4.9103
2025-08-20,149.2959,-0.0925,-0.8263,0.1324,5.5167,9.6391,20.8224,828.0176,-4.9982
2025-08-21,148.7628,-0.3571,-0.2978,-1.984,6.9478,9.9687,19.6653,825.0608,-5.3375
2025-08-22,151.1915,1.6326,1.7947,-0.215,8.7169,14.2672,21.9531,838.5307,-3.792
2025-08-25,149.681,-0.9991,0.384,-2.1808,7.9823,13.6397,20.0093,830.153,-4.7532
2025-08-26,151.2211,1.029,1.1958,-0.8672,7.2055,14.2219,21.3957,838.695,-3.7732
2025-08-27,151.2014,-0.0131,1.2763,0.2619,7.7252,14.1393,20.178,838.5854,-3.7858
2025-08-28,151.4679,0.1763,1.8184,0.9342,7.8168,14.74,20.5204,840.0639,-3.6161
2025-08-29,150.0759,-0.919,-0.7379,0.0,6.7586,12.1844,19.3388,832.3433,-4.5019
2025-09-02,148.6443,-0.9539,-0.6926,0.5476,5.8737,12.7183,18.2554,824.4037,-5.4129
2025-09-03,147.894,-0.5048,-2.2002,-0.8735,4.5331,14.3792,16.8353,820.2422,-5.8903
2025-09-04,149.5625,1.1282,-1.0839,0.4509,5.6537,13.8721,16.9041,829.4961,-4.8286
2025-09-05,149.0096,-0.3697,-1.623,0.0,5.3363,14.4344,19.1085,826.4297,-5.1804
2025-09-08,149.3453,0.2253,-0.4868,0.3716,4.6922,13.368,19.2563,828.2914,-4.9668
2025-09-09,148.3383,-0.6743,-0.2059,-0.3845,4.0796,14.3929,19.8492,822.7063,-5.6076
2025-09-10,149.4342,0.7388,1.0414,0.6785,5.3067,17.0359,21.9718,828.7843,-4.9103
2025-09-11,150.8558,0.9514,0.8647,0.5925,6.257,18.1584,21.273,836.669,-4.0056
2025-09-12,149.6513,-0.7984,0.4307,-0.5902,5.687,18.4255,20.098,829.9888,-4.7721
2025-09-15,150.3424,0.4618,0.6677,0.7609,7.0757,16.8403,20.4362,833.8217,-4.3323
2025-09-16,149.8982,-0.2955,1.0516,0.924,6.0309,14.9089,19.1607,831.3578,-4.615
2025-09-17,149.2169,-0.4545,-0.1454,0.0728,6.3487,15.3061,17.429,827.5796,-5.0485
2025-09-18,150.8065,1.0652,-0.0327,0.9183,7.7385,15.0083,18.074,836.3953,-4.037
2025-09-19,151.1718,0.2422,1.016,1.2565,7.8781,15.8678,17.7142,838.4212,-3.8046
2025-09-22,151.6773,0.3344,0.8879,1.9592,6.7928,16.8794,18.2065,841.2253,-3.4829
2025-09-23,151.717,0.0261,1.2134,0.3476,5.937,14.7814,16.2362,841.4452,-3.4576
2025-09-24,150.9338,-0.5162,1.1506,0.837,6.3284,14.0191,16.4524,837.1017,-3.956
2025-09-25,149.9127,-0.6765,-0.5926,-0.8652,4.4755,14.0022,14.8934,831.4385,-4.6058
2025-09-26,151.261,0.8994,0.059,0.0394,4.3739,15.642,15.0998,838.9161,-3.7478
2025-09-29,151.7269,0.308,0.0327,0.171,4.1773,18.4403,15.9973,841.5002,-3.4513
2025-09-30,152.8967,0.771,0.7776,1.8796,4.6329,18.5157,16.31,847.9881,-2.7069
2025-10-01,152.4704,-0.2788,1.0181,2.574,4.2356,17.5218,15.8223,845.6239,-2.9782
2025-10-02,152.867,0.2601,1.9706,3.3625,3.6254,16.7293,15.6005,847.8231,-2.7259
2025-10-03,153.0752,0.1362,1.1994,2.3486,4.1289,23.5756,15.6981,848.9778,-2.5934
2025-10-06,153.7889,0.4663,1.359,3.2074,4.6425,32.4784,16.4525,852.9365,-2.1392
2025-10-07,152.9165,-0.5673,0.013,2.3913,3.3271,32.3441,16.3856,848.0981,-2.6943
2025-10-08,154.2449,0.8687,1.1638,3.9819,3.6439,34.606,16.5823,855.4656,-1.849
2025-10-09,151.9648,-1.4782,-0.5901,1.6935,2.4789,21.7985,15.1393,842.8198,-3.2999
2025-10-10,148.6041,-2.2115,-2.9208,-1.4926,-0.3249,22.2588,12.3437,824.1809,-5.4384
2025-10-13,150.1507,1.0407,-2.3657,0.3337,1.4717,21.3883,12.508,832.7581,-4.4543
2025-10-14,151.9153,1.1752,-0.6548,1.0462,2.3024,21.5478,14.4162,842.5449,-3.3315
2025-10-15,151.2808,-0.4177,-1.9217,0.9224,0.9423,21.6437,11.9381,839.026,-3.7352
2025-10-16,150.2895,-0.6553,-1.1025,0.7188,0.506,22.5242,10.5417,833.5279,-4.366
2025-10-17,150.4183,0.0857,1.2208,-0.2574,1.1263,21.9637,11.4932,834.2426,-4.284
2025-10-20,152.1929,1.1797,1.3601,0.6755,2.0754,26.2335,11.9417,844.0844,-3.1548
2025-10-21,153.5411,0.8859,1.0702,1.2288,1.1643,25.1651,13.2587,851.562,-2.2969
2025-10-22,151.5485,-1.2978,0.1769,-0.1111,0.0206,22.0134,11.4517,840.5105,-3.5649
2025-10-23,153.442,1.2494,2.0976,1.6617,0.2771,20.8282,13.2427,851.0121,-2.36
2025-10-24,153.5708,0.084,2.0958,2.4402,0.6731,20.939,14.7266,851.7269,-2.278
2025-10-27,154.4432,0.5681,1.4786,2.1038,2.4115,21.222,15.716,856.5652,-1.7229
2025-10-28,153.3428,-0.7125,-0.1292,1.065,2.1836,19.5823,15.687,850.4622,-2.4231
2025-10-29,153.7393,0.2586,1.4457,0.5511,2.4411,19.0326,16.2946,852.6615,-2.1707
2025-10-30,153.3527,-0.2515,-0.0581,0.5787,3.7325,17.8442,15.6604,850.5173,-2.4168
2025-10-31,153.7195,0.2392,0.0968,0.5577,3.0311,16.0459,16.091,852.5517,-2.1834
2025-11-03,153.0652,-0.4256,-0.8922,-0.0065,2.8035,15.4918,15.7932,848.9228,-2.5997
2025-11-04,151.2907,-1.1593,-1.3382,-1.6244,1.5308,15.1622,15.7848,839.0811,-3.7289
2025-11-05,151.8756,0.3866,-1.2123,-0.6807,2.0721,15.0214,16.0764,842.3249,-3.3567
2025-11-06,151.2709,-0.3982,-1.3576,-1.9281,1.5848,13.005,15.7437,838.9711,-3.7415
2025-11-07,152.0045,0.485,-1.1157,0.0261,2.4102,13.4612,14.3908,843.0398,-3.2747
2025-11-10,152.867,0.5674,-0.1295,2.8686,1.9336,10.6973,10.7045,847.8231,-2.7259
2025-11-11,152.9066,0.0259,1.0681,1.8355,1.5722,9.958,11.4027,848.0431,-2.7006
2025-11-12,153.0553,0.0973,0.7768,0.7505,2.5791,10.5972,10.326,848.8678,-2.606
2025-11-13,150.686,-1.548,-0.3867,-0.3932,1.4544,7.6903,7.7837,835.7271,-4.1137
2025-11-14,150.6959,0.0066,-0.8609,0.2704,1.0647,6.4839,8.7247,835.782,-4.1074
2025-11-17,149.2188,-0.9802,-2.3865,-0.7975,-0.1441,5.082,7.432,827.5898,-5.0473
2025-11-18,148.5546,-0.4451,-2.8462,-2.3906,-0.4966,4.9927,8.7891,823.906,-5.47
2025-11-19,149.0503,0.3337,-2.6167,-2.9248,0.1932,7.1545,9.7406,826.6551,-5.1546
2025-11-20,146.552,-1.6761,-2.7434,-3.2969,-3.0686,5.3808,8.0488,812.7996,-6.7443
2025-11-21,148.3365,1.2176,-1.5657,-3.3273,-0.8982,7.0123,9.459,822.6963,-5.6088
2025-11-24,148.7033,0.2473,-0.3455,-3.1696,-1.665,5.4205,9.6112,824.7307,-5.3754
2025-11-25,150.6067,1.28,1.3814,-2.4841,-0.3933,7.3015,9.6413,835.2873,-4.1642
2025-11-26,151.4791,0.5793,1.6295,-1.2154,0.0074,7.8248,8.7612,840.1257,-3.609
2025-11-28,152.3614,0.5825,3.964,-0.8963,1.5229,8.3845,8.7164,845.0191,-3.0476
2025-12-01,150.1308,-1.464,1.2097,-2.101,1.0,6.9325,6.9981,832.6481,-4.467
2025-12-02,151.4394,0.8716,1.84,-1.4833,2.3973,7.0391,8.3302,839.9058,-3.6343
2025-12-03,152.8769,0.9492,1.5074,-0.1231,2.216,7.995,8.7433,847.8781,-2.7196
2025-12-04,153.67,0.5188,1.4463,1.5726,3.1276,8.6308,10.1181,852.2767,-2.2149
2025-12-05,153.2437,-0.2774,0.5791,0.9008,2.6103,7.425,10.5085,849.9126,-2.4861
2025-12-08,153.0553,-0.1229,1.948,1.1796,3.1799,7.3893,9.8929,848.8678,-2.606
2025-12-09,151.9351,-0.7319,0.3273,-0.0457,1.6736,7.0691,10.4278,842.6548,-3.3189
2025-12-10,154.7109,1.827,1.1997,1.2062,2.5555,8.9723,12.7333,858.0498,-1.5525
2025-12-11,156.3665,1.0701,1.7547,2.2627,4.4872,10.4294,14.9372,867.2318,-0.499
2025-12-12,155.385,-0.6277,1.3973,1.5221,3.3541,10.6671,14.4952,861.7886,-1.1236
2025-12-15,155.6328,0.1595,1.684,3.2829,3.8257,10.0873,14.9424,863.1631,-0.9659
2025-12-16,154.7109,-0.5924,1.827,2.6643,3.6818,10.2643,14.9996,858.0498,-1.5525
2025-12-17,152.2028,-1.6212,-1.6212,1.9997,0.9259,8.736,13.4316,844.1394,-3.1485
2025-12-18,153.1941,0.6513,-2.0288,3.1231,1.3378,9.3213,14.0708,849.6376,-2.5177
2025-12-19,154.5126,0.8607,-0.5614,3.6648,1.8693,8.789,16.1162,856.9502,-1.6787
2025-12-22,156.2256,1.1086,0.3808,6.6008,2.9717,9.0852,20.8164,866.4505,-0.5887
2025-12-23,156.1659,-0.0382,0.9405,5.2782,3.4665,10.0143,20.9255,866.1195,-0.6267
2025-12-24,156.6732,0.3249,2.9372,5.3596,4.5096,9.187,19.9131,868.9332,-0.3038
2025-12-26,156.3848,-0.1841,2.0827,3.8365,3.3874,7.9094,19.7193,867.3333,-0.4874
2025-12-29,156.0465,-0.2163,0.9927,3.0152,2.847,7.1432,18.5343,865.4574,-0.7026
2025-12-30,155.5989,-0.2868,-0.4011,2.1249,1.7673,6.4821,18.1063,862.9748,-0.9875
2025-12-31,154.3057,-0.8311,-1.1912,2.7808,1.2037,5.4903,18.0036,855.8026,-1.8104
2026-01-02,157.1507,1.8437,0.3048,3.7713,2.8023,6.5292,21.4,871.5814,0.0
2026-01-05,159.0109,1.1837,1.6793,4.0124,3.8776,8.1667,22.9862,881.8982,1.1837
2026-01-06,161.1695,1.3575,3.283,4.8803,4.7992,9.6645,25.0925,893.8702,2.5573
2026-01-07,158.1355,-1.8825,1.6302,3.1922,3.413,6.8536,21.4245,877.0433,0.6267
2026-01-08,159.3292,0.7549,3.2555,4.0991,3.2962,7.0602,22.609,883.6637,1.3863
2026-01-09,161.08,1.0988,2.5003,6.0189,5.9982,8.6258,24.078,893.3736,2.5003
2026-01-12,162.3134,0.7658,2.0769,4.914,9.2254,8.8705,24.5386,900.2147,3.2852
2026-01-13,163.149,0.5148,1.2282,4.3376,8.6569,10.256,26.6,904.849,3.8169
2026-01-14,163.4077,0.1585,3.334,5.1631,7.565,10.0416,25.331,906.2836,3.9815
2026-01-15,164.9097,0.9192,3.5025,5.9608,9.009,10.0363,25.006,914.6142,4.9373
2026-01-16,166.0239,0.6756,3.0692,7.3123,10.4694,11.0283,25.0599,920.7933,5.6463
2026-01-20,162.6716,-2.0192,0.2206,6.8782,8.1461,9.3641,21.0671,902.2009,3.5131
2026-01-21,165.4867,1.7306,1.4328,8.0242,8.7349,10.9916,22.4291,917.8141,5.3045
2026-01-22,164.6312,-0.517,0.7488,6.5487,7.2229,8.4713,19.3443,913.0694,4.7601
2026-01-23,163.3579,-0.7734,-0.941,4.5654,7.7925,7.8147,18.6999,906.0077,3.9499
2026-01-26,163.5171,0.0974,-1.5099,4.7073,6.5661,6.8614,17.6247,906.8905,4.0512
2026-01-27,164.1935,0.4137,0.9356,4.8,6.9171,7.6368,18.6136,910.642,4.4816
2026-01-28,163.2784,-0.5574,-1.3345,4.4081,5.7206,8.2701,19.5542,905.5662,3.8992
2026-01-29,164.9893,1.0479,0.2175,5.7309,7.5951,9.9445,21.6109,915.0555,4.988
2026-01-30,164.5715,-0.2532,0.7429,5.7665,7.0458,9.6589,21.7167,912.7384,4.7221
2026-02-02,166.6506,1.2633,1.9163,8.0003,8.6714,12.7276,21.892,924.269,6.0451
2026-02-03,168.0532,0.8416,2.3507,6.9376,9.3245,12.6383,23.7886,932.0481,6.9376
2026-02-04,168.5008,0.2664,3.1985,5.9681,10.0843,13.1705,25.3597,934.5308,7.2224
2026-02-05,167.4862,-0.6022,1.5133,3.9193,10.7048,12.3996,24.5685,928.9034,6.5768
2026-02-06,172.2709,2.8568,4.6784,8.9388,13.4289,15.7794,28.0337,955.4403,9.6215
2026-02-09,172.7882,0.3003,3.6829,8.4473,14.2243,16.0346,27.8401,958.3091,9.9506
2026-02-10,172.9971,0.1209,2.9419,7.3983,13.8105,16.5536,28.3768,959.4678,10.0836
2026-02-11,173.9222,0.5347,3.2174,7.152,13.7736,15.9734,27.9176,964.5985,10.6722
2026-02-12,171.8432,-1.1954,2.6014,5.3289,12.3844,14.1512,26.3429,953.0679,9.3493
2026-02-13,173.2557,0.822,0.5717,6.0267,13.1981,16.1176,28.1767,960.9022,10.2481
2026-02-17,174.1609,0.5225,0.7945,5.6098,15.5787,17.2597,28.7155,965.9226,10.8241
2026-02-18,174.1211,-0.0228,0.6498,4.8772,15.5447,16.7749,29.0042,965.702,10.7988
2026-02-19,175.4143,0.7427,0.8579,7.8334,17.5551,17.3857,28.9499,972.8742,11.6217
2026-02-20,176.2997,0.5047,2.5934,6.534,18.6767,18.0874,29.4699,977.7843,12.1851
2026-02-23,173.9122,-1.3542,0.3789,5.6375,16.6803,16.9057,28.5597,964.5434,10.6659
2026-02-24,176.0509,1.2298,1.0852,7.7701,20.1286,16.4424,33.0555,976.405,12.0268
2026-02-25,174.6782,-0.7797,0.3199,6.8256,17.7581,16.7004,32.6179,968.7916,11.1533
2026-02-26,175.7724,0.6264,0.2042,7.052,18.2035,16.2354,32.7662,974.8603,11.8496
2026-02-27,176.2101,0.249,-0.0508,7.9201,17.0002,16.54,33.0179,977.2877,12.1281
2026-03-02,177.9609,0.9936,2.328,7.8621,17.4821,17.4908,34.8089,986.9977,13.2422
2026-03-03,174.5191,-1.934,-0.8701,6.0445,14.5428,16.2872,30.4561,967.9089,11.052
2026-03-04,175.0462,0.3021,0.2107,5.0379,16.5958,17.7618,32.7391,970.8328,11.3875
2026-03-05,171.1568,-2.222,-2.6259,1.8468,13.02,15.7294,32.3703,949.2612,8.9125
2026-03-06,169.0479,-1.2321,-4.0646,0.3247,10.5778,13.0283,28.7077,937.5651,7.5706
2026-03-09,170.0427,0.5884,-4.4494,1.5264,10.6545,14.1152,30.587,943.0821,8.2036
2026-03-10,169.1275,-0.5382,-3.0894,-1.8247,10.3651,13.2459,28.3846,938.0064,7.6212
2026-03-11,168.6003,-0.3117,-3.6824,-2.4237,10.1564,13.6593,30.0182,935.0825,7.2857
2026-03-12,164.3726,-2.5075,-3.9637,-4.9853,8.1861,9.9967,28.7356,911.6351,4.5955
2026-03-13,163.7857,-0.3571,-3.1129,-5.8282,5.8656,8.571,28.2857,908.3799,4.222
2026-03-16,165.1883,0.8564,-2.8548,-3.8726,5.6418,10.3821,30.7206,916.159,5.1146
2026-03-17,165.626,0.265,-2.0703,-4.4037,6.5907,10.1658,28.718,918.5865,5.3931
2026-03-18,164.3129,-0.7928,-2.5429,-5.6546,5.5773,9.6163,25.959,911.304,4.5575
2026-03-19,163.1988,-0.678,-0.7141,-6.2729,5.4863,9.3701,26.1104,905.1249,3.8486
2026-03-20,160.8213,-1.4568,-1.8099,-8.3192,5.6626,6.6409,22.6458,891.9392,2.3357
2026-03-23,162.6498,1.137,-1.5367,-7.7424,6.1724,7.5927,24.6653,902.0804,3.4993
2026-03-24,163.5975,0.5826,-1.2247,-5.931,5.8797,7.8589,26.0649,907.3363,4.1023
2026-03-25,164.6948,0.6707,0.2324,-6.4505,5.4212,8.554,24.5998,913.4221,4.8006
2026-03-26,160.8742,-2.3198,-1.4244,-7.9025,3.0149,6.5859,21.5283,892.2325,2.3694
2026-03-27,158.8093,-1.2836,-1.2511,-9.6506,1.3634,5.9345,20.7676,880.7801,1.0554
2026-03-30,156.2256,-1.6269,-3.9497,-11.3413,-0.1017,3.2822,19.4376,866.4508,-0.5886
2026-03-31,161.3331,3.2693,-1.3841,-9.3435,3.3878,6.3312,25.939,894.7774,2.6614
2026-04-01,164.0264,1.6694,-0.4058,-6.0123,5.4162,7.2792,27.1427,909.7152,4.3752
2026-04-02,163.3681,-0.4014,1.5502,-6.6715,5.873,7.1474,25.9215,906.0639,3.9563
2026-04-06,164.206,0.5129,3.3982,-4.0611,4.4895,7.4176,25.3878,910.7112,4.4895
2026-04-07,163.8768,-0.2005,4.8975,-3.059,3.0601,7.0564,32.2956,908.8854,4.28
2026-04-08,170.0217,3.7497,5.3855,-0.0123,5.4925,10.5552,46.4618,942.9659,8.1902
2026-04-09,171.7674,1.0267,4.7193,1.5609,8.6204,12.3275,48.6588,952.6478,9.3011
2026-04-10,171.099,-0.3891,4.7322,1.4821,7.3871,10.9268,49.3142,948.941,8.8758
2026-04-13,172.3061,0.7054,4.9329,4.8265,6.9693,13.3855,38.1018,955.6353,9.6438
2026-04-14,172.9246,0.359,5.5211,5.5798,6.5374,16.3659,42.2676,959.0656,10.0374
2026-04-15,170.7599,-1.2518,0.4342,3.3729,4.665,13.7257,38.0496,947.0599,8.66
2026-04-16,169.912,-0.4966,-1.0802,2.5877,3.9804,11.8465,35.947,942.3572,8.1204
2026-04-17,173.0842,1.867,1.1602,5.3381,4.9569,14.4125,39.1756,959.9507,10.139
2026-04-20,173.4732,0.2248,0.6774,6.2956,4.4869,15.4261,41.4248,962.1084,10.3865
2026-04-21,171.0192,-1.4146,-1.1018,6.3412,5.1316,13.6958,38.6676,948.4984,8.825
2026-04-22,170.6202,-0.2333,-0.0818,4.9003,3.1021,12.1079,41.5178,946.2853,8.5711
2026-04-23,173.6428,1.7715,2.1957,6.1402,5.4738,13.0921,41.5518,963.049,10.4944
2026-04-24,172.0467,-0.9192,-0.5994,4.464,5.3189,13.5259,38.5168,954.1969,9.4788
2026-04-27,172.0866,0.0232,-0.7993,6.9697,5.2407,12.1509,35.5099,954.4182,9.5042
2026-04-28,170.5604,-0.8869,-0.2683,7.3995,3.8776,11.063,34.3185,945.9534,8.533
2026-04-29,169.5129,-0.6141,-0.649,8.5052,3.8184,9.7575,33.0502,940.1442,7.8665
2026-04-30,174.1515,2.7364,0.293,7.9453,5.5532,13.5701,35.8097,965.8706,10.8182
2026-05-01,172.5355,-0.9279,0.2841,5.1876,4.8392,12.226,33.5856,956.9078,9.7898
2026-05-04,170.5604,-1.1448,-0.8869,4.4025,2.3461,11.2209,31.0675,945.9534,8.533
2026-05-05,171.9869,0.8364,0.8364,4.7385,2.3407,11.8835,29.8362,953.865,9.4407
2026-05-06,176.4359,2.5869,4.084,7.6637,4.7092,15.2684,33.1256,978.5401,12.2718
2026-05-07,173.573,-1.6227,-0.3322,2.0887,3.6342,14.7281,32.1233,962.6617,10.45
2026-05-08,172.7749,-0.4598,0.1388,0.5866,0.2926,13.7608,30.8492,958.2356,9.9422
2026-05-11,174.6104,1.0624,2.3745,2.0522,1.0546,15.4289,30.4405,968.4155,11.1102
2026-05-12,173.9221,-0.3942,1.1252,0.9379,0.5347,14.419,29.8213,964.5981,10.6722
2026-05-13,173.1939,-0.4187,-1.8375,0.1557,-0.4188,13.2971,25.4169,960.5593,10.2088
2026-05-14,174.0817,0.5126,0.2931,1.9453,1.3027,13.8484,25.1854,965.4832,10.7737
2026-05-15,170.9793,-1.7821,-1.0393,0.6282,-1.3139,11.7108,23.549,948.277,8.7996
2026-05-18,170.3309,-0.3792,-2.4509,-1.5907,-2.1991,13.037,21.7299,944.6809,8.387
2026-05-19,168.3259,-1.1772,-3.2177,-2.9672,-3.3283,11.699,18.9415,933.5605,7.1111
2026-05-20,170.311,1.1793,-1.6646,-0.4141,-2.9093,14.1351,19.9355,944.5702,8.3743
2026-05-21,170.1115,-0.1171,-2.2807,-0.2982,-3.51,14.5111,20.2283,943.4637,8.2474
2026-05-22,171.3484,0.7272,0.2159,-1.3213,-1.4742,14.9602,23.1849,950.3241,9.0345
2026-05-26,173.8722,1.4729,2.0791,1.0611,-1.2376,18.642,25.0259,964.3215,10.6404
2026-05-27,173.8722,0.0,3.295,1.0376,-0.4614,17.2147,25.4342,964.3215,10.6404
2026-05-28,173.3734,-0.2869,1.7982,1.6493,-1.3648,16.5902,22.91,961.5551,10.3231
2026-05-29,172.7051,-0.3855,1.5247,1.8831,-1.9891,14.6729,23.0458,957.8484,9.8978
2026-06-01,171.9769,-0.4216,0.3668,-1.2487,-3.3625,13.5318,22.4154,953.8096,9.4344
2026-06-02,173.7625,1.0383,-0.0631,0.7112,-0.4335,14.0463,23.6084,963.7129,10.5706
2026-06-03,173.6228,-0.0804,-0.1434,1.7955,-0.8132,15.6477,23.6649,962.9383,10.4817
2026-06-04,175.7277,1.2123,1.3579,2.175,2.6706,16.0383,24.2063,974.612,11.8211
2026-06-05,173.7525,-1.124,0.6065,-1.5209,2.783,13.6552,22.7419,963.6575,10.5643
2026-06-08,173.2039,-0.3158,0.7135,-0.2126,1.8591,12.7116,22.4395,960.6147,10.2151
2026-06-09,175.169,1.1346,0.8095,1.3857,3.5722,14.3075,22.7949,971.5138,11.4656
2026-06-10,169.2436,-3.3827,-2.5223,-3.0736,0.3816,10.5767,18.7476,938.6505,7.6951
2026-06-11,174.7201,3.2359,-0.5734,0.4588,6.2952,14.9966,23.1258,969.024,11.18
2026-06-12,175.7476,0.5881,1.1482,1.4745,7.3034,13.5974,23.7898,974.7226,11.8338
2026-06-15,178.2415,1.419,2.9085,2.3895,7.902,13.9896,25.878,988.5539,13.4207
2026-06-16,179.4086,0.6548,2.4203,4.93,8.3215,15.4607,27.777,995.027,14.1634
2026-06-17,179.1592,-0.139,5.8588,5.183,9.0354,15.1166,26.7287,993.6439,14.0047
2026-06-18,180.466,0.7294,3.2886,7.2123,10.5805,16.6473,28.6202,1000.8916,14.8363
2026-06-22,181.8,0.7392,3.4438,6.7459,13.0447,19.4459,29.8808,1008.2901,15.6851
2026-06-23,178.15,-2.0077,-0.0513,4.7254,9.5298,16.2904,27.1301,988.0466,13.3625
2026-06-24,180.21,1.1563,0.4467,5.1717,10.1545,16.6313,26.882,999.4718,14.6734
2026-06-25,184.12,2.1697,2.7689,5.8939,11.7947,17.8552,28.5626,1021.1571,17.1614
2026-06-26,181.2,-1.5859,0.4067,4.2145,12.6346,16.0305,27.65,1004.9624,15.3033
2026-06-29,182.76,0.8609,0.528,5.4141,15.0814,16.6504,27.3671,1013.6144,16.296
2026-06-30,185.23,1.3515,3.9742,7.2522,18.5657,18.445,27.8133,1027.3134,17.8678
2026-07-01,183.36,-1.0096,1.748,6.619,13.6531,17.5034,25.8969,1016.9421,16.6778
2026-07-02,183.91,0.3,-0.1141,5.8399,12.1222,18.1949,25.8565,1019.9925,17.0278
2026-07-06,185.56,0.8972,2.4062,6.8753,13.584,20.2548,26.8571,1029.1436,18.0777
2026-07-07,182.38,-1.7137,-0.2079,3.7856,11.0678,16.0542,23.6317,1011.5069,16.0542
2026-07-08,180.42,-1.0747,-2.5968,3.8374,10.0949,13.4639,22.7302,1000.6364,14.807
2026-07-09,181.11,0.3824,-1.2271,4.5646,6.5217,12.3724,23.2326,1004.4633,15.2461
2026-07-10,181.92,0.4472,-1.0821,3.854,5.9107,15.0406,22.925,1008.9556,15.7615
2026-07-13,180.37,-0.852,-2.7969,6.5742,5.4185,13.2059,21.1984,1000.3591,14.7752
2026-07-14,180.45,0.0444,-1.0582,3.2795,4.7264,12.0251,21.6881,1000.8028,14.8261
2026-07-15,180.06,-0.2161,-0.1995,2.4537,4.1263,10.9335,20.7738,998.6398,14.5779
2026-07-16,180.15,0.05,-0.5301,1.0708,5.499,10.4205,21.7452,999.1389,14.6352
2026-07-17,179.41,-0.4108,-1.3797,0.0008,5.59,9.7929,20.8179,995.0348,14.1643
2026-07-20,178.12,-0.719,-1.2474,-0.5801,2.9095,8.0106,18.8508,987.8802,13.3434
2026-07-21,178.66,0.3032,-0.992,-1.0007,2.99,7.611,19.4787,990.8752,13.6871
2026-07-22,178.85,0.1063,-0.672,-1.6227,4.5789,9.9455,20.2409,991.929,13.808
2026-07-23,181.94,1.7277,0.9936,2.1274,6.6345,9.9424,22.0267,1009.0666,15.7742
2026-07-24,182.66,0.3957,1.8115,1.3595,5.193,10.951,20.35,1013.0598,16.2324
2026-07-27,183.2,0.2956,2.852,-0.4997,6.4827,12.1464,20.9103,1016.0547,16.576
2026-07-28,182.49,-0.3875,2.1437,0.7119,6.0454,11.603,19.2605,1012.117,16.1242
2026-07-29,176.66,-3.1947,-1.2245,-3.3377,3.5762,7.5926,15.8092,979.7829,12.4144
2026-07-30,178.39,0.9793,-1.9512,-3.6927,5.2368,9.2551,18.2907,989.3777,13.5152
2026-07-31,179.84,0.8128,-1.5439,-1.9197,3.2664,9.001,19.8406,997.4196,14.4379
2026-08-03,183.16,1.8461,-0.0218,-0.4078,6.1579,11.2951,22.0449,1015.8329,16.5506
2026-08-04,186.4,1.7689,2.1426,0.4527,9.2868,11.8508,26.0867,1033.8024,18.6123
2026-08-05,186.35,-0.0268,5.4851,2.1768,8.3513,10.8875,24.9018,1033.5251,18.5805
