date,value,pct_1d,pct_1w,pct_1m,pct_3m,pct_6m,pct_1y,normalized,pct_ytd
2000-01-03,12.0552,,,,,,,100.0,-84.2874
2000-01-04,11.7157,-2.816,,,,,,97.184,-84.7298
2000-01-05,11.9227,1.7668,,,,,,98.901,-84.46
2000-01-06,12.1463,1.875,,,,,,100.7555,-84.1687
2000-01-07,12.9163,6.3395,,,,,,107.1429,-83.165
2000-01-10,12.6265,-2.2437,4.7389,,,,,104.7389,-83.5427
2000-01-11,12.6265,0.0,7.7738,,,,,104.7389,-83.5427
2000-01-12,12.6927,0.5246,6.4584,,,,,105.2884,-83.4564
2000-01-13,12.7589,0.5218,5.0443,,,,,105.8379,-83.3701
2000-01-14,12.8003,0.3244,-0.8975,,,,,106.1813,-83.3161
2000-01-18,12.5851,-1.6818,-0.3279,,,,,104.3955,-83.5967
2000-01-19,12.6762,0.7238,0.3935,,,,,105.1511,-83.478
2000-01-20,12.5023,-1.3717,-1.5003,,,,,103.7087,-83.7046
2000-01-21,12.3615,-1.1258,-3.1149,,,,,102.5412,-83.8881
2000-01-24,12.0055,-2.8801,-6.2095,,,,,99.5879,-84.3521
2000-01-25,11.8565,-1.2414,-5.7895,,,,,98.3516,-84.5464
2000-01-26,11.9641,0.9079,-5.6172,,,,,99.2445,-84.4061
2000-01-27,12.1876,1.8684,-2.5166,,,,,101.0988,-84.1147
2000-01-28,12.0883,-0.8152,-2.2103,,,,,100.2747,-84.2442
2000-01-31,12.3118,1.8493,2.5517,,,,,102.1291,-83.9528
2000-02-01,12.1876,-1.0088,2.7933,,,,,101.0988,-84.1147
2000-02-02,12.2125,0.2038,2.076,1.3049,,,,101.3049,-84.0823
2000-02-03,12.0469,-1.3559,-1.1548,2.8269,,,,99.9313,-84.2981
2000-02-04,12.0386,-0.0687,-0.4109,0.9723,,,,99.8626,-84.3089
2000-02-07,12.0221,-0.1376,-2.3537,-1.0225,,,,99.7252,-84.3305
2000-02-08,12.1711,1.2397,-0.1358,-5.7693,,,,100.9615,-84.1363
2000-02-09,12.0635,-0.8844,-1.2204,-4.459,,,,100.0686,-84.2766
2000-02-10,11.6578,-3.363,-3.2303,-7.6721,,,,96.7033,-84.8054
2000-02-11,11.4342,-1.9176,-5.0207,-9.9152,,,,94.8488,-85.0967
2000-02-14,11.4922,0.5069,-4.4077,-9.9286,,,,95.3296,-85.0212
2000-02-15,11.7488,2.2334,-3.4694,-8.2147,,,,97.4587,-84.6867
2000-02-16,11.5832,-1.4094,-3.9807,-7.9605,,,,96.0851,-84.9025
2000-02-17,11.4094,-1.5011,-2.1307,-9.9935,,,,94.6428,-85.1291
2000-02-18,11.2769,-1.1611,-1.3758,-9.8014,,,,93.5439,-85.3018
2000-02-22,11.459,1.6152,-0.2883,-7.3008,,,,95.0548,-85.0644
2000-02-23,11.2107,-2.1676,-4.5807,-6.6207,,,,92.9945,-85.3881
2000-02-24,10.9788,-2.068,-5.218,-7.4022,,,,91.0714,-85.6903
2000-02-25,10.7056,-2.4886,-6.1683,-10.5191,,,,88.8049,-86.0464
2000-02-28,10.9126,1.9334,-3.2305,-10.4619,,,,90.5219,-85.7766
2000-02-29,10.8712,-0.3794,-5.13,-10.0685,,,,90.1785,-85.8306
2000-03-01,10.7718,-0.9139,-3.9143,-12.5084,,,,89.3544,-85.9601
2000-03-02,10.7967,0.2306,-1.6591,-11.413,,,,89.5604,-85.9277
2000-03-03,10.7387,-0.5368,0.3093,-12.0678,,,,89.0796,-86.0032
2000-03-06,10.482,-2.3901,-3.9453,-12.9897,,,,86.9505,-86.3378
2000-03-07,9.919,-5.3713,-8.7585,-17.6066,,,,82.2802,-87.0716
2000-03-08,10.2254,3.0884,-5.073,-14.9449,,,,84.8214,-86.6723
2000-03-09,10.4986,2.6721,-2.7608,-13.7415,,,,87.0879,-86.3162
2000-03-10,10.3744,-1.183,-3.3925,-14.0014,,,,86.0576,-86.4781
2000-03-13,10.2088,-1.5962,-2.6067,-12.429,,,,84.684,-86.6939
2000-03-14,10.1509,-0.5676,2.3373,-11.2237,,,,84.2033,-86.7694
2000-03-15,10.7967,6.3621,5.5871,-6.0519,,,,89.5604,-85.9277
2000-03-16,11.2603,4.2944,7.2555,-4.1579,,,,93.4065,-85.3234
2000-03-17,11.2134,-0.4167,8.0873,-3.1928,,,,93.0174,-85.3845
2000-03-20,11.1138,-0.8888,8.8643,-2.5909,,,,92.1907,-85.5144
2000-03-21,11.3214,1.8684,11.5314,0.3948,,,,93.9132,-85.2438
2000-03-22,11.23,-0.8071,4.0138,-1.9984,,,,93.1552,-85.3628
2000-03-23,11.1387,-0.8136,-1.0805,-0.6422,,,,92.3973,-85.4819
2000-03-24,10.9393,-1.7897,-2.4444,-0.3599,,,,90.7436,-85.7418
2000-03-27,10.7981,-1.2908,-2.8401,0.8641,,,,89.5723,-85.9258
2000-03-28,10.9227,1.1539,-3.5216,0.0927,,,,90.6059,-85.7634
2000-03-29,11.1885,2.4333,-0.3699,2.9188,,,,92.8106,-85.417
2000-03-30,11.338,1.3364,1.7898,5.2562,,,,94.051,-85.2221
2000-03-31,11.2799,-0.5129,3.1131,4.4753,,,,93.5686,-85.2979
2000-04-03,11.7949,4.5656,9.2307,9.8349,-2.1595,,,97.8405,-84.6267
2000-04-04,12.1271,2.8169,11.0265,15.694,3.5115,,,100.5966,-84.1936
2000-04-05,11.961,-1.3698,6.9043,20.5862,0.3211,,,99.2186,-84.4101
2000-04-06,11.745,-1.8056,3.5897,14.8615,-3.3034,,,97.4271,-84.6916
2000-04-07,11.5955,-1.273,2.7983,10.4481,-10.2256,,,96.1869,-84.8865
2000-04-10,11.8862,2.5072,0.7747,14.5726,-5.8626,,,98.5985,-84.5076
2000-04-11,12.0939,1.747,-0.2739,18.4651,-4.218,,,100.321,-84.2369
2000-04-12,12.2351,1.1676,2.2917,20.5324,-3.6054,,,101.4923,-84.0529
2000-04-13,12.152,-0.6789,3.4653,12.5534,-4.7569,,,100.8033,-84.1611
2000-04-14,11.554,-4.9213,-0.3581,2.6078,-9.737,,,95.8424,-84.9406
2000-04-17,11.8862,2.8756,0.0,6.0001,-5.553,,,98.5985,-84.5076
2000-04-18,11.961,0.6289,-1.0989,7.6232,-5.6419,,,99.2186,-84.4101
2000-04-19,12.1022,1.1805,-1.0863,6.8964,-3.2002,,,100.3898,-84.2261
2000-04-20,12.0939,-0.0686,-0.4784,7.6923,-2.1651,,,100.321,-84.2369
2000-04-24,12.4261,2.7473,7.5485,11.5586,3.5037,,,103.0771,-83.8039
2000-04-25,12.368,-0.4679,4.0531,13.06,4.3143,,,102.5948,-83.8796
2000-04-26,12.2268,-1.1418,2.2222,13.2307,2.1954,,,101.4234,-84.0637
2000-04-27,12.2268,0.0,1.0295,11.9391,0.321,,,101.4234,-84.0637
2000-04-28,11.8779,-2.8532,-1.7857,6.1619,-1.7403,,,98.5296,-84.5184
2000-05-01,12.0274,1.2587,-3.2086,6.0805,-2.3101,,,99.7698,-84.3235
2000-05-02,12.0607,0.2762,-2.4849,6.922,-1.042,,,100.0454,-84.2802
2000-05-03,12.0607,0.0,-1.3587,2.2535,-1.2433,,,100.0454,-84.2802
2000-05-04,12.0607,0.0,-1.3587,-0.5479,0.1142,,,100.0454,-84.2802
2000-05-05,12.3431,2.3416,3.9161,3.1944,2.5289,,,102.388,-83.9121
2000-05-08,12.6006,2.0861,4.7652,7.2843,4.812,,,104.524,-83.5765
2000-05-09,12.6587,0.4614,4.9586,9.169,4.0063,,,105.0063,-83.5007
2000-05-10,12.5756,-0.6561,4.27,5.8001,4.2458,,,104.3173,-83.609
2000-05-11,12.559,-0.1321,4.1322,3.8461,7.7311,,,104.1795,-83.6307
2000-05-12,12.3929,-1.3227,0.4038,1.2899,8.3845,,,102.8015,-83.8472
2000-05-15,12.7002,2.4799,0.791,4.5113,10.5121,,,105.3508,-83.4466
2000-05-16,12.6421,-0.4578,-0.1312,9.4177,7.603,,,104.8685,-83.5224
2000-05-17,12.6836,0.3285,0.8586,6.7085,9.4998,,,105.213,-83.4683
2000-05-18,12.6587,-0.1965,0.7936,5.8333,10.9501,,,105.0063,-83.5007
2000-05-19,12.7501,0.7218,2.882,5.3535,13.0637,,,105.7642,-83.3816
2000-05-22,12.7085,-0.3257,0.0654,5.0824,10.9041,,,105.4197,-83.4358
2000-05-23,12.6421,-0.5228,0.0,1.7379,12.7686,,,104.8685,-83.5224
2000-05-24,12.9162,2.1681,1.8336,4.4324,17.6464,,,107.1422,-83.1651
2000-05-25,12.883,-0.2572,1.7717,5.3669,20.3386,,,106.8666,-83.2084
2000-05-26,12.9245,0.3224,1.3681,5.7066,18.4367,,,107.2112,-83.1543
2000-05-30,12.8498,-0.5784,1.1112,8.1818,18.2001,,,106.5911,-83.2517
2000-05-31,12.7252,-0.9696,0.657,5.8011,18.1336,,,105.5575,-83.4141
2000-06-01,12.7584,0.2611,-1.2218,5.7851,18.1695,,,105.8331,-83.3708
2000-06-02,12.3181,-3.4505,-4.3842,2.135,14.7078,,,102.1813,-83.9446
2000-06-05,12.3015,-0.1349,-4.82,1.9973,17.3582,,,102.0435,-83.9663
2000-06-06,12.3431,0.3376,-3.9432,0.0,24.4383,,,102.388,-83.9121
2000-06-07,12.476,1.0767,-1.9583,-0.9888,22.0099,,,103.4904,-83.7389
2000-06-08,12.476,0.0,-2.2136,-1.4436,18.8345,,,103.4904,-83.7389
2000-06-09,12.6172,1.1319,2.4275,0.3303,21.6183,,,104.6618,-83.5549
2000-06-12,12.6006,-0.1317,2.4308,0.3307,23.4282,,,104.524,-83.5765
2000-06-13,12.7418,1.1206,3.2302,2.815,25.5239,,,105.6953,-83.3925
2000-06-14,12.9079,1.3038,3.4621,1.6351,19.5543,,,107.0734,-83.1759
2000-06-15,13.1488,1.8661,5.3928,4.0078,16.7707,,,109.0715,-82.862
2000-06-16,12.9044,-1.8585,2.2765,1.7407,15.0801,,,107.0444,-83.1805
2000-06-19,12.9294,0.1936,2.6096,2.1383,16.3368,,,107.2516,-83.1479
2000-06-20,12.7046,-1.7386,-0.2918,-0.3567,12.2174,,,105.3869,-83.4409
2000-06-21,12.9544,1.9659,0.36,1.9343,15.3546,,,107.4588,-83.1154
2000-06-22,12.6713,-2.1851,-3.6313,0.231,13.7596,,,105.1108,-83.4843
2000-06-23,12.8211,1.1826,-0.6452,-0.7359,17.2025,,,106.3538,-83.289
2000-06-26,12.9877,1.2987,0.4507,0.8126,20.2772,,,107.7351,-83.072
2000-06-27,13.1875,1.5384,3.8008,2.0346,20.7344,,,109.3925,-82.8115
2000-06-28,13.1875,0.0,1.7995,2.6282,17.8663,,,109.3925,-82.8115
2000-06-29,13.304,0.8838,4.9934,4.549,17.3399,,,110.3593,-82.6596
2000-06-30,13.4456,1.0638,4.8701,5.3861,19.1996,,,111.5334,-82.4752
2000-07-03,13.4705,0.1857,3.7179,9.3551,14.2068,11.7405,,111.7405,-82.4426
2000-07-05,13.5038,0.2473,2.399,9.7736,11.3526,15.2626,,112.0168,-82.3992
2000-07-06,13.5205,0.1233,2.5253,9.5391,13.0383,13.4012,,112.155,-82.3775
2000-07-07,13.4289,-0.6773,0.9387,7.6382,14.337,10.5601,,111.3953,-82.4969
2000-07-10,13.5538,0.9299,0.8049,8.6392,16.8883,4.9357,,112.4312,-82.3341
2000-07-11,13.5621,0.0615,0.6799,7.4893,14.0994,7.4102,,112.5003,-82.3232
2000-07-12,13.2874,-2.0258,-1.6029,5.4507,9.8686,5.2343,,110.2213,-82.6813
2000-07-13,13.0876,-1.5037,-3.2019,2.7139,6.9675,3.1109,,108.5638,-82.9417
2000-07-14,12.9377,-1.1451,-3.6578,0.231,6.4655,1.401,,107.3207,-83.1371
2000-07-17,13.0043,0.5148,-4.054,-1.0986,12.5527,1.5934,,107.8732,-83.0503
2000-07-18,13.021,0.128,-3.9902,0.9032,9.5465,3.4635,,108.0112,-83.0286
2000-07-19,13.0376,0.1279,-1.8797,0.8371,9.0012,2.8514,,108.1494,-83.0069
2000-07-20,12.8211,-1.6603,-2.0357,0.9174,5.9408,2.5505,,106.3538,-83.289
2000-07-21,12.8544,0.2598,-0.6435,-0.7712,6.2889,3.9876,,106.6301,-83.2456
2000-07-24,13.1209,2.0726,0.8963,3.548,5.5909,9.2904,,108.84,-82.8984
2000-07-25,12.8878,-1.7766,-1.0229,0.5195,4.2025,8.6981,,106.9063,-83.2022
2000-07-26,12.8961,0.0646,-1.0856,-0.7051,5.4741,7.7897,,106.9754,-83.1913
2000-07-27,12.9877,0.7101,1.2987,-1.5151,6.2231,6.5641,,107.7351,-83.072
2000-07-28,13.0959,0.8334,1.8783,-0.6944,10.2541,8.3353,,108.6329,-82.9309
2000-07-31,12.9544,-1.0808,-1.2691,-2.6283,7.7068,5.2186,,107.4588,-83.1154
2000-08-01,13.3873,3.3419,3.876,-0.4334,10.9996,9.843,,111.05,-82.5511
2000-08-02,13.379,-0.0622,3.7443,-0.6798,10.9306,9.5514,,110.9809,-82.562
2000-08-03,13.4539,0.56,3.5897,-0.3699,11.5518,11.6792,,111.6025,-82.4643
2000-08-04,13.354,-0.7426,1.9707,-1.2315,8.1901,10.9261,,110.7737,-82.5945
2000-08-07,13.1875,-1.2469,1.7995,-1.7979,4.6578,9.6939,,109.3925,-82.8115
2000-08-08,13.2457,0.442,-1.0572,-2.2727,4.6375,8.8296,,109.8759,-82.7356
2000-08-09,12.7046,-4.0855,-5.0405,-6.3229,1.0254,5.3147,,105.3869,-83.4409
2000-08-10,12.9294,1.7694,-3.8985,-2.6942,2.9489,10.908,,107.2516,-83.1479
2000-08-11,13.021,0.7082,-2.4938,-0.509,5.0678,13.8772,,108.0112,-83.0286
2000-08-14,13.0626,0.3197,-0.947,0.9652,2.8531,13.6651,,108.3565,-82.9743
2000-08-15,13.0376,-0.1911,-1.5713,0.2561,3.1286,10.9695,,108.1494,-83.0069
2000-08-16,13.1708,1.0217,3.6697,1.151,3.8412,13.7058,,109.2544,-82.8332
2000-08-17,13.0959,-0.5689,1.2878,0.447,3.4537,14.782,,108.6329,-82.9309
2000-08-18,12.9377,-1.2079,-0.6393,0.9091,1.4717,14.7276,,107.3207,-83.1371
2000-08-21,13.0709,1.0295,0.0637,1.6839,2.8514,14.0664,,108.4256,-82.9635
2000-08-22,13.021,-0.3822,-0.1278,-0.7615,2.9968,16.148,,108.0112,-83.0286
2000-08-23,13.1042,0.6394,-0.5057,1.6796,1.4557,19.359,,108.7019,-82.9201
2000-08-24,13.021,-0.6354,-0.5722,0.9683,1.071,21.6275,,108.0112,-83.0286
2000-08-25,13.0709,0.3836,1.0295,0.641,1.1327,19.7783,,108.4256,-82.9635
2000-08-28,13.0293,-0.3184,-0.3184,-0.5086,1.3972,19.8516,,108.0804,-83.0177
2000-08-29,12.8295,-1.5336,-1.4706,-0.9641,0.8197,19.102,,106.4228,-83.2782
2000-08-30,12.7712,-0.4542,-2.5413,-4.602,0.1005,18.2883,,105.9395,-83.3541
2000-08-31,12.7962,0.1956,-1.7263,-4.3559,3.8807,19.1593,,106.1467,-83.3216
2000-09-01,12.7212,-0.5856,-2.6751,-5.4455,3.4118,21.3622,,105.5251,-83.4192
2000-09-05,12.6796,-0.3272,-2.6837,-5.0499,2.7267,27.8313,,105.1798,-83.4735
2000-09-06,12.5214,-1.2476,-2.4011,-5.0506,0.3644,22.4544,,103.8675,-83.6797
2000-09-07,12.638,0.931,-1.043,-4.5883,1.2987,20.3779,,104.8345,-83.5277
2000-09-08,12.6297,-0.0659,-1.3013,-0.5898,0.0989,21.7386,,104.7654,-83.5386
2000-09-11,12.6879,0.4615,-0.2618,-1.8674,0.6935,24.2842,,105.2489,-83.4626
2000-09-12,12.7878,0.7874,0.8536,-1.7902,0.3616,25.9779,,106.0776,-83.3324
2000-09-13,12.7878,0.0,2.1277,-2.1032,-0.93,18.4425,,106.0776,-83.3324
2000-09-14,12.6546,-1.0416,0.1317,-2.9374,-3.758,12.3825,,104.9726,-83.506
2000-09-15,12.6359,-0.1479,0.0496,-4.0612,-2.0806,12.6857,,104.8173,-83.5304
2000-09-18,12.6526,0.1323,-0.2783,-3.3847,-2.1404,13.8467,,104.956,-83.5086
2000-09-19,12.6693,0.1321,-0.9266,-2.0742,-0.2774,11.9062,,105.0946,-83.4869
2000-09-20,12.5691,-0.7915,-1.7108,-3.8394,-2.9742,11.9237,,104.2628,-83.6176
2000-09-21,12.9033,2.6596,1.9653,-0.9032,1.8313,15.8429,,107.0357,-83.1819
2000-09-22,13.3379,3.3679,5.5556,1.7835,4.0307,21.9265,,110.6406,-82.6154
2000-09-25,13.2209,-0.8772,4.4914,1.5357,1.796,22.4374,,109.67,-82.7679
2000-09-26,13.1039,-0.885,3.4301,0.2526,-0.6335,19.9695,,108.6995,-82.9204
2000-09-27,13.1123,0.0637,4.3217,0.6369,-0.5702,17.1942,,108.7687,-82.9096
2000-09-28,13.3128,1.5297,3.1736,3.7677,0.0663,17.4177,,110.4325,-82.6481
2000-09-29,13.363,0.3767,0.188,4.6338,-0.614,18.4677,,110.8485,-82.5828
2000-10-02,13.3379,-0.1876,0.885,4.2337,-0.9844,13.0826,,110.6406,-82.6154
2000-10-03,13.3379,0.0,1.7857,4.8476,-1.2286,9.9844,,110.6406,-82.6154
2000-10-04,13.2293,-0.8146,0.8923,4.335,-2.1539,10.6036,,109.7393,-82.7571
2000-10-05,13.5385,2.3373,1.6949,8.1226,0.816,15.27,,112.3043,-82.354
2000-10-06,13.4633,-0.5555,0.7504,6.5302,-0.6678,16.1077,,111.6804,-82.4521
2000-10-09,13.4048,-0.4345,0.5012,6.1373,-1.1601,12.7757,,111.1951,-82.5283
2000-10-10,13.597,1.4339,1.9423,7.1646,2.3301,12.4286,,112.7895,-82.2778
2000-10-11,13.5803,-0.1229,2.6532,6.1967,3.7647,10.9945,,112.6509,-82.2996
2000-10-12,13.6638,0.6153,0.9259,6.8502,5.6125,12.4409,,113.3441,-82.1906
2000-10-13,13.4967,-1.2232,0.2483,6.6542,3.7864,16.8143,,111.9577,-82.4085
2000-10-16,13.6889,1.4241,2.1197,8.3333,5.1299,15.1662,,113.5521,-82.158
2000-10-17,13.8059,0.8546,1.5365,9.1148,5.8929,15.4245,,114.5226,-82.0055
2000-10-18,13.7975,-0.0605,1.5999,8.905,7.6156,14.0088,,114.4533,-82.0164
2000-10-19,13.5468,-1.8171,-0.8562,7.7792,5.3864,12.014,,112.3736,-82.3431
2000-10-20,13.6388,0.6786,1.0526,5.6995,3.9472,9.7588,,113.1362,-82.2233
2000-10-23,13.7808,1.0417,0.6716,3.3208,6.9298,11.4235,,114.3147,-82.0381
2000-10-24,13.8226,0.3032,0.1211,4.5512,7.1847,13.0521,,114.6613,-81.9837
2000-10-25,14.1486,2.3579,2.544,7.9719,8.9385,15.7178,,117.3649,-81.5589
2000-10-26,14.1736,0.1772,4.6268,8.0944,8.2295,19.3275,,117.5729,-81.5262
2000-10-27,14.0148,-1.1203,2.7573,5.273,8.1863,16.5239,,116.2557,-81.7332
2000-10-30,14.3408,2.3256,4.063,7.317,7.1223,18.9054,,118.9593,-81.3083
2000-10-31,14.2906,-0.3495,3.3858,7.1429,6.8143,18.4897,,118.5435,-81.3737
2000-11-01,14.2739,-0.117,0.886,7.0175,6.0951,18.3511,,118.4048,-81.3955
2000-11-02,14.1653,-0.7611,-0.0589,7.0752,6.0753,14.763,,117.5036,-81.5371
2000-11-03,14.0901,-0.531,0.5367,4.0741,6.8443,11.8209,,116.8797,-81.6351
2000-11-06,14.3575,1.898,0.1166,6.6418,8.3932,13.4199,,119.098,-81.2866
2000-11-07,14.2154,-0.9896,-0.5264,6.0473,11.8919,13.0392,,117.9195,-81.4717
2000-11-08,14.5413,2.2928,1.8735,6.9453,12.4674,15.784,,120.6231,-81.0469
2000-11-09,14.5581,0.1149,2.7729,7.2,11.8048,17.4709,,120.7618,-81.0251
2000-11-10,14.6333,0.5166,3.8552,7.0948,12.0243,15.2204,,121.3856,-80.9271
2000-11-13,14.1987,-2.9697,-1.1059,5.2012,8.9057,12.3129,,117.7809,-81.4935
2000-11-14,14.3742,1.236,1.117,5.0061,9.1367,13.3288,,119.2366,-81.2648
2000-11-15,14.4076,0.2326,-0.9196,4.3584,10.0164,13.816,,119.5139,-81.2212
2000-11-16,14.4411,0.232,-0.8037,4.6639,11.6199,13.2626,,119.7912,-81.1776
2000-11-17,14.4411,0.0,-1.3135,6.6009,10.4824,13.6327,,119.7912,-81.1776
2000-11-20,14.3993,-0.2894,1.4126,5.5759,10.5853,13.8994,,119.4446,-81.2321
2000-11-21,14.6416,1.6832,1.8605,6.2462,11.7322,13.3587,,121.455,-80.9162
2000-11-22,14.5915,-0.3425,1.2761,5.5623,12.0616,13.2618,,121.0391,-80.9816
2000-11-24,14.4411,-1.0309,0.0,2.0674,10.4824,11.7339,,119.7912,-81.1776
2000-11-27,14.7335,2.0254,2.0254,3.9505,13.0802,14.6602,,122.2175,-80.7964
2000-11-28,14.8923,1.0777,3.4243,6.2612,16.0791,17.0306,,123.5347,-80.5894
2000-11-29,15.0428,1.0101,2.7397,4.8951,17.7866,17.9049,,124.7825,-80.3934
2000-11-30,14.7837,-1.7222,1.3172,3.4502,15.5321,20.0155,,122.6334,-80.731
2000-12-01,14.5664,-1.4697,0.868,2.0492,14.5046,18.4113,,120.8311,-81.0142
2000-12-04,14.8422,1.8933,0.7374,4.7787,17.0555,20.2472,,123.1188,-80.6548
2000-12-05,14.7252,-0.7883,-1.1223,4.5077,17.6,18.0286,,122.1483,-80.8073
2000-12-06,14.4411,-1.9296,-3.9999,0.5821,14.267,15.751,,119.7912,-81.1776
2000-12-07,14.65,1.4467,-0.9044,3.057,15.9966,16.1114,,121.5243,-80.9053
2000-12-08,14.5915,-0.3993,0.1721,0.3448,15.0027,15.8003,,121.0391,-80.9816
2000-12-11,14.3909,-1.3746,-3.0405,-1.1481,12.5359,12.9428,,119.3753,-81.243
2000-12-12,14.4494,0.4065,-1.8729,-1.2564,12.9933,11.9424,,119.8605,-81.1667
2000-12-13,14.7753,2.2556,2.3148,4.0612,16.7582,12.3705,,122.5642,-80.7419
2000-12-14,14.6667,-0.7353,0.1141,2.0349,16.0715,13.6565,,121.663,-80.8835
2000-12-15,14.6006,-0.4503,0.0628,1.3397,15.3961,12.9261,,121.1151,-80.9696
2000-12-18,14.6845,0.5741,2.0398,1.6855,15.9054,15.5839,,121.8104,-80.8604
2000-12-19,14.8269,0.9703,2.6128,2.6722,17.9638,14.4553,,122.9923,-80.6747
2000-12-20,14.8605,0.2261,0.5762,3.203,15.1676,17.2767,,123.2704,-80.631
2000-12-21,14.8102,-0.3384,0.9783,1.1512,11.0381,15.5137,,122.8532,-80.6965
2000-12-22,14.7515,-0.3961,1.0333,1.0968,11.5771,13.581,,122.3666,-80.773
2000-12-26,15.0449,1.9886,2.4543,4.1812,14.8119,14.0846,,124.8,-80.3906
2000-12-27,15.1454,0.6685,2.1481,2.7957,15.5059,14.8473,,125.6343,-80.2595
2000-12-28,15.3717,1.4942,3.4405,3.2192,15.4656,15.5421,,127.5115,-79.9646
2000-12-29,15.3215,-0.3272,3.4521,1.8527,14.6558,13.9518,,127.0943,-80.0301
2001-01-02,15.1203,-1.3129,2.5,2.2769,13.3632,12.2473,25.4257,125.4257,-80.2923
2001-01-03,14.4246,-4.6008,-4.1225,-0.9733,8.1476,6.8188,23.1222,119.6551,-81.199
2001-01-04,13.8547,-3.9512,-8.5224,-6.6534,4.7275,2.4718,16.2042,114.9272,-81.9419
2001-01-05,13.9469,0.6655,-9.2693,-5.2855,3.0166,3.8572,14.8246,115.6921,-81.8217
2001-01-08,14.0391,0.661,-8.3698,-2.7836,4.2768,3.5805,8.693,116.4568,-81.7016
2001-01-09,14.19,1.0748,-6.1529,-3.14,5.8575,4.6294,12.3827,117.7084,-81.5049
2001-01-10,14.1061,-0.5908,-2.2081,-3.3262,3.7446,6.1619,11.7187,117.013,-81.6142
2001-01-11,13.8295,-1.9607,-0.1814,-3.9008,1.8355,5.6693,8.9566,114.7187,-81.9747
2001-01-12,13.8128,-0.1212,-0.9616,-4.4059,1.0901,6.7637,8.2596,114.5796,-81.9965
2001-01-16,14.0056,1.3956,-0.2388,-5.2099,3.7702,7.6993,9.4155,116.1787,-81.7453
2001-01-17,13.8463,-1.137,-2.4218,-5.5935,1.1498,6.3387,10.0217,114.8577,-81.9528
2001-01-18,13.9553,0.7869,-1.0695,-4.4202,1.0819,7.0385,10.0907,115.7615,-81.8108
2001-01-19,13.8463,-0.7808,0.1212,-5.7077,0.3534,7.9959,10.7503,114.8577,-81.9528
2001-01-22,13.9301,0.6053,0.8495,-6.0486,2.8293,8.3681,12.6894,115.553,-81.8436
2001-01-23,14.0223,0.6619,0.1197,-5.6401,2.8122,6.8704,16.7991,116.3178,-81.7234
2001-01-24,13.972,-0.3587,0.908,-5.6593,1.3873,8.4132,17.8431,115.9006,-81.7889
2001-01-25,14.2654,2.0995,2.2222,-3.2955,3.2031,10.6179,19.2347,118.334,-81.4066
2001-01-26,14.1229,-0.9988,1.9976,-6.1281,-0.1813,8.7409,15.8788,117.1521,-81.5923
2001-01-29,14.0059,-0.8285,0.5439,-7.5241,-1.1834,6.9487,15.8632,116.1815,-81.7448
2001-01-30,14.1668,1.149,1.0305,-7.8386,1.0845,9.3595,15.0666,117.5164,-81.5351
2001-01-31,14.2044,0.265,1.6629,-7.291,-0.9511,6.1035,16.5472,117.8279,-81.4861
2001-02-01,14.3277,0.8685,0.4372,-5.2417,0.2596,7.0916,17.3204,118.8513,-81.3253
2001-02-02,14.4189,0.6364,2.0961,-0.0396,1.0159,7.173,19.6899,119.6077,-81.2065
2001-02-05,14.4082,-0.0744,2.8725,3.9952,1.715,7.8945,19.6832,119.5188,-81.2204
2001-02-06,14.4726,0.4468,2.1583,3.7692,2.7148,9.745,20.3835,120.0527,-81.1365
2001-02-07,14.4994,0.1853,2.077,3.2788,0.9884,9.4645,19.1297,120.2752,-81.1016
2001-02-08,14.4565,-0.2959,0.8986,1.8783,1.6959,13.7895,19.8371,119.9193,-81.1575
2001-02-09,14.5745,0.8163,1.0789,3.3203,0.228,12.7239,25.0198,120.8982,-81.0037
2001-02-12,14.6979,0.8465,2.0104,6.2787,0.9604,12.8786,28.543,121.9216,-80.8429
2001-02-13,14.4994,-1.3504,0.1853,4.9708,-0.9148,10.9995,26.1676,120.2752,-81.1016
2001-02-14,14.3653,-0.9248,-0.9248,2.5686,1.1734,10.1835,22.2701,119.1628,-81.2764
2001-02-15,14.2366,-0.8962,-1.5214,2.8184,-0.9576,8.0916,22.9065,118.0949,-81.4442
2001-02-16,14.2848,0.3392,-1.9875,2.3616,-0.8523,9.0787,25.2028,118.4954,-81.3812
2001-02-20,14.3546,0.4881,-2.3357,3.6707,-0.5989,10.9514,27.2919,119.0738,-81.2904
2001-02-21,14.3116,-0.299,-1.2949,2.7388,-0.8961,9.4924,24.894,118.7178,-81.3463
2001-02-22,14.2044,-0.7496,-1.1203,1.2982,-1.3535,9.0886,26.7042,117.8279,-81.4861
2001-02-23,14.0971,-0.7553,-0.9796,0.8951,-3.7191,7.5767,28.4025,116.938,-81.626
2001-02-26,14.2312,0.9513,-0.3755,-0.2396,-2.4692,9.2946,32.9323,118.0504,-81.4512
2001-02-27,14.2419,0.0753,-0.7847,0.8427,-1.379,8.9589,30.5091,118.1394,-81.4372
2001-02-28,14.2902,0.339,-0.1499,2.0299,-3.0091,9.6775,31.4502,118.5398,-81.3743
2001-03-01,14.1561,-0.9384,-0.3399,-0.0757,-4.9438,10.3404,31.4177,117.4274,-81.549
2001-03-02,14.2902,0.9473,1.3698,0.6042,-5.0028,11.8939,32.3574,118.5398,-81.3743
2001-03-05,14.2366,-0.3754,0.0376,-0.6364,-3.7009,11.2563,32.5722,118.0949,-81.4442
2001-03-06,13.9469,-2.0346,-2.0715,-3.2737,-4.253,9.6346,33.055,115.6921,-81.8217
2001-03-07,13.8557,-0.6539,-3.0406,-3.8347,-6.6466,9.2753,39.688,114.9355,-81.9406
2001-03-08,13.9737,0.8518,-1.2884,-3.447,-5.1034,11.5984,36.6572,115.9145,-81.7868
2001-03-09,14.0595,0.6142,-1.6141,-3.0336,-2.6419,11.2482,33.9182,116.6265,-81.6749
2001-03-12,13.625,-3.0905,-4.2954,-5.7514,-6.9962,7.8812,31.3331,113.0222,-82.2412
2001-03-13,13.5553,-0.5118,-2.8077,-6.993,-7.1013,6.8361,32.7804,112.4437,-82.3321
2001-03-14,13.2227,-2.4535,-4.5683,-10.0365,-8.1176,3.4007,30.262,109.6849,-82.7656
2001-03-15,13.2388,0.1217,-5.2591,-8.694,-8.3782,3.5265,22.6193,109.8184,-82.7446
2001-03-16,13.0785,-1.211,-6.9778,-8.9577,-11.4843,3.3494,16.1466,108.4886,-82.9536
2001-03-19,13.2291,1.1518,-2.9057,-7.0763,-9.8016,4.6946,17.9759,109.7381,-82.7572
2001-03-20,12.9117,-2.3993,-4.7478,-9.6124,-11.5675,2.0476,16.1778,107.1051,-83.171
2001-03-21,12.5889,-2.5,-4.7932,-12.3002,-14.2705,-0.6348,11.1958,104.4275,-83.5917
2001-03-22,12.4598,-1.0256,-5.8843,-12.9394,-15.9651,-0.8693,10.9507,103.3564,-83.76
2001-03-23,12.7557,2.3748,-2.4682,-10.1988,-14.1636,-1.1443,14.5173,105.8109,-83.3743
2001-03-26,12.9279,1.3498,-2.2772,-8.294,-12.7096,-3.0743,18.1781,107.2391,-83.1499
2001-03-27,13.2184,2.2471,2.375,-7.1169,-10.3931,-0.0193,22.4138,109.6489,-82.7713
2001-03-28,13.256,0.2848,5.2991,-6.9225,-11.89,1.1608,21.3621,109.9612,-82.7222
2001-03-29,13.2883,0.2435,6.6494,-7.011,-12.262,1.3426,18.7676,110.229,-82.6801
2001-03-30,13.2991,0.081,4.2598,-6.0541,-13.4837,-0.1035,17.2962,110.3182,-82.6661
2001-04-02,13.1215,-1.3349,1.4981,-8.178,-14.3584,-1.8069,16.3271,108.8456,-82.8975
2001-04-03,12.8794,-1.8451,-2.5641,-9.5326,-14.8202,-3.4374,9.1954,106.8374,-83.213
2001-04-04,13.0462,1.2948,-1.5828,-6.458,-9.5561,-2.1871,7.5789,108.2207,-82.9957
2001-04-05,13.1807,1.031,-0.8097,-4.8715,-4.8646,-0.3671,10.1976,109.3364,-82.8204
2001-04-06,13.1377,-0.3265,-1.2136,-5.9829,-5.8022,-2.9606,11.8574,108.9794,-82.8764
2001-04-09,13.2506,0.86,0.984,-5.7533,-5.6159,-1.5793,14.274,109.9166,-82.7292
2001-04-10,13.2345,-0.1218,2.7569,-2.8662,-6.7333,-1.2701,11.3433,109.7828,-82.7502
2001-04-11,12.9817,-1.9106,-0.4948,-4.2319,-7.9716,-4.5255,7.3407,107.6852,-83.0798
2001-04-12,13.1538,1.3261,-0.2041,-0.5211,-4.8862,-3.1403,7.5089,109.1133,-82.8554
2001-04-16,13.1538,0.0,0.1228,-0.6421,-4.7707,-3.7327,8.2438,109.1133,-82.8554
2001-04-17,13.4443,2.2086,1.4616,2.7972,-4.0072,-0.3881,16.361,111.5232,-82.4768
2001-04-18,13.3152,-0.9603,0.6097,0.6507,-3.8357,-2.73,12.0222,110.4522,-82.645
2001-04-19,13.2614,-0.4041,2.155,2.7083,-4.9721,-3.944,10.8722,110.0058,-82.7152
2001-04-20,13.1161,-1.0953,-0.2863,4.188,-5.2734,-4.9386,8.3784,108.8009,-82.9045
2001-04-23,13.1807,0.4922,0.2045,5.7858,-5.3798,-2.7027,8.9866,109.3364,-82.8204
2001-04-24,12.9386,-1.8367,-3.7615,1.434,-7.7285,-5.1336,4.1242,107.3282,-83.1359
2001-04-25,13.2829,2.6611,-0.2424,2.7465,-4.932,-3.6131,7.3976,110.1844,-82.6871
2001-04-26,13.4067,0.9316,1.0954,1.4245,-6.0195,-3.0093,9.6501,111.2108,-82.5258
2001-04-27,13.482,0.5618,2.7892,1.7046,-4.5381,-4.7112,10.2661,111.8356,-82.4277
2001-04-30,13.5573,0.5587,2.8572,2.0243,-3.2028,-4.3483,14.1387,112.4604,-82.3295
2001-05-01,13.7079,1.1111,5.9459,3.0744,-3.2391,-2.1898,13.9723,113.7099,-82.1332
2001-05-02,13.6272,-0.5887,2.5921,3.854,-4.063,-4.9755,12.9893,113.0405,-82.2383
2001-05-03,13.5573,-0.5132,1.1236,5.2632,-5.3772,-5.1315,12.4094,112.4604,-82.3295
2001-05-04,13.6757,0.873,1.4365,4.8248,-5.1548,-4.1912,13.3907,113.4421,-82.1752
2001-05-07,13.6703,-0.0393,0.8333,3.7143,-5.1215,-3.4944,10.7527,113.3976,-82.1822
2001-05-08,13.6219,-0.3542,-0.6279,3.6856,-5.8781,-3.3228,8.1053,112.9959,-82.2453
2001-05-09,13.6918,0.5134,0.4737,3.3293,-5.5698,-4.6365,8.1612,113.576,-82.1542
2001-05-10,13.6219,-0.5108,0.4762,2.9268,-5.7733,-4.1753,8.3195,112.9959,-82.2453
2001-05-11,13.5465,-0.5529,-0.9441,4.3515,-7.0531,-6.8411,7.8631,112.3711,-82.3435
2001-05-14,13.6649,0.8736,-0.0394,3.8855,-7.028,-6.1351,10.2638,113.3529,-82.1893
2001-05-15,13.5842,-0.5905,-0.2765,3.272,-6.3119,-7.169,6.9602,112.6835,-82.2944
2001-05-16,13.9985,3.0495,2.2397,4.1217,-2.5537,-1.4103,10.7289,116.1198,-81.7545
2001-05-17,14.0684,0.4996,3.278,5.6565,-1.1812,-2.1275,10.9178,116.6999,-81.6634
2001-05-18,13.9931,-0.5354,3.2962,5.5173,-2.0425,-2.8773,10.5411,116.0751,-81.7615
2001-05-21,13.9823,-0.0769,2.3229,6.6038,-2.5933,-3.1767,9.6646,115.9859,-81.7755
2001-05-22,13.8424,-1.0004,1.901,5.0204,-3.2785,-4.1453,8.9223,114.8256,-81.9579
2001-05-23,13.7187,-0.8939,-1.9985,6.0291,-3.4192,-4.7264,8.516,113.7992,-82.1191
2001-05-24,13.7779,0.4313,-2.065,3.7262,-2.2644,-5.8993,6.6713,114.29,-82.042
2001-05-25,13.6649,-0.82,-2.3452,1.9261,-3.9793,-6.3502,6.0695,113.3529,-82.1893
2001-05-29,13.7779,0.8268,-1.4621,2.1947,-3.2583,-4.5923,6.6027,114.29,-82.042
2001-05-30,13.8532,0.5467,0.0778,2.1825,-3.058,-5.9751,7.8091,114.9149,-81.9438
2001-05-31,13.7564,-0.699,0.2745,0.3532,-2.8237,-7.6279,8.1037,114.1116,-82.0701
2001-06-01,13.9393,1.3297,1.1714,2.2898,-2.4557,-7.3357,9.2558,115.6289,-81.8316
2001-06-04,13.9608,0.1543,2.1653,2.9761,-1.937,-5.5663,13.3351,115.8073,-81.8036
2001-06-05,14.1061,1.0405,2.3819,3.1472,1.1412,-3.1604,14.669,117.0124,-81.6143
2001-06-06,13.8801,-1.6018,0.1942,1.5348,0.1762,-6.4822,12.4526,115.138,-81.9088
2001-06-07,13.9769,0.6977,1.6034,2.6066,0.0231,-5.0815,12.0309,115.9413,-81.7826
2001-06-08,13.8962,-0.5774,-0.3088,1.4931,-1.1615,-3.7727,11.384,115.2718,-81.8877
2001-06-11,13.7026,-1.3937,-1.8497,0.5924,0.569,-6.467,8.6024,113.6653,-82.1402
2001-06-12,13.864,1.1779,-1.7163,2.3431,2.277,-4.9859,10.0265,115.0041,-81.9298
2001-06-13,13.7564,-0.7761,-0.8915,0.6693,4.0358,-4.4094,7.9627,114.1116,-82.0701
2001-06-14,13.7456,-0.0783,-1.6552,1.1881,3.828,-4.8709,6.4898,114.0223,-82.0841
2001-06-15,13.6652,-0.585,-1.6627,-2.3808,4.4859,-7.5135,3.9275,113.3552,-82.1889
2001-06-18,13.7084,0.3159,0.0423,-2.5592,3.6225,-6.5341,6.2301,113.7134,-82.1326
2001-06-19,13.7515,0.315,-0.8109,-1.7261,6.5043,-5.8156,6.3588,114.0715,-82.0763
2001-06-20,13.8271,0.5495,0.5142,-1.1101,9.8354,-5.8386,8.8354,114.6983,-81.9779
2001-06-21,13.9458,0.8587,1.4567,0.7469,11.9265,-5.9427,7.6536,115.6832,-81.8231
2001-06-22,13.5572,-2.7864,-0.7899,-1.1769,6.2838,-8.7698,6.9918,112.4598,-82.3296
2001-06-25,13.4871,-0.5175,-1.6142,-2.1106,4.3256,-8.9337,5.194,111.8779,-82.421
2001-06-26,13.4871,0.0,-1.9231,-1.3013,2.0328,-8.5715,3.8454,111.8779,-82.421
2001-06-27,13.3845,-0.7603,-3.2006,-2.8548,0.9695,-11.0358,1.4944,111.0272,-82.5547
2001-06-28,13.4709,0.6452,-3.4056,-2.7597,1.374,-11.0565,2.1492,111.7436,-82.4421
2001-06-29,13.1201,-2.6042,-3.2245,-4.6253,-1.3458,-14.6481,-1.3826,108.8335,-82.8994
2001-07-02,13.4223,2.3036,-0.4802,-3.7086,2.2923,-12.3952,-0.1728,111.3407,-82.5054
2001-07-03,13.3144,-0.8043,-1.2805,-4.6302,3.377,-11.9437,-1.1592,110.4452,-82.6461
2001-07-05,13.2334,-0.608,-1.129,-6.1862,1.435,-8.2582,-2.0025,109.7737,-82.7516
2001-07-06,13.0769,-1.1827,-2.9247,-5.7866,-0.7875,-5.6138,-3.2808,108.4754,-82.9556
2001-07-09,13.2766,1.5271,1.193,-5.0106,1.0575,-4.806,-1.1342,110.1319,-82.6954
2001-07-10,13.1687,-0.813,-1.8898,-5.2357,-0.6187,-6.1999,-2.8414,109.2365,-82.8361
2001-07-11,13.0985,-0.5328,-1.6214,-4.4084,-1.0278,-7.6918,-3.4185,108.6545,-82.9275
2001-07-12,13.0175,-0.6181,-1.6314,-6.1052,0.2764,-7.7172,-2.0308,107.9829,-83.033
2001-07-13,13.1147,0.7464,0.2889,-4.6645,-0.2974,-5.1691,0.2072,108.7888,-82.9064
2001-07-16,13.0175,-0.7408,-1.9513,-5.2967,-1.036,-5.7573,0.617,107.9829,-83.033
2001-07-17,13.2118,1.4926,0.3278,-3.3175,-1.7292,-5.6672,1.5958,109.5946,-82.7798
2001-07-18,13.5896,2.8595,3.7495,-0.8661,2.0609,-1.8538,4.3674,112.7285,-82.2874
2001-07-19,13.4601,-0.9531,3.3998,-2.1193,1.4983,-3.5482,3.2406,111.6541,-82.4562
2001-07-20,13.6436,1.3632,4.0329,-1.3271,4.0213,-1.4641,6.4147,113.1761,-82.217
2001-07-23,13.3252,-2.3338,2.3633,-4.4504,1.096,-4.3427,3.662,110.5348,-82.6321
2001-07-24,13.2226,-0.7696,0.0817,-2.4682,2.1951,-5.703,0.7756,109.6842,-82.7657
2001-07-25,13.3198,0.7348,-1.9856,-1.2404,0.2775,-4.6682,3.3523,110.4901,-82.6391
2001-07-26,13.3252,0.0405,-1.0024,-1.2005,-0.6079,-6.5908,3.3273,110.5348,-82.6321
2001-07-27,13.3252,0.0,-2.3338,-0.4435,-1.1631,-5.6484,2.5988,110.5348,-82.6321
2001-07-30,13.4925,1.2556,1.2556,0.1603,-0.4781,-3.6657,3.0284,111.9227,-82.414
2001-07-31,13.5195,0.1999,2.2449,3.044,-1.375,-4.5695,4.3623,112.1465,-82.3788
2001-08-01,13.5195,0.0,1.4991,0.7237,-0.7909,-4.8218,0.9874,112.1465,-82.3788
2001-08-02,13.4385,-0.5988,0.8505,0.9323,-0.8763,-6.2064,0.4451,111.4749,-82.4843
2001-08-03,13.5357,0.7229,1.5796,2.2839,-1.0237,-6.1258,0.6078,112.2808,-82.3577
2001-08-06,13.4655,-0.5184,-0.2001,2.9715,-1.4981,-6.5429,0.8351,111.6988,-82.4492
2001-08-07,13.4925,0.2005,-0.1995,1.626,-0.9498,-6.7721,2.3129,111.9227,-82.414
2001-08-08,13.4385,-0.4,-0.5988,2.0491,-1.85,-7.3168,1.4553,111.4749,-82.4843
2001-08-09,13.4817,0.3213,0.3213,2.9254,-1.0291,-6.743,6.1166,111.8331,-82.4281
2001-08-10,13.5303,0.3603,-0.0399,3.9388,-0.1202,-7.1648,4.6474,112.236,-82.3647
2001-08-13,13.649,0.8775,1.3628,4.0741,-0.1164,-7.1362,4.8233,113.221,-82.21
2001-08-14,13.6274,-0.1582,1.0,4.685,0.318,-6.014,4.324,113.0419,-82.2381
2001-08-15,13.6004,-0.198,1.2048,2.9412,-2.8434,-5.3245,4.3168,112.818,-82.2733
2001-08-16,13.7353,0.9921,1.8815,1.0723,-2.3673,-3.5206,4.2862,113.9372,-82.0974
2001-08-17,13.7407,0.0393,1.5556,2.085,-1.8032,-3.8089,4.9241,113.982,-82.0904
2001-08-20,13.7245,-0.1179,0.5535,0.5934,-1.8435,-4.389,6.0817,113.8477,-82.1115
2001-08-21,13.8487,0.9045,1.6238,3.9287,0.0451,-3.2349,5.9504,114.8774,-81.9497
2001-08-22,13.908,0.4287,2.2619,5.1837,1.3802,-2.0861,6.8128,115.3699,-81.8723
2001-08-23,13.8649,-0.3105,0.943,4.0923,0.6314,-1.6473,5.8047,115.0117,-81.9286
2001-08-24,14.0322,1.2067,2.121,5.3058,2.6878,-1.3984,7.7662,116.3996,-81.7105
2001-08-27,14.0052,-0.1923,2.0449,5.1033,1.6499,-1.6621,7.1479,116.1757,-81.7457
2001-08-28,13.8379,-1.1947,-0.078,2.5599,-0.1106,-3.1652,6.206,114.7878,-81.9638
2001-08-29,13.6274,-1.521,-2.0179,0.7984,-0.9374,-3.7347,6.2195,113.0419,-82.2381
2001-08-30,13.6868,0.4357,-1.2845,1.2376,-1.8114,-4.2226,7.1691,113.5344,-82.1607
2001-08-31,13.5842,-0.7493,-3.1924,1.0843,-2.6973,-4.5821,6.1585,112.6837,-82.2944
2001-09-04,13.6004,0.1192,-2.8902,0.4785,-3.5845,-2.4842,6.9111,112.818,-82.2733
2001-09-05,14.0861,3.5714,1.7941,4.6093,1.4845,1.6633,11.0929,116.8472,-81.6402
2001-09-06,13.6544,-3.0652,0.198,1.1999,-2.3077,-2.2852,9.0482,113.2657,-82.203
2001-09-07,13.4385,-1.581,-1.8139,0.0,-3.2939,-4.4171,6.3342,111.4749,-82.4843
2001-09-10,13.7353,2.2088,1.1125,1.8815,0.2393,0.8096,8.7547,113.9372,-82.0974
2001-09-17,13.7245,-0.0786,0.9127,1.4359,-1.0056,1.2486,8.17,113.8477,-82.1115
2001-09-18,13.5572,-1.219,-3.7548,-0.6722,-1.4475,2.5299,6.0166,112.4598,-82.3296
2001-09-19,13.3845,-1.2739,-1.9763,-1.7822,-2.6267,1.1008,4.6661,111.0272,-82.5547
2001-09-20,13.1147,-2.0161,-2.4096,-3.5714,-4.0284,0.2768,3.6354,108.7888,-82.9064
2001-09-21,12.7287,-2.9435,-7.3292,-7.3292,-7.1467,-3.7831,0.7339,105.5866,-83.4096
2001-09-24,12.9019,1.3612,-5.9938,-6.1046,-6.1783,-0.0759,1.9702,107.0238,-83.1837
2001-09-25,12.9669,0.5035,-4.3545,-5.5205,-6.2212,3.0023,2.3485,107.5627,-83.099
2001-09-26,13.1889,1.7119,-1.462,-4.7645,-5.4279,5.8513,4.9311,109.4041,-82.8097
2001-09-27,13.4487,1.9705,2.5472,-3.3025,-0.8003,5.4332,4.2267,111.5598,-82.471
2001-09-28,13.5679,0.8857,6.593,-2.1422,0.5989,4.9505,1.7239,112.5479,-82.3157
2001-10-01,13.6815,0.8379,6.0427,-2.4988,1.4419,3.504,3.4841,113.491,-82.1676
2001-10-02,13.779,0.7123,6.263,-1.6151,2.9472,3.9452,5.1518,114.2994,-82.0405
2001-10-03,13.6653,-0.8251,3.6126,-1.2471,1.4433,2.8371,4.2178,113.3563,-82.1887
2001-10-04,13.6166,-0.3566,1.248,-0.0794,3.7843,2.3875,2.2815,112.9521,-82.2522
2001-10-05,13.7628,1.0735,1.4365,0.5551,2.5363,4.8868,2.9916,114.1647,-82.0617
2001-10-08,13.7357,-0.1966,0.3958,1.1151,3.1644,6.6483,2.9823,113.9402,-82.097
2001-10-09,13.6653,-0.5124,-0.8251,0.4772,3.2636,4.7455,2.4546,113.3563,-82.1887
2001-10-10,13.8331,1.2281,1.2281,-1.7962,5.783,4.9499,4.5646,114.7485,-81.97
2001-10-11,13.7357,-0.7044,0.8748,0.5955,3.4579,4.552,1.4567,113.9402,-82.097
2001-10-12,13.7249,-0.0788,-0.2753,2.1309,4.2237,3.5789,1.9431,113.8504,-82.1111
2001-10-15,13.7844,0.4338,0.3547,0.3573,5.2366,4.1551,2.8321,114.3443,-82.0335
2001-10-16,13.7086,-0.5499,0.3169,-0.1161,5.3089,5.5999,0.821,113.7155,-82.1323
2001-10-17,13.5949,-0.8293,-1.722,0.278,3.6618,3.3535,0.1079,112.7725,-82.2805
2001-10-18,13.6978,0.7566,-0.276,2.3404,5.2257,4.1355,0.2485,113.6257,-82.1464
2001-10-19,13.8602,1.1858,0.9861,5.6847,4.9076,3.0935,2.6934,114.9731,-81.9347
2001-10-22,13.9956,0.9766,1.5318,9.9532,2.9872,5.1096,2.2402,116.0959,-81.7583
2001-10-23,13.8169,-1.2766,0.7899,7.0918,2.6508,4.1888,0.0796,114.6138,-81.9911
2001-10-24,13.7898,-0.1959,1.4337,6.3466,1.0719,5.1363,-0.0559,114.3893,-82.0264
2001-10-25,13.9198,0.9422,1.6206,5.5419,4.4622,5.6071,2.7529,115.4671,-81.8571
2001-10-26,13.871,-0.35,0.0781,3.1401,4.9039,7.2066,1.703,115.0629,-81.9206
2001-10-29,13.7844,-0.6245,-1.5087,1.5961,3.4883,3.7754,0.0259,114.3443,-82.0335
2001-10-30,13.6382,-1.0604,-1.293,-0.3165,2.3494,1.7273,-1.3339,113.1318,-82.224
2001-10-31,13.4812,-1.1513,-2.238,-2.1611,1.1711,-0.0056,-4.7166,111.8293,-82.4287
2001-11-01,13.7952,2.3293,-0.8946,0.9508,2.2439,1.7551,-2.6696,114.4341,-82.0194
2001-11-02,13.7736,-0.157,-0.7026,1.1531,1.8797,0.4789,-1.7213,114.2545,-82.0476
2001-11-05,13.8007,0.1966,0.1179,0.2754,2.08,1.2726,-3.7662,114.4791,-82.0123
2001-11-06,13.8277,0.1962,1.3894,0.6701,2.8964,1.9947,-3.2392,114.7036,-81.977
2001-11-07,13.844,0.1174,2.6908,1.3074,2.2778,1.2308,-3.0121,114.8383,-81.9559
2001-11-08,13.714,-0.9386,-0.5887,-0.861,1.8458,0.3201,-3.1855,113.7605,-82.1252
2001-11-09,13.7465,0.2368,-0.1966,0.0788,1.8828,0.9151,-2.4382,114.0299,-82.0829
2001-11-12,13.7682,0.1575,-0.2354,0.3155,2.4531,0.5578,-4.1046,114.2096,-82.0547
2001-11-13,13.7682,0.0,-0.4307,-0.1178,2.125,1.074,-3.1461,114.2096,-82.0547
2001-11-14,13.6978,-0.5112,-1.0559,-0.079,1.2382,1.1164,-5.8011,113.6257,-82.1464
2001-11-15,13.779,0.5929,0.4737,1.354,0.9525,0.8351,-5.3513,114.2994,-82.0405
2001-11-16,13.9035,0.9037,1.1422,1.502,2.0262,2.3507,-4.9868,115.3324,-81.8782
2001-11-19,13.9414,0.2726,1.2584,0.5859,2.5073,-0.4074,-1.8119,115.6467,-81.8288
2001-11-20,13.9252,-0.1165,1.1404,-0.5029,1.3822,-1.0179,-3.1237,115.512,-81.85
2001-11-21,14.1039,1.283,2.9645,2.0768,2.6426,0.7917,-2.1084,116.9941,-81.6171
2001-11-23,14.1472,0.3071,2.6719,2.5913,3.0793,1.179,-2.0351,117.3534,-81.5607
2001-11-26,14.158,0.0765,1.8302,1.7114,2.2335,2.2797,-1.9601,117.4432,-81.5466
2001-11-27,14.001,-1.109,0.4272,0.9368,0.6682,2.0577,-2.766,116.1408,-81.7512
2001-11-28,13.8331,-1.1988,-0.661,0.3535,-0.2288,0.4011,-5.5218,114.7485,-81.97
2001-11-29,14.0984,1.9179,-0.0384,3.3743,0.4722,3.1727,-3.3789,116.9492,-81.6242
2001-11-30,14.0768,-0.1536,-0.4975,4.4177,0.5111,2.1695,-2.5225,116.7695,-81.6524
2001-12-03,14.0714,-0.0385,-0.6119,2.0016,1.6873,1.5749,-4.4944,116.7246,-81.6595
2001-12-04,14.0768,0.0385,0.5414,2.2013,3.2976,2.3293,-5.4763,116.7695,-81.6524
2001-12-05,13.9468,-0.923,0.822,1.0593,1.9002,0.0544,-7.2853,115.6917,-81.8218
2001-12-06,13.9144,-0.2329,-1.3057,0.6265,2.4303,-0.3325,-5.8803,115.4222,-81.8641
2001-12-07,13.9793,0.4669,-0.6923,0.9777,2.786,-0.8984,-4.0303,115.9612,-81.7794
2001-12-10,13.7086,-1.9365,-2.5779,-0.0395,-2.6802,-1.2355,-7.6375,113.7155,-82.1323
2001-12-11,13.5624,-1.0663,-3.6539,-1.3391,-0.6734,-2.9656,-7.8964,112.5029,-82.3228
2001-12-12,13.5895,0.1996,-2.5621,-1.2976,1.1237,-2.2072,-5.8967,112.7275,-82.2875
2001-12-13,13.4542,-0.996,-3.3074,-2.2807,-2.0472,-1.8128,-8.1626,111.6047,-82.4639
2001-12-14,13.4,-0.4024,-4.1441,-2.1739,-2.3646,-3.3464,-8.1655,111.1556,-82.5345
2001-12-17,13.7411,2.5455,0.237,-0.275,1.3562,-0.1109,-4.5154,113.9851,-82.0899
2001-12-18,13.6653,-0.5516,0.7586,-1.7133,2.0978,-0.584,-5.4265,113.3563,-82.1887
2001-12-19,13.8331,1.2281,1.7928,-0.7767,5.4782,1.2291,-6.3768,114.7485,-81.97
2001-12-20,13.8548,0.1566,2.9779,-0.5054,8.8474,1.0683,-5.5356,114.9282,-81.9417
2001-12-21,13.9961,1.0196,4.4482,-0.7642,8.4806,1.7783,-4.1407,116.1,-81.7576
2001-12-24,13.9906,-0.0389,1.8159,-1.1065,7.8951,1.1828,-4.7249,116.0549,-81.7647
2001-12-26,14.0287,0.2718,2.6589,-0.9135,6.3675,0.594,-5.384,116.3704,-81.7151
2001-12-27,13.9417,-0.6196,0.785,-0.4232,3.6658,2.8361,-6.1824,115.6493,-81.8284
2001-12-28,13.882,-0.4287,0.196,0.353,2.3151,2.9279,-6.2674,115.1535,-81.9063
2001-12-31,13.8005,-0.5871,-1.3975,-2.1135,0.8692,2.3236,-6.4471,114.4775,-82.0126
2002-01-02,13.7516,-0.3543,-1.7087,-2.3102,-0.1991,2.7422,-8.5962,114.0719,-82.0763
2002-01-03,13.7081,-0.3162,-2.2851,-2.5816,0.3131,1.7609,-9.4903,113.7112,-82.133
2002-01-04,13.6701,-0.2774,-1.9486,-2.8892,0.3928,4.192,-11.0702,113.3958,-82.1825
2002-01-07,13.5668,-0.7551,-2.27,-2.7247,-1.4235,1.0767,-11.452,112.5395,-82.3171
2002-01-08,13.4962,-0.5207,-2.2048,-3.0052,-1.7436,1.3657,-10.7412,111.9535,-82.4091
2002-01-09,13.5451,0.3623,-1.5014,-3.1062,-0.8797,2.3553,-6.0974,112.3592,-82.3454
2002-01-10,13.5668,0.1605,-1.0305,-1.0342,-1.9251,3.7466,-2.0776,112.5395,-82.3171
2002-01-11,13.5994,0.2403,-0.5167,0.2729,-0.992,2.4317,-2.4912,112.8099,-82.2746
2002-01-14,13.7081,0.799,1.0412,0.8726,-0.1222,4.0964,-2.3575,113.7112,-82.133
2002-01-15,13.7244,0.119,1.6909,2.0087,-0.4353,4.7785,-3.2809,113.8465,-82.1117
2002-01-16,13.594,-0.9501,0.361,1.4477,-0.836,4.4285,-3.6305,112.7648,-82.2817
2002-01-17,13.719,0.9193,1.1214,-0.1611,0.9125,4.6077,-0.7995,113.8015,-82.1188
2002-01-18,13.6646,-0.3961,0.4794,-0.005,-0.242,4.971,-1.0725,113.3507,-82.1896
2002-01-22,13.8168,1.1133,0.7927,-0.1184,-0.3135,4.5787,-1.348,114.6127,-81.9913
2002-01-23,13.8657,0.3539,1.0293,0.0784,-0.9282,2.0313,0.1398,115.0183,-81.9276
2002-01-24,13.6646,-1.4499,0.5196,-2.3681,-1.102,1.5196,-2.0826,113.3507,-82.1896
2002-01-25,13.6375,-0.1988,-0.5941,-2.5243,-1.1049,-0.0449,-1.5083,113.1254,-82.225
2002-01-28,13.6375,0.0,-0.1988,-2.7885,-2.028,2.3436,-2.1009,113.1254,-82.225
2002-01-29,13.469,-1.2351,-2.5167,-3.3905,-2.8982,1.8636,-3.9458,111.7282,-82.4445
2002-01-30,13.632,1.2102,-1.6849,-1.8003,-1.1054,2.3443,-2.4333,113.0804,-82.2321
2002-01-31,13.7081,0.5579,0.3181,-0.6694,0.5122,2.8737,-3.9065,113.7112,-82.133
2002-02-01,13.719,0.0793,0.5976,-0.2371,1.7636,2.9553,-2.8601,113.8015,-82.1188
2002-02-04,13.5723,-1.0693,-0.4781,-0.9908,-1.6163,0.5914,-3.096,112.5845,-82.31
2002-02-05,13.7298,1.1609,1.9363,0.4372,-0.3177,1.5561,-3.0845,113.8916,-82.1046
2002-02-06,13.6646,-0.4749,0.2391,0.7208,-0.9857,1.0738,-3.7998,113.3507,-82.1896
2002-02-07,13.5179,-1.0735,-1.3872,0.1611,-2.2404,0.5911,-5.652,112.1338,-82.3808
2002-02-08,13.5505,0.2412,-1.2277,0.0402,-2.1195,0.11,-6.0225,112.4043,-82.3383
2002-02-11,13.7679,1.6038,1.4412,1.4818,0.3925,2.2456,-4.4442,114.2071,-82.055
2002-02-12,13.7624,-0.0394,0.2375,1.1986,0.1158,2.0008,-4.9068,114.162,-82.0621
2002-02-13,13.8494,0.6316,1.3519,1.0306,0.5898,3.0574,-4.4831,114.8831,-81.9488
2002-02-14,13.8494,0.0,2.4518,0.9105,0.5898,2.7273,-4.1996,114.8831,-81.9488
2002-02-15,13.8548,0.0393,2.2454,1.9185,1.1463,2.3987,-4.938,114.9282,-81.9417
2002-02-19,13.6809,-1.255,-0.6314,-0.2773,-0.7117,0.234,-6.9189,113.4859,-82.1684
2002-02-20,13.958,2.0254,1.4212,2.1471,0.392,2.4262,-3.7337,115.7845,-81.8072
2002-02-21,13.7842,-1.2456,-0.4708,-0.2359,-1.128,1.3511,-4.0454,114.3423,-82.0338
2002-02-22,14.0124,1.6556,1.177,1.058,0.6261,2.0169,-1.5747,116.2353,-81.7364
2002-02-25,14.0341,0.1551,1.2941,2.7038,-0.4946,2.135,-1.7552,116.4155,-81.708
2002-02-26,14.0287,-0.0387,2.5417,2.8685,-0.8377,2.2159,-2.2703,116.3704,-81.7151
2002-02-27,14.045,0.1162,0.6228,2.9881,-0.7983,1.4174,-1.8634,116.5056,-81.6939
2002-02-28,13.9961,-0.3481,1.5373,3.9129,-0.0351,0.6329,-1.4664,116.1,-81.7576
2002-03-01,14.2623,1.9021,1.7836,4.6233,3.1024,2.8664,1.1719,118.3084,-81.4106
2002-03-04,14.2677,0.0381,1.6647,4.0825,1.2007,1.6786,0.2567,118.3535,-81.4035
2002-03-05,14.0178,-1.7518,-0.0775,2.1781,-0.4191,0.0899,-1.5737,116.2802,-81.7293
2002-03-06,14.1319,0.814,0.619,4.1233,0.4302,2.1247,-1.1077,117.2268,-81.5806
2002-03-07,14.1265,-0.0384,0.9316,2.8888,0.3529,3.6622,-0.2093,117.1817,-81.5877
2002-03-08,14.0776,-0.3462,-1.2952,3.0219,0.9373,2.8552,-1.4879,116.7761,-81.6514
2002-03-11,14.0776,0.0,-1.3328,4.1399,1.1729,3.6317,-1.1167,116.7761,-81.6514
2002-03-12,14.0721,-0.0386,0.3877,3.8492,0.6638,3.4684,0.898,116.731,-81.6585
2002-03-13,14.1808,0.7722,0.346,2.9992,3.4444,0.672,2.3464,117.6324,-81.5168
2002-03-14,14.1428,-0.2682,0.1154,2.7635,4.279,3.5768,1.2099,117.3169,-81.5664
2002-03-15,14.4016,1.8301,2.3017,3.9873,5.9758,7.1666,2.4329,119.4639,-81.2291
2002-03-18,14.358,-0.3027,1.9921,3.6726,6.718,4.5333,5.3796,119.1023,-81.2859
2002-03-19,14.4125,0.3795,2.4187,4.0252,7.5558,5.0125,6.3236,119.5543,-81.2149
2002-03-20,14.1291,-1.966,-0.3643,3.2761,2.8239,4.2184,6.855,117.2038,-81.5842
2002-03-21,14.2381,0.7713,0.6742,2.0067,4.1917,6.3774,7.5483,118.1079,-81.4421
2002-03-22,14.2545,0.1148,-1.0216,3.4119,3.0458,8.6909,8.9917,118.2435,-81.4208
2002-03-25,14.1128,-0.9939,-1.7078,0.7167,1.8621,10.8742,6.6797,117.0683,-81.6055
2002-03-26,14.2218,0.7722,-1.3233,1.3373,1.6126,10.2299,10.1463,117.9723,-81.4634
2002-03-27,14.1782,-0.3065,0.3472,1.0659,1.3406,9.3415,12.6243,117.6107,-81.5202
2002-03-28,14.2218,0.3074,-0.1148,1.2589,1.3765,7.8317,14.1412,117.9723,-81.4634
2002-04-01,14.1945,-0.1915,-0.4205,1.418,1.8132,5.5455,11.28,117.7463,-81.4989
2002-04-02,14.0964,-0.6911,-0.1159,-1.1629,1.545,3.8959,9.0392,116.9326,-81.6268
2002-04-03,14.1074,0.0774,-0.8046,-1.1241,2.2237,3.1123,6.7253,117.0231,-81.6126
2002-04-04,13.9439,-1.1587,-1.6526,-0.5272,1.3984,1.1966,5.189,115.6671,-81.8256
2002-04-05,13.8294,-0.8207,-2.7586,-2.1402,0.8853,1.2011,4.0723,114.7179,-81.9748
2002-04-08,13.873,0.3152,-2.2649,-1.794,1.4848,1.8834,4.3159,115.0794,-81.918
2002-04-09,13.8621,-0.0785,-1.6621,-1.5302,2.1767,0.7221,5.6442,114.9891,-81.9322
2002-04-10,14.091,1.6509,-0.1159,0.0954,4.4071,2.5867,9.4069,116.8875,-81.6339
2002-04-11,13.9003,-1.3534,-0.3127,-1.2212,2.6222,1.7195,6.5466,115.3055,-81.8825
2002-04-12,13.9766,0.5488,1.0638,-1.4402,3.0201,1.0368,6.0381,115.9383,-81.783
2002-04-15,13.9657,-0.078,0.6677,-1.2522,2.693,1.6743,6.3025,115.8479,-81.7972
2002-04-16,14.1128,1.0535,1.8082,-2.0053,2.9523,2.8264,6.5065,117.0683,-81.6055
2002-04-17,13.9057,-1.4672,-1.3148,-3.15,1.3212,0.8801,5.0717,115.3506,-81.8754
2002-04-18,14.0474,1.0188,1.0584,-2.5331,3.3353,2.4714,8.2097,116.5259,-81.6907
2002-04-19,14.0747,0.194,0.7018,-0.3856,2.5926,3.5287,7.0006,116.7519,-81.6552
2002-04-22,13.9929,-0.5807,0.1951,-1.7221,2.4025,2.1546,6.3792,116.0739,-81.7617
2002-04-23,13.8785,-0.8177,-1.6602,-2.6376,0.4468,0.1319,3.2294,115.1247,-81.9109
2002-04-24,13.8185,-0.4319,-0.6269,-2.085,-0.3398,-1.2648,3.7802,114.6275,-81.989
2002-04-25,13.8621,0.3155,-1.3188,-2.5287,1.4454,0.3275,4.53,114.9891,-81.9322
2002-04-26,13.775,-0.629,-2.1294,-2.844,1.0082,-0.1079,5.0229,114.2658,-82.0458
2002-04-29,13.6333,-1.0285,-2.5701,-4.1379,-0.0307,-2.0581,3.4336,113.0906,-82.2305
2002-04-30,13.6932,0.4397,-1.3349,-3.5317,1.6645,-1.2819,5.8323,113.5879,-82.1523
2002-05-01,13.8894,1.4325,0.5126,-1.4688,1.8878,0.7615,4.5657,115.2151,-81.8967
2002-05-02,13.8894,0.0,0.1965,-1.545,1.3225,1.8415,3.6006,115.2151,-81.8967
2002-05-03,13.7586,-0.9415,-0.1187,-1.3287,0.2889,2.0576,2.0518,114.1303,-82.0671
2002-05-06,13.6605,-0.7129,0.1999,-1.2214,0.6503,-0.9765,0.7614,113.3167,-82.195
2002-05-07,13.4698,-1.3961,-1.6316,-2.9065,-1.8939,-2.2055,-1.7371,111.7346,-82.4435
2002-05-08,13.715,1.8204,-1.2554,-1.0613,0.3687,-0.6206,0.6442,113.7687,-82.1239
2002-05-09,13.5733,-1.033,-2.2754,-3.6737,0.4099,-1.8397,0.1183,112.5934,-82.3086
2002-05-10,13.5461,-0.2007,-1.5446,-2.5481,-0.0328,-2.1517,-0.9474,112.3674,-82.3441
2002-05-13,13.6823,1.0057,0.1595,-2.1053,-0.6213,-0.2312,0.0881,113.4974,-82.1665
2002-05-14,13.7368,0.3982,1.9822,-1.6387,-0.1862,-0.0706,0.8438,113.9494,-82.0955
2002-05-15,13.5352,-1.4676,-1.3111,-4.0927,-2.2684,-1.692,-1.1437,112.2771,-82.3583
2002-05-16,13.5516,0.1208,-0.1605,-2.547,-2.1504,-1.5733,-0.5162,112.4127,-82.337
2002-05-17,13.7096,1.166,1.2068,-2.405,-1.0483,0.086,1.2034,113.7235,-82.131
2002-05-20,13.6442,-0.4769,-0.2787,-3.0584,-0.2686,-0.9784,-0.1515,113.1811,-82.2163
2002-05-21,13.5298,-0.8387,-1.5073,-3.31,-3.0683,-2.6883,-0.4007,112.2319,-82.3654
2002-05-22,13.6496,0.886,0.8454,-1.6491,-0.976,-2.093,-2.4918,113.2263,-82.2092
2002-05-23,13.6932,0.3194,1.0454,-0.9069,-2.2776,-1.6657,-2.6667,113.5879,-82.1523
2002-05-24,13.5352,-1.154,-1.2718,-2.3585,-3.5549,-4.0318,-3.272,112.2771,-82.3583
2002-05-28,13.4862,-0.3623,-1.1582,-2.0965,-3.8671,-4.6723,-3.5484,111.8703,-82.4222
2002-05-29,13.5298,0.3233,0.0,-0.7593,-3.6683,-4.4373,-2.2588,112.2319,-82.3654
2002-05-30,13.4698,-0.4431,-1.3174,-1.6316,-3.7601,-3.7938,-1.8142,111.7346,-82.4435
2002-05-31,13.5407,0.526,-1.1142,-2.5107,-5.0597,-2.1143,-1.7217,112.3223,-82.3512
2002-06-03,13.2301,-2.2938,-2.2545,-4.747,-7.2728,-6.1594,-3.1821,109.7458,-82.756
2002-06-04,13.2137,-0.1236,-2.0202,-3.9604,-5.7361,-6.1311,-4.0947,109.6102,-82.7773
2002-06-05,13.3663,1.1546,-1.2083,-2.154,-5.4176,-5.0108,-3.5148,110.8758,-82.5785
2002-06-06,13.0666,-2.2421,-2.9935,-2.9935,-7.5027,-7.1763,-5.0141,108.3899,-82.9691
2002-06-07,13.0666,0.0,-3.501,-4.7278,-7.1814,-6.3115,-6.2605,108.3899,-82.9691
2002-06-10,13.2137,1.1259,-0.1236,-2.6495,-6.1364,-5.0354,-5.3512,109.6102,-82.7773
2002-06-11,12.8595,-2.6804,-2.6804,-5.0684,-8.617,-8.0104,-8.8368,106.6722,-83.239
2002-06-12,12.8486,-0.0847,-3.8728,-6.0932,-9.3941,-6.2733,-7.4312,106.5819,-83.2532
2002-06-13,12.8105,-0.2969,-1.96,-6.7433,-9.4202,-5.5443,-8.3455,106.2654,-83.3029
2002-06-14,12.865,0.4254,-1.5429,-4.9517,-10.6697,-5.3315,-7.421,106.7175,-83.2319
2002-06-17,13.1102,1.906,-0.7835,-3.2569,-8.6907,-2.5566,-4.3231,108.7515,-82.9123
2002-06-18,13.0775,-0.2493,1.695,-4.6104,-9.2627,-2.4068,-5.6727,108.4803,-82.9549
2002-06-19,13.0285,-0.375,1.3995,-4.5128,-7.7902,-5.1863,-5.2914,108.0735,-83.0188
2002-06-20,12.914,-0.8783,0.8082,-4.5509,-9.2996,-5.4977,-6.0497,107.1243,-83.1679
2002-06-21,12.5653,-2.7002,-2.3293,-7.9439,-11.8499,-9.1651,-8.0486,104.2317,-83.6224
2002-06-24,12.4396,-1.0004,-5.1149,-9.155,-11.8558,-10.2144,-9.2552,103.189,-83.7863
2002-06-25,12.1827,-2.065,-6.842,-9.9923,-14.3374,-12.956,-11.4082,101.0581,-84.1211
2002-06-26,12.1609,-0.1795,-6.6592,-9.8271,-14.2284,-13.0785,-12.0504,100.8767,-84.1496
2002-06-27,12.2538,0.7641,-5.1126,-9.4309,-13.8378,-12.6518,-12.1329,101.6475,-84.0285
2002-06-28,12.1609,-0.7583,-3.2188,-9.7176,-14.3271,-12.7737,-10.2998,100.8767,-84.1496
2002-07-01,12.2811,0.9888,-1.2742,-9.302,-12.8779,-11.5319,-8.9416,101.8741,-83.9929
2002-07-02,12.1991,-0.6676,0.1346,-7.7923,-13.5264,-11.6035,-9.5495,101.1941,-84.0997
2002-07-03,12.1171,-0.6721,-0.3595,-8.2987,-13.1006,-11.8854,-9.4691,100.514,-84.2066
2002-07-05,12.2756,1.3081,0.1784,-8.1596,-11.2355,-10.4497,-8.8728,101.8288,-84.0
2002-07-08,12.2538,-0.1781,0.7641,-6.2205,-11.6719,-10.3605,-6.6028,101.6475,-84.0285
2002-07-09,12.0516,-1.6503,-1.8692,-7.7682,-13.0614,-11.169,-10.2126,99.9699,-84.2921
2002-07-10,11.8056,-2.0408,-3.2258,-10.6564,-16.2188,-12.5264,-11.3318,97.9298,-84.6126
2002-07-11,11.6089,-1.6667,-4.1948,-9.7257,-16.4848,-14.2949,-12.2763,96.2976,-84.8691
2002-07-12,11.3629,-2.1186,-7.4354,-11.5634,-18.7004,-16.245,-13.1071,94.2574,-85.1897
2002-07-15,11.1989,-1.443,-8.6084,-12.58,-19.811,-17.6515,-15.6491,92.8973,-85.4034
2002-07-16,11.024,-1.5617,-8.526,-14.3098,-21.8862,-19.5801,-16.2858,91.4465,-85.6313
2002-07-17,11.0732,0.4462,-6.2037,-15.5373,-20.3693,-19.3173,-15.4619,91.8545,-85.5672
2002-07-18,10.8218,-2.2705,-6.7797,-17.2486,-22.9622,-20.3928,-16.8674,89.7689,-85.8949
2002-07-19,10.319,-4.6465,-9.1871,-20.7966,-26.684,-24.7832,-21.3174,85.5979,-86.5503
2002-07-22,10.4064,0.8475,-7.0766,-19.4176,-25.6308,-23.8441,-20.0583,86.3233,-86.4363
2002-07-23,10.4556,0.4726,-5.1562,-16.7899,-24.6632,-24.3266,-20.8617,86.7313,-86.3722
2002-07-24,10.9912,5.1229,-0.7404,-11.6432,-20.4602,-20.7305,-19.1203,91.1744,-85.6741
2002-07-25,11.1279,1.2432,2.8283,-8.6586,-19.7246,-18.5643,-17.3269,92.3079,-85.496
2002-07-26,11.1771,0.442,8.3157,-8.0898,-18.8595,-18.0415,-18.0782,92.7159,-85.4319
2002-07-29,11.4995,2.885,10.5041,-6.1553,-15.651,-15.6769,-13.7007,95.3908,-85.0116
2002-07-30,11.3848,-0.9981,8.8865,-6.382,-16.8585,-15.4746,-13.8994,94.4387,-85.1612
2002-07-31,11.6416,2.2564,5.9174,-5.207,-16.1832,-14.6009,-12.5989,96.5696,-84.8264
2002-08-01,11.5323,-0.9389,3.6345,-5.4659,-16.9702,-15.8721,-13.4545,95.6629,-84.9688
2002-08-02,11.5105,-0.1896,2.9828,-5.0068,-16.3399,-16.0982,-13.6186,95.4815,-84.9973
2002-08-05,11.352,-1.377,-1.2832,-7.5245,-16.8995,-16.3591,-15.8645,94.1667,-85.2039
2002-08-06,11.3629,0.0963,-0.192,-7.2703,-15.6417,-17.2394,-15.9515,94.2574,-85.1897
2002-08-07,11.6252,2.3088,-0.1408,-3.5374,-15.2371,-14.9246,-14.011,96.4336,-84.8477
2002-08-08,11.8931,2.3037,3.128,0.7407,-12.3793,-12.0202,-11.5001,98.6552,-84.4987
2002-08-09,11.9477,0.4596,3.7987,2.919,-11.7995,-11.8285,-11.7315,99.1086,-84.4274
2002-08-12,11.9095,-0.3203,4.9109,4.81,-12.9574,-13.4982,-11.5557,98.7912,-84.4773
2002-08-13,11.7947,-0.9637,3.7999,5.3197,-14.1382,-14.298,-12.5833,97.8391,-84.6269
2002-08-14,12.1827,3.2901,4.7955,10.5107,-9.9923,-12.034,-9.3446,101.0581,-84.1211
2002-08-15,12.0734,-0.8973,1.5165,9.0325,-10.9075,-12.8233,-10.4458,100.1513,-84.2636
2002-08-16,12.0188,-0.4527,0.5946,11.0606,-12.333,-13.252,-11.1712,99.6979,-84.3348
2002-08-19,12.1117,0.7731,1.6981,17.3729,-11.2319,-11.4704,-11.2632,100.4687,-84.2137
2002-08-20,12.057,-0.4513,2.2243,15.8613,-10.8851,-13.6194,-11.5237,100.0153,-84.2849
2002-08-21,12.0406,-0.136,-1.1665,15.1594,-11.7879,-12.6489,-11.4687,99.8793,-84.3063
2002-08-22,12.1008,0.4994,0.2264,10.0945,-11.6296,-13.6424,-11.9006,100.378,-84.228
2002-08-23,11.9095,-1.5809,-0.9095,7.0235,-12.0113,-15.1392,-13.3274,98.7912,-84.4773
2002-08-26,11.9368,0.2295,-1.444,6.7971,-11.4886,-14.9114,-13.026,99.0179,-84.4417
2002-08-27,11.904,-0.2747,-1.2693,3.5172,-12.0162,-15.2437,-14.0424,98.7459,-84.4844
2002-08-28,11.7783,-1.056,-2.1788,3.4566,-12.5579,-15.8458,-15.3132,97.7031,-84.6483
2002-08-29,11.6471,-1.1137,-3.7489,0.047,-13.9842,-18.3363,-15.9955,96.615,-84.8192
2002-08-30,11.7346,0.7508,-1.4685,1.7535,-11.3038,-17.7545,-16.3739,97.3404,-84.7053
2002-09-03,11.4777,-2.1892,-3.8462,-0.2849,-13.1382,-18.1207,-18.0471,95.2094,-85.0401
2002-09-04,11.5706,0.8096,-2.8007,1.9259,-13.4345,-18.1243,-16.3846,95.9802,-84.919
2002-09-05,11.5651,-0.0473,-1.8098,1.7797,-11.4909,-18.1315,-15.1333,95.9348,-84.9261
2002-09-06,11.5651,0.0,-0.704,-0.5172,-11.4909,-17.8472,-15.5015,95.9348,-84.9261
2002-09-09,11.7947,1.9849,0.5123,-0.8272,-10.7391,-16.2165,-13.1737,97.8391,-84.6269
2002-09-10,11.7892,-0.0463,2.7143,-1.3267,-8.3232,-16.223,-13.3173,97.7937,-84.634
2002-09-11,11.7674,-0.1854,1.7005,-1.1932,-8.4155,-17.0191,-16.4615,97.6124,-84.6625
2002-09-12,11.6143,-1.3005,0.4254,-1.5292,-9.3375,-17.878,-14.9407,96.3429,-84.862
2002-09-13,11.6799,0.5647,0.9925,-4.1274,-9.2117,-18.8985,-13.0863,96.887,-84.7765
2002-09-16,11.8493,1.4507,0.4634,-1.856,-9.6174,-17.4723,-13.731,98.2925,-84.5557
2002-09-17,11.5487,-2.5369,-2.0399,-3.9109,-11.6901,-19.87,-15.8535,95.7989,-84.9475
2002-09-18,11.5542,0.0473,-1.8114,-4.6029,-11.3157,-18.2243,-14.7747,95.8442,-84.9403
2002-09-19,11.2208,-2.8855,-3.3883,-6.9356,-13.1116,-21.1919,-16.166,93.0786,-85.3749
2002-09-20,11.2219,0.0098,-3.9213,-6.7997,-10.6916,-21.2745,-14.4326,93.0877,-85.3735
2002-09-23,11.1779,-0.3922,-5.6666,-7.6265,-10.1429,-20.7961,-12.1833,92.7227,-85.4308
2002-09-24,10.9964,-1.6239,-4.7829,-7.6669,-9.7381,-22.6794,-14.7695,91.2169,-85.6674
2002-09-25,11.0844,0.8003,-4.0663,-7.1411,-8.8522,-21.821,-14.5179,91.9469,-85.5527
2002-09-26,11.3374,2.2829,1.0393,-4.7596,-7.4783,-20.2813,-14.038,94.046,-85.2229
2002-09-27,11.0019,-2.9597,-1.9608,-6.592,-9.5307,-22.4923,-18.1942,91.2624,-85.6603
2002-09-30,10.8863,-1.05,-2.6082,-6.5319,-11.3571,-22.7724,-19.7637,90.3042,-85.8108
2002-10-01,11.2109,2.9813,1.9509,-4.4626,-8.1009,-20.5315,-18.0583,92.9965,-85.3878
2002-10-02,11.1504,-0.5397,0.5956,-2.8515,-7.9784,-20.0339,-19.077,92.4945,-85.4667
2002-10-03,11.1229,-0.2467,-1.8923,-3.8694,-9.3907,-19.5711,-18.605,92.2663,-85.5025
2002-10-04,11.0019,-1.088,0.0,-4.8704,-10.2167,-20.6961,-19.2025,91.2624,-85.6603
2002-10-07,10.9798,-0.2,0.859,-5.0607,-8.8927,-20.7926,-20.2206,91.0799,-85.6889
2002-10-08,11.2109,2.1043,0.0,-4.9496,-5.0376,-20.4393,-18.3813,92.9965,-85.3878
2002-10-09,11.0679,-1.2758,-0.7401,-6.1187,-4.6601,-20.3767,-19.0076,91.81,-85.5742
2002-10-10,11.1174,0.4473,-0.0494,-5.5236,-2.1607,-20.457,-19.6323,92.2207,-85.5097
2002-10-11,11.2439,1.138,2.2,-3.1893,0.4015,-19.489,-18.141,93.2702,-85.3448
2002-10-14,11.4309,1.6634,4.1083,-2.1316,3.691,-19.0031,-16.7137,94.8217,-85.101
2002-10-15,11.5299,0.8662,2.8459,-2.6955,4.1245,-17.0849,-16.3552,95.643,-84.9719
2002-10-16,11.2879,-2.0992,1.9881,-2.2585,4.307,-19.6442,-17.6583,93.6353,-85.2874
2002-10-17,11.3374,0.4386,1.9792,-1.8762,9.8695,-19.448,-16.6056,94.046,-85.2229
2002-10-18,11.4694,1.1645,2.0058,2.2159,10.2149,-18.034,-16.268,95.1411,-85.0508
2002-10-21,11.7555,2.494,2.8393,4.7549,12.4323,-15.2971,-15.1854,97.514,-84.678
2002-10-22,11.5519,-1.7315,0.1908,3.3464,5.1014,-16.4026,-17.46,95.8255,-84.9433
2002-10-23,11.5519,0.0,2.3391,5.0524,3.8108,-16.6655,-16.3926,95.8255,-84.9433
2002-10-24,11.3814,-1.4761,0.3882,2.68,1.8283,-17.376,-17.4651,94.4111,-85.1655
2002-10-25,11.4584,0.6766,-0.0959,1.0675,-0.3574,-15.9525,-17.6823,95.0498,-85.0652
2002-10-28,11.2054,-2.2083,-4.6794,1.8501,-1.5755,-18.1683,-19.2174,92.9508,-85.395
2002-10-29,11.3649,1.4237,-1.619,4.3962,-2.377,-18.1755,-17.5524,94.2742,-85.187
2002-10-30,11.4144,0.4356,-1.1904,1.8155,-1.0224,-17.819,-16.3057,94.6848,-85.1225
2002-10-31,11.3099,-0.9157,-0.6283,1.4307,-1.7424,-17.7976,-16.1062,93.8178,-85.2587
2002-11-01,11.4529,1.2646,-0.0479,2.9674,0.8894,-16.1604,-16.9791,95.0043,-85.0723
2002-11-04,11.1944,-2.2575,-0.0982,1.75,-1.483,-16.8928,-18.7257,92.8596,-85.4093
2002-11-05,11.3044,0.9828,-0.5325,2.9559,-2.7599,-17.5765,-18.088,93.7721,-85.2659
2002-11-06,11.2604,-0.3893,-1.3494,0.4416,-5.3196,-17.0403,-18.5665,93.4071,-85.3233
2002-11-07,11.2329,-0.2443,-0.681,1.4911,-5.9829,-17.0765,-18.8607,93.179,-85.3591
2002-11-08,11.1614,-0.6366,-2.5457,0.3958,-6.2813,-18.4248,-18.6134,92.5858,-85.4523
2002-11-11,11.1284,-0.2957,-0.5896,-1.0274,-5.6491,-18.9886,-19.0458,92.312,-85.4953
2002-11-12,10.7983,-2.9659,-4.4768,-5.5342,-11.3637,-20.2205,-21.5704,89.5741,-85.9255
2002-11-13,10.9578,1.4773,-2.6869,-4.9618,-9.2399,-19.1396,-20.4118,90.8974,-85.7176
2002-11-14,11.1064,1.3555,-1.1263,-1.6082,-7.5914,-18.9882,-18.9185,92.1295,-85.524
2002-11-15,11.1834,0.6934,0.1971,-1.3586,-7.6645,-18.0356,-18.8375,92.7683,-85.4237
2002-11-18,11.1339,-0.4426,0.0494,-2.9256,-7.6565,-17.7082,-19.9204,92.3576,-85.4882
2002-11-19,11.1999,0.5929,3.7188,-4.7262,-6.9825,-17.9473,-19.6646,92.9052,-85.4021
2002-11-20,11.1889,-0.0983,2.1085,-3.1428,-7.5356,-18.2889,-19.65,92.814,-85.4165
2002-11-21,11.0514,-1.2291,-0.4953,-4.3333,-7.2051,-18.351,-21.6429,91.6732,-85.5957
2002-11-22,11.0514,0.0,-1.1805,-2.9,-7.4176,-18.054,-21.8828,91.6732,-85.5957
2002-11-25,10.9798,-0.6471,-1.3835,-4.1767,-7.7633,-18.8467,-22.4477,91.0799,-85.6889
2002-11-26,10.9083,-0.6513,-2.6032,-2.651,-7.386,-19.0164,-22.0888,90.4867,-85.7821
2002-11-27,11.0624,1.412,-1.1308,-2.6622,-5.0205,-18.3026,-20.0299,91.7644,-85.5814
2002-11-29,10.9964,-0.5967,-0.4977,-3.6626,-6.2908,-16.8835,-22.003,91.2169,-85.6674
2002-12-02,10.9083,-0.8005,-1.2942,-3.5506,-4.9603,-17.4468,-22.5083,90.4867,-85.7821
2002-12-03,10.9744,0.6052,-0.05,-4.1787,-5.1531,-17.8953,-22.0093,91.0343,-85.6961
2002-12-04,11.1394,1.5038,2.118,-0.4914,-3.6812,-14.7491,-20.867,92.4033,-85.481
2002-12-05,11.0294,-0.9877,-0.2984,-2.4331,-4.6326,-15.5912,-20.9186,91.4906,-85.6244
2002-12-06,11.1174,0.798,1.1005,-1.2701,-5.7424,-15.8649,-20.1014,92.2207,-85.5097
2002-12-09,11.0844,-0.2969,1.6137,-1.3223,-5.9787,-13.8043,-20.7089,91.9469,-85.5527
2002-12-10,11.2329,1.34,2.3559,0.6407,-4.5419,-12.5752,-18.0596,93.179,-85.3591
2002-12-11,11.1669,-0.5877,0.2468,0.346,-3.8524,-12.8302,-17.6631,92.6314,-85.4452
2002-12-12,11.0954,-0.6403,0.5986,2.7509,-5.0045,-13.7552,-18.3534,92.0382,-85.5384
2002-12-13,11.1009,0.0496,-0.1484,1.3053,-6.3165,-15.3264,-17.4911,92.0838,-85.5312
2002-12-16,11.1559,0.4955,0.6452,0.4457,-3.4016,-14.6941,-16.7472,92.5401,-85.4595
2002-12-17,11.0404,-1.0355,-1.714,-1.2788,-4.4471,-15.2596,-19.6545,91.5819,-85.6101
2002-12-18,11.0239,-0.1495,-1.2807,-0.9881,-1.755,-14.6365,-19.3296,91.445,-85.6316
2002-12-19,10.8808,-1.2974,-1.9336,-2.8488,-3.0392,-13.4058,-21.3422,90.2586,-85.818
2002-12-20,11.0661,1.7027,-0.3133,-1.0974,-1.0,-11.0415,-20.1281,91.7954,-85.5765
2002-12-23,11.0993,0.2999,-0.5073,0.4336,0.936,-8.8933,-20.6971,92.0707,-85.5333
2002-12-24,11.0993,0.0,0.5337,0.4336,0.1346,-8.7295,-20.6663,92.0707,-85.5333
2002-12-26,11.0938,-0.0498,0.634,1.0374,-2.1491,-9.4667,-20.9208,92.0248,-85.5405
2002-12-27,11.0053,-0.7976,1.1436,0.8886,0.031,-9.5026,-21.0624,91.2908,-85.6558
2002-12-30,11.0716,0.603,0.05,0.0837,1.7021,-9.8483,-20.2445,91.8413,-85.5693
2002-12-31,11.0274,-0.3996,-0.6478,0.2821,-1.6368,-9.6051,-20.0941,91.4743,-85.627
2003-01-02,11.2375,1.9057,1.2456,3.0179,0.7816,-7.2592,-18.2818,93.2175,-85.3531
2003-01-03,11.2265,-0.0984,1.1964,2.2974,0.9314,-8.5467,-18.1033,93.1257,-85.3675
2003-01-06,11.3094,0.739,2.7638,1.5266,2.7957,-7.7066,-17.2686,93.8139,-85.2594
2003-01-07,11.2099,-0.8802,1.2488,1.6368,2.0951,-6.9839,-17.3729,92.9882,-85.3891
2003-01-08,11.1435,-0.5921,1.0531,0.2351,-0.601,-5.6083,-17.4322,92.4376,-85.4756
2003-01-09,11.2541,0.9926,0.1476,1.5316,1.6829,-3.0556,-16.9137,93.3551,-85.3314
2003-01-10,11.2873,0.2949,0.5419,0.4845,1.5286,-0.6652,-16.8022,93.6304,-85.2882
2003-01-13,11.315,0.245,0.0489,1.3261,0.6321,1.0361,-16.7983,93.8598,-85.2521
2003-01-14,11.3482,0.2933,1.2334,2.2782,-0.7242,2.9401,-17.2157,94.135,-85.2089
2003-01-15,11.2375,-0.9747,0.8437,1.2311,-2.536,1.4839,-18.12,93.2175,-85.3531
2003-01-16,11.4035,1.4764,1.3268,2.2192,1.0236,5.3747,-16.1141,94.5938,-85.1368
2003-01-17,11.3371,-0.5819,0.441,2.6876,-0.0028,9.8664,-17.362,94.0433,-85.2233
2003-01-21,11.2541,-0.7317,-0.5377,2.0888,-1.8772,8.1459,-17.6405,93.3551,-85.3314
2003-01-22,11.1214,-1.1794,-1.9981,2.2109,-5.3939,6.3678,-19.5079,92.2541,-85.5044
2003-01-23,11.044,-0.6962,-1.7225,-0.2,-4.3973,0.4798,-20.3502,91.6118,-85.6054
2003-01-24,10.8006,-2.2033,-5.2861,-2.6906,-6.5036,-2.9407,-20.9591,89.5934,-85.9225
2003-01-27,10.6569,-1.3313,-6.0,-3.986,-6.3662,-4.6543,-21.856,88.4007,-86.1099
2003-01-28,10.69,0.3114,-5.0122,-3.6391,-6.7059,-7.0393,-21.6127,88.6759,-86.0667
2003-01-29,10.5739,-1.0864,-4.9229,-3.9196,-5.6356,-7.1223,-21.4947,87.7125,-86.218
2003-01-30,10.3803,-1.8305,-6.009,-6.2438,-8.6633,-10.8344,-23.8534,86.1069,-86.4703
2003-01-31,10.6513,2.6106,-1.3824,-3.4102,-6.6854,-7.6394,-22.299,88.3548,-86.1171
2003-02-03,10.69,0.3634,0.3114,-4.872,-5.4807,-7.1276,-22.0784,88.6759,-86.0667
2003-02-04,10.6956,0.0517,0.0517,-4.729,-6.6128,-5.7822,-21.1954,88.7218,-86.0595
2003-02-05,10.6182,-0.7239,0.4184,-6.1125,-5.1476,-6.5542,-22.6637,88.0796,-86.1604
2003-02-06,10.5352,-0.7813,1.4918,-6.0187,-6.8045,-9.3766,-22.9017,87.3914,-86.2685
2003-02-07,10.4633,-0.6824,-1.7654,-6.1042,-7.0788,-12.0218,-22.5969,86.795,-86.3622
2003-02-10,10.5352,0.6871,-1.4485,-6.3882,-6.2112,-11.8225,-22.2526,87.3914,-86.2685
2003-02-11,10.3361,-1.8898,-3.3609,-8.4272,-7.394,-13.2109,-24.9259,85.7399,-86.528
2003-02-12,10.3361,0.0,-2.6562,-8.651,-7.1194,-12.3664,-24.8963,85.7399,-86.528
2003-02-13,10.3472,0.1069,-1.7848,-8.8207,-4.1781,-15.067,-25.2879,85.8316,-86.5136
2003-02-14,10.5352,1.8173,0.6871,-6.25,-3.857,-12.7406,-23.9301,87.3914,-86.2685
2003-02-18,10.6071,0.6824,0.6824,-6.9835,-4.4955,-11.7456,-23.4411,87.9878,-86.1748
2003-02-19,10.5241,-0.782,1.8191,-7.1707,-5.8949,-13.1076,-23.0744,87.2997,-86.2829
2003-02-20,10.4191,-0.9985,0.8025,-7.4202,-6.4203,-13.5852,-25.3544,86.428,-86.4199
2003-02-21,10.4799,0.5839,1.2828,-5.7683,-6.4287,-12.9622,-23.9715,86.9327,-86.3406
2003-02-24,10.3361,-1.372,-1.8898,-6.4095,-7.6217,-14.5829,-26.2358,85.7399,-86.528
2003-02-25,10.4135,0.7491,-1.8248,-3.5842,-5.7716,-12.5608,-25.7984,86.3822,-86.4271
2003-02-26,10.3582,-0.5311,-1.5765,-2.8023,-6.272,-13.2243,-26.1638,85.9235,-86.4992
2003-02-27,10.3693,0.1068,-0.4776,-3.0005,-5.5607,-12.8924,-26.1708,86.0152,-86.4847
2003-02-28,10.325,-0.4267,-1.4776,-2.3535,-5.3473,-12.3383,-26.229,85.6482,-86.5424
2003-03-03,10.2421,-0.8034,-0.9096,-1.3319,-7.415,-12.0633,-28.1876,84.9601,-86.6505
2003-03-04,10.1536,-0.864,-2.4961,-4.673,-7.664,-13.4727,-28.8352,84.226,-86.7659
2003-03-05,10.0762,-0.7626,-2.723,-5.7425,-7.6287,-12.2106,-28.1186,83.5838,-86.8668
2003-03-06,10.0098,-0.6585,-3.4667,-6.4116,-8.789,-13.4891,-29.1686,83.0333,-86.9533
2003-03-07,10.0209,0.1105,-2.9459,-5.625,-10.041,-13.3526,-29.0631,83.1251,-86.9389
2003-03-10,9.855,-1.6557,-3.7797,-6.4567,-10.6479,-14.7872,-29.9952,81.7488,-87.1551
2003-03-11,9.9545,1.0101,-1.9608,-4.8626,-10.4599,-15.6017,-29.2881,82.5746,-87.0254
2003-03-12,10.0319,0.7778,-0.439,-4.7769,-9.4947,-14.9058,-28.7106,83.2168,-86.9244
2003-03-13,10.2531,2.205,2.4309,-0.8026,-8.7221,-12.8679,-27.697,85.0518,-86.6361
2003-03-14,10.2366,-0.1618,2.1523,-0.9631,-8.3311,-11.8626,-27.6198,84.9142,-86.6577
2003-03-17,10.5297,2.8634,6.8463,1.7638,-5.0986,-9.848,-26.8854,87.3456,-86.2757
2003-03-18,10.4522,-0.7353,5.0,-0.7874,-5.8431,-11.7905,-27.2027,86.7033,-86.3766
2003-03-19,10.6292,1.6931,5.9536,0.2085,-4.7211,-7.9621,-26.25,88.1713,-86.146
2003-03-20,10.6071,-0.2081,3.452,0.7882,-3.9245,-8.1971,-24.9276,87.9878,-86.1748
2003-03-21,10.8379,2.1756,5.8741,4.0196,-1.6873,-3.4127,-23.8814,89.9021,-85.874
2003-03-24,10.5487,-2.6681,0.1807,0.6566,-3.0525,-5.999,-25.9973,87.5034,-86.2509
2003-03-25,10.5543,0.0527,0.976,2.1106,-4.6253,-5.5791,-25.215,87.5495,-86.2436
2003-03-26,10.5153,-0.3688,-1.0713,0.9776,-5.2612,-4.3745,-26.0617,87.2267,-86.2944
2003-03-27,10.5376,0.2116,-0.6553,1.7315,-5.0608,-4.933,-25.6776,87.4112,-86.2654
2003-03-28,10.4264,-1.0554,-3.7968,0.5504,-6.0159,-8.0358,-26.6873,86.4886,-86.4103
2003-03-31,10.3263,-0.96,-2.1086,0.0119,-6.1698,-6.1406,-27.2518,85.6583,-86.5408
2003-04-01,10.2929,-0.3231,-2.4763,0.4961,-7.0336,-5.4512,-26.9823,85.3816,-86.5843
2003-04-02,10.5098,2.107,-0.0528,3.5079,-4.6939,-6.2539,-25.5014,87.1806,-86.3016
2003-04-03,10.4375,-0.6878,-0.9498,3.5858,-7.1194,-6.3935,-25.1465,86.5809,-86.3958
2003-04-04,10.482,0.4262,0.5333,4.7169,-6.6317,-5.7621,-24.2054,86.9499,-86.3379
2003-04-07,10.4264,-0.5305,0.9693,4.0464,-7.8083,-5.2308,-24.8444,86.4886,-86.4103
2003-04-08,10.5487,1.1733,2.4852,7.0394,-5.8983,-3.9267,-23.9028,87.5034,-86.2509
2003-04-09,10.4653,-0.7907,-0.4233,5.1311,-6.0863,-6.6507,-25.7307,86.8115,-86.3596
2003-04-10,10.4987,0.3188,0.586,4.6523,-6.7129,-5.1429,-24.4717,87.0883,-86.3161
2003-04-11,10.5209,0.2118,0.3713,2.6113,-6.7901,-5.3653,-24.7248,87.2728,-86.2871
2003-04-14,10.7044,1.7442,2.6666,4.5703,-5.3961,-4.7982,-23.3521,88.795,-86.048
2003-04-15,10.7433,0.3636,1.845,2.029,-5.3298,-6.0154,-23.8753,89.1179,-85.9972
2003-04-16,10.4375,-2.8467,-0.2657,-0.1412,-7.1194,-9.4749,-24.9411,86.5809,-86.3958
2003-04-17,10.621,1.7581,1.1652,-0.0773,-6.8616,-5.9082,-24.3918,88.1031,-86.1567
2003-04-21,10.5431,-0.733,0.2115,-0.6029,-7.0031,-7.0057,-25.0913,87.4573,-86.2581
2003-04-22,10.7322,1.7932,0.2598,-0.9749,-4.6377,-6.4278,-23.3026,89.0256,-86.0117
2003-04-23,10.71,-0.2072,-0.3105,1.5288,-3.6995,-8.8939,-22.8305,88.8412,-86.0407
2003-04-24,10.6377,-0.675,1.9179,0.7903,-3.679,-7.9145,-23.0189,88.2415,-86.1349
2003-04-25,10.4764,-1.516,-1.3613,-0.3702,-3.002,-9.3104,-24.4243,86.9038,-86.3451
2003-04-28,10.6265,1.4331,0.7911,0.8443,-0.2845,-6.6326,-22.856,88.1492,-86.1494
2003-04-29,10.7211,0.8896,-0.1036,2.8267,0.2903,-6.435,-21.361,88.9334,-86.0262
2003-04-30,10.6321,-0.8299,-0.727,2.9617,0.5504,-5.1162,-22.355,88.1953,-86.1422
2003-05-01,10.621,-0.1045,-0.1568,3.1875,2.3183,-6.5459,-23.5316,88.1031,-86.1567
2003-05-02,10.7044,0.7853,2.1762,1.8518,0.4982,-6.2205,-22.9311,88.795,-86.048
2003-05-05,10.6377,-0.6234,0.1047,1.9179,-0.4899,-5.9438,-22.6836,88.2415,-86.1349
2003-05-06,10.6933,0.5228,-0.2593,2.0159,-0.0215,-6.6329,-21.7213,88.7028,-86.0624
2003-05-07,10.7211,0.26,0.8369,2.8267,0.9694,-4.2281,-20.4066,88.9334,-86.0262
2003-05-08,10.671,-0.4668,0.4712,1.1597,1.2894,-5.6028,-22.1945,88.5182,-86.0914
2003-05-09,10.8045,1.2507,0.9351,3.2412,3.2609,-4.0488,-20.3992,89.6253,-85.9175
2003-05-12,10.899,0.875,2.4569,3.8136,3.4535,-2.9722,-19.5412,90.4095,-85.7943
2003-05-13,10.849,-0.4592,1.456,3.1184,4.9619,-2.799,-20.7081,89.9943,-85.8595
2003-05-14,10.7656,-0.7689,0.4149,0.5714,4.1549,-3.2603,-21.6298,89.3023,-85.9682
2003-05-15,10.849,0.7749,1.6675,0.9835,4.8498,0.4691,-19.8462,89.9943,-85.8595
2003-05-16,10.7878,-0.5638,-0.1544,3.3564,2.3979,-1.5517,-20.3942,89.487,-85.9392
2003-05-19,10.6822,-0.9795,-1.9899,0.5759,0.7077,-3.8196,-22.0825,88.6105,-86.0769
2003-05-20,10.7489,0.6247,-0.9226,1.9515,2.1356,-3.8852,-21.22,89.1641,-85.99
2003-05-21,10.8323,0.776,0.6199,0.9327,3.9662,-2.7087,-19.9372,89.8559,-85.8813
2003-05-22,10.9769,1.3347,1.1789,2.4922,4.7423,-1.9912,-19.5811,91.0553,-85.6928
2003-05-23,10.9213,-0.5067,1.237,2.6659,5.6613,-2.3919,-20.2433,90.5939,-85.7653
2003-05-27,11.0269,0.9675,3.2275,5.2548,5.8903,-0.2212,-18.5316,91.4704,-85.6276
2003-05-28,11.0936,0.6051,3.2074,4.3956,7.0998,0.3826,-17.7405,92.0239,-85.5406
2003-05-29,11.038,-0.5012,1.8994,2.9564,6.4494,0.53,-18.4166,91.5626,-85.6131
2003-05-30,11.1548,1.0579,1.621,4.9163,8.0365,2.2595,-17.1866,92.5313,-85.4609
2003-06-02,11.1326,-0.1993,1.9349,4.8167,8.6944,0.6347,-17.7841,92.3468,-85.4899
2003-06-03,11.2438,0.999,1.9667,5.039,10.737,2.2501,-15.0133,93.2694,-85.3449
2003-06-04,11.3272,0.7418,2.1053,6.482,12.4157,3.8398,-14.2769,93.9613,-85.2362
2003-06-05,11.3383,0.0982,2.7204,6.0322,13.272,3.3165,-15.1722,94.0535,-85.2217
2003-06-06,11.2994,-0.3433,1.2961,5.3942,12.7586,1.4364,-13.5246,93.7306,-85.2724
2003-06-09,11.2772,-0.1968,1.2987,5.68,14.4312,2.2467,-13.6948,93.5461,-85.3014
2003-06-10,11.3105,0.2959,0.5934,4.6835,13.622,1.7373,-14.4032,93.8229,-85.2579
2003-06-11,11.3939,0.7375,0.5891,4.5408,13.5766,2.7928,-11.397,94.5148,-85.1492
2003-06-12,11.4329,0.3416,0.8338,5.3819,11.5058,1.7801,-11.0189,94.8377,-85.0985
2003-06-13,11.3216,-0.9728,0.1969,5.1654,10.6001,1.3859,-11.6221,93.9151,-85.2434
2003-06-16,11.5496,2.0137,2.4162,6.4582,9.6865,4.0941,-10.2243,95.8063,-84.9463
2003-06-17,11.4773,-0.6259,1.475,6.3917,9.8075,3.3913,-12.4548,95.2067,-85.0405
2003-06-18,11.4607,-0.1454,0.5856,7.2879,7.8224,2.732,-12.3635,95.0683,-85.0622
2003-06-19,11.3328,-1.116,-0.8755,5.432,6.8414,2.6485,-13.0153,94.0074,-85.2289
2003-06-20,11.3339,0.0098,0.1081,4.6304,4.5767,2.8122,-12.2359,94.0167,-85.2275
2003-06-23,11.2724,-0.5422,-2.4001,2.6925,6.8609,3.5989,-10.2894,93.5069,-85.3076
2003-06-24,11.3953,1.0902,-0.7146,4.3407,7.969,2.9751,-8.3949,94.5264,-85.1474
2003-06-25,11.2333,-1.4215,-1.9835,1.8719,6.8282,1.2077,-7.793,93.1826,-85.3585
2003-06-26,11.3059,0.6464,-0.2366,1.9137,7.2917,1.862,-7.0301,93.785,-85.2639
2003-06-27,11.2445,-0.5435,-0.7886,1.8704,7.8468,1.3588,-8.2365,93.2753,-85.344
2003-06-30,11.2613,0.149,-0.0991,0.9543,9.0545,2.3261,-7.3975,93.4143,-85.3221
2003-07-01,11.3562,0.8432,-0.3432,2.0089,10.3306,2.5704,-7.531,94.202,-85.1984
2003-07-02,11.4288,0.6395,1.7404,1.6458,8.7449,3.6405,-6.3143,94.8044,-85.1037
2003-07-03,11.3618,-0.5866,0.494,0.3055,8.8557,1.1058,-6.2336,94.2483,-85.1911
2003-07-07,11.4456,0.7376,1.7884,0.9462,9.1933,1.9519,-6.7617,94.9434,-85.0819
2003-07-08,11.4568,0.0976,1.7361,1.3928,9.8827,1.3028,-6.5042,95.0361,-85.0673
2003-07-09,11.3059,-1.3164,-0.4427,0.2553,7.1786,0.8569,-6.1868,93.785,-85.2639
2003-07-10,11.2613,-0.3953,-1.4663,-0.4355,7.6058,1.0566,-4.611,93.4143,-85.3221
2003-07-11,11.3395,0.6945,-0.1966,-0.478,8.0087,0.7583,-2.3205,94.063,-85.2202
2003-07-14,11.3115,-0.2463,-1.1714,-1.0612,7.5149,0.2146,-0.4521,93.8313,-85.2566
2003-07-15,11.373,0.5432,-0.7314,0.4535,6.2459,0.5127,1.5541,94.341,-85.1765
2003-07-16,11.2557,-1.0315,-0.4447,-2.5452,4.769,-0.8149,2.1012,93.3679,-85.3294
2003-07-17,11.2166,-0.3474,-0.3968,-2.272,7.4643,-0.1866,1.2946,93.0436,-85.3804
2003-07-18,11.3171,0.8964,-0.1971,-1.2525,6.5543,-0.757,4.577,93.8776,-85.2493
2003-07-21,11.2222,-0.8391,-0.7901,-0.9759,6.4404,-1.0137,8.7526,93.0899,-85.3731
2003-07-22,11.3395,1.0453,-0.2947,0.0493,5.6583,0.7583,8.966,94.063,-85.2202
2003-07-23,11.2892,-0.4434,0.2978,0.1487,5.4083,1.5087,7.9725,93.646,-85.2857
2003-07-24,11.211,-0.6927,-0.0498,-1.6176,5.3895,1.5123,1.9993,92.9973,-85.3877
2003-07-25,11.3004,0.7971,-0.1481,0.5966,7.8648,4.6267,1.5499,93.7386,-85.2712
2003-07-28,11.2333,-0.5931,0.0996,-0.6423,5.7101,5.4094,0.5034,93.1826,-85.3585
2003-07-29,11.1719,-0.547,-1.4778,-0.6458,4.2049,4.5074,-2.8492,92.6729,-85.4386
2003-07-30,11.2445,0.65,-0.3959,-0.1488,5.7599,6.342,-1.232,93.2753,-85.344
2003-07-31,11.2445,0.0,0.2989,-0.9838,5.8706,8.325,-3.4114,93.2753,-85.344
2003-08-01,11.1328,-0.9936,-1.483,-2.5905,4.0019,4.52,-3.4646,92.3485,-85.4896
2003-08-04,11.1775,0.4015,-0.4972,-1.6223,5.0745,4.5597,-2.8929,92.7193,-85.4313
2003-08-05,11.0434,-1.1995,-1.15,-3.514,3.2743,3.2521,-2.7181,91.6071,-85.6061
2003-08-06,11.1104,0.607,-1.1922,-3.0229,3.6317,4.6363,-2.2218,92.1632,-85.5187
2003-08-07,11.2054,0.8547,-0.3477,-0.8893,5.0076,6.3616,-3.6115,92.9509,-85.395
2003-08-08,11.2724,0.5982,1.2544,0.0992,4.3309,7.733,-5.2184,93.5069,-85.3076
2003-08-11,11.2557,-0.1487,0.6996,-0.7389,3.2722,6.8388,-5.7923,93.3679,-85.3294
2003-08-12,11.3451,0.7941,2.7315,0.2963,4.5725,9.7614,-4.7391,94.1093,-85.2129
2003-08-13,11.3059,-0.3447,1.7597,-0.5894,5.0196,9.383,-4.1437,93.785,-85.2639
2003-08-14,11.3674,0.5434,1.4456,0.9925,4.7784,9.86,-6.6926,94.2946,-85.1838
2003-08-15,11.4065,0.344,1.1893,1.6932,5.735,8.2704,-5.5239,94.619,-85.1328
2003-08-18,11.4288,0.196,1.5385,0.9872,6.9901,7.7472,-4.9083,94.8044,-85.1037
2003-08-19,11.3674,-0.5377,0.1969,1.2941,5.7541,8.0126,-6.1453,94.2946,-85.1838
2003-08-20,11.3283,-0.3439,0.1976,-0.0985,4.5789,8.7267,-6.0441,93.9703,-85.2348
2003-08-21,11.3674,0.3451,0.0,0.6927,3.5576,8.4686,-5.5914,94.2946,-85.1838
2003-08-22,11.2668,-0.8845,-1.2243,0.4982,3.1643,9.0047,-6.8913,93.4606,-85.3149
2003-08-25,11.3339,0.5949,-0.8309,0.2966,2.7837,8.838,-4.8329,94.0167,-85.2275
2003-08-26,11.3506,0.1478,-0.1474,1.0442,2.3165,9.5809,-4.9105,94.1557,-85.2057
2003-08-27,11.3953,0.3937,0.5917,2.0,3.2368,9.895,-4.2731,94.5264,-85.1474
2003-08-28,11.4288,0.2942,0.5406,1.6394,2.4566,10.6905,-2.9668,94.8044,-85.1037
2003-08-29,11.4344,0.0488,1.4874,1.689,2.7114,11.6415,-1.8261,94.8507,-85.0964
2003-09-02,11.5629,1.1236,2.0207,3.8636,2.8381,13.8798,-1.4628,95.9165,-84.929
2003-09-03,11.5908,0.2415,2.1161,3.6981,2.3274,15.0321,0.9859,96.1481,-84.8926
2003-09-04,11.6467,0.482,2.2059,5.4629,2.7198,16.3527,0.6577,96.6115,-84.8198
2003-09-05,11.5238,-1.0551,0.8309,3.7205,1.986,14.998,-0.3572,95.5921,-84.9799
2003-09-08,11.5573,0.2908,1.0748,3.1406,2.4844,17.2741,-0.0674,95.8701,-84.9363
2003-09-09,11.4288,-1.1116,-1.1594,1.3876,1.0462,14.8107,-3.1017,94.8044,-85.1037
2003-09-10,11.4233,-0.0489,-1.4457,1.4889,0.2574,13.8689,-3.1042,94.7581,-85.111
2003-09-11,11.4847,0.5379,-1.3909,1.2309,0.4535,12.0115,-2.402,95.2678,-85.0309
2003-09-12,11.5126,0.2432,-0.097,1.8281,1.687,12.4658,-0.8755,95.4994,-84.9945
2003-09-15,11.5015,-0.097,-0.4833,1.1794,-0.4171,9.2291,-1.5278,95.4068,-85.0091
2003-09-16,11.507,0.0485,0.6842,0.8815,0.2588,10.0916,-2.8887,95.4531,-85.0018
2003-09-17,11.5629,0.4854,1.2225,1.173,0.8921,8.7843,0.1227,95.9165,-84.929
2003-09-18,11.6355,0.628,1.3132,2.3588,2.6715,9.6957,0.7039,96.5189,-84.8343
2003-09-19,11.6081,-0.236,0.8289,2.4696,2.4191,7.1066,3.4513,96.291,-84.8701
2003-09-22,11.5128,-0.8209,0.0983,1.2789,2.1321,9.1392,2.592,95.5006,-84.9943
2003-09-23,11.58,0.5843,0.6343,2.7797,1.6209,9.7191,3.5977,96.0586,-84.9067
2003-09-24,11.4791,-0.8713,-0.7244,1.2816,2.1882,9.1657,4.3903,95.2216,-85.0382
2003-09-25,11.4679,-0.0976,-1.4403,1.0334,1.4327,8.8289,3.4604,95.1286,-85.0528
2003-09-26,11.4399,-0.2444,-1.4486,0.3912,1.7377,9.7209,0.904,94.8961,-85.0893
2003-09-29,11.4399,0.0,-0.6329,0.0968,1.5863,10.7845,3.9816,94.8961,-85.0893
2003-09-30,11.3895,-0.441,-1.6458,-0.3933,0.2927,10.6535,4.6215,94.4777,-85.1551
2003-10-01,11.5969,1.8209,1.0255,0.2936,1.47,10.3435,3.4427,96.1981,-84.8847
2003-10-02,11.5969,0.0,1.1242,0.0519,2.0688,11.1077,4.0041,96.1981,-84.8847
2003-10-03,11.6865,0.7733,2.1558,0.342,2.1049,11.4917,5.0675,96.9419,-84.7679
2003-10-06,11.7258,0.3358,2.4988,1.7525,2.3479,12.4626,6.5799,97.2674,-84.7167
2003-10-07,11.7874,0.5258,3.4941,1.9909,4.2585,11.7429,7.355,97.7788,-84.6364
2003-10-08,11.7538,-0.2853,1.3533,2.8432,4.3736,12.3121,4.8426,97.4999,-84.6802
2003-10-09,11.7706,0.143,1.4982,3.0406,3.802,12.1153,6.3493,97.6393,-84.6583
2003-10-10,11.765,-0.0476,0.6715,2.4406,4.0089,11.8251,5.8253,97.5929,-84.6656
2003-10-13,11.8098,0.3812,0.717,2.5816,3.8412,10.327,5.0333,97.9648,-84.6071
2003-10-14,11.8715,0.5221,0.7133,3.2173,5.4712,10.5012,3.8541,98.4763,-84.5268
2003-10-15,11.8547,-0.1416,0.8584,3.0211,5.689,13.5779,2.8165,98.3368,-84.5487
2003-10-16,11.8715,0.1418,0.8572,2.6688,4.8985,11.7739,5.17,98.4763,-84.5268
2003-10-17,11.7986,-0.6138,0.2858,1.4018,5.1368,11.9081,4.0681,97.8718,-84.6217
2003-10-20,11.8042,0.0475,-0.0475,1.6899,4.0986,9.9889,2.919,97.9183,-84.6144
2003-10-21,11.7874,-0.1424,-0.7082,2.3856,4.4133,10.0603,0.2716,97.7788,-84.6364
2003-10-22,11.7314,-0.4755,-1.0402,1.3069,4.6417,10.2814,1.5532,97.3139,-84.7094
2003-10-23,11.7314,0.0,-1.1803,2.1973,3.8141,11.979,1.5532,97.3139,-84.7094
2003-10-24,11.7202,-0.0956,-0.6651,2.1994,4.3337,10.2913,2.9762,97.2209,-84.724
2003-10-27,11.7146,-0.0478,-0.7597,2.4008,4.8574,9.2665,2.2352,97.1744,-84.7313
2003-10-28,11.8435,1.1005,0.4755,3.5277,5.3268,11.3935,5.6944,98.2438,-84.5633
2003-10-29,11.8995,0.4732,1.4333,4.4783,5.8252,12.0377,4.7039,98.7087,-84.4902
2003-10-30,11.8827,-0.1413,1.29,2.4649,6.7362,11.0077,4.1025,98.5693,-84.5122
2003-10-31,11.9051,0.1887,1.5782,2.6582,6.5099,11.9148,5.2627,98.7552,-84.4829
2003-11-03,12.0116,0.8946,2.5359,2.7818,8.7673,12.3287,4.8781,99.6387,-84.3441
2003-11-04,11.9388,-0.6066,0.8045,1.8164,7.4552,11.3577,6.6494,99.0342,-84.4391
2003-11-05,11.9219,-0.1408,0.1885,1.1412,6.3946,11.7224,5.4628,98.8947,-84.461
2003-11-06,11.9948,0.6112,0.9434,2.0506,6.4083,11.0168,6.522,99.4992,-84.366
2003-11-07,11.9948,0.0,0.7533,1.9048,6.5667,10.0539,6.7828,99.4992,-84.366
2003-11-10,11.9612,-0.2804,-0.42,1.6674,5.4307,10.2516,7.1657,99.2202,-84.4099
2003-11-11,11.9724,0.0937,0.2817,1.3763,5.8945,11.21,7.5842,99.3132,-84.3953
2003-11-12,12.0621,0.7491,1.1754,1.6053,6.1111,11.1816,11.7031,100.0571,-84.2784
2003-11-13,11.9219,-1.1617,-0.6075,0.5674,4.5189,10.513,8.7982,98.8947,-84.461
2003-11-14,11.8547,-0.5642,-1.1682,-0.1416,3.726,10.9765,6.7376,98.3368,-84.5487
2003-11-17,11.8659,0.0945,-0.7966,0.5701,4.3853,10.3917,6.1028,98.4298,-84.5341
2003-11-18,11.821,-0.3779,-1.264,0.1425,4.3498,9.1278,6.1719,98.0578,-84.5925
2003-11-19,11.8827,0.5216,-1.487,0.8084,4.5333,8.2521,6.0966,98.5693,-84.5122
2003-11-20,11.7986,-0.7076,-1.0344,0.5733,4.7199,8.0335,5.4495,97.8718,-84.6217
2003-11-21,11.8267,0.2376,-0.2364,0.8123,4.3479,7.2526,7.0154,98.1044,-84.5852
2003-11-24,11.9892,1.3743,1.0392,2.2955,5.6258,8.0726,8.4861,99.4526,-84.3734
2003-11-25,12.0172,0.2338,1.6595,2.5837,5.4575,8.871,9.448,99.6851,-84.3368
2003-11-26,12.0004,-0.1399,0.9906,1.3251,5.0011,7.5806,10.0113,99.5457,-84.3587
2003-11-28,12.0452,0.3736,2.0903,1.2247,5.342,8.1982,8.8849,99.9176,-84.3003
2003-12-01,12.0228,-0.1861,1.6587,1.1792,3.9776,6.9286,9.3346,99.7316,-84.3295
2003-12-02,11.9163,-0.8858,-0.6077,0.0942,2.8083,5.2011,9.2406,98.8482,-84.4683
2003-12-03,11.9219,0.047,-0.7929,-0.7466,2.3633,5.1473,8.6346,98.8947,-84.461
2003-12-04,11.9724,0.4231,-0.2336,0.2817,3.8926,5.9559,7.4779,99.3132,-84.3953
2003-12-05,11.9331,-0.3277,-0.9307,0.094,3.2518,5.817,8.1944,98.9877,-84.4464
2003-12-08,11.9612,0.2349,-0.5128,-0.2804,4.6577,5.7526,7.5899,99.2202,-84.4099
2003-12-09,11.9163,-0.3748,0.0,-0.6542,4.3164,4.5849,7.5058,98.8482,-84.4683
2003-12-10,11.9275,0.0941,0.047,-0.2811,3.8559,4.3269,6.184,98.9412,-84.4537
2003-12-11,11.9219,-0.047,-0.4213,-0.4213,3.5553,5.3022,6.7616,98.8947,-84.461
2003-12-12,12.0004,0.6582,0.5637,-0.5111,4.3381,3.903,8.1569,99.5457,-84.3587
2003-12-15,11.9219,-0.6539,-0.328,0.0,3.6056,3.8737,7.3964,98.8947,-84.461
2003-12-16,12.0396,0.9873,1.0348,1.5603,4.123,5.0519,7.922,99.8711,-84.3076
2003-12-17,12.0284,-0.0931,0.8459,1.3699,3.3768,6.1386,8.9496,99.7781,-84.3222
2003-12-18,12.0901,0.5125,1.4103,2.2759,4.1525,6.672,9.6719,100.2895,-84.2419
2003-12-19,12.0456,-0.3677,0.3768,1.3711,4.6284,6.8592,10.705,99.9207,-84.2998
2003-12-22,12.1132,0.5607,1.604,2.6659,4.6039,6.2994,9.4619,100.481,-84.2118
2003-12-23,12.1188,0.0465,0.6574,2.4701,5.5723,7.8824,9.1854,100.5277,-84.2044
2003-12-24,12.0794,-0.3251,0.4236,0.7523,5.3319,6.841,8.8304,100.2008,-84.2558
2003-12-26,12.0907,0.0932,0.0047,0.611,5.6884,7.525,8.9861,100.2942,-84.2411
2003-12-29,12.1695,0.6518,1.028,1.4087,6.3773,8.0648,10.5785,100.948,-84.1384
2003-12-30,12.1863,0.1387,0.6041,1.1714,6.9967,7.3098,10.0682,101.088,-84.1164
2003-12-31,12.2595,0.6005,1.1612,1.9687,5.7142,7.2682,11.1734,101.695,-84.021
2004-01-02,12.1132,-1.1938,0.2796,1.6518,4.4522,6.613,7.792,100.481,-84.2118
2004-01-05,12.192,0.6505,0.8379,2.2649,4.325,6.5209,8.6001,101.1346,-84.1091
2004-01-06,12.2201,0.2309,0.4162,2.0692,4.2159,6.6628,8.0523,101.3681,-84.0724
2004-01-07,12.1695,-0.4145,-0.1385,1.9803,3.2411,7.6377,8.56,100.948,-84.1384
2004-01-08,12.1526,-0.1388,-0.8724,1.6001,3.3928,7.9148,9.055,100.8078,-84.1604
2004-01-09,12.0625,-0.7411,-0.4182,1.2267,2.48,6.3763,7.1829,100.0608,-84.2778
2004-01-12,12.1188,0.4666,-0.6001,1.6035,3.0072,7.1366,7.3665,100.5277,-84.2044
2004-01-13,12.1019,-0.1394,-0.9673,1.5095,2.4731,6.4093,6.9549,100.3876,-84.2265
2004-01-14,12.1469,0.3721,-0.1851,1.221,2.3202,7.9183,7.0389,100.7611,-84.1678
2004-01-15,12.1582,0.0928,0.0464,1.9817,2.5603,8.395,8.1927,100.8546,-84.1531
2004-01-16,12.1526,-0.0464,0.7466,0.9379,2.3676,7.3821,6.5692,100.8078,-84.1604
2004-01-20,12.1132,-0.3242,-0.0465,0.7044,2.6659,7.9397,6.8455,100.481,-84.2118
2004-01-21,12.1638,0.4182,0.5116,0.61,3.0463,7.2698,8.0832,100.9012,-84.1457
2004-01-22,12.1244,-0.3239,-0.1853,0.6542,2.8591,7.3985,9.0188,100.5744,-84.1971
2004-01-23,12.2257,0.8357,0.5555,0.9294,4.2141,9.0514,10.7006,101.4148,-84.065
2004-01-26,12.344,0.9669,1.5749,1.8579,5.2217,9.235,14.289,102.3954,-83.911
2004-01-27,12.282,-0.5016,1.3941,1.6776,4.7941,9.3356,15.25,101.8818,-83.9917
2004-01-28,12.1582,-1.0082,-0.0462,0.5587,3.7872,8.8285,13.7339,100.8546,-84.1531
2004-01-29,12.3271,1.3889,1.6713,1.2951,4.0832,9.6274,16.58,102.2553,-83.933
2004-01-30,12.2595,-0.5479,0.2763,0.6005,3.0254,9.0268,18.1032,101.695,-84.021
2004-02-02,12.3102,0.4132,-0.2736,0.4132,3.5974,10.576,15.574,102.1152,-83.955
2004-02-03,12.3721,0.503,0.7333,2.1376,3.9224,10.6877,15.7347,102.6289,-83.8743
2004-02-04,12.4453,0.5914,2.3611,2.0776,3.6102,12.6941,16.359,103.2358,-83.7789
2004-02-05,12.5241,0.6332,1.5982,2.4873,4.9026,12.7234,17.9496,103.8895,-83.6762
2004-02-06,12.6198,0.7641,2.9385,3.7003,5.8533,12.6221,19.7867,104.6833,-83.5515
2004-02-09,12.6366,0.1338,2.652,3.9834,5.351,12.1022,20.7712,104.8234,-83.5295
2004-02-10,12.6873,0.4008,2.5477,5.1796,5.7733,12.7192,20.4278,105.2436,-83.4635
2004-02-11,12.6704,-0.1331,1.8092,4.5518,5.9296,11.6824,22.5841,105.1035,-83.4855
2004-02-12,12.6929,0.1777,1.3483,4.8837,6.0184,12.2677,22.8019,105.2902,-83.4561
2004-02-13,12.6141,-0.6208,-0.0446,3.8462,4.5769,10.9677,21.9091,104.6366,-83.5588
2004-02-17,12.7267,0.8925,0.7127,4.6759,6.7503,11.5742,20.8018,105.5704,-83.4121
2004-02-18,12.7098,-0.1327,0.1775,4.5855,7.2135,11.2083,19.8238,105.4303,-83.4341
2004-02-19,12.7717,0.4872,0.7996,5.4368,7.6341,12.3542,21.3566,105.944,-83.3534
2004-02-20,12.8731,0.7933,1.4191,5.8306,8.8994,13.6363,23.553,106.7844,-83.2213
2004-02-23,12.9462,0.5684,2.6327,6.7781,8.9502,13.8892,23.534,107.3914,-83.126
2004-02-24,12.8674,-0.6087,1.1057,5.2486,9.0587,14.2061,24.4901,106.7377,-83.2287
2004-02-25,12.9068,0.3062,1.55,4.5599,9.1333,13.8783,23.9429,107.0646,-83.1773
2004-02-26,12.9068,0.0,1.0577,5.0871,7.6538,13.7102,24.6046,107.0646,-83.1773
2004-02-27,12.9575,0.3925,0.6559,6.574,7.8243,13.7088,24.9602,107.4848,-83.1113
2004-03-01,13.1038,1.1295,1.2174,6.3014,9.1949,14.6558,26.9131,108.6988,-82.9205
2004-03-02,12.9744,-0.988,0.8312,5.831,7.7137,13.4677,26.677,107.6249,-83.0893
2004-03-03,13.0419,0.5206,1.0467,5.9442,8.4763,12.7911,28.4463,108.1852,-83.0012
2004-03-04,13.0138,-0.2158,0.8286,5.1865,9.2095,12.2764,29.1539,107.9517,-83.0379
2004-03-05,13.0194,0.0433,0.4778,4.6133,9.2054,11.7862,30.0663,107.9984,-83.0306
2004-03-08,13.0138,-0.0432,-0.6873,3.9101,8.6983,12.9295,29.8666,107.9517,-83.0379
2004-03-09,13.0138,0.0,0.3036,3.1222,9.0557,12.602,32.053,107.9517,-83.0379
2004-03-10,12.98,-0.2595,-0.4748,2.7171,8.5178,13.5723,30.3931,107.6716,-83.0819
2004-03-11,12.7323,-1.9081,-2.1626,0.355,6.8478,11.4598,26.918,105.6171,-83.4048
2004-03-12,12.7323,0.0,-2.2049,0.4887,6.7474,10.8635,24.1798,105.6171,-83.4048
2004-03-15,12.6085,-0.9726,-3.1142,-0.6652,5.7588,9.5188,23.1713,104.5899,-83.5662
2004-03-16,12.631,0.1786,-2.9412,0.1339,5.2549,9.821,19.9565,104.7767,-83.5368
2004-03-17,12.783,1.2032,-1.5178,0.4423,7.2224,11.0884,22.299,106.0373,-83.3387
2004-03-18,12.7774,-0.044,0.3536,0.5314,6.1274,10.5031,20.2099,105.9906,-83.3461
2004-03-19,12.7503,-0.2122,0.1407,-0.1682,6.0009,9.5804,20.205,105.7657,-83.3814
2004-03-22,12.5808,-1.3292,-0.2199,-2.2705,4.0586,8.3796,16.0817,104.3599,-83.6023
2004-03-23,12.5582,-0.1796,-0.5767,-2.9974,4.2551,9.0804,19.0495,104.1724,-83.6318
2004-03-24,12.5921,0.2699,-1.4936,-2.1399,3.9536,8.7395,19.308,104.4536,-83.5876
2004-03-25,12.7672,1.3907,-0.0796,-1.0818,5.3504,11.2208,21.415,105.9063,-83.3593
2004-03-26,12.6938,-0.5752,-0.4431,-1.6509,5.086,10.6891,20.4618,105.2971,-83.455
2004-03-29,12.8463,1.2016,2.1105,-0.8582,6.2497,12.2937,23.2096,106.5624,-83.2562
2004-03-30,12.9254,0.6156,2.924,-1.3619,6.2116,12.985,25.1698,107.2184,-83.1532
2004-03-31,12.9254,0.0,2.6469,-0.3777,6.0644,13.4854,25.5756,107.2184,-83.1532
2004-04-01,12.8745,-0.3933,0.8407,-1.2835,5.0166,11.0175,22.5005,106.7967,-83.2194
2004-04-02,12.8915,0.1316,1.5577,-0.9397,6.4254,11.1636,23.5113,106.9372,-83.1973
2004-04-05,12.9367,0.3506,0.7036,-0.6354,6.1082,10.6974,23.4184,107.3122,-83.1384
2004-04-06,12.9988,0.4803,0.5682,-0.115,6.3723,10.8569,24.6725,107.8276,-83.0574
2004-04-07,12.9649,-0.2607,0.306,-0.3754,6.5366,9.9895,22.9054,107.5465,-83.1016
2004-04-08,12.8971,-0.5229,0.1755,-0.6385,6.1268,9.7274,23.2372,106.9841,-83.19
2004-04-12,12.948,0.3942,0.4382,1.6936,7.3406,10.0027,23.3298,107.4059,-83.1237
2004-04-13,12.818,-1.0035,-0.917,0.6731,5.7699,8.9506,21.8341,106.3281,-83.293
2004-04-14,12.9084,0.7052,-0.6953,2.3788,6.6644,9.3023,20.59,107.0779,-83.1752
2004-04-15,12.948,0.3063,-0.1308,2.5093,6.5946,9.0677,20.5211,107.4059,-83.1237
2004-04-16,13.0384,0.6981,1.0951,1.9977,7.2392,9.9849,24.9186,108.1556,-83.0059
2004-04-19,13.0779,0.3033,1.0035,2.3521,7.6144,10.1622,23.1326,108.4837,-82.9543
2004-04-20,12.9762,-0.7776,1.234,1.7722,7.1249,9.9807,23.0773,107.6402,-83.0869
2004-04-21,13.0045,0.2177,0.7439,3.3678,6.9109,10.1678,21.1723,107.8745,-83.0501
2004-04-22,13.1344,0.9992,1.4398,4.5884,8.3301,11.4273,22.6372,108.9523,-82.8807
2004-04-23,13.1457,0.086,0.8232,4.3966,7.5247,12.0559,23.5768,109.046,-82.866
2004-04-26,13.1174,-0.2149,0.3023,2.7434,6.2662,11.8151,25.2094,108.8117,-82.9028
2004-04-27,13.1513,0.2584,1.3496,3.6049,7.0779,12.2114,23.7594,109.0929,-82.8586
2004-04-28,12.9988,-1.1598,-0.0434,1.1873,6.9139,10.963,21.2453,107.8276,-83.0574
2004-04-29,13.0666,0.5215,-0.5162,1.0926,5.9993,10.3275,22.8976,108.3899,-82.9691
2004-04-30,13.0948,0.2162,-0.3868,1.3112,6.8137,10.0452,23.2922,108.6242,-82.9323
2004-05-03,13.1739,0.6039,0.4306,2.3255,7.0166,10.8665,23.0703,109.2803,-82.8292
2004-05-04,13.1174,-0.4288,-0.2578,1.7528,6.0244,10.1832,23.3113,108.8117,-82.9028
2004-05-05,13.14,0.1723,1.0865,1.5721,5.5827,9.3945,22.8814,108.9992,-82.8733
2004-05-06,13.0836,-0.4299,0.1298,0.6519,4.4673,9.589,22.0358,108.5306,-82.947
2004-05-07,12.9593,-0.9499,-1.0353,-0.0436,2.6903,8.701,21.4434,107.4996,-83.109
2004-05-10,12.8971,-0.4795,-2.1012,0.0,2.0613,7.5226,19.3682,106.9841,-83.19
2004-05-11,12.8745,-0.1752,-1.8518,-0.5672,1.4757,7.3343,18.1255,106.7967,-83.2194
2004-05-12,12.8067,-0.5265,-2.5365,-0.0881,1.0759,7.0693,18.0456,106.2344,-83.3078
2004-05-13,12.7841,-0.1765,-2.2884,-0.9628,0.7186,6.7803,18.7504,106.0469,-83.3372
2004-05-14,12.835,0.3977,-0.959,-0.8726,1.7509,6.4079,18.306,106.4687,-83.271
2004-05-17,12.7503,-0.6602,-1.1388,-2.2097,0.185,6.9478,18.1912,105.7657,-83.3814
2004-05-18,12.8237,0.5759,-0.395,-1.9439,0.8959,8.174,20.0477,106.3749,-83.2857
2004-05-19,12.7559,-0.5286,-0.397,-1.6979,-0.124,7.5006,18.6718,105.8126,-83.374
2004-05-20,12.8011,0.3543,0.1325,-1.5639,-0.559,8.2906,18.1752,106.1875,-83.3151
2004-05-21,12.8067,0.0442,-0.2201,-2.4946,-1.0774,7.7763,16.6702,106.2344,-83.3078
2004-05-24,12.7559,-0.397,0.0443,-2.9652,-0.8668,8.1134,16.7987,105.8126,-83.374
2004-05-25,12.9084,1.1958,0.6609,-1.5934,0.0124,9.1469,17.0629,107.0779,-83.1752
2004-05-26,12.9197,0.0875,1.2843,-1.7612,0.0999,7.7614,16.4606,107.1716,-83.1605
2004-05-27,13.0723,1.1806,2.1183,0.565,0.8857,8.7793,18.4291,108.4368,-82.9617
2004-05-28,13.0214,-0.3889,1.6762,-0.3458,-0.629,8.5081,16.7336,108.0151,-83.028
2004-06-01,13.0214,0.0,2.0816,-0.5608,0.3626,8.1042,16.9668,108.0151,-83.028
2004-06-02,13.1287,0.8242,1.7067,-0.343,0.6657,9.1985,16.7644,108.9054,-82.8881
2004-06-03,13.1005,-0.2151,1.3992,-0.1292,0.6664,9.9373,15.6552,108.6711,-82.9249
2004-06-04,13.1231,0.1725,0.3889,-0.129,0.7965,10.0752,15.7411,108.8586,-82.8954
2004-06-07,13.2361,0.861,1.6486,1.1658,1.7083,10.5552,17.1398,109.7959,-82.7482
2004-06-08,13.2982,0.4693,2.1257,2.6154,2.1857,11.4393,17.9217,110.3112,-82.6672
2004-06-09,13.2474,-0.3823,0.9036,2.7157,2.0599,10.7532,17.1244,109.8895,-82.7335
2004-06-10,13.2474,0.0,1.1212,2.896,4.0451,11.1699,16.2669,109.8895,-82.7335
2004-06-14,13.1796,-0.5117,0.4304,2.9113,3.5127,10.4971,15.2782,109.3271,-82.8218
2004-06-15,13.2417,0.4715,0.0426,3.5793,5.0222,11.0702,16.9594,109.8426,-82.7408
2004-06-16,13.2248,-0.128,-0.5522,3.0369,4.7008,10.2027,14.5039,109.702,-82.7629
2004-06-17,13.1739,-0.3844,-0.5544,3.3229,3.0583,10.5016,14.7821,109.2803,-82.8292
2004-06-18,13.1722,-0.0129,-0.5672,2.7181,3.0904,9.4072,14.9344,109.2662,-82.8314
2004-06-21,13.1552,-0.1291,-0.1848,3.1306,3.1762,9.3678,16.0814,109.1251,-82.8536
2004-06-22,13.1609,0.0431,-0.6104,2.8108,4.6112,8.857,16.12,109.1721,-82.8462
2004-06-23,13.1779,0.1292,-0.3544,2.8981,4.9348,9.3999,16.9038,109.3132,-82.824
2004-06-24,13.1269,-0.3872,-0.3572,2.9083,4.2472,8.3687,15.1953,108.8899,-82.8905
2004-06-25,13.0021,-0.9503,-1.2914,0.7258,1.8401,7.2889,15.7459,107.8551,-83.0531
2004-06-28,13.0021,0.0,-1.1638,0.6378,2.4293,7.6389,15.0025,107.8551,-83.0531
2004-06-29,13.0135,0.0873,-1.1202,-0.4497,1.3014,7.6325,15.7319,107.9492,-83.0383
2004-06-30,13.0929,0.61,-0.6453,0.5487,1.2958,7.5879,16.2646,108.6077,-82.9348
2004-07-01,12.9624,-0.9961,-1.2527,-0.4529,0.2868,6.3686,14.144,107.5259,-83.1048
2004-07-02,12.9624,0.0,-0.3052,-1.2667,0.6828,5.7337,13.4186,107.5259,-83.1048
2004-07-06,12.9681,0.0437,-0.2617,-1.0106,0.5944,7.0579,14.1377,107.5729,-83.0975
2004-07-07,12.9794,0.0875,-0.2615,-1.0946,0.3306,6.459,13.4012,107.667,-83.0827
2004-07-08,12.9624,-0.131,-0.9961,-2.0675,-0.2798,6.0747,13.1422,107.5259,-83.1048
2004-07-09,12.9965,0.2624,0.2624,-2.2691,0.2432,6.7957,14.9524,107.8081,-83.0605
2004-07-12,13.0135,0.1309,0.3937,-1.7657,0.9021,7.0842,15.5596,107.9492,-83.0383
2004-07-13,13.0305,0.1307,0.481,-1.6373,0.6372,8.0246,14.9126,108.0903,-83.0162
2004-07-14,13.0248,-0.0435,0.3495,-1.1744,1.6131,7.4761,15.1463,108.0432,-83.0236
2004-07-15,12.9398,-0.653,-0.175,-2.2805,0.2426,6.9233,13.7763,107.3377,-83.1344
2004-07-16,12.9341,-0.0438,-0.4799,-2.1981,-0.1072,6.4802,14.9117,107.2907,-83.1418
2004-07-19,12.9398,0.0438,-0.5665,-1.7776,-0.7563,6.4282,15.3628,107.3377,-83.1344
2004-07-20,12.9454,0.0438,-0.6528,-1.7219,-1.013,6.5242,14.3879,107.3847,-83.127
2004-07-21,12.7696,-1.3578,-1.959,-2.931,-1.5919,5.4196,13.7896,105.9266,-83.3561
2004-07-22,12.73,-0.3109,-1.6214,-3.2745,-2.1109,4.6542,12.2623,105.5973,-83.4079
2004-07-23,12.5428,-1.4699,-3.025,-4.8192,-4.504,3.4509,11.1048,104.0451,-83.6518
2004-07-26,12.4975,-0.3617,-3.418,-4.7948,-4.9311,2.2225,11.4751,103.6688,-83.7109
2004-07-27,12.6279,1.0436,-2.4528,-2.8783,-3.7321,2.3002,11.7477,104.7507,-83.5409
2004-07-28,12.5939,-0.2695,-1.3766,-3.14,-4.239,2.5389,12.1115,104.4684,-83.5852
2004-07-29,12.4464,-1.1706,-2.2271,-4.3573,-4.2494,2.3707,11.4085,103.2455,-83.7774
2004-07-30,12.4464,0.0,-0.7685,-4.9372,-4.7462,0.9684,10.6891,103.2455,-83.7774
2004-08-02,12.5712,1.0022,0.5898,-3.0184,-3.999,2.5422,11.7985,104.2803,-83.6148
2004-08-03,12.5202,-0.4059,-0.8532,-3.4121,-4.9627,1.7057,12.462,103.857,-83.6813
2004-08-04,12.5485,0.2264,-0.3602,-3.2357,-4.3373,1.4258,12.2659,104.0922,-83.6444
2004-08-05,12.4011,-1.1749,-0.3645,-4.4561,-5.6239,-0.3551,12.2939,102.8692,-83.8365
2004-08-06,12.248,-1.2346,-1.5946,-5.5119,-6.3866,-2.2045,10.2383,101.5992,-84.0361
2004-08-09,12.2933,0.3704,-2.2102,-5.4101,-5.1387,-2.5867,9.709,101.9755,-83.977
2004-08-10,12.3897,0.7842,-1.0416,-4.793,-3.9341,-1.954,9.9118,102.7752,-83.8513
2004-08-11,12.4861,0.778,-0.497,-4.1775,-3.0168,-1.5856,10.9319,103.5748,-83.7257
2004-08-12,12.4578,-0.2271,0.4573,-4.3535,-2.7249,-1.6783,9.808,103.3396,-83.7626
2004-08-13,12.5145,0.4551,2.1759,-3.2866,-2.1094,-1.4059,10.6893,103.8099,-83.6887
2004-08-16,12.5939,0.6343,2.4447,-2.6305,-1.8787,-0.1607,10.7894,104.4684,-83.5852
2004-08-17,12.6052,0.0901,1.7391,-2.5854,-1.1376,-0.9547,10.509,104.5625,-83.5705
2004-08-18,12.6903,0.6747,1.6348,-1.9711,-1.0405,-0.1539,11.0371,105.268,-83.4596
2004-08-19,12.6279,-0.4914,1.3655,-1.1101,-1.0035,-1.1263,11.0888,104.7507,-83.5409
2004-08-20,12.6846,0.449,1.3593,-0.3564,-0.9101,-1.464,11.9726,105.221,-83.467
2004-08-23,12.6392,-0.3576,0.3602,0.7685,-1.308,-2.3714,11.1885,104.8448,-83.5261
2004-08-24,12.6449,0.0448,0.3148,1.1796,-0.8702,-1.7294,12.231,104.8917,-83.5187
2004-08-25,12.7186,0.583,0.2235,0.7184,-1.4705,-1.4583,12.2176,105.5033,-83.4226
2004-08-26,12.7413,0.1783,0.898,1.1707,-1.3811,-1.2825,12.2518,105.6914,-83.3931
2004-08-27,12.7186,-0.178,0.2682,2.1868,-2.7053,-1.8435,11.6125,105.5033,-83.4226
2004-08-30,12.6562,-0.4904,0.1346,1.6856,-2.8045,-3.4158,10.7394,104.9858,-83.5039
2004-08-31,12.6676,0.0896,0.1794,0.7668,-2.7174,-2.3647,10.7845,105.0799,-83.4892
2004-09-01,12.6676,0.0,-0.4013,1.1775,-3.5127,-2.8703,9.5536,105.0799,-83.4892
2004-09-02,12.815,1.1638,0.5785,2.1238,-2.1793,-1.5274,10.5616,106.3029,-83.297
2004-09-03,12.8717,0.4425,1.2037,3.7952,-1.9156,-1.1344,10.5181,106.7732,-83.2231
2004-09-07,12.8717,0.0,1.7025,5.0926,-2.753,-1.0917,11.6967,106.7732,-83.2231
2004-09-08,12.7356,-1.0572,0.5372,3.5978,-4.2306,-2.1373,10.1953,105.6444,-83.4005
2004-09-09,12.6846,-0.4007,0.1343,2.3798,-4.2483,-2.2759,10.9875,105.221,-83.467
2004-09-10,12.6959,0.0894,-0.9292,1.6803,-4.1627,-0.2859,11.1411,105.3151,-83.4522
2004-09-13,12.7073,0.0893,-1.2775,2.0028,-3.5837,-0.1969,10.6452,105.4092,-83.4374
2004-09-14,12.7129,0.0446,-1.2334,1.5859,-3.9933,0.8284,10.426,105.4562,-83.43
2004-09-15,12.5882,-0.9813,-1.1576,-0.045,-4.8136,-0.339,9.4487,104.4214,-83.5926
2004-09-16,12.5202,-0.5405,-1.2963,-0.6748,-4.9627,-2.0562,8.8042,103.857,-83.6813
2004-09-17,12.5788,0.4685,-0.9226,-0.8782,-4.5052,-1.554,8.7859,104.3435,-83.6049
2004-09-20,12.3681,-1.675,-2.6691,-2.0572,-5.9834,-2.9972,6.2961,102.5958,-83.8795
2004-09-21,12.3226,-0.3683,-3.0708,-2.8541,-6.37,-2.0525,6.1552,102.2179,-83.9389
2004-09-22,12.2257,-0.7856,-2.8792,-3.2714,-7.2254,-2.6471,6.193,101.4149,-84.065
2004-09-23,12.2713,0.3726,-1.9876,-2.9545,-6.5177,-2.5474,5.9695,101.7928,-84.0057
2004-09-24,12.2599,-0.0928,-2.5351,-3.6065,-5.7084,-3.9733,6.8017,101.6983,-84.0205
2004-09-27,12.2087,-0.418,-1.2891,-4.1804,-6.1026,-3.8215,6.4592,101.2732,-84.0873
2004-09-28,12.2713,0.5131,-0.4159,-3.517,-5.7031,-4.4759,7.2675,101.7928,-84.0057
2004-09-29,12.3055,0.2784,0.652,-2.7715,-6.0139,-4.796,7.5662,102.0762,-83.9611
2004-09-30,12.3339,0.2314,0.5105,-2.6337,-4.8486,-4.5757,8.2927,102.3124,-83.924
2004-10-01,12.4592,1.0157,1.6257,-1.6448,-3.8821,-3.2258,7.4363,103.3516,-83.7607
2004-10-04,12.4307,-0.2286,1.8191,-2.9985,-4.1437,-3.5739,7.1907,103.1154,-83.7978
2004-10-05,12.4307,0.0,1.2993,-3.4258,-4.2275,-3.9108,6.3682,103.1154,-83.7978
2004-10-06,12.4877,0.458,1.4808,-2.9834,-3.6625,-3.9321,6.4979,103.5877,-83.7236
2004-10-07,12.3909,-0.7752,0.4617,-2.7069,-4.6595,-4.4276,5.1196,102.7847,-83.8498
2004-10-08,12.3055,-0.6894,-1.2341,-2.9888,-5.4406,-4.5875,4.6936,102.0762,-83.9611
2004-10-11,12.2998,-0.0463,-1.0536,-3.1203,-5.6077,-5.0062,4.4958,102.0289,-83.9686
2004-10-12,12.2656,-0.2777,-1.3284,-3.4756,-5.8288,-4.3098,4.2551,101.7456,-84.0131
2004-10-13,12.2144,-0.4179,-2.1888,-3.9218,-5.6059,-5.3769,3.4253,101.3204,-84.0799
2004-10-14,12.1688,-0.3729,-1.7923,-3.3316,-5.9168,-6.0176,2.5044,100.9425,-84.1393
2004-10-15,12.2485,0.6551,-0.4627,-2.1695,-5.3419,-6.0578,3.3223,101.6038,-84.0354
2004-10-18,12.2941,0.372,-0.0463,-2.2635,-5.0314,-5.9935,3.5597,101.9817,-83.976
2004-10-19,12.2201,-0.6021,-0.3714,-1.197,-4.3039,-5.8273,3.5719,101.3677,-84.0725
2004-10-20,12.2542,0.2796,0.3264,-0.5545,-3.7371,-5.7691,3.8121,101.6511,-84.0279
2004-10-21,12.2542,0.0,0.7019,0.2329,-2.301,-6.7013,3.9602,101.6511,-84.0279
2004-10-22,12.1745,-0.6506,-0.6044,-0.7889,-2.5843,-7.3879,3.7773,100.9898,-84.1318
2004-10-25,12.1062,-0.5613,-1.5285,-1.2541,-4.1315,-7.7094,3.1948,100.4229,-84.2209
2004-10-26,12.2371,1.0819,0.1398,0.2332,-2.8325,-6.9514,4.4111,101.5094,-84.0502
2004-10-27,12.3681,1.0702,0.9293,0.7889,-0.6294,-4.852,5.579,102.5958,-83.8795
2004-10-28,12.4251,0.4605,1.3941,0.9718,-0.1718,-4.9098,4.9106,103.0682,-83.8053
2004-10-29,12.4137,-0.0917,1.9645,0.6464,-1.253,-5.2019,4.3208,102.9737,-83.8201
2004-11-01,12.3852,-0.2294,2.3048,-0.5942,-1.0779,-5.9871,4.2287,102.7375,-83.8572
2004-11-02,12.4649,0.6437,1.8613,0.2749,-0.6661,-4.9745,4.7021,103.3988,-83.7533
2004-11-03,12.5617,0.7766,1.5654,1.0536,1.2954,-4.4013,4.5797,104.2018,-83.6271
2004-11-04,12.8977,2.6745,3.8038,3.2832,5.3046,-1.4207,8.0321,106.9887,-83.1892
2004-11-05,12.9546,0.4415,4.3578,4.5496,5.3793,-0.0359,8.6621,107.4611,-83.115
2004-11-08,12.9318,-0.1758,4.4138,5.0903,4.3755,0.2692,7.8121,107.2721,-83.1447
2004-11-09,12.9262,-0.044,3.7003,5.0926,3.5241,0.401,7.7646,107.2249,-83.1521
2004-11-10,12.9432,0.1322,3.0372,5.5246,3.8969,1.0658,8.2105,107.3666,-83.1299
2004-11-11,13.04,0.7479,1.1038,6.7599,4.1997,2.0017,8.9177,108.1696,-83.0037
2004-11-12,13.0799,0.3056,0.967,7.4871,3.8593,1.9081,8.4383,108.5002,-82.9517
2004-11-15,13.1198,0.3048,1.4531,7.113,4.0821,2.8981,10.0472,108.8309,-82.8998
2004-11-16,13.0343,-0.6511,0.837,6.0213,2.7114,1.6428,9.951,108.1223,-83.0111
2004-11-17,13.0457,0.0874,0.7919,6.7568,3.3089,2.2722,9.9432,108.2168,-82.9963
2004-11-18,13.04,-0.0436,0.0,6.4127,2.8023,1.8667,10.3121,108.1696,-83.0037
2004-11-19,12.8977,-1.0917,-1.3931,5.2509,2.0449,0.7101,8.5416,106.9887,-83.1892
2004-11-22,12.9831,0.6623,-1.0417,6.6418,2.6747,1.7812,10.0391,107.6972,-83.0779
2004-11-23,12.9546,-0.2193,-0.6116,7.0085,1.8557,0.3579,9.5375,107.4611,-83.115
2004-11-24,12.9489,-0.0439,-0.742,5.8167,1.6297,0.2261,8.005,107.4138,-83.1224
2004-11-26,12.9489,0.0,-0.6987,4.6962,1.8109,-0.9434,7.7531,107.4138,-83.1224
2004-11-29,12.818,-1.0114,-0.618,3.1623,1.2779,-1.5624,6.8127,106.3275,-83.2931
2004-11-30,12.7212,-0.7553,-2.0176,2.477,0.423,-2.3059,5.6114,105.5244,-83.4193
2004-12-01,12.892,1.3429,-0.4835,4.092,1.7716,-1.8033,7.2293,106.9415,-83.1967
2004-12-02,13.0116,0.9275,0.4837,4.3855,1.5339,-0.6788,9.191,107.9334,-83.0408
2004-12-03,12.9888,-0.175,0.3078,3.3999,0.9097,-1.0234,8.9487,107.7445,-83.0705
2004-12-06,12.9034,-0.6576,0.6663,0.0442,0.2461,-2.5137,7.7762,107.0359,-83.1818
2004-12-07,12.8692,-0.2648,1.1638,-0.6593,1.0489,-3.226,7.8442,106.7525,-83.2264
2004-12-08,12.8749,0.0443,-0.1325,-0.4403,1.5004,-2.8117,7.6392,106.7998,-83.2189
2004-12-09,13.023,1.15,0.0876,0.7489,2.5759,-1.694,9.2867,108.0279,-83.026
2004-12-10,13.0457,0.1749,0.4384,0.7919,2.6635,-1.0156,9.3749,108.2168,-82.9963
2004-12-13,13.0742,0.2182,1.3239,0.262,2.8417,-1.2651,9.6651,108.453,-82.9592
2004-12-14,13.1938,0.9146,2.5221,0.8707,4.8108,-0.2343,9.9445,109.4449,-82.8033
2004-12-15,13.1881,-0.0431,2.4326,0.5208,5.335,0.1075,10.6204,109.3977,-82.8107
2004-12-16,13.1539,-0.2591,1.0056,0.9174,4.5721,-0.139,9.2551,109.1143,-82.8553
2004-12-17,13.0539,-0.7607,0.0623,0.0623,5.5446,-0.7705,8.5251,108.2843,-82.9857
2004-12-20,13.0596,0.0438,-0.1118,0.1498,5.9811,-0.7698,8.019,108.3317,-82.9782
2004-12-21,13.1511,0.7005,-0.3238,1.9646,7.5686,-0.2036,9.1771,109.0906,-82.859
2004-12-22,13.2025,0.3913,0.1094,1.6901,7.5886,0.5763,8.9932,109.5174,-82.7919
2004-12-23,13.1739,-0.2165,0.1522,1.6929,7.4554,1.3214,8.7067,109.2803,-82.8292
2004-12-27,13.1625,-0.0868,0.8322,1.6493,7.8128,1.2335,8.9666,109.1854,-82.8441
2004-12-28,13.2426,0.6082,1.4011,2.2676,7.9149,1.7604,9.5272,109.8495,-82.7397
2004-12-29,13.214,-0.2159,0.4783,3.0894,7.3829,0.925,8.583,109.6123,-82.777
2004-12-30,13.2426,0.2164,0.3032,4.0987,7.3668,2.161,8.6672,109.8495,-82.7397
2004-12-31,13.1968,-0.3455,0.1736,2.3644,5.92,1.8081,7.6454,109.47,-82.7994
2005-01-03,13.1968,0.0,0.2606,1.4237,6.1626,1.7636,8.946,109.47,-82.7994
2005-01-04,13.1511,-0.3466,-0.6908,1.2494,5.7947,1.3223,7.8667,109.0906,-82.859
2005-01-05,13.0825,-0.5218,-0.9953,1.3878,4.7628,0.9259,7.0568,108.5214,-82.9484
2005-01-06,13.1454,0.4808,-0.734,2.1458,6.0889,1.1457,8.0192,109.0432,-82.8664
2005-01-07,13.2083,0.4785,0.0867,2.5891,7.3365,1.4968,8.6869,109.5649,-82.7844
2005-01-10,13.2883,0.606,0.6932,2.0374,8.0369,1.9786,10.162,110.2289,-82.6801
2005-01-11,13.2311,-0.4302,0.6087,1.4211,7.8717,1.584,9.1786,109.7547,-82.7546
2005-01-12,13.2711,0.3024,1.4423,1.5063,8.652,2.561,9.6616,110.0866,-82.7025
2005-01-13,13.1854,-0.6463,0.3044,-0.0638,8.3539,1.9428,8.549,109.3752,-82.8143
2005-01-14,13.2597,0.5637,0.3895,0.543,8.2555,2.4726,9.0597,109.9917,-82.7174
2005-01-18,13.3969,1.035,0.8176,1.8474,8.9706,3.4878,10.2396,111.1301,-82.5385
2005-01-19,13.3741,-0.1707,1.0803,2.4529,9.4435,4.7332,10.4093,110.9403,-82.5683
2005-01-20,13.3626,-0.0854,0.6894,2.3205,9.0451,4.97,9.8555,110.8456,-82.5832
2005-01-21,13.2483,-0.8558,0.4771,0.7392,8.1119,5.6243,9.2693,109.897,-82.7323
2005-01-24,13.1968,-0.3885,-0.4743,-0.0433,8.3972,5.5959,7.9428,109.47,-82.7994
2005-01-25,13.2483,0.39,-1.1096,0.5643,9.4341,4.9128,7.3261,109.897,-82.7323
2005-01-26,13.2368,-0.0864,-1.0261,0.5647,8.1693,5.1054,7.7739,109.802,-82.7472
2005-01-27,13.3112,0.5616,-0.3851,0.5181,7.625,6.9476,9.4831,110.4187,-82.6503
2005-01-28,13.3169,0.043,0.5179,0.7789,7.1777,6.9936,8.0297,110.4661,-82.6429
2005-01-31,13.3512,0.2576,1.1698,0.8203,7.5524,6.2047,8.9047,110.7506,-82.5981
2005-02-01,13.3569,0.0428,0.82,1.2132,7.8458,6.6833,8.503,110.7981,-82.5907
2005-02-02,13.4656,0.8134,1.7279,2.0364,8.0276,7.3081,8.8381,111.6993,-82.4491
2005-02-03,13.4427,-0.1698,0.988,2.2174,7.0131,8.3994,8.0144,111.5096,-82.4789
2005-02-04,13.517,0.5529,1.5028,3.3217,4.8019,10.3613,7.9283,112.1262,-82.382
2005-02-07,13.4884,-0.2116,1.0278,2.6098,4.1205,9.7214,6.8833,111.8889,-82.4193
2005-02-08,13.5056,0.1272,1.113,2.2511,4.4366,9.0062,6.8763,112.0313,-82.3969
2005-02-09,13.3855,-0.8891,-0.5945,0.7315,3.5536,7.203,5.5031,111.0353,-82.5534
2005-02-10,13.3798,-0.0427,-0.4679,1.1236,3.3728,7.4011,5.5986,110.9878,-82.5609
2005-02-11,13.4598,0.5983,-0.423,1.4218,3.2192,7.5541,6.042,111.6519,-82.4565
2005-02-14,13.4656,0.0425,-0.1695,2.1249,2.9484,6.9216,6.7497,111.6993,-82.4491
2005-02-15,13.4884,0.1698,-0.1271,1.7249,2.8099,7.0067,5.9851,111.8889,-82.4193
2005-02-16,13.5227,0.2544,1.0252,0.939,3.7469,6.56,6.3959,112.1736,-82.3746
2005-02-17,13.437,-0.6343,0.4273,0.4703,2.9989,6.407,5.2085,111.4621,-82.4864
2005-02-18,13.4198,-0.1276,-0.2974,0.4279,2.9123,5.7962,4.2473,111.3198,-82.5087
2005-02-22,13.2197,-1.4912,-1.8259,-0.2158,2.4966,4.5925,2.1122,109.6598,-82.7695
2005-02-23,13.254,0.2595,-1.7379,0.4333,2.0865,4.817,3.0042,109.9444,-82.7248
2005-02-24,13.3169,0.4745,-1.5222,0.5179,2.7964,4.704,3.1771,110.4661,-82.6429
2005-02-25,13.3626,0.3435,-0.5531,0.9504,3.1949,4.8766,3.5315,110.8456,-82.5832
2005-02-28,13.334,-0.214,-0.6391,0.1718,2.974,4.8388,2.906,110.6083,-82.6205
2005-03-01,13.4427,0.8148,1.6869,0.9446,4.8737,6.2139,2.5859,111.5096,-82.4789
2005-03-02,13.4084,-0.2552,1.1648,0.4283,5.4022,5.848,3.3451,111.225,-82.5236
2005-03-03,13.4999,0.6823,1.374,1.0702,4.7151,6.5702,3.5113,111.9839,-82.4044
2005-03-04,13.5685,0.5083,1.5404,0.7643,4.2801,5.8796,4.2624,112.5531,-82.3149
2005-03-07,13.5284,-0.295,1.458,0.638,4.1547,5.1022,3.9099,112.221,-82.3671
2005-03-08,13.4656,-0.4649,0.1701,-0.3807,4.3568,4.6136,3.4716,111.6993,-82.4491
2005-03-09,13.3684,-0.7218,-0.2985,-0.8901,3.8786,4.9682,2.7247,110.893,-82.5758
2005-03-10,13.3969,0.2138,-0.7624,-0.8044,4.0546,5.6159,3.2121,111.1301,-82.5385
2005-03-11,13.294,-0.7682,-2.0228,-0.6835,2.0814,4.7109,4.4114,110.2764,-82.6727
2005-03-14,13.334,0.301,-1.4371,-0.3419,2.2099,4.9323,4.7257,110.6083,-82.6205
2005-03-15,13.254,-0.6003,-1.5711,-1.5293,1.3752,4.2559,5.1195,109.9444,-82.7248
2005-03-16,13.2197,-0.2589,-1.1121,-1.8259,0.1963,5.0165,4.6605,109.6598,-82.7695
2005-03-17,13.2654,0.346,-0.9816,-1.6532,0.5864,5.9526,3.7741,110.0392,-82.7099
2005-03-18,13.2229,-0.3203,-0.5347,-2.217,0.5247,5.1208,3.4872,109.6867,-82.7653
2005-03-21,13.1483,-0.5645,-1.393,-2.1483,0.7234,6.3081,3.1219,109.0676,-82.8626
2005-03-22,13.0737,-0.5677,-1.3606,-2.5794,0.1078,6.0954,3.9178,108.4485,-82.9599
2005-03-23,13.1598,0.6588,-0.4531,-0.4531,0.0662,7.6399,4.7905,109.1629,-82.8476
2005-03-24,13.154,-0.0436,-0.8397,-0.7541,-0.3672,7.1935,4.4629,109.1152,-82.8551
2005-03-28,13.1655,0.0873,-0.4342,-1.1367,-0.0639,7.3867,3.1199,109.2105,-82.8401
2005-03-29,13.1368,-0.218,-0.0873,-1.6899,-0.1952,7.6024,3.4904,108.9724,-82.8776
2005-03-30,13.3091,1.3112,1.8006,-0.1873,0.5022,8.4568,3.6024,110.4012,-82.6531
2005-03-31,13.2172,-0.6903,0.4363,-1.6774,0.0244,7.4091,2.2577,109.6391,-82.7728
2005-04-01,13.0909,-0.9557,-0.4802,-2.3679,-1.1454,6.137,1.2805,108.5913,-82.9374
2005-04-04,13.1655,0.5702,0.0,-2.4766,-0.2371,5.6689,2.2602,109.2105,-82.8401
2005-04-05,13.2631,0.7414,0.9615,-2.2504,0.5026,6.6962,2.8829,110.0202,-82.7129
2005-04-06,13.2287,-0.2598,-0.604,-2.2158,0.5901,6.419,2.2572,109.7344,-82.7578
2005-04-07,13.3205,0.6944,0.782,-1.0769,1.8199,6.6694,2.4751,110.4964,-82.6381
2005-04-08,13.2574,-0.4742,1.2719,-0.8301,0.8522,6.993,2.2558,109.9725,-82.7204
2005-04-11,13.2918,0.2599,0.9594,-0.7845,0.6328,8.0157,3.0605,110.2583,-82.6755
2005-04-12,13.3435,0.3887,0.606,0.3723,0.4155,8.4858,3.0548,110.6869,-82.6082
2005-04-13,13.2804,-0.4733,0.3906,-0.4026,0.3721,8.273,3.6067,110.163,-82.6905
2005-04-14,13.2516,-0.2162,-0.5172,-0.0177,-0.1469,8.4923,2.6588,109.9249,-82.7279
2005-04-15,13.1253,-0.9532,-0.996,-0.7137,-0.4553,7.8605,1.3698,108.8771,-82.8925
2005-04-18,13.0392,-0.6562,-1.9007,-1.7054,-1.6629,6.4553,0.0065,108.1626,-83.0048
2005-04-19,13.0737,0.2642,-2.0223,-1.1289,-2.4131,6.341,-0.0325,108.4485,-82.9599
2005-04-20,12.9071,-1.2736,-2.8102,-1.8341,-3.4912,5.6226,-0.5323,107.0672,-83.1769
2005-04-21,13.1253,1.6904,-0.9532,0.3953,-1.7759,7.1087,0.9295,108.8771,-82.8925
2005-04-22,12.9875,-1.0499,-1.0499,-1.3089,-1.9682,5.9841,-1.1182,107.734,-83.0721
2005-04-25,13.1253,1.061,0.6606,-0.2182,-0.5416,7.8101,-0.1549,108.8771,-82.8925
2005-04-26,13.0277,-0.7437,-0.3513,-1.0466,-1.6648,7.6123,-0.684,108.0674,-83.0197
2005-04-27,13.0737,0.3526,1.2901,-0.4808,-1.2327,6.8359,-0.5907,108.4485,-82.9599
2005-04-28,13.0449,-0.2196,-0.6125,-1.9845,-2.0,5.4725,0.3549,108.2103,-82.9973
2005-04-29,13.0794,0.2641,0.7074,-1.0425,-1.7834,5.2663,0.098,108.4961,-82.9524
2005-05-02,13.177,0.7463,0.3937,0.6579,-1.3046,6.1492,0.6274,109.3058,-82.8252
2005-05-03,13.2344,0.4357,1.5866,0.5233,-0.9171,6.8568,0.4591,109.782,-82.7503
2005-05-04,13.3205,0.6508,1.8884,0.4329,-1.0769,6.8643,1.5483,110.4964,-82.6381
2005-05-05,13.2976,-0.1724,1.9366,0.5208,-1.0794,5.858,1.1988,110.3059,-82.668
2005-05-06,13.2459,-0.3886,1.273,-0.5604,-2.0057,2.6999,1.2408,109.8772,-82.7354
2005-05-09,13.3263,0.6069,1.1328,0.5197,-1.202,2.8689,2.832,110.544,-82.6306
2005-05-10,13.2516,-0.5601,0.1302,-0.3024,-1.8802,2.473,2.7488,109.9249,-82.7279
2005-05-11,13.2976,0.3466,-0.1724,-0.3442,-0.6569,2.8734,3.2859,110.3059,-82.668
2005-05-12,13.2344,-0.4749,-0.4749,-0.3459,-1.0865,2.2497,3.3395,109.782,-82.7503
2005-05-13,13.1196,-0.8677,-0.9536,-0.9965,-2.5279,0.61,2.6239,108.8295,-82.9
2005-05-16,13.2459,0.9628,-0.6032,0.9186,-1.6312,1.2691,3.2015,109.8772,-82.7354
2005-05-17,13.3148,0.5202,0.4766,2.1137,-1.2871,1.4866,4.4278,110.4488,-82.6456
2005-05-18,13.4411,0.9487,1.0795,2.8107,-0.6035,3.1208,4.8148,111.4966,-82.4809
2005-05-19,13.5215,0.598,2.1692,4.7598,0.6292,3.6469,6.002,112.1634,-82.3762
2005-05-20,13.5043,-0.1274,2.9322,2.8871,0.6294,3.56,5.4932,112.0205,-82.3986
2005-05-23,13.5273,0.1701,2.1241,4.1557,2.3266,4.8813,5.626,112.2111,-82.3687
2005-05-24,13.5043,-0.1698,1.423,2.8871,1.8883,4.0143,5.8669,112.0205,-82.3986
2005-05-25,13.4583,-0.3402,0.1281,3.3053,1.0622,3.8883,4.26,111.6394,-82.4585
2005-05-26,13.4698,0.0854,-0.3822,3.0303,0.8022,4.0227,4.2578,111.7347,-82.4435
2005-05-27,13.4296,-0.2984,-0.5527,2.9489,0.717,3.7123,2.7339,111.4013,-82.4959
2005-05-31,13.3837,-0.342,-1.0611,2.3266,-0.4387,4.4136,2.7822,111.0204,-82.5558
2005-06-01,13.4756,0.6864,-0.2126,2.2657,0.5011,5.9304,3.4877,111.7824,-82.436
2005-06-02,13.51,0.2557,0.384,2.0824,0.0752,4.7939,2.9041,112.0681,-82.3911
2005-06-03,13.4009,-0.8074,-0.5115,0.6035,-1.2348,2.9925,2.2933,111.1633,-82.5333
2005-06-06,13.4067,0.0428,-0.171,0.8204,-0.9002,3.2172,2.1608,111.2108,-82.5258
2005-06-07,13.4583,0.3854,0.5576,1.6038,-0.0536,4.3009,1.6791,111.6394,-82.4585
2005-06-08,13.4239,-0.2559,-0.3834,0.7325,0.4155,4.3102,0.9451,111.3537,-82.5034
2005-06-09,13.4296,0.0428,-0.595,1.3431,0.2441,4.3086,1.3758,111.4013,-82.4959
2005-06-10,13.4182,-0.0855,0.1285,0.9068,0.9338,3.0346,1.2891,111.3061,-82.5109
2005-06-13,13.4641,0.3423,0.4283,1.7354,0.9753,3.2068,2.1586,111.6871,-82.451
2005-06-14,13.4411,-0.1706,-0.1279,2.4508,1.4119,2.8064,1.5058,111.4966,-82.4809
2005-06-15,13.4469,0.0427,0.1711,1.5171,1.7185,1.9181,1.6793,111.5442,-82.4734
2005-06-16,13.4067,-0.2989,-0.171,0.6899,1.0647,1.6573,1.7666,111.2108,-82.5258
2005-06-17,13.4424,0.2668,0.181,0.0098,1.66,2.1934,2.0513,111.5076,-82.4792
2005-06-20,13.4367,-0.0429,-0.2036,-0.6273,2.1933,2.9325,2.1394,111.4597,-82.4867
2005-06-21,13.4078,-0.2147,-0.2478,-0.7143,2.556,2.6665,1.8762,111.2204,-82.5243
2005-06-22,13.4194,0.0861,-0.2045,-0.7976,1.9725,2.0401,1.8323,111.3161,-82.5093
2005-06-23,13.2521,-1.2468,-1.1533,-1.8677,0.7451,0.3751,0.9536,109.9283,-82.7274
2005-06-24,13.1194,-1.0013,-2.4034,-2.5187,-0.3506,-0.4143,0.9016,108.8275,-82.9003
2005-06-27,13.1078,-0.0879,-2.4474,-2.6875,-0.2207,-0.4154,0.8129,108.7318,-82.9154
2005-06-28,13.2751,1.2764,-0.9896,-1.1505,-0.2549,0.246,2.0107,110.1197,-82.6973
2005-06-29,13.2405,-0.2607,-1.3327,-1.0699,0.1765,0.2009,1.1278,109.8326,-82.7424
2005-06-30,13.1251,-0.8715,-0.9578,-2.6006,0.2616,-0.8868,1.2551,108.8754,-82.8928
2005-07-01,13.1713,0.3517,0.3958,-2.5073,0.0438,-0.1934,1.6111,109.2583,-82.8326
2005-07-05,13.2463,0.5694,1.0563,-1.1541,-0.127,0.3749,2.1451,109.8804,-82.7349
2005-07-06,13.1194,-0.9582,-1.1734,-2.143,-0.8264,-0.2411,1.0779,108.8275,-82.9003
2005-07-07,13.0963,-0.1759,-1.0894,-2.6902,-1.6836,0.1057,1.0325,108.6361,-82.9304
2005-07-08,13.2694,1.3216,1.0989,-1.1512,0.0903,0.9433,2.0998,110.0718,-82.7048
2005-07-11,13.3444,0.5652,1.314,-0.635,0.3951,1.0305,2.5427,110.694,-82.607
2005-07-12,13.3559,0.0865,0.8276,-0.4639,0.0929,0.5088,2.4974,110.7897,-82.592
2005-07-13,13.4078,0.3887,2.1988,-0.4179,0.9598,1.3355,2.9407,111.2204,-82.5243
2005-07-14,13.4828,0.5594,2.9515,0.3103,1.7445,1.5951,4.1969,111.8426,-82.4266
2005-07-15,13.4771,-0.0428,1.5652,0.2246,2.6797,2.2122,4.198,111.7947,-82.4341
2005-07-18,13.4136,-0.4709,0.5188,0.0516,2.8713,1.1606,3.6619,111.2683,-82.5168
2005-07-19,13.3905,-0.1721,0.2591,-0.3863,2.4236,-0.0479,3.4382,111.0768,-82.5469
2005-07-20,13.4424,0.3878,0.2582,0.0429,4.1472,0.5113,5.2687,111.5076,-82.4792
2005-07-21,13.3905,-0.3863,-0.6847,-0.1291,2.0204,0.2086,5.189,111.0768,-82.5469
2005-07-22,13.4309,0.3016,-0.3424,0.086,3.4138,1.3785,7.0803,111.4119,-82.4942
2005-07-25,13.3847,-0.3437,-0.2151,1.0013,1.9764,1.4241,7.0997,111.029,-82.5544
2005-07-26,13.454,0.5172,0.4739,2.5505,3.2718,1.5526,6.5417,111.6032,-82.4642
2005-07-27,13.4886,0.2573,0.3433,2.9049,3.1738,1.902,7.1045,111.8904,-82.4191
2005-07-28,13.604,0.8554,1.5942,2.4772,4.2854,2.1997,9.3002,112.8476,-82.2687
2005-07-29,13.5463,-0.4241,0.8591,2.3093,3.5697,1.7226,8.8367,112.369,-82.3439
2005-08-01,13.4771,-0.5111,0.6897,2.6813,2.277,0.9427,7.206,111.7947,-82.4341
2005-08-02,13.5232,0.3424,0.5146,2.6719,2.182,1.245,8.0115,112.1775,-82.3739
2005-08-03,13.5521,0.2134,0.4705,2.3084,1.738,0.6424,7.9974,112.4168,-82.3363
2005-08-04,13.4367,-0.8514,-1.2298,2.4187,1.046,-0.0447,8.351,111.4597,-82.4867
2005-08-05,13.3501,-0.6441,-1.4481,1.9383,0.7869,-1.2346,8.9987,110.7418,-82.5995
2005-08-08,13.3271,-0.1728,-1.113,0.4348,0.0058,-1.1963,8.4088,110.5504,-82.6296
2005-08-09,13.3501,0.1731,-1.2798,0.0432,0.7432,-1.151,7.7515,110.7418,-82.5995
2005-08-10,13.3271,-0.1728,-1.6603,-0.216,0.2217,-0.4366,6.7349,110.5504,-82.6296
2005-08-11,13.3617,0.2597,-0.5582,-0.3442,0.9615,-0.1354,7.2556,110.8375,-82.5845
2005-08-12,13.3155,-0.3454,-0.2593,-1.2409,1.4934,-1.0722,6.4009,110.4547,-82.6446
2005-08-15,13.379,0.4766,0.3896,-0.7277,1.0047,-0.6429,6.2342,110.9812,-82.5619
2005-08-16,13.2463,-0.9919,-0.7779,-1.2473,-0.5147,-1.7951,5.0858,109.8804,-82.7349
2005-08-17,13.2405,-0.0435,-0.6493,-1.1201,-1.4924,-2.0869,4.3361,109.8326,-82.7424
2005-08-18,13.3905,1.1328,0.2159,-0.3863,-0.9687,-0.3457,6.0392,111.0768,-82.5469
2005-08-19,13.3732,-0.1292,0.4333,-0.1292,-0.9706,-0.3473,5.4288,110.9333,-82.5694
2005-08-22,13.4136,0.302,0.2587,-0.1289,-0.8402,1.4668,6.1267,111.2683,-82.5168
2005-08-23,13.379,-0.258,1.0018,-0.0431,-0.9278,0.943,5.8054,110.9812,-82.5619
2005-08-24,13.2578,-0.9056,0.1307,-1.4579,-1.4899,-0.4435,4.2395,109.9761,-82.7198
2005-08-25,13.2751,0.1306,-0.8617,-1.5825,-1.4454,-0.6548,4.1898,110.1197,-82.6973
2005-08-26,13.2405,-0.2607,-0.9922,-2.6717,-1.4082,-0.7013,4.1035,109.8326,-82.7424
2005-08-29,13.3328,0.6971,-0.6021,-1.5758,-0.3802,-0.8172,5.3459,110.5983,-82.6221
2005-08-30,13.2636,-0.5192,-0.8625,-1.5839,-1.573,-1.0798,4.7051,110.024,-82.7123
2005-08-31,13.3097,0.3479,0.3916,-1.5785,-1.4824,-1.4083,5.0694,110.4068,-82.6522
2005-09-01,13.2924,-0.13,0.1304,-1.9157,-0.8096,-2.0344,3.7256,110.2633,-82.6747
2005-09-02,13.3155,0.1736,0.5664,-0.9017,-0.6799,-1.574,3.4479,110.4547,-82.6446
2005-09-06,13.4597,1.0832,0.952,0.8211,0.0105,-0.0431,4.5685,111.6511,-82.4567
2005-09-07,13.4713,0.0857,1.5659,1.0822,0.353,0.77,5.7764,111.7468,-82.4416
2005-09-08,13.4194,-0.3854,0.8236,0.5186,-0.0765,0.1674,5.7927,111.3161,-82.5093
2005-09-09,13.4771,0.4299,1.3889,1.1255,0.439,1.3768,6.1526,111.7947,-82.4341
2005-09-12,13.5059,0.214,1.4298,1.0795,0.3106,1.2889,6.2848,112.034,-82.3965
2005-09-13,13.379,-0.9397,-0.6001,0.4766,-0.4623,0.943,5.2391,110.9812,-82.5619
2005-09-14,13.2924,-0.6469,-1.3276,-0.6469,-1.1484,0.5503,5.5945,110.2633,-82.6747
2005-09-15,13.3444,0.3906,-0.5589,0.7404,-0.4648,0.595,6.5831,110.694,-82.607
2005-09-16,13.382,0.2824,-0.705,1.0689,-0.4493,1.2033,6.3857,111.0066,-82.5579
2005-09-19,13.3009,-0.6066,-1.5181,-0.6694,-1.0107,1.1604,7.5417,110.3332,-82.6637
2005-09-20,13.2197,-0.6102,-1.1905,-1.1478,-1.403,1.1171,7.2805,109.6599,-82.7695
2005-09-21,13.0574,-1.2281,-1.7685,-2.6558,-2.6976,-0.7783,6.8021,108.3132,-82.9811
2005-09-22,13.1559,0.7549,-1.4121,-1.6672,-0.7254,0.0143,7.2089,109.1309,-82.8527
2005-09-23,13.1791,0.1762,-1.5165,-0.5937,0.4555,0.1032,7.4976,109.3232,-82.8224
2005-09-26,13.1327,-0.352,-1.2642,-1.0727,0.19,-0.0311,7.5689,108.9384,-82.8829
2005-09-27,13.2719,1.0596,0.3947,0.2369,-0.0244,-0.2793,8.1539,110.0928,-82.7015
2005-09-28,13.2893,0.1311,1.7762,-0.3266,0.3683,0.5454,7.9949,110.2371,-82.6788
2005-09-29,13.4052,0.8726,1.8951,1.0679,2.1342,2.4014,8.6858,111.199,-82.5277
2005-09-30,13.498,0.6921,2.4198,1.4146,2.4806,2.5255,8.3375,111.9686,-82.4068
2005-10-03,13.4806,-0.1289,2.649,1.4157,1.7691,1.6398,8.4457,111.8242,-82.4295
2005-10-04,13.4226,-0.4301,1.1358,0.8045,2.3117,1.4662,7.9793,111.3433,-82.505
2005-10-05,13.3299,-0.6911,0.3054,-0.9649,1.7836,0.07,6.7441,110.5738,-82.6259
2005-10-06,13.2545,-0.5655,-1.1245,-1.6093,-0.112,-0.0218,6.9697,109.9485,-82.7242
2005-10-07,13.2429,-0.0875,-1.89,-1.315,-0.7603,-0.3682,7.618,109.8523,-82.7393
2005-10-10,13.1965,-0.3503,-2.1075,-2.0817,-1.1934,-1.1017,7.2907,109.4675,-82.7998
2005-10-11,13.1965,0.0,-1.6847,-2.2908,-1.576,-0.6313,7.5895,109.4675,-82.7998
2005-10-12,13.1501,-0.3515,-1.3485,-1.7106,-2.4676,-0.7661,7.6612,109.0827,-82.8602
2005-10-13,13.1153,-0.2645,-1.0499,-1.3324,-2.684,-0.0762,7.7783,108.7942,-82.9056
2005-10-14,13.1907,0.5747,-0.3941,-1.1514,-1.6616,1.1619,7.6922,109.4194,-82.8073
2005-10-17,13.3357,1.0989,1.0545,-0.3466,-0.4096,2.0041,8.4722,110.6218,-82.6184
2005-10-18,13.2371,-0.7391,0.3076,-0.4795,-1.5276,2.5563,8.3227,109.8042,-82.7469
2005-10-19,13.3762,1.0512,1.7195,1.1842,-0.1065,1.9117,9.1562,110.9585,-82.5655
2005-10-20,13.2719,-0.7802,1.1936,1.643,-1.184,2.1894,8.3046,110.0928,-82.7015
2005-10-21,13.2603,-0.0874,0.5275,0.7933,-0.9298,1.0282,8.9186,109.9966,-82.7166
2005-10-24,13.3762,0.8745,0.3043,1.4958,-0.5777,2.6752,10.4912,110.9585,-82.5655
2005-10-25,13.3299,-0.3467,0.7009,1.5012,-1.1767,1.9598,8.9296,110.5738,-82.6259
2005-10-26,13.2893,-0.3045,-0.6501,0.1311,-2.3133,1.873,7.448,110.2371,-82.6788
2005-10-27,13.1617,-0.9599,-0.8301,-0.9599,-2.8389,0.6294,5.9289,109.179,-82.8451
2005-10-28,13.382,1.674,0.9182,-0.173,-0.705,1.556,7.8009,111.0066,-82.5579
2005-10-31,13.4342,0.39,0.4335,-0.4725,-0.6579,1.5098,8.4701,111.4395,-82.4899
2005-11-01,13.3589,-0.5611,0.2175,-0.9032,-1.4256,0.2876,7.1717,110.8142,-82.5881
2005-11-02,13.3936,0.2604,0.7853,-0.216,-0.3202,0.7225,6.6228,111.1028,-82.5428
2005-11-03,13.4458,0.3896,2.1586,0.8699,0.7169,1.5094,4.25,111.5357,-82.4748
2005-11-04,13.44,-0.0432,0.4333,1.3998,0.8477,0.8535,3.747,111.4876,-82.4824
2005-11-07,13.469,0.2157,0.2589,1.7075,0.8906,1.6404,4.1539,111.7281,-82.4446
2005-11-08,13.4284,-0.3014,0.5208,1.7575,0.7607,0.984,3.8857,111.3914,-82.4975
2005-11-09,13.4516,0.1727,0.4329,1.9332,0.6733,1.6412,3.9278,111.5838,-82.4672
2005-11-10,13.6082,1.1638,1.2074,3.4832,2.1979,3.7241,4.3568,112.8824,-82.2632
2005-11-11,13.6256,0.1278,1.3805,3.8903,1.8431,2.8663,4.1718,113.0266,-82.2405
2005-11-14,13.5734,-0.3829,0.7749,2.9011,2.4694,1.9421,3.4576,112.5938,-82.3085
2005-11-15,13.5038,-0.5126,0.5614,1.2609,1.9885,0.4664,3.6018,112.0167,-82.3992
2005-11-16,13.5386,0.2576,0.6466,2.2777,1.1059,0.1265,3.778,112.3052,-82.3539
2005-11-17,13.5328,-0.0428,-0.5538,1.1704,1.1934,0.2113,3.7788,112.2572,-82.3614
2005-11-18,13.5676,0.257,-0.4255,2.228,1.1481,0.2982,5.194,112.5457,-82.3161
2005-11-21,13.585,0.1282,0.0854,2.4486,1.5397,0.5976,4.6359,112.6899,-82.2934
2005-11-22,13.6777,0.6829,1.288,2.254,3.1674,1.6303,5.582,113.4595,-82.1725
2005-11-23,13.7299,0.3816,1.4133,3.0013,3.426,1.9311,6.0314,113.8924,-82.1045
2005-11-25,13.7415,0.0845,1.5424,3.4032,3.784,2.3225,6.121,113.9886,-82.0894
2005-11-28,13.6777,-0.4642,0.8119,3.9207,2.587,2.197,6.7076,113.4595,-82.1725
2005-11-29,13.6662,-0.0848,0.5975,2.123,3.0351,1.4143,7.4286,113.3633,-82.1876
2005-11-30,13.556,-0.8061,-0.8902,0.9063,1.8501,0.3403,5.1505,112.4495,-82.3312
2005-12-01,13.6488,0.6844,-0.5912,2.1702,2.6807,1.8494,4.8972,113.2191,-82.2103
2005-12-02,13.643,-0.0425,-0.7173,1.8614,2.4591,1.7625,5.0364,113.1709,-82.2179
2005-12-05,13.5908,-0.3825,-0.6359,1.078,0.9735,0.9841,5.3273,112.738,-82.2859
2005-12-06,13.5792,-0.0853,-0.6364,1.0354,0.801,1.1568,5.5169,112.6419,-82.301
2005-12-07,13.5444,-0.2562,-0.0855,0.5596,0.9318,0.8546,5.2,112.3533,-82.3463
2005-12-08,13.5212,-0.1713,-0.9347,0.6908,0.3276,0.768,3.8258,112.1609,-82.3766
2005-12-09,13.5444,0.1716,-0.7224,0.6897,0.285,0.5965,3.8224,112.3533,-82.3463
2005-12-12,13.5734,0.214,-0.1279,-0.2556,1.4531,0.9841,3.8181,112.5938,-82.3085
2005-12-13,13.7415,1.2388,1.1956,0.8511,3.3786,2.1914,4.1516,113.9886,-82.0894
2005-12-14,13.8575,0.8439,2.3116,2.0931,3.8453,3.3627,5.0758,114.9505,-81.9382
2005-12-15,13.8807,0.1674,2.6587,2.7909,3.7262,3.2602,5.5251,115.1429,-81.908
2005-12-16,13.869,-0.084,2.3968,2.4407,4.2716,3.2177,6.2446,115.0462,-81.9232
2005-12-19,13.8457,-0.1681,2.0063,2.3122,4.7355,3.266,6.0196,114.8528,-81.9536
2005-12-20,13.7641,-0.5892,0.1645,1.4487,5.4129,2.5693,4.6617,114.1761,-82.0599
2005-12-21,13.8049,0.2964,-0.3793,1.6191,4.9332,4.1721,4.5628,114.5145,-82.0067
2005-12-22,13.8166,0.0844,-0.4618,1.015,4.837,5.3145,4.8781,114.6111,-81.9916
2005-12-23,13.7933,-0.1687,-0.5462,0.4613,5.0298,5.2293,4.7922,114.4178,-82.0219
2005-12-27,13.7,-0.6759,-1.0522,-0.302,3.226,3.2008,3.4547,113.6444,-82.1435
2005-12-28,13.7175,0.1276,-0.3387,0.2908,3.2225,3.6026,3.8108,113.7895,-82.1207
2005-12-29,13.6826,-0.2549,-0.8865,0.12,2.0687,4.2471,3.3226,113.4994,-82.1662
2005-12-30,13.5718,-0.8092,-1.7713,0.1169,0.547,3.0411,2.8418,112.581,-82.3105
2006-01-03,13.6592,0.644,-0.9717,0.0768,1.3251,3.1176,3.5042,113.306,-82.1966
2006-01-04,13.7059,0.3413,0.0425,0.4611,2.1101,4.4706,4.2186,113.6927,-82.1359
2006-01-05,13.6359,-0.5102,-0.5947,0.3324,2.2962,4.1207,4.2308,113.1127,-82.227
2006-01-06,13.6942,0.4273,0.0851,0.8471,3.3175,3.2017,4.1753,113.596,-82.1511
2006-01-09,13.7583,0.4681,1.374,1.5794,3.892,3.1021,4.1645,114.1278,-82.0675
2006-01-10,13.7234,-0.2541,0.4693,1.4951,3.9923,2.7512,3.274,113.8378,-82.1131
2006-01-11,13.735,0.0849,0.2126,1.4073,4.0806,2.4402,3.8083,113.9344,-82.0979
2006-01-12,13.7,-0.2546,0.47,0.9331,4.1818,1.611,3.2318,113.6444,-82.1435
2006-01-13,13.6826,-0.1276,-0.0851,-0.4292,4.3249,1.5248,3.7707,113.4994,-82.1662
2006-01-17,13.6301,-0.3833,-0.9318,-1.6409,3.3311,1.6142,2.7935,113.0643,-82.2346
2006-01-18,13.6884,0.4276,-0.2548,-1.3854,2.645,2.2245,2.1755,113.5477,-82.1586
2006-01-19,13.7,0.0851,-0.2546,-1.2185,3.4973,1.9163,2.4374,113.6444,-82.1435
2006-01-20,13.5019,-1.4462,-1.4462,-2.4831,0.9395,0.8319,1.0423,112.0009,-82.4017
2006-01-23,13.5136,0.0863,-1.2351,-1.8205,1.821,0.6154,2.0024,112.0975,-82.3865
2006-01-24,13.5602,0.345,-0.513,-1.773,2.2616,1.3107,2.7535,112.4843,-82.3257
2006-01-25,13.5718,0.086,-0.8514,-1.7713,1.4623,0.8761,2.4423,112.581,-82.3105
2006-01-26,13.601,0.2147,-0.7231,-1.3941,2.0338,0.8332,2.751,112.8227,-82.2726
2006-01-27,13.7117,0.8141,1.5537,0.0851,3.1786,0.7918,3.0089,113.7411,-82.1283
2006-01-30,13.6592,-0.3825,1.0781,-0.4249,3.7801,0.8339,2.5709,113.306,-82.1966
2006-01-31,13.5952,-0.4692,0.2579,-0.6388,1.5925,0.8763,1.8273,112.7744,-82.2802
2006-02-01,13.6301,0.2571,0.4293,0.4293,1.458,0.7906,2.0454,113.0643,-82.2346
2006-02-02,13.6243,-0.0427,0.1714,-0.2559,1.9869,0.533,1.1788,113.016,-82.2422
2006-02-03,13.5369,-0.6416,-1.275,-1.233,1.0694,0.7457,0.7007,112.2909,-82.3561
2006-02-06,13.5077,-0.2152,-1.1092,-0.9402,0.4604,1.1806,-0.0686,112.0493,-82.3941
2006-02-07,13.4436,-0.4746,-1.1145,-1.8298,0.0268,0.8748,-0.332,111.5175,-82.4776
2006-02-08,13.5019,0.4335,-0.9405,-1.8636,0.2442,1.1369,-0.0271,112.0009,-82.4017
2006-02-09,13.5427,0.3021,-0.5989,-1.3164,0.8509,1.6181,1.1744,112.3392,-82.3485
2006-02-10,13.5252,-0.1291,-0.0861,-1.5274,0.5471,1.2241,1.087,112.1943,-82.3713
2006-02-13,13.5077,-0.1292,0.0,-1.4036,-0.738,1.4436,0.3559,112.0493,-82.3941
2006-02-14,13.6767,1.251,1.7338,-0.0426,0.3755,2.2255,1.5683,113.451,-82.1738
2006-02-15,13.7641,0.6391,1.9421,0.9833,1.4053,3.9095,2.0442,114.1761,-82.0599
2006-02-16,13.8282,0.4657,2.1084,1.0217,2.4025,4.4388,2.2592,114.7078,-81.9764
2006-02-17,13.77,-0.4214,1.8096,0.5104,1.709,2.8338,2.4783,114.2245,-82.0523
2006-02-21,13.7525,-0.127,1.8119,1.8558,1.6233,2.8361,2.479,114.0794,-82.0751
2006-02-22,13.8632,0.8051,1.3635,2.5874,2.1788,3.3519,4.8679,114.9979,-81.9308
2006-02-23,13.869,0.042,0.7621,2.2776,2.0909,3.6628,4.6404,115.0462,-81.9232
2006-02-24,13.7991,-0.5042,-0.2107,1.6745,0.8873,4.0827,3.6211,114.4662,-82.0143
2006-02-27,13.8982,0.7179,0.931,2.1851,1.2253,4.6933,4.0077,115.288,-81.8852
2006-02-28,13.7117,-1.3417,-0.2966,0.0,-0.2171,3.5586,2.8323,113.7411,-82.1283
2006-03-01,13.7641,0.3825,-0.7146,0.7679,0.6316,3.235,2.3913,114.1761,-82.0599
2006-03-02,13.6884,-0.5504,-1.3025,0.6858,0.1627,3.2027,2.0883,113.5477,-82.1586
2006-03-03,13.7234,0.2554,-0.549,0.6841,1.2346,3.1076,1.6555,113.8378,-82.1131
2006-03-06,13.6767,-0.3397,-1.5933,0.3849,0.2049,2.891,0.7978,113.451,-82.1738
2006-03-07,13.77,0.6818,0.425,1.7219,0.9309,3.413,1.7853,114.2245,-82.0523
2006-03-08,13.9215,1.1003,1.1431,3.0629,2.4333,3.4304,3.3858,115.4813,-81.8548
2006-03-09,13.9448,0.1674,1.8731,3.7277,2.6923,3.5149,4.3119,115.6746,-81.8245
2006-03-10,14.073,0.9194,2.5477,4.2296,3.9026,4.8708,5.0463,116.7381,-81.6574
2006-03-13,14.0846,0.0828,2.9826,4.0018,4.1671,4.5083,5.9472,116.8348,-81.6422
2006-03-14,14.0497,-0.2483,2.0313,3.8776,3.7305,4.0262,5.367,116.5447,-81.6877
2006-03-15,13.9972,-0.3733,0.5442,3.6238,3.1226,4.6211,5.6077,116.1097,-81.7561
2006-03-16,14.0439,0.3331,0.7105,2.6844,2.2001,5.653,6.2345,116.4965,-81.6953
2006-03-17,14.0357,-0.0584,-0.2653,1.9726,1.2856,5.1804,5.8062,116.4284,-81.706
2006-03-20,14.1177,0.5843,0.2345,2.093,1.7073,5.4971,6.7665,117.1087,-81.5991
2006-03-21,14.0239,-0.6639,-0.1832,1.8444,1.1169,5.4362,6.6597,116.3312,-81.7213
2006-03-22,14.1528,0.9189,1.1114,2.9109,2.2179,7.0585,8.2544,117.4002,-81.5533
2006-03-23,14.0474,-0.745,0.025,1.3284,2.0577,7.582,6.7447,116.5256,-81.6907
2006-03-24,14.0474,0.0,0.0835,1.2859,1.7561,6.776,6.7913,116.5256,-81.6907
2006-03-27,14.0005,-0.3336,-0.8299,1.4596,1.3312,6.2326,6.3422,116.1369,-81.7518
2006-03-28,13.8892,-0.795,-0.9608,-0.0646,0.6955,5.7602,5.7273,115.2135,-81.8969
2006-03-29,13.9888,0.717,-1.1589,2.0208,2.1076,5.4017,5.1072,116.0396,-81.7671
2006-03-30,13.8775,-0.7956,-1.2093,0.8235,1.1661,4.4262,4.9958,115.1164,-81.9122
2006-03-31,13.8248,-0.38,-1.5847,0.9963,1.0393,3.1295,5.6061,114.679,-81.9809
2006-04-03,13.8716,0.339,-0.9206,1.0805,2.2089,2.7679,5.3633,115.0678,-81.9198
2006-04-04,13.8599,-0.0845,-0.2109,1.3394,1.4691,2.8136,4.4995,114.9706,-81.9351
2006-04-05,13.8892,0.2113,-0.7119,0.8659,1.3376,3.476,4.9931,115.2135,-81.8969
2006-04-06,13.8365,-0.3796,-0.2955,-0.6105,1.4706,3.8006,3.8732,114.7762,-81.9656
2006-04-07,13.7135,-0.8891,-0.8051,-1.6588,0.1406,3.4627,3.4402,113.7557,-82.126
2006-04-10,13.731,0.1282,-1.0135,-2.4298,-0.1983,3.686,3.3043,113.9015,-82.1031
2006-04-11,13.6022,-0.9386,-1.8597,-3.4256,-0.8831,3.0739,1.9384,112.8325,-82.271
2006-04-12,13.649,0.3446,-1.7292,-2.8517,-0.626,3.4291,2.7761,113.2213,-82.2099
2006-04-13,13.6256,-0.1717,-1.5241,-2.6551,-0.5434,3.6157,2.8219,113.0269,-82.2405
2006-04-17,13.5494,-0.5589,-1.1961,-3.5206,-0.9729,3.3099,3.2312,112.3951,-82.3398
2006-04-18,13.6783,0.9512,-0.3839,-2.5459,0.3537,3.6966,4.9015,113.4642,-82.1718
2006-04-19,13.6959,0.1285,0.6891,-2.9876,0.0548,2.7012,4.7594,113.61,-82.1489
2006-04-20,13.7193,0.1711,0.515,-2.1721,0.1407,3.643,6.2924,113.8044,-82.1183
2006-04-21,13.7193,0.0,0.6879,-3.0629,1.6102,2.5648,4.5255,113.8044,-82.1183
2006-04-24,13.7779,0.427,1.6862,-1.9183,1.9561,3.8127,6.0856,114.2903,-82.042
2006-04-25,13.7779,0.0,0.7281,-1.9183,1.6056,3.9035,4.9718,114.2903,-82.042
2006-04-26,13.9068,0.9354,1.5398,-0.6695,2.4679,3.9663,6.7476,115.3594,-81.874
2006-04-27,13.9244,0.1263,1.4944,0.2531,2.3776,4.4598,6.5069,115.5051,-81.8511
2006-04-28,13.9595,0.2524,1.7506,-0.2094,1.8072,5.0433,7.0108,115.7967,-81.8053
2006-05-01,13.9536,-0.042,1.2755,0.5487,2.1553,6.0168,6.6841,115.7481,-81.8129
2006-05-02,14.0357,0.5878,1.8707,1.5255,3.2401,4.8842,6.5162,116.4284,-81.706
2006-05-03,13.9419,-0.6678,0.2526,0.5067,2.2876,3.779,5.3459,115.6508,-81.8282
2006-05-04,13.9654,0.1681,0.2945,0.7608,2.5034,4.54,4.8407,115.8452,-81.7976
2006-05-05,14.0942,0.9228,0.9651,1.4762,4.1173,5.2307,5.991,116.9143,-81.6297
2006-05-08,14.1704,0.5404,1.5534,2.4133,4.9057,5.3887,6.9795,117.5461,-81.5304
2006-05-09,14.2114,0.2893,1.2521,3.6309,5.7109,5.7393,6.6418,117.8861,-81.477
2006-05-10,14.1528,-0.4122,1.5126,3.0717,4.8208,5.0767,6.8004,117.4002,-81.5533
2006-05-11,13.9771,-1.2417,0.0839,2.7563,3.2074,4.0857,5.1099,115.9424,-81.7824
2006-05-12,13.8658,-0.7963,-1.621,1.5879,2.5179,3.0788,4.7705,115.0192,-81.9274
2006-05-15,14.0181,1.0984,-1.0749,2.8804,3.7781,3.0121,6.8484,116.2825,-81.7289
2006-05-16,14.0708,0.3762,-0.9892,3.8479,2.8814,3.2677,6.2276,116.72,-81.6602
2006-05-17,13.8951,-1.249,-1.8212,1.5845,0.9511,2.3698,4.3579,115.2621,-81.8893
2006-05-18,13.8248,-0.5059,-1.0897,0.9409,-0.0251,2.3767,2.8542,114.679,-81.9809
2006-05-19,13.8365,0.0848,-0.2112,0.854,0.483,2.2002,2.3295,114.7762,-81.9656
2006-05-22,13.8775,0.2964,-1.0028,1.1529,0.909,2.547,2.7637,115.1164,-81.9122
2006-05-23,13.8716,-0.0423,-1.4155,0.6802,0.0607,2.2409,2.5458,115.0678,-81.9198
2006-05-24,13.9771,0.7601,0.5902,1.4456,0.779,2.8862,3.5011,115.9424,-81.7824
2006-05-25,14.1118,0.9639,2.0763,1.4742,2.2661,3.1734,4.8555,117.0601,-81.6068
2006-05-26,14.1118,0.0,1.9898,1.3462,1.5371,2.7813,4.766,117.0601,-81.6068
2006-05-30,13.9361,-1.2453,0.4221,-0.1678,1.6364,1.4157,3.771,115.6023,-81.8358
2006-05-31,13.9888,0.3783,0.8446,0.2519,1.6321,2.2741,4.521,116.0396,-81.7671
2006-06-01,14.0649,0.5444,0.6287,0.2087,2.7509,2.9181,4.3737,116.6713,-81.6678
2006-06-02,14.0357,-0.2082,-0.5396,0.6723,2.2757,3.5384,3.8907,116.4284,-81.706
2006-06-05,13.8365,-1.4191,-1.951,-0.9228,1.168,1.3753,3.2501,114.7762,-81.9656
2006-06-06,13.8775,0.2964,-0.4203,-1.5378,0.7809,1.7191,3.5119,115.1164,-81.9122
2006-06-07,13.8716,-0.0423,-0.8375,-2.1084,-0.3581,2.0665,3.0709,115.0678,-81.9198
2006-06-08,13.9185,0.3378,-1.0413,-2.061,-0.1885,2.4987,3.6844,115.4565,-81.8587
2006-06-09,13.9302,0.0842,-0.7513,-1.5728,-1.0145,2.8485,3.7274,115.5537,-81.8435
2006-06-12,13.8482,-0.5887,0.0847,-0.922,-1.6788,2.4184,3.2049,114.8734,-81.9503
2006-06-13,13.8013,-0.3384,-0.5488,-0.4647,-1.7677,1.8969,2.5048,114.4846,-82.0114
2006-06-14,13.8599,0.4245,-0.0845,-1.1283,-0.9811,2.1109,3.1157,114.9706,-81.9351
2006-06-15,13.9712,0.8031,0.3789,-0.7077,-0.5172,1.6715,3.8995,115.8939,-81.79
2006-06-16,13.9871,0.1137,0.4085,0.6625,-0.3459,0.9353,4.3295,116.0257,-81.7693
2006-06-19,13.9341,-0.3789,0.6204,0.791,-1.3002,0.3849,3.6576,115.5861,-81.8384
2006-06-20,14.0342,0.7185,1.6875,1.4292,0.0734,1.1911,4.4472,116.4166,-81.7079
2006-06-21,14.0872,0.3777,1.6402,1.5114,-0.4633,1.7443,5.0673,116.8563,-81.6388
2006-06-22,14.0637,-0.1672,0.6618,1.3845,0.1161,2.1762,4.8014,116.6608,-81.6695
2006-06-23,14.0166,-0.335,0.2106,0.2825,-0.2193,1.533,5.769,116.27,-81.7309
2006-06-26,14.0931,0.5462,1.1412,-0.1324,0.6615,2.0015,7.4224,116.9051,-81.6311
2006-06-27,14.0283,-0.4597,-0.042,-0.5915,1.0018,1.7042,7.0227,116.3677,-81.7156
2006-06-28,14.0931,0.4618,0.0418,1.127,0.7458,2.8692,6.1618,116.9051,-81.6311
2006-06-29,14.3169,1.5879,1.8007,2.3456,3.1664,4.3695,8.1295,118.7615,-81.3394
2006-06-30,14.2462,-0.4936,1.6386,1.289,3.0487,4.1197,8.5418,118.1753,-81.4315
2006-07-03,14.3287,0.5788,1.6716,2.0879,3.295,5.5767,8.7874,118.8593,-81.3241
2006-07-05,14.2109,-0.8221,1.3014,2.7061,2.5324,4.0387,7.2822,117.8821,-81.4776
2006-07-06,14.3758,1.1604,2.0058,3.5908,3.5035,4.888,9.5771,119.25,-81.2627
2006-07-07,14.3464,-0.2048,0.2057,3.4223,3.6851,5.2099,9.5453,119.0058,-81.301
2006-07-10,14.4347,0.6158,1.3229,3.7089,5.2594,5.4074,8.7822,119.7386,-81.1859
2006-07-11,14.5113,0.5304,1.2741,4.1712,5.6822,5.4727,8.7445,120.3736,-81.0861
2006-07-12,14.3935,-0.8117,1.2847,3.9376,5.8176,4.8831,7.7687,119.3966,-81.2396
2006-07-13,14.2757,-0.8183,-0.6964,3.4371,4.5913,3.9366,6.4729,118.4196,-81.3932
2006-07-14,14.1343,-0.9901,-1.4779,1.9801,3.7338,3.1701,4.8322,117.2471,-81.5774
2006-07-17,14.1697,0.25,-1.836,1.4205,4.5777,3.5602,5.1393,117.5402,-81.5313
2006-07-18,14.2345,0.4572,-1.9075,1.7684,4.0659,4.4339,6.1197,118.0775,-81.4469
2006-07-19,14.4111,1.2412,0.1227,3.4235,5.2224,5.2801,7.622,119.5431,-81.2166
2006-07-20,14.4229,0.0818,1.0314,2.7696,5.1286,5.2765,7.294,119.6409,-81.2013
2006-07-21,14.3935,-0.2042,1.8334,2.1739,4.9139,6.6033,7.4901,119.3966,-81.2396
2006-07-24,14.4995,0.7365,2.3275,3.0988,5.2372,7.2958,7.9561,120.2759,-81.1015
2006-07-25,14.5702,0.4875,2.3584,3.9496,5.7502,7.4481,8.8565,120.8622,-81.0093
2006-07-26,14.4995,-0.4851,0.613,2.8834,4.262,6.835,7.771,120.2759,-81.1015
2006-07-27,14.4053,-0.6499,-0.1225,2.6868,3.4537,5.9134,6.7959,119.4943,-81.2243
2006-07-28,14.5407,0.9403,1.0229,3.1759,4.1635,6.046,6.8857,120.6179,-81.0477
2006-07-31,14.47,-0.486,-0.2031,1.0695,3.7008,5.9358,6.8192,120.0317,-81.1398
2006-08-01,14.3994,-0.4884,-1.1722,1.0748,2.5913,5.9154,6.8435,119.4454,-81.232
2006-08-02,14.5289,0.8998,0.2031,1.3974,4.2104,6.5944,7.4371,120.5202,-81.0631
2006-08-03,14.5643,0.2432,1.1038,2.4865,4.2885,6.8992,7.469,120.8133,-81.017
2006-08-04,14.5702,0.0405,0.2026,1.352,3.3768,7.6331,8.4358,120.8622,-81.0093
2006-08-07,14.5348,-0.2426,0.4477,1.3136,2.5717,7.6036,8.874,120.5691,-81.0554
2006-08-08,14.5996,0.4457,1.3906,1.1424,2.7317,8.5986,9.5486,121.1065,-80.971
2006-08-09,14.5054,-0.6455,-0.1622,-0.0406,2.4911,7.4319,8.6534,120.3247,-81.0938
2006-08-10,14.6585,1.0556,0.647,1.8412,4.8753,8.2391,9.9905,121.5949,-80.8942
2006-08-11,14.629,-0.2009,0.4041,2.4752,5.5048,8.1612,9.4852,121.3507,-80.9326
2006-08-14,14.6585,0.2013,0.8509,3.7083,4.5685,8.5192,10.0858,121.5949,-80.8942
2006-08-15,14.7527,0.6429,1.0488,4.1148,4.8464,7.8674,10.268,122.3767,-80.7714
2006-08-16,14.7704,0.1197,1.8271,3.7651,6.2996,7.3107,11.506,122.5232,-80.7484
2006-08-17,14.7468,-0.1595,0.6027,2.3294,6.6697,6.6429,11.3766,122.3278,-80.7791
2006-08-18,14.8352,0.599,1.409,2.8582,7.2178,7.7357,10.7886,123.0605,-80.6639
2006-08-21,14.8705,0.2383,1.4464,3.3142,7.1556,8.1297,11.1963,123.3537,-80.6179
2006-08-22,14.8587,-0.0793,0.7185,2.4776,7.1159,7.181,10.7736,123.2559,-80.6332
2006-08-23,14.8116,-0.3171,0.2791,1.6572,5.9708,6.7963,10.7081,122.8651,-80.6946
2006-08-24,14.8882,0.517,0.9585,2.6808,5.5016,7.8924,12.2974,123.5003,-80.5948
2006-08-25,14.8646,-0.1583,0.1985,3.1888,5.3347,6.9538,11.9734,123.3048,-80.6256
2006-08-28,14.9235,0.3962,0.3564,2.6326,7.0855,8.8378,12.7109,123.7933,-80.5488
2006-08-29,14.9765,0.3552,0.7927,3.5002,7.0609,8.8082,12.3282,124.233,-80.4797
2006-08-30,15.0177,0.2753,1.3917,4.2945,6.7743,9.7116,13.2253,124.575,-80.426
2006-08-31,15.0295,0.0784,0.9493,3.4455,7.081,9.5179,12.9212,124.6727,-80.4106
2006-09-01,15.112,0.5486,1.6641,3.7607,9.2184,10.4941,13.6885,125.3567,-80.3031
2006-09-05,15.059,-0.3508,0.9077,3.3548,8.5136,9.3609,13.0934,124.917,-80.3722
2006-09-06,15.0177,-0.2738,0.2753,3.3225,8.2623,7.8747,11.5752,124.575,-80.426
2006-09-07,14.9647,-0.3529,-0.3529,2.501,7.517,7.3143,11.0862,124.1354,-80.495
2006-09-08,15.0413,0.5116,0.0784,3.6947,7.9761,6.8807,12.0866,124.7704,-80.3953
2006-09-11,15.1532,0.7439,0.2728,3.3749,9.4236,7.5867,12.437,125.6986,-80.2494
2006-09-12,15.1591,0.0388,0.6648,3.6232,9.8379,7.8963,12.2404,125.7475,-80.2417
2006-09-13,15.0472,-0.7382,0.196,2.6516,8.5662,7.5011,12.4688,124.8192,-80.3876
2006-09-14,15.1238,0.5089,1.0626,2.5149,8.2493,7.6894,13.7771,125.4544,-80.2878
2006-09-15,15.1403,0.1096,0.6583,2.5045,8.2448,7.8704,13.4586,125.5918,-80.2662
2006-09-18,15.0811,-0.3909,-0.4755,2.267,8.2318,6.8246,12.6968,125.1009,-80.3433
2006-09-19,15.1166,0.2354,-0.2799,1.8974,7.7127,7.7917,13.6516,125.3954,-80.2971
2006-09-20,15.2054,0.5873,1.0517,2.2522,7.9377,7.4375,15.021,126.1319,-80.1813
2006-09-21,15.0693,-0.8953,-0.3601,1.4171,7.1505,7.2748,15.4084,125.0026,-80.3588
2006-09-22,15.0811,0.0786,-0.3909,1.8197,7.5951,7.3592,14.6338,125.1009,-80.3433
2006-09-25,14.9864,-0.6279,-0.6279,0.66,6.3387,7.0421,13.7136,124.3154,-80.4668
2006-09-26,15.0042,0.1184,-0.7439,0.939,6.9563,8.0278,14.2504,124.4626,-80.4436
2006-09-27,15.0989,0.6312,-0.7006,1.1752,7.1366,7.9357,13.766,125.2482,-80.3202
2006-09-28,15.0634,-0.2352,-0.0392,0.58,5.2139,8.5454,13.3499,124.9536,-80.3665
2006-09-29,15.0219,-0.2751,-0.3925,0.028,5.4449,8.6597,12.0602,124.6098,-80.4205
2006-10-02,14.9213,-0.6698,-0.4345,-0.7199,4.136,7.5673,10.5446,123.7752,-80.5516
2006-10-03,14.9391,0.119,-0.4339,-1.1441,5.1241,7.7863,10.819,123.9225,-80.5285
2006-10-04,15.0989,1.0698,0.0,0.2651,5.0299,8.7096,12.4883,125.2482,-80.3202
2006-10-05,15.0397,-0.392,-0.1572,0.1463,4.8329,8.6961,12.8271,124.7572,-80.3973
2006-10-06,14.9568,-0.551,-0.4333,-0.0528,3.6173,9.0669,12.8436,124.0698,-80.5053
2006-10-09,15.0101,0.3562,0.595,-0.2073,3.4377,9.3152,13.3446,124.5117,-80.4359
2006-10-10,14.9568,-0.3549,0.1189,-1.2958,3.914,9.9593,13.3394,124.0698,-80.5053
2006-10-11,14.9805,0.1582,-0.7841,-1.178,4.9372,9.7551,13.5188,124.2662,-80.4745
2006-10-12,15.0042,0.1581,-0.2361,-0.2857,6.1541,10.1177,14.0993,124.4626,-80.4436
2006-10-13,14.9746,-0.1972,0.1187,-0.9862,5.6806,10.5183,14.1763,124.2171,-80.4822
2006-10-16,14.9983,0.1581,-0.0789,-0.9382,5.3659,9.65,13.7033,124.4135,-80.4513
2006-10-17,14.9687,-0.1973,0.0792,-0.7457,3.8688,9.2933,12.2455,124.1681,-80.4899
2006-10-18,15.0279,0.3953,0.3161,-0.5873,4.1943,9.5379,13.5284,124.6589,-80.4128
2006-10-19,15.0634,0.2364,0.3945,-0.9342,4.6542,9.7968,12.6129,124.9536,-80.3665
2006-10-20,15.1166,0.3536,0.9486,0.3142,4.2565,9.7166,13.8998,125.3954,-80.2971
2006-10-23,15.2646,0.9789,1.7759,1.2166,4.7663,10.7906,15.1153,126.6229,-80.1042
2006-10-24,15.2173,-0.3102,1.6607,1.5402,4.9504,9.4234,13.7634,126.2301,-80.1659
2006-10-25,15.3179,0.6612,1.9299,2.0907,6.3354,10.0079,14.914,127.0647,-80.0348
2006-10-26,15.4185,0.6568,2.3575,2.1167,6.0368,10.4517,16.0221,127.8994,-79.9036
2006-10-27,15.3652,-0.3454,1.6445,2.0039,6.1866,10.1164,16.7419,127.4576,-79.973
2006-10-30,15.3001,-0.4237,0.2326,1.8519,6.2556,9.0091,14.3333,126.9175,-80.0579
2006-10-31,15.2883,-0.0774,0.4667,2.4593,5.2265,9.657,13.801,126.8192,-80.0733
2006-11-01,15.1699,-0.7743,-0.966,1.5452,4.1585,8.6254,13.557,125.8373,-80.2276
2006-11-02,15.1462,-0.1561,-1.7658,0.3136,3.9538,7.4641,13.0853,125.6409,-80.2585
2006-11-03,15.0752,-0.4689,-1.8876,0.2361,3.7179,6.3853,12.1181,125.0517,-80.3511
2006-11-06,15.1285,0.3534,-1.1218,1.1476,3.6226,6.4533,12.5629,125.4937,-80.2816
2006-11-07,15.1522,0.1565,-0.8904,0.9464,4.4591,7.0612,12.4964,125.6901,-80.2508
2006-11-08,15.2054,0.3515,0.2341,1.662,3.7312,8.7884,13.2331,126.1319,-80.1813
2006-11-09,15.1166,-0.5839,-0.1954,0.9087,3.3331,9.0213,12.3778,125.3954,-80.2971
2006-11-10,15.1226,0.0391,0.3141,0.7889,3.1659,7.8791,11.1285,125.4445,-80.2893
2006-11-13,15.0752,-0.3131,-0.3522,0.6719,2.1859,7.1383,10.6392,125.0517,-80.3511
2006-11-14,15.1166,0.2748,-0.2344,0.7893,2.3442,8.7915,11.3697,125.3954,-80.2971
2006-11-15,15.1936,0.509,-0.0778,1.5025,3.0295,9.9013,12.5134,126.0337,-80.1968
2006-11-16,15.3001,0.7012,1.2138,1.8118,3.1342,10.5782,13.0112,126.9175,-80.0579
2006-11-17,15.3238,0.1548,1.3308,1.7289,3.0483,10.422,13.2345,127.1139,-80.027
2006-11-20,15.2765,-0.309,1.3349,1.0572,2.8113,10.1273,12.5952,126.7211,-80.0888
2006-11-21,15.2528,-0.155,0.9006,-0.0776,2.9785,9.1272,12.2768,126.5247,-80.1196
2006-11-22,15.2883,0.2328,0.6233,0.4667,2.6874,8.3369,11.7749,126.8192,-80.0733
2006-11-24,15.2291,-0.3871,-0.4642,-0.5796,2.452,7.9175,10.919,126.3283,-80.1505
2006-11-27,15.0397,-1.2437,-1.854,-2.4567,0.7786,7.9193,9.4471,124.7572,-80.3973
2006-11-28,15.1048,0.4329,-1.1236,-1.6949,0.8566,7.978,10.4335,125.2973,-80.3125
2006-11-29,15.235,0.862,-0.1164,-0.4256,1.4468,8.3191,11.48,126.3774,-80.1428
2006-11-30,15.1581,-0.505,-0.8517,-0.8517,0.8554,7.997,11.8183,125.7391,-80.2431
2006-12-01,15.1107,-0.3123,-0.7773,-0.3901,-0.0082,9.2094,10.7114,125.3464,-80.3048
2006-12-04,15.3297,1.4493,1.9284,1.2114,1.798,10.4647,12.3636,127.163,-80.0193
2006-12-05,15.4126,0.5405,2.0376,2.2379,2.6292,11.1087,13.4048,127.8503,-79.9113
2006-12-06,15.4303,0.1152,1.2821,1.9952,3.1113,10.8622,13.6323,127.9976,-79.8882
2006-12-07,15.4008,-0.1918,1.6009,1.6406,2.3898,10.5565,13.7057,127.7521,-79.9268
2006-12-08,15.4303,0.1921,2.1151,1.4792,1.8289,11.4249,14.1196,127.9976,-79.8882
2006-12-11,15.4599,0.1918,0.8494,2.271,1.9846,12.0177,14.1427,128.2431,-79.8496
2006-12-12,15.4244,-0.2297,0.0769,1.9962,2.5071,11.2881,13.6373,127.9486,-79.8959
2006-12-13,15.4185,-0.0385,-0.0767,2.2772,1.9489,10.359,12.2036,127.8994,-79.9036
2006-12-14,15.4777,0.3839,0.4996,2.3884,2.2283,10.6569,11.6919,128.3904,-79.8265
2006-12-15,15.5027,0.1615,0.4689,2.0344,2.7952,11.2571,11.6853,128.5977,-79.7939
2006-12-18,15.4908,-0.0768,0.1995,1.2461,2.475,10.3786,11.6933,128.499,-79.8094
2006-12-19,15.5027,0.0769,0.5074,1.1673,1.955,10.0478,11.9674,128.5977,-79.7939
2006-12-20,15.5146,0.0767,0.6231,1.5588,2.9549,10.3166,12.7174,128.6963,-79.7784
2006-12-21,15.5205,0.0384,0.2767,1.7554,2.9135,10.7299,12.4274,128.7457,-79.7706
2006-12-22,15.5086,-0.0767,0.0383,1.4412,3.4844,10.0439,12.2465,128.6469,-79.7862
2006-12-26,15.5681,0.3836,0.4992,2.226,3.7584,10.9762,12.8674,129.1404,-79.7086
2006-12-27,15.6217,0.344,0.7674,3.8694,3.4623,10.846,14.0264,129.5846,-79.6388
2006-12-28,15.6157,-0.0381,0.6519,3.3824,3.6667,9.0718,13.8377,129.5353,-79.6466
2006-12-29,15.5384,-0.4952,0.115,1.9912,3.4379,9.07,13.5634,128.8938,-79.7474
2007-01-03,15.6395,0.6508,0.844,3.176,4.8131,9.1481,15.235,129.7327,-79.6156
2007-01-04,15.6633,0.1521,0.6114,3.6568,4.8478,10.2203,14.6718,129.93,-79.5846
2007-01-05,15.5503,-0.7216,-0.457,1.4387,2.9895,8.1697,13.457,128.9924,-79.7319
2007-01-08,15.5741,0.1531,-0.2667,1.0478,3.553,8.5576,14.2134,129.1899,-79.7009
2007-01-09,15.6098,0.2291,0.4594,1.1627,4.3653,8.1405,13.988,129.4859,-79.6543
2007-01-10,15.6752,0.4192,0.2282,1.782,4.4309,8.0209,13.9325,130.0287,-79.569
2007-01-11,15.7942,0.759,0.8355,2.3579,5.5983,9.7314,15.0898,131.0156,-79.414
2007-01-12,15.7704,-0.1507,1.4154,2.008,5.2726,10.4701,14.8189,130.8182,-79.445
2007-01-16,15.7823,0.0755,1.3369,2.32,5.1858,11.659,15.1987,130.9169,-79.4295
2007-01-17,15.8299,0.3015,1.4101,2.668,5.7114,11.7164,15.6937,131.3117,-79.3675
2007-01-18,15.8061,-0.1503,0.8349,2.1216,5.3859,11.0409,15.9644,131.1143,-79.3985
2007-01-19,15.8299,0.1505,0.226,2.1104,5.7532,9.8446,15.6445,131.3117,-79.3675
2007-01-22,15.812,-0.1127,0.2641,2.0737,5.218,9.6312,15.4159,131.1637,-79.3907
2007-01-23,15.8418,0.1881,0.377,2.1872,5.1674,10.0621,17.3298,131.4104,-79.3519
2007-01-24,15.9013,0.3755,0.451,2.4924,5.1904,9.6677,17.6689,131.9039,-79.2744
2007-01-25,15.8001,-0.636,-0.0376,1.8014,3.5081,8.4417,16.5185,131.065,-79.4062
2007-01-26,15.7585,-0.2636,-0.451,1.6111,3.5566,8.683,16.1116,130.7195,-79.4605
2007-01-29,15.8001,0.2643,-0.0752,1.4903,3.1482,9.683,16.169,131.065,-79.4062
2007-01-30,15.7882,-0.0753,-0.338,1.0663,2.3979,8.5795,15.1442,130.9663,-79.4217
2007-01-31,15.8537,0.4145,-0.2993,1.5238,3.1788,9.5621,16.0655,131.5092,-79.3364
2007-02-01,15.9131,0.3752,0.7153,2.4119,4.0066,10.5128,17.0501,132.0025,-79.2589
2007-02-02,15.9429,0.1869,1.1703,1.9399,4.2817,9.7321,16.9682,132.2493,-79.2201
2007-02-05,15.8894,-0.3358,0.5648,1.4432,4.7426,9.0983,16.6253,131.8052,-79.2899
2007-02-06,15.8656,-0.1498,0.4898,2.0276,4.7492,8.8908,17.2025,131.6078,-79.3209
2007-02-07,15.8299,-0.225,-0.1502,1.6424,5.0059,8.91,17.1911,131.3117,-79.3675
2007-02-08,15.8001,-0.1879,-0.7102,1.2195,4.4395,8.223,17.5287,131.065,-79.4062
2007-02-09,15.7763,-0.1506,-1.0448,0.6452,4.1193,8.762,16.8451,130.8676,-79.4372
2007-02-12,15.7406,-0.2263,-0.936,-0.339,3.5198,7.3823,16.2297,130.5715,-79.4838
2007-02-13,15.7942,0.3401,-0.45,0.1509,4.482,7.9645,16.7757,131.0156,-79.414
2007-02-14,15.8894,0.6027,0.3758,0.6785,5.0706,8.397,17.6315,131.8052,-79.2899
2007-02-15,15.9845,0.599,1.1672,0.9771,6.032,8.3497,16.874,132.5948,-79.1658
2007-02-16,16.0083,0.1489,1.4706,1.2797,5.8987,8.3812,16.3047,132.7922,-79.1348
2007-02-20,16.0916,0.5202,2.2298,1.6535,5.9105,9.1191,16.3678,133.483,-79.0263
2007-02-21,16.0024,-0.5545,1.3183,1.2039,4.5898,7.8679,16.2122,132.7428,-79.1426
2007-02-22,15.9429,-0.3718,0.3369,0.6383,4.04,7.2115,15.9274,132.2493,-79.2201
2007-02-23,15.9548,0.0746,-0.1862,0.3367,4.4404,7.3766,15.0873,132.348,-79.2046
2007-02-26,15.9488,-0.0373,-0.3717,0.9412,4.5635,7.6779,14.9961,132.2986,-79.2124
2007-02-27,15.586,-2.2752,-3.1423,-1.0947,1.9471,4.6868,12.9491,129.2885,-79.6854
2007-02-28,15.6098,0.1527,-2.4536,-1.2048,2.4995,5.0128,12.3152,129.4859,-79.6543
2007-03-01,15.6455,0.2287,-1.8657,-0.9043,4.0276,4.8376,14.1029,129.782,-79.6078
2007-03-02,15.4016,-1.5589,-3.4675,-2.8518,1.9646,2.838,11.8962,127.7588,-79.9257
2007-03-05,15.348,-0.3476,-3.7672,-3.5514,0.7417,2.1992,12.1243,127.3147,-79.9955
2007-03-06,15.467,0.7752,-0.7633,-2.985,2.0379,2.9107,12.7057,128.3016,-79.8404
2007-03-07,15.4075,-0.3846,-1.2957,-3.0326,1.964,1.9556,12.6549,127.8081,-79.918
2007-03-08,15.5503,0.9266,-0.6083,-1.9873,1.4387,3.2625,12.9289,128.9924,-79.7319
2007-03-09,15.5979,0.3061,1.2746,-1.4656,1.2022,3.8629,12.0418,129.3872,-79.6698
2007-03-12,15.6157,0.1144,1.7442,-1.1671,1.2013,4.35,11.9825,129.5353,-79.6466
2007-03-13,15.3183,-1.9048,-0.9616,-2.9035,-0.5356,1.8414,8.8487,127.0679,-80.0343
2007-03-14,15.348,0.1942,-0.3861,-2.4943,-0.5336,1.2856,8.9698,127.3147,-79.9955
2007-03-15,15.5443,1.2791,-0.0382,-1.5819,0.5458,2.5413,10.6383,128.9431,-79.7396
2007-03-16,15.5019,-0.2731,-0.6154,-2.4386,0.5021,3.0218,10.7495,128.591,-79.795
2007-03-19,15.6035,0.6556,-0.0781,-2.3837,1.1999,3.1722,11.1056,129.4341,-79.6625
2007-03-20,15.753,0.9578,2.8378,-1.5952,1.7785,4.0464,12.2354,130.6738,-79.4677
2007-03-21,15.9024,0.9488,3.6123,-1.1757,2.5785,5.4458,12.642,131.9136,-79.2729
2007-03-22,15.9801,0.4887,2.8037,-0.139,3.159,5.7122,13.949,132.5583,-79.1716
2007-03-23,16.016,0.2245,3.3167,0.4587,3.3112,5.3309,13.165,132.8559,-79.1248
2007-03-26,15.9024,-0.7093,1.9157,-0.3282,2.4999,5.5287,13.2057,131.9136,-79.2729
2007-03-27,15.8307,-0.4511,0.4934,-0.7408,1.9984,4.9701,12.6951,131.3186,-79.3664
2007-03-28,15.8008,-0.1888,-0.6391,1.3784,1.884,5.434,12.8587,131.0706,-79.4053
2007-03-29,15.8905,0.5675,-0.5611,1.7983,2.0707,5.9069,14.4089,131.8145,-79.2885
2007-03-30,15.9323,0.2633,-0.5226,1.8335,1.9886,5.5197,13.8935,132.1616,-79.2339
2007-04-02,15.9742,0.2627,0.4512,3.7179,2.2955,6.0464,15.1085,132.5087,-79.1794
2007-04-03,16.0818,0.6736,1.5861,4.7809,3.4971,7.0553,16.3259,133.4014,-79.0391
2007-04-04,16.1535,0.4461,2.2323,4.4387,3.2866,8.2579,16.4501,133.9965,-78.9456
2007-04-05,16.1954,0.259,1.9187,5.1135,3.3969,8.4094,16.8504,134.3436,-78.8911
2007-04-09,16.1535,-0.2584,1.3884,3.8794,3.8794,6.9848,16.3027,133.9965,-78.9456
2007-04-10,16.2312,0.4811,1.6093,4.0606,4.2196,7.9226,17.3076,134.6412,-78.8443
2007-04-11,16.1236,-0.6631,0.2602,3.2525,3.2919,7.8009,17.5751,133.7484,-78.9846
2007-04-12,16.1416,0.1113,-0.074,5.3746,2.9752,7.5379,17.5553,133.8973,-78.9612
2007-04-13,16.1954,0.3333,0.0,5.5209,2.5401,8.2806,19.0647,134.3436,-78.8911
2007-04-16,16.2312,0.2215,0.4811,4.4191,2.9223,8.349,18.9186,134.6412,-78.8443
2007-04-17,16.3807,0.9208,0.9208,5.6691,3.7917,9.1741,20.22,135.8809,-78.6495
2007-04-18,16.3388,-0.2555,1.3348,4.7126,3.2153,9.1104,20.5869,135.5338,-78.7041
2007-04-19,16.3508,0.0732,1.2963,3.7951,3.4463,9.0179,19.5381,135.633,-78.6885
2007-04-20,16.5003,0.9141,1.8826,3.7594,4.235,10.2319,20.476,136.8728,-78.4937
2007-04-23,16.4644,-0.2174,1.4364,3.0303,4.1258,9.5591,20.0088,136.5752,-78.5404
2007-04-24,16.4584,-0.0363,0.4745,2.7622,3.8925,9.261,19.9652,136.5256,-78.5482
2007-04-25,16.5421,0.5085,1.2441,4.0226,4.0302,9.4297,20.0626,137.2199,-78.4391
2007-04-26,16.4763,-0.3975,0.7678,4.0785,4.2799,7.9381,19.5853,136.6744,-78.5248
2007-04-27,16.4405,-0.2177,-0.3623,4.0485,4.3279,8.0384,18.2192,136.3769,-78.5716
2007-04-30,16.3807,-0.3637,-0.5084,3.085,3.6744,6.9383,17.6406,135.8809,-78.6495
2007-05-01,16.3149,-0.4014,-0.8717,2.4015,3.3361,5.814,16.8734,135.3355,-78.7352
2007-05-02,16.3209,0.0367,-1.3372,2.1707,2.9472,6.2197,16.9653,135.3851,-78.7274
2007-05-03,16.3807,0.3663,-0.5806,1.8587,2.9381,7.0624,16.7077,135.8809,-78.6495
2007-05-04,16.3807,0.0,-0.3637,1.4063,2.746,7.1453,17.4924,135.8809,-78.6495
2007-05-07,16.4106,0.1825,0.1825,1.3289,3.2803,8.1785,17.5093,136.1289,-78.6105
2007-05-08,16.297,-0.6921,-0.1099,0.8882,2.7193,7.5977,15.6289,135.1867,-78.7586
2007-05-09,16.3209,0.1467,0.0,0.5525,3.102,8.2632,15.1762,135.3851,-78.7274
2007-05-10,16.2193,-0.6227,-0.9854,0.5933,2.6528,7.2101,14.1287,134.542,-78.8599
2007-05-11,16.2611,0.2581,-0.7299,0.7408,3.073,7.3189,14.8969,134.8892,-78.8053
2007-05-14,16.2013,-0.3677,-1.275,0.0369,2.9269,6.5497,15.9137,134.3932,-78.8833
2007-05-15,16.309,0.6642,0.0733,0.4788,3.2593,7.8874,17.6203,135.2858,-78.743
2007-05-16,16.4763,1.0264,0.9524,0.584,3.6942,8.9521,17.5365,136.6744,-78.5248
2007-05-17,16.4345,-0.2539,1.327,0.5855,2.815,9.0168,16.7987,136.3274,-78.5794
2007-05-18,16.5541,0.7275,1.8014,1.2432,3.409,9.5089,19.1364,137.3191,-78.4235
2007-05-21,16.4285,-0.7584,1.4022,-0.4348,2.0937,8.128,18.8341,136.2777,-78.5872
2007-05-22,16.4584,0.1819,0.9164,-0.0363,2.8497,7.5704,18.9494,136.5256,-78.5482
2007-05-23,16.4106,-0.2906,-0.3991,-0.2906,2.9335,7.0921,18.2532,136.1289,-78.6105
2007-05-24,16.3388,-0.4372,-0.5821,-1.2288,2.4072,6.9544,17.7861,135.5338,-78.7041
2007-05-25,16.4405,0.6221,-0.6861,-0.2177,3.0826,7.7868,17.6247,136.3769,-78.5716
2007-05-29,16.5003,0.3636,0.4367,0.3636,5.8662,7.9275,16.9253,136.8728,-78.4937
2007-05-30,16.578,0.471,0.7265,1.2044,6.2027,8.8572,17.476,137.5174,-78.3924
2007-05-31,16.6019,0.1443,1.1658,1.7589,6.1133,10.3871,19.129,137.7159,-78.3612
2007-06-01,16.6796,0.4681,2.0857,2.1978,8.2983,10.4259,19.2356,138.3606,-78.2599
2007-06-04,16.7394,0.3584,1.8181,2.1898,9.0656,9.8745,19.0151,138.8564,-78.182
2007-06-05,16.6378,-0.6071,0.8334,1.5694,7.5695,9.7617,18.5393,138.0134,-78.3144
2007-06-06,16.5302,-0.6468,-0.2885,0.7286,7.2864,9.3934,19.4679,137.1207,-78.4547
2007-06-07,16.3209,-1.2658,-1.6925,0.1467,4.9558,6.4658,17.6071,135.3851,-78.7274
2007-06-08,16.4166,0.5861,-1.5771,0.5861,5.2488,6.514,18.3463,136.1785,-78.6028
2007-06-11,16.5062,0.5463,-1.3928,1.7693,5.7028,6.9726,18.5922,136.9224,-78.4859
2007-06-12,16.3508,-0.9417,-1.7248,0.5514,6.7406,6.1688,17.3766,135.633,-78.6885
2007-06-13,16.4763,0.7678,-0.3255,1.6974,7.3517,6.7789,18.9783,136.6744,-78.5248
2007-06-14,16.5003,0.1452,1.0989,1.1731,6.1498,6.7292,19.5556,136.8728,-78.4937
2007-06-15,16.5358,0.2151,0.726,0.3606,6.6694,7.205,19.3064,137.1672,-78.4474
2007-06-18,16.4515,-0.5093,-0.3314,0.1036,5.4348,6.7,17.753,136.4686,-78.5572
2007-06-19,16.3312,-0.7312,-0.1196,-1.3461,3.6709,5.5147,16.7592,135.4707,-78.714
2007-06-20,16.3132,-0.1105,-0.9902,-0.702,2.5831,5.2282,17.0738,135.321,-78.7375
2007-06-21,16.3613,0.295,-0.8421,-0.5899,2.3853,5.6197,16.5815,135.7202,-78.6748
2007-06-22,16.2711,-0.5515,-1.6006,-0.8501,1.5925,4.9565,15.5023,134.9717,-78.7924
2007-06-25,16.1989,-0.4436,-1.5356,-0.8565,1.8644,4.4109,15.1826,134.373,-78.8864
2007-06-26,16.1568,-0.26,-1.0682,-1.7256,2.06,4.0995,15.2693,134.0237,-78.9413
2007-06-27,16.2831,0.7819,-0.1844,-1.316,3.0525,4.994,15.5395,135.0715,-78.7767
2007-06-28,16.253,-0.1847,-0.6618,-1.96,2.2817,4.3996,15.8587,134.8221,-78.8159
2007-06-29,16.2711,0.111,0.0,-1.9927,2.1263,4.1572,15.454,134.9717,-78.7924
2007-07-02,16.4034,0.8134,1.2625,-1.6559,2.6872,5.0443,14.5737,136.0695,-78.6199
2007-07-03,16.3974,-0.0367,1.4892,-2.0431,1.9626,5.5284,15.0998,136.0195,-78.6277
2007-07-05,16.3854,-0.0733,0.628,-1.517,1.4353,4.7691,14.3535,135.9198,-78.6434
2007-07-06,16.4816,0.5873,1.4063,-0.2937,1.7675,5.2244,15.9786,136.7181,-78.518
2007-07-09,16.4816,0.0,1.2939,0.9846,2.0311,5.9892,14.6483,136.7181,-78.518
2007-07-10,16.3312,-0.9124,-0.44,-0.5197,0.6161,4.8617,13.8354,135.4707,-78.714
2007-07-11,16.4094,0.4788,0.0734,-0.5865,1.7726,5.1229,13.6804,136.1193,-78.6121
2007-07-12,16.5478,0.8431,0.9912,1.2047,2.5166,5.5667,14.0341,137.267,-78.4317
2007-07-13,16.6621,0.6907,1.0949,1.1272,2.8817,5.4951,15.7613,138.215,-78.2828
2007-07-16,16.5959,-0.3971,0.6935,0.5797,2.2467,5.2347,16.2529,137.6662,-78.369
2007-07-17,16.5177,-0.4713,1.1418,-0.1092,0.8364,4.6598,16.8622,137.0175,-78.4709
2007-07-18,16.5237,0.0365,0.6965,0.4388,1.1316,4.3832,16.6133,137.0674,-78.4631
2007-07-19,16.5779,0.3276,0.1818,1.5101,1.3887,4.8829,16.4629,137.5165,-78.3925
2007-07-20,16.4816,-0.5806,-1.0831,1.0324,-0.113,4.1172,14.3671,136.7181,-78.518
2007-07-23,16.4816,0.0,-0.6887,0.7352,0.1046,4.2347,14.2737,136.7181,-78.518
2007-07-24,16.3613,-0.7299,-0.9468,0.5546,-0.5899,3.2796,13.6717,135.7202,-78.6748
2007-07-25,16.3613,0.0,-0.9829,1.0026,-1.0929,2.8932,12.8407,135.7202,-78.6748
2007-07-26,16.1207,-1.4706,-2.7576,-0.2234,-2.1585,2.029,10.6419,133.7243,-78.9884
2007-07-27,15.9042,-1.3433,-3.5036,-2.3273,-3.2622,0.9244,9.6878,131.928,-79.2706
2007-07-30,15.9402,0.2269,-3.2847,-1.9246,-2.6888,0.8868,10.6557,132.2273,-79.2236
2007-07-31,15.8079,-0.8301,-3.3823,-2.8465,-3.1077,0.1247,8.7149,131.1297,-79.3961
2007-08-01,16.0425,1.484,-1.9485,-2.2002,-1.7058,1.1911,10.8671,133.0756,-79.0903
2007-08-02,16.0606,0.1124,-0.3732,-2.0543,-1.9544,0.9263,11.5365,133.2253,-79.0668
2007-08-03,16.0305,-0.1873,0.7942,-2.166,-2.138,0.5493,10.3348,132.9758,-79.106
2007-08-06,16.4455,2.5892,3.1699,-0.2189,0.2129,3.5003,12.917,136.4188,-78.565
2007-08-07,16.4034,-0.256,3.7671,-0.4744,0.653,3.3901,12.5823,136.0695,-78.6199
2007-08-08,16.6922,1.7602,4.0495,2.2099,2.2746,5.4472,14.8425,138.4645,-78.2436
2007-08-09,16.3914,-1.8019,2.0599,-0.11,1.0611,3.7421,12.2728,135.9696,-78.6356
2007-08-10,16.3012,-0.5504,1.6886,-1.4904,0.2461,3.3267,12.3802,135.2212,-78.7532
2007-08-13,16.253,-0.2952,-1.1705,-2.4549,0.3191,3.2553,10.878,134.8221,-78.8159
2007-08-14,15.9944,-1.5914,-2.4936,-3.6245,-1.9288,1.2677,9.3331,132.6764,-79.153
2007-08-15,15.9102,-0.5265,-4.6847,-3.6781,-3.4363,0.131,8.5389,131.9779,-79.2628
2007-08-16,15.9523,0.2646,-2.6789,-3.4583,-2.9343,-0.2018,8.131,132.3271,-79.2079
2007-08-17,16.0305,0.4902,-1.6605,-3.3019,-3.1629,0.1383,8.5311,132.9758,-79.106
2007-08-20,16.1508,0.7505,-0.6291,-2.0072,-1.6906,0.3677,9.5204,133.9738,-78.9492
2007-08-21,16.1508,0.0,0.9779,-2.0072,-1.8691,0.9274,8.8683,133.9738,-78.9492
2007-08-22,16.1929,0.2607,1.777,-1.0294,-1.3266,1.5681,8.8926,134.3231,-78.8943
2007-08-23,16.1989,0.0372,1.546,-0.9927,-0.8565,1.5301,9.0195,134.373,-78.8864
2007-08-24,16.3132,0.7055,1.7637,1.194,-0.7743,2.2845,10.1379,135.321,-78.7375
2007-08-27,16.241,-0.4425,0.5586,2.118,-1.5712,4.2028,9.0866,134.7222,-78.8316
2007-08-28,16.0545,-1.1481,-0.5959,0.7171,-3.1574,2.8494,8.0051,133.1755,-79.0746
2007-08-29,16.1929,0.8617,0.0,2.4353,-2.4636,3.499,8.5059,134.3231,-78.8943
2007-08-30,16.1388,-0.3344,-0.3714,0.5999,-3.2427,4.7865,7.7604,133.874,-78.9649
2007-08-31,16.1809,0.2609,-0.8113,0.7491,-3.3367,5.4264,7.7449,134.2232,-78.91
2007-09-04,16.3553,1.0781,0.7037,2.0263,-1.6978,5.7433,8.8212,135.6703,-78.6826
2007-09-05,16.2049,-0.9195,0.9367,-1.4631,-1.9675,5.1755,7.2323,134.4228,-78.8786
2007-09-06,16.1628,-0.2599,-0.1858,-1.4669,-0.9687,3.9391,7.3301,134.0735,-78.9335
2007-09-07,16.0906,-0.4466,-0.2982,-3.6036,-1.9854,3.1591,7.1441,133.4748,-79.0276
2007-09-10,16.1327,0.2617,-0.2974,-1.578,-2.2629,3.3109,7.8049,133.824,-78.9727
2007-09-11,16.241,0.6712,-0.6988,-0.369,-0.6715,6.0238,7.9761,134.7222,-78.8316
2007-09-12,16.3252,0.5185,0.7424,0.4441,-0.9172,6.367,7.7345,135.4208,-78.7218
2007-09-13,16.3733,0.2948,1.3026,2.3693,-0.7692,5.3332,8.0101,135.8199,-78.6591
2007-09-14,16.4696,0.5878,2.3551,3.5161,-0.4002,6.2425,9.4529,136.6183,-78.5337
2007-09-17,16.3733,-0.5844,1.4915,2.6395,-0.4753,4.9337,8.2624,135.8199,-78.6591
2007-09-18,16.6922,1.9471,2.7778,4.1276,2.2099,5.962,10.2496,138.4645,-78.2436
2007-09-19,16.7042,0.0721,2.3213,3.4264,2.3967,5.0417,10.762,138.5643,-78.2279
2007-09-20,16.7222,0.108,2.1308,3.5381,2.2058,4.6438,10.6212,138.7139,-78.2044
2007-09-21,16.7307,0.0507,1.5854,3.3212,2.8247,4.4622,10.031,138.7842,-78.1933
2007-09-24,16.7186,-0.0723,2.1086,3.2082,3.2082,5.1324,10.9448,138.6839,-78.2091
2007-09-25,16.6944,-0.1447,0.0135,2.3368,3.3274,5.4559,10.6972,138.4832,-78.2406
2007-09-26,16.8093,0.6884,0.6294,3.4992,3.2316,6.3827,12.1635,139.4365,-78.0908
2007-09-27,16.8698,0.3598,0.8826,5.0781,3.7948,6.163,12.434,139.9382,-78.012
2007-09-28,16.9243,0.3227,1.1569,4.5165,4.0143,6.2259,12.0893,140.3898,-77.941
2007-10-01,16.8759,-0.2859,0.9407,4.5673,2.8801,5.6447,12.0324,139.9884,-78.0041
2007-10-02,16.8819,0.0359,1.1232,4.3327,2.9548,4.9754,12.3817,140.0386,-77.9962
2007-10-03,16.8396,-0.2508,0.18,2.9609,2.7719,4.247,12.8557,139.6874,-78.0514
2007-10-04,16.8759,0.2155,0.0359,4.1404,2.3921,4.2018,12.9645,139.9884,-78.0041
2007-10-05,16.9363,0.3584,0.0715,4.7859,2.759,4.8461,12.1694,140.4902,-77.9253
2007-10-08,16.8275,-0.6429,-0.2868,4.5793,3.0385,3.6733,11.8869,139.587,-78.0672
2007-10-09,16.9243,0.5751,0.2508,4.9063,3.1373,4.9656,13.1539,140.3898,-77.941
2007-10-10,16.9968,0.4289,0.9339,4.6538,2.7137,5.2986,13.2359,140.9919,-77.8464
2007-10-11,17.0392,0.2491,0.9677,4.3733,2.2632,5.2102,13.9222,141.3431,-77.7913
2007-10-12,17.0755,0.213,0.8214,4.2882,2.8896,5.2012,13.9845,141.6442,-77.7439
2007-10-15,17.021,-0.3188,1.1503,3.3483,3.0472,3.9091,13.4418,141.1926,-77.8149
2007-10-16,16.9484,-0.4264,0.143,3.5124,2.5704,3.731,13.1813,140.5905,-77.9095
2007-10-17,17.0089,0.3569,0.0712,1.8978,2.6003,4.0251,13.406,141.0923,-77.8307
2007-10-18,16.9484,-0.3556,-0.5325,1.4623,2.8324,2.7162,13.226,140.5905,-77.9095
2007-10-19,16.773,-1.0349,-1.7711,0.3039,1.7682,1.8746,11.6129,139.1355,-78.1381
2007-10-22,16.8819,0.6491,-0.8173,0.9038,3.1819,2.5732,12.0725,140.0386,-77.9962
2007-10-23,16.9363,0.3224,-0.0714,1.3024,3.5146,2.3832,12.0377,140.4902,-77.9253
2007-10-24,16.888,-0.2857,-0.7113,1.1594,4.7594,2.4982,10.6346,140.0888,-77.9883
2007-10-25,17.0271,0.8238,0.4639,1.2954,7.0605,3.5679,11.8931,141.2428,-77.807
2007-10-26,17.142,0.675,2.1998,1.6135,7.5392,4.6476,11.9084,142.1961,-77.6572
2007-10-29,17.148,0.0352,1.5764,1.3223,8.4775,5.1064,11.2173,142.2463,-77.6493
2007-10-30,17.0755,-0.4232,0.8214,1.1828,6.4389,4.6232,11.1305,141.6442,-77.7439
2007-10-31,17.1843,0.6376,1.755,1.7914,6.9972,4.9061,12.315,142.5474,-77.602
2007-11-01,16.8456,-1.9711,-1.0657,0.0359,5.085,2.8383,10.1864,139.7376,-78.0435
2007-11-02,16.9545,0.6463,-1.0938,0.466,3.0949,3.3144,11.764,140.6408,-77.9016
2007-11-05,16.9787,0.1426,-0.9877,0.25,3.507,4.1829,12.0983,140.8414,-77.8701
2007-11-06,17.0936,0.6769,0.1063,1.5816,2.4051,4.7344,13.3888,141.7947,-77.7203
2007-11-07,16.9061,-1.097,-1.6192,-0.1072,3.1402,4.2346,11.7501,140.2393,-77.9647
2007-11-08,17.0271,0.7156,1.0772,0.1779,4.4531,4.7102,12.3738,141.2428,-77.807
2007-11-09,16.8638,-0.9591,-0.5351,-1.0294,3.7576,4.0887,10.9062,139.8881,-78.0199
2007-11-12,16.8759,0.0717,-0.6056,-1.169,5.5111,3.4761,11.6376,139.9884,-78.0041
2007-11-13,17.1299,1.5053,0.2123,0.6396,7.6663,3.9666,13.2738,142.0957,-77.673
2007-11-14,17.2146,0.4944,1.8247,1.5703,7.913,4.7466,14.1913,142.7983,-77.5626
2007-11-15,17.2025,-0.0703,1.0302,1.138,7.3112,3.917,13.7983,142.6979,-77.5784
2007-11-16,17.2811,0.4571,2.4748,1.9629,6.9986,5.1897,13.7395,143.3502,-77.4759
2007-11-19,17.1602,-0.7,1.6846,2.3079,6.2496,4.2637,12.1569,142.3467,-77.6336
2007-11-20,17.2993,0.8107,0.9887,2.4722,6.8325,5.4153,12.8914,143.5007,-77.4522
2007-11-21,17.0876,-1.2237,-0.7379,0.8929,5.486,4.5825,11.8556,141.7446,-77.7282
2007-11-23,17.263,1.0265,0.3516,2.2206,5.8222,5.0028,13.1792,143.1996,-77.4995
2007-11-26,17.0876,-1.0161,-1.12,0.3553,5.2125,3.5594,11.769,141.7446,-77.7282
2007-11-27,17.269,1.0619,0.6344,0.741,7.5647,4.1684,13.3948,143.2498,-77.4917
2007-11-28,17.5412,1.5762,1.3986,2.2928,8.3266,5.6579,16.6327,145.5077,-77.1369
2007-11-29,17.632,0.5173,3.1858,3.259,9.2523,5.7096,16.7307,146.2604,-77.0186
2007-11-30,17.6561,0.1372,2.2775,2.7455,9.1175,5.4766,15.8918,146.461,-76.9871
2007-12-03,17.5896,-0.3769,2.938,4.4165,7.5468,5.7209,16.0411,145.9091,-77.0738
2007-12-04,17.5654,-0.1375,1.7163,3.6033,8.3956,6.2629,16.2446,145.7084,-77.1054
2007-12-05,17.638,0.4132,0.5517,3.8831,9.127,8.0699,15.0574,146.3104,-77.0108
2007-12-06,17.632,-0.0342,0.0,3.1494,9.579,7.4034,14.3997,146.2604,-77.0186
2007-12-07,17.8195,1.0634,0.9249,5.4025,10.4553,7.9558,15.4832,147.8157,-76.7742
2007-12-10,17.8376,0.1019,1.4099,4.7603,9.8307,9.0932,15.823,147.9663,-76.7506
2007-12-11,17.644,-1.0852,0.4476,4.6269,8.0785,7.0871,14.3464,146.3607,-77.0029
2007-12-12,17.6924,0.2742,0.3087,4.8387,8.0563,7.2251,14.4405,146.762,-76.9398
2007-12-13,17.7711,0.4444,0.789,3.7429,7.9023,7.4705,15.2137,147.4143,-76.8373
2007-12-14,17.5533,-1.2253,-1.4935,1.9676,7.2067,6.6971,13.8458,145.608,-77.1211
2007-12-17,17.4323,-0.6891,-2.272,1.3362,4.4344,6.7423,12.6288,144.6046,-77.2788
2007-12-18,17.3537,-0.4511,-1.6455,0.42,3.8884,6.3783,11.94,143.9522,-77.3813
2007-12-19,17.4989,0.8365,-1.094,1.9739,4.6445,6.9527,12.9631,145.1564,-77.1921
2007-12-20,17.4202,-0.4493,-1.9741,0.6993,4.1215,7.0626,12.3692,144.5042,-77.2946
2007-12-21,17.8379,2.3976,1.6214,4.3912,6.6951,10.118,14.9752,147.9689,-76.7502
2007-12-24,17.8136,-0.1363,2.1871,3.1897,6.7041,10.2546,14.7745,147.7672,-76.7819
2007-12-26,17.7528,-0.3413,2.2998,3.8931,5.6129,9.0259,14.4706,147.2629,-76.8611
2007-12-27,17.5826,-0.9589,0.4783,1.8157,4.2251,8.1802,12.9396,145.8507,-77.083
2007-12-28,17.6495,0.3804,1.3158,0.6171,4.285,8.4713,12.9807,146.4056,-76.9958
2007-12-31,17.5096,-0.7924,-1.8405,-0.6939,3.7553,6.7436,12.1281,145.2455,-77.1781
2008-01-02,17.2604,-1.4235,-3.1058,-2.2417,2.2417,5.2627,11.0821,143.1779,-77.503
2008-01-03,17.1691,-0.5284,-3.2877,-2.3904,1.9572,4.7834,9.7806,142.4213,-77.6218
2008-01-04,17.0962,-0.4249,-2.7662,-2.6713,1.3056,3.7289,9.1481,141.8162,-77.7169
2008-01-07,17.2968,1.1735,-1.998,-1.9343,2.1284,4.9462,11.2317,143.4804,-77.4554
2008-01-08,17.1691,-0.7382,-1.9444,-2.6248,2.0305,5.1307,10.2419,142.4213,-77.6218
2008-01-09,17.4002,1.3457,0.8102,-2.3528,2.8122,6.0377,11.47,144.3379,-77.3207
2008-01-10,17.4306,0.1747,1.5227,-2.2818,2.552,5.3349,11.1985,144.59,-77.2811
2008-01-11,17.1874,-1.3953,0.5334,-2.5882,0.8698,3.1528,8.8211,142.5726,-77.5981
2008-01-14,17.1144,-0.4244,-1.0545,-3.2669,0.2282,3.1244,8.5227,141.9675,-77.6932
2008-01-15,16.932,-1.0657,-1.381,-4.7213,-0.5228,2.5085,7.2852,140.4545,-77.9309
2008-01-16,16.8712,-0.3591,-3.0399,-3.8857,-0.4555,2.1031,6.5785,139.9501,-78.0101
2008-01-17,16.7497,-0.7207,-3.9066,-3.9163,-1.5244,1.0363,5.9697,138.9415,-78.1686
2008-01-18,16.5065,-1.4519,-3.9618,-4.8822,-2.6078,0.1508,4.2742,136.9242,-78.4856
2008-01-22,16.3362,-1.0313,-4.547,-6.6441,-2.6042,-0.8821,3.3153,135.5122,-78.7075
2008-01-23,16.5369,1.2281,-2.3339,-5.071,-2.0439,1.0729,4.3877,137.1764,-78.446
2008-01-24,16.4578,-0.4779,-2.4504,-7.7368,-2.8254,0.5899,3.5002,136.5208,-78.549
2008-01-25,16.2329,-1.3668,-3.0853,-8.8737,-3.879,0.6958,2.7389,134.6548,-78.8422
2008-01-28,16.3606,0.7865,-0.884,-7.8425,-3.9145,2.8697,3.8206,135.7139,-78.6758
2008-01-29,16.4092,0.2973,0.4466,-6.6736,-4.275,2.9419,3.8548,136.1173,-78.6124
2008-01-30,16.2937,-0.704,-1.4706,-7.6818,-4.9824,3.0728,3.2014,135.159,-78.7629
2008-01-31,16.5369,1.4926,0.4802,-5.5555,-3.1543,3.0815,4.3094,137.1764,-78.446
2008-02-01,16.701,0.9927,2.8839,-3.2406,-2.8126,3.9878,4.9511,138.5381,-78.232
2008-02-04,16.5977,-0.6189,1.4492,-3.3286,-1.472,3.5381,4.1069,137.6807,-78.3667
2008-02-05,16.3727,-1.3553,-0.2223,-4.2319,-3.4315,-0.4428,3.0419,135.8146,-78.6599
2008-02-06,16.3058,-0.4085,0.0746,-5.7294,-3.9629,-0.595,2.775,135.2599,-78.7471
2008-02-07,16.4761,1.044,-0.3677,-4.0368,-3.6128,-1.2946,4.0821,136.672,-78.5252
2008-02-08,16.2937,-1.107,-2.4391,-6.3593,-3.6226,-0.5961,3.1237,135.159,-78.7629
2008-02-11,16.5004,1.2687,-0.5861,-5.3366,-3.0933,1.2221,4.5895,136.8737,-78.4935
2008-02-12,16.7193,1.3265,2.1166,-2.7237,-0.857,2.8685,6.2172,138.6894,-78.2082
2008-02-13,16.6402,-0.4728,2.0507,-2.7709,-1.3964,4.0378,5.3567,138.0337,-78.3113
2008-02-14,16.5551,-0.5115,0.4797,-2.2262,-3.3555,4.0535,4.1898,137.3277,-78.4222
2008-02-15,16.6281,0.4407,2.0523,-1.4414,-3.4072,4.2363,4.0259,137.9329,-78.3271
2008-02-19,16.8956,1.6087,2.395,0.8711,-1.7842,5.3965,5.5423,140.1519,-77.9784
2008-02-20,16.5369,-2.123,-1.0909,0.1842,-4.3068,2.3904,2.7669,137.1764,-78.446
2008-02-21,16.5977,0.3676,-0.2558,1.6002,-3.2779,2.7668,3.7199,137.6807,-78.3667
2008-02-22,16.7801,1.099,1.3588,1.4706,-3.0013,3.6261,5.251,139.1937,-78.129
2008-02-25,16.8044,0.1449,1.0603,2.1056,-1.6574,3.7377,5.3249,139.3954,-78.0973
2008-02-26,17.0111,1.2301,0.6837,4.794,-1.4592,4.278,6.6603,141.1101,-77.8279
2008-02-27,16.7801,-1.3581,1.4706,2.5641,-1.7996,3.319,7.6613,139.1937,-78.129
2008-02-28,16.8104,0.1811,1.2821,2.4453,-2.6555,4.7084,7.6919,139.4458,-78.0894
2008-02-29,16.4943,-1.8806,-1.7029,1.2314,-5.9683,1.8614,5.4256,136.8234,-78.5014
2008-03-03,16.6585,0.9952,-0.8683,0.7353,-5.5212,3.2202,8.1608,138.185,-78.2875
2008-03-04,16.6463,-0.073,-2.1444,-0.3277,-5.7195,2.8765,8.4589,138.0841,-78.3033
2008-03-05,16.6889,0.2557,-0.5435,0.5495,-5.1209,2.0394,7.8998,138.4372,-78.2479
2008-03-06,16.5369,-0.9107,-1.6275,1.0026,-5.8555,2.0484,7.3299,137.1764,-78.446
2008-03-07,16.4578,-0.4779,-0.2211,0.9322,-6.691,1.8253,5.8363,136.5208,-78.549
2008-03-10,16.3727,-0.5172,-1.7153,-0.6273,-7.1419,1.7531,4.9676,135.8146,-78.6599
2008-03-11,16.7193,2.1166,0.4383,2.612,-6.1741,3.6356,7.0669,138.6894,-78.2082
2008-03-12,16.6767,-0.2546,-0.0728,1.0686,-6.5082,2.6826,8.868,138.3363,-78.2637
2008-03-13,16.6767,0.0,0.8456,-0.2546,-5.4826,2.153,8.657,138.3363,-78.2637
2008-03-14,16.3909,-1.7135,-0.4064,-1.498,-7.3562,0.1075,5.4465,135.966,-78.6361
2008-03-17,16.2997,-0.5564,-0.4456,-1.5424,-8.2793,-1.0312,5.1469,135.2095,-78.755
2008-03-18,16.5977,1.8277,-0.7273,-0.1829,-5.4443,1.37,6.3713,137.6807,-78.3667
2008-03-19,16.6889,0.5495,0.0729,-1.2235,-4.265,-0.0198,5.941,138.4372,-78.2479
2008-03-20,16.882,1.1573,1.2311,2.0871,-2.7182,1.0645,6.1599,140.0393,-77.9961
2008-03-24,17.0715,1.1224,4.1519,2.8548,-2.4424,2.0886,6.8293,141.6111,-77.7491
2008-03-25,17.1143,0.2506,4.9971,1.9917,-1.7565,2.2926,6.8572,141.9661,-77.6934
2008-03-26,16.9737,-0.8214,2.2656,1.0076,-4.8449,1.5258,6.7365,140.8,-77.8766
2008-03-27,17.0593,0.5041,2.2195,0.2832,-4.2347,2.1855,7.7606,141.5097,-77.7651
2008-03-28,17.0409,-0.1075,0.9413,1.5546,-4.0101,1.3778,7.8484,141.3576,-77.789
2008-03-31,17.0287,-0.0717,-0.2506,1.2983,-3.1501,0.9418,7.1629,141.2562,-77.8049
2008-04-01,17.2365,1.2203,0.7142,4.4997,-2.3398,1.845,8.1858,142.98,-77.5341
2008-04-02,17.2426,0.0355,1.5844,3.5068,-1.5248,2.1733,7.9407,143.0308,-77.5261
2008-04-03,17.1937,-0.2836,0.7882,3.2886,-0.386,1.847,6.9143,142.6251,-77.5898
2008-04-04,17.3404,0.8532,1.7576,3.9042,0.9975,2.9742,7.3476,143.842,-77.3986
2008-04-07,17.2304,-0.6345,1.1845,4.1939,0.785,2.1008,6.3909,142.9294,-77.542
2008-04-08,17.2243,-0.0355,-0.0709,4.6571,-0.4194,1.7001,6.6287,142.8787,-77.55
2008-04-09,17.0531,-0.9936,-1.0989,4.1559,-0.6757,1.3411,5.0637,141.459,-77.773
2008-04-10,17.0959,0.2509,-0.5688,2.2529,-1.7486,1.0144,6.0303,141.8139,-77.7173
2008-04-11,16.9859,-0.6435,-2.0444,1.8542,-2.5512,-0.0643,5.2309,140.9013,-77.8607
2008-04-14,16.9798,-0.036,-1.4544,1.8175,-1.2078,-0.3485,4.8435,140.8506,-77.8687
2008-04-15,17.0837,0.612,-0.8162,4.2265,-0.1796,0.0482,5.252,141.7125,-77.7332
2008-04-16,17.1815,0.5725,0.7527,5.4096,1.4733,0.9428,4.8888,142.5238,-77.6057
2008-04-17,17.206,0.1423,0.6436,3.665,1.9839,1.5194,5.3071,142.7266,-77.5739
2008-04-18,17.0898,-0.675,0.6117,2.4026,2.0309,0.4755,4.5197,141.7632,-77.7252
2008-04-21,17.1387,0.2861,0.936,1.5207,3.8303,1.1226,3.8693,142.1689,-77.6615
2008-04-22,17.0348,-0.6063,-0.2863,-0.2148,4.2762,1.5606,3.4645,141.3069,-77.797
2008-04-23,17.1448,0.6459,-0.2135,0.1786,3.6764,1.5574,4.1706,142.2196,-77.6535
2008-04-24,17.1693,0.1426,-0.2132,1.1523,4.3228,1.3753,3.7913,142.4224,-77.6217
2008-04-25,17.0715,-0.5696,-0.1073,0.0716,5.1661,1.0867,3.612,141.6111,-77.7491
2008-04-28,17.1754,0.6086,0.2139,0.7891,4.9804,0.871,4.47,142.473,-77.6137
2008-04-29,17.1937,0.1068,0.9329,0.9691,4.7811,0.3017,4.9633,142.6251,-77.5898
2008-04-30,16.9003,-1.7063,-1.426,-1.9503,3.7234,-1.4445,3.5881,140.1915,-77.9722
2008-05-01,17.206,1.8083,0.2136,-0.2127,4.0461,0.7642,5.4227,142.7266,-77.5739
2008-05-02,17.1815,-0.1421,0.6445,-0.0711,2.877,-0.0165,4.8888,142.5238,-77.6057
2008-05-05,17.1204,-0.3558,-0.3202,-1.269,3.1494,1.631,4.5156,142.0167,-77.6854
2008-05-06,17.2304,0.6426,0.2133,0.0,5.2386,1.6273,4.9956,142.9294,-77.542
2008-05-07,17.0654,-0.9578,0.9765,-0.9226,4.6581,0.5106,4.7148,141.5605,-77.7571
2008-05-08,17.1143,0.2865,-0.5329,0.3585,3.8736,0.1208,4.861,141.9661,-77.6934
2008-05-09,17.0165,-0.5714,-0.9605,-0.4648,4.4361,0.6528,4.9151,141.1548,-77.8208
2008-05-12,17.206,1.1136,0.4999,1.2955,4.2761,1.0506,5.8103,142.7266,-77.5739
2008-05-13,17.1448,-0.3553,-0.4966,0.972,2.5454,1.6666,5.8235,142.2196,-77.6535
2008-05-14,17.2121,0.3921,0.8596,0.7513,3.4365,1.9922,5.5375,142.7772,-77.5659
2008-05-15,17.4199,1.2074,1.7857,1.3874,5.2236,1.6928,5.7265,144.5011,-77.2951
2008-05-16,17.4138,-0.035,2.3348,1.2078,4.7252,1.157,5.9585,144.4505,-77.303
2008-05-19,17.5116,0.5616,1.7761,2.4678,3.6459,1.7966,5.784,145.2617,-77.1755
2008-05-20,17.2487,-1.5008,0.6061,0.6419,4.3048,-0.1874,4.9926,143.0815,-77.5181
2008-05-21,17.0715,-1.0277,-0.8167,0.2153,2.8548,-0.5167,3.725,141.6111,-77.7491
2008-05-22,17.2548,1.0741,-0.9473,0.6417,2.8295,-0.2568,5.1446,143.1322,-77.5101
2008-05-23,17.1632,-0.5314,-1.4391,-0.0356,2.1351,0.4424,5.0451,142.3717,-77.6296
2008-05-27,17.2121,0.2849,-1.7103,0.8235,1.1814,-0.295,4.6931,142.7772,-77.5659
2008-05-28,17.2365,0.142,-0.0709,0.3559,2.7202,0.8716,4.462,142.98,-77.5341
2008-05-29,17.3037,0.3901,1.3606,0.6399,2.9345,0.2011,4.3779,143.5378,-77.4464
2008-05-30,17.4138,0.6358,0.921,3.038,5.5744,-0.7265,4.8902,144.4505,-77.303
2008-06-02,17.261,-0.8775,0.5698,0.3197,3.6168,-2.1041,3.4853,143.1829,-77.5022
2008-06-03,17.3526,0.5312,0.8168,0.9961,4.2433,-1.719,3.6635,143.9434,-77.3827
2008-06-04,17.3404,-0.0705,0.6029,1.2853,3.9042,-1.4167,4.2232,143.842,-77.3986
2008-06-05,17.5177,1.0222,1.2363,1.6673,5.9311,-0.2718,5.974,145.3124,-77.1676
2008-06-06,17.0837,-2.4773,-1.8954,0.1074,3.8029,-3.1426,4.6737,141.7125,-77.7332
2008-06-09,17.1448,0.3578,-0.6728,0.1786,4.7159,-2.7627,4.4361,142.2196,-77.6535
2008-06-10,17.1754,0.1782,-1.0215,0.9339,2.7281,-3.6144,4.0538,142.473,-77.6137
2008-06-11,17.0837,-0.5338,-1.4804,-0.7105,2.4406,-4.2265,4.4824,141.7125,-77.7332
2008-06-12,17.1998,0.6798,-1.8144,0.3209,3.137,-2.5176,4.3911,142.6759,-77.5818
2008-06-13,17.1876,-0.0711,0.6082,-0.142,4.8604,-2.8533,4.1657,142.5745,-77.5978
2008-06-16,17.0042,-1.0669,-0.82,-2.3859,4.3221,-4.315,2.8332,141.0534,-77.8368
2008-06-17,16.9492,-0.3235,-1.3167,-2.6676,2.1183,-3.4414,3.0252,140.5971,-77.9085
2008-06-18,16.7598,-1.1179,-1.8963,-4.2932,0.4248,-3.8583,2.6239,139.0253,-78.1554
2008-06-19,16.8148,0.3282,-2.2388,-2.516,-0.3982,-3.1056,3.0746,139.4817,-78.0837
2008-06-20,16.6238,-1.1354,-3.2801,-2.6221,-2.6221,-5.0005,1.6046,137.8979,-78.3326
2008-06-23,16.5625,-0.3692,-2.5981,-4.0127,-3.2242,-4.9241,1.7908,137.3887,-78.4126
2008-06-24,16.6177,0.3336,-1.956,-3.178,-2.0972,-6.8405,2.5854,137.8471,-78.3406
2008-06-25,16.9922,2.2534,1.3868,-1.2775,-0.3932,-4.6113,5.1704,140.9533,-77.8525
2008-06-26,16.4765,-3.0347,-2.0116,-4.4092,-3.312,-7.1892,1.1877,136.6758,-78.5246
2008-06-27,16.3046,-1.0432,-1.9202,-5.774,-4.252,-7.2682,0.3174,135.25,-78.7486
2008-06-30,16.4213,0.7154,-0.8525,-5.6995,-4.7297,-6.9588,0.9231,136.2175,-78.5966
2008-07-01,16.4029,-0.1121,-1.2929,-4.9713,-4.8703,-6.3208,-0.0034,136.0648,-78.6206
2008-07-02,16.3844,-0.1123,-3.5766,-5.5796,-4.7069,-5.0747,-0.0791,135.912,-78.6446
2008-07-03,16.3722,-0.0749,-0.6334,-5.5838,-5.5838,-4.642,-0.0807,135.8101,-78.6606
2008-07-07,16.5379,1.0124,1.4307,-5.593,-4.019,-3.2656,0.3416,137.1851,-78.4446
2008-07-08,16.7528,1.2991,2.0186,-1.9372,-2.7376,-3.1455,1.6451,138.9673,-78.1646
2008-07-09,16.587,-0.9893,1.1227,-3.2535,-2.7333,-3.3905,1.5662,137.5924,-78.3806
2008-07-10,16.7098,0.7402,1.9858,-2.7108,-2.2586,-3.9678,1.8304,138.6109,-78.2206
2008-07-11,16.5318,-1.0654,0.9749,-3.2308,-2.6736,-5.1565,-0.0968,137.1342,-78.4526
2008-07-14,16.544,0.0742,0.0371,-3.8128,-2.5663,-3.7431,-0.7084,137.2359,-78.4366
2008-07-15,16.5134,-0.1855,-1.4291,-3.9229,-3.3386,-3.5121,-0.4975,136.9814,-78.4766
2008-07-16,16.7221,1.2639,0.8142,-1.6594,-2.674,-1.2401,1.2372,138.7127,-78.2046
2008-07-17,16.7528,0.1835,0.2571,-1.1592,-2.6339,-0.7023,1.3861,138.9673,-78.1646
2008-07-18,16.4704,-1.6856,-0.3713,-1.7266,-3.6246,-1.6673,-0.6483,136.6249,-78.5326
2008-07-21,16.4335,-0.2237,-0.6679,-2.2672,-4.1145,-0.4418,-0.2916,136.3193,-78.5806
2008-07-22,16.7221,1.7557,1.2639,0.5909,-1.8358,2.3618,1.4589,138.7127,-78.2046
2008-07-23,16.8387,0.6975,0.6975,1.6679,-1.7855,1.8253,2.9178,139.6802,-78.0525
2008-07-24,16.7344,-0.6198,-0.1099,0.7019,-2.5332,1.6802,2.28,138.8146,-78.1886
2008-07-25,16.6423,-0.5503,1.0436,-2.0592,-2.5142,2.522,3.2353,138.0507,-78.3086
2008-07-28,16.5011,-0.8484,0.4109,0.1491,-3.926,0.8589,3.7532,136.8795,-78.4926
2008-07-29,16.8878,2.3438,0.9913,3.5769,-1.7791,2.9169,5.9446,140.0877,-77.9885
2008-07-30,17.0843,1.1632,1.4582,4.0374,1.0883,4.8521,8.074,141.7171,-77.7325
2008-07-31,16.8203,-1.5451,0.5136,2.5449,-2.2414,1.7139,4.8483,139.5275,-78.0765
2008-08-01,16.7896,-0.1825,0.8853,2.4729,-2.2809,0.5304,4.5394,139.2729,-78.1165
2008-08-04,16.9431,0.9141,2.6786,3.4871,-1.0356,2.0811,5.6929,140.546,-77.9165
2008-08-05,17.2377,1.7391,2.0719,4.2316,0.0426,5.2834,4.8171,142.9902,-77.5324
2008-08-06,17.4219,1.0684,1.9763,3.9942,2.0892,6.8446,6.2089,144.5179,-77.2924
2008-08-07,17.0843,-1.938,1.5693,2.9978,-0.1753,3.6914,2.3491,141.7171,-77.7325
2008-08-08,17.4403,2.0841,3.8757,4.3718,2.4908,7.0374,6.3993,144.6707,-77.2684
2008-08-11,17.5938,0.88,3.8406,6.424,2.254,6.6265,7.9296,145.9437,-77.0684
2008-08-12,17.7166,0.6978,2.7777,7.0872,3.3347,5.965,9.0045,146.9621,-76.9084
2008-08-13,17.5385,-1.0049,0.6694,6.2081,1.8967,5.3984,9.6542,145.4854,-77.1404
2008-08-14,17.6183,0.4551,3.1261,5.3598,1.1393,6.4224,10.7363,146.1474,-77.0364
2008-08-15,17.7902,0.9756,2.0063,6.1928,2.1618,6.9891,11.5215,147.5732,-76.8123
2008-08-18,17.7166,-0.4141,0.6978,7.5661,1.1706,4.8592,10.518,146.9621,-76.9084
2008-08-19,17.4771,-1.3513,-1.3513,6.3504,1.3242,5.686,8.2123,144.9762,-77.2204
2008-08-20,17.4833,0.0351,-0.315,4.5521,2.4122,5.3358,8.2503,145.0271,-77.2124
2008-08-21,17.293,-1.0885,-1.8467,2.6978,0.221,3.0567,6.7936,143.4485,-77.4604
2008-08-22,17.6061,1.8104,-1.0352,5.209,2.5805,4.7707,8.6867,146.0455,-77.0524
2008-08-25,17.3237,-1.6039,-2.2176,4.0944,0.6485,1.8376,6.1942,143.7031,-77.4204
2008-08-26,17.2561,-0.3898,-1.2645,4.5759,0.1139,2.8372,6.2504,143.143,-77.5085
2008-08-27,17.3359,0.4624,-0.8427,2.6535,0.1861,3.126,7.9815,143.8049,-77.4044
2008-08-28,17.4464,0.6374,0.8875,2.12,0.1877,5.7726,7.7414,144.7216,-77.2604
2008-08-29,17.2746,-0.9852,-1.8828,2.7007,0.0788,3.6985,7.0378,143.2958,-77.4844
2008-09-02,17.4649,1.1016,0.815,4.0219,0.6467,4.9174,7.9354,144.8743,-77.2364
2008-09-03,17.3359,-0.7382,0.4624,2.3188,-0.0258,3.8774,5.9959,143.8049,-77.4044
2008-09-04,17.2255,-0.6374,-0.6374,-0.0712,-1.6681,4.164,6.2977,142.8884,-77.5485
2008-09-05,17.3851,0.9266,-0.3519,-0.2114,1.764,5.634,7.5621,144.2123,-77.3404
2008-09-08,17.7534,2.1186,2.7718,3.9166,3.5495,8.4328,10.3337,147.2677,-76.8604
2008-09-09,17.6613,-0.5187,1.1248,1.2672,2.8292,5.6345,9.475,146.5038,-76.9804
2008-09-10,17.7841,0.6952,2.585,1.0816,4.0997,6.6403,9.5011,147.5223,-76.8203
2008-09-11,17.8577,0.4142,3.6707,0.797,3.8251,7.0821,9.3875,148.1334,-76.7243
2008-09-12,17.8946,0.2062,2.9308,2.0301,4.1133,9.1736,9.2909,148.4389,-76.6763
2008-09-15,17.6797,-1.2007,-0.415,0.3484,3.9724,8.4662,7.3477,146.6566,-76.9564
2008-09-16,17.6797,0.0,0.1042,-0.6211,4.3098,6.5194,7.9787,146.6566,-76.9564
2008-09-17,17.0474,-3.5764,-4.1422,-3.7769,1.7164,2.1486,2.1284,141.4116,-77.7805
2008-09-18,17.1579,0.6482,-3.9189,-1.8265,2.0408,1.6345,2.7164,142.3282,-77.6365
2008-09-19,17.1202,-0.2197,-4.3273,-2.0766,2.9859,0.2855,2.3801,142.0155,-77.6856
2008-09-22,17.0275,-0.5415,-3.689,-1.5351,2.8079,-0.5069,1.7741,141.2465,-77.8064
2008-09-23,16.7988,-1.343,-4.9824,-4.5849,1.0899,-1.0302,0.4799,139.3495,-78.1045
2008-09-24,16.7679,-0.184,-1.6395,-3.208,-1.3197,-1.7078,0.4404,139.0931,-78.1448
2008-09-25,17.182,2.4697,0.1405,-0.4295,4.282,0.8281,2.2173,142.5282,-77.605
2008-09-26,17.1202,-0.3598,0.0,-1.2444,5.0022,0.5375,1.4844,142.0155,-77.6856
2008-09-29,16.4774,-3.7545,-3.2305,-5.5542,0.3421,-4.4038,-2.64,136.6835,-78.5234
2008-09-30,17.0584,3.5259,1.5453,-1.2512,3.9966,-1.0683,1.0818,141.5028,-77.7662
2008-10-01,17.182,0.7247,2.4697,-1.6194,4.868,-0.068,1.7778,142.5282,-77.605
2008-10-02,16.9657,-1.259,-1.259,-2.1357,3.6253,-2.1609,0.749,140.7337,-77.887
2008-10-03,16.8297,-0.8015,-1.6968,-2.2973,1.7646,-2.3253,-0.2733,139.6058,-78.0642
2008-10-06,16.3415,-2.9012,-0.8252,-6.0028,-2.4551,-5.1254,-3.5124,135.5555,-78.7006
2008-10-07,15.8223,-3.177,-7.2464,-10.8773,-4.6104,-7.2177,-5.9734,131.2489,-79.3773
2008-10-08,15.3897,-2.7343,-10.4317,-12.8622,-7.9003,-9.9805,-9.0674,127.6602,-79.9412
2008-10-09,14.4626,-6.0241,-14.7541,-18.6769,-12.5165,-14.8555,-14.9102,119.9697,-81.1496
2008-10-10,14.5862,0.8548,-13.3308,-18.3201,-11.8342,-14.0968,-14.3961,120.9952,-80.9885
2008-10-13,15.266,4.6609,-6.581,-14.689,-7.5533,-10.6397,-10.5966,126.6347,-80.1023
2008-10-14,15.2969,0.2024,-3.3203,-13.4774,-8.5224,-10.9685,-10.1291,126.8911,-80.0621
2008-10-15,14.7716,-3.4343,-4.0161,-16.4489,-11.8259,-14.1483,-12.8439,122.5332,-80.7468
2008-10-16,14.9138,0.9623,3.1197,-12.5161,-9.4511,-12.7331,-12.3181,123.7124,-80.5615
2008-10-17,15.025,0.7459,3.0084,-12.4311,-8.5712,-12.333,-11.3488,124.6352,-80.4165
2008-10-20,15.1486,0.8227,-0.7692,-11.5162,-9.4094,-11.0725,-9.6847,125.6606,-80.2554
2008-10-21,15.0065,-0.9384,-1.899,-11.8694,-10.8812,-12.4724,-11.1092,124.4814,-80.4407
2008-10-22,14.7716,-1.5651,0.0,-12.0677,-11.7289,-13.9649,-12.7816,122.5332,-80.7468
2008-10-23,14.8334,0.4184,-0.5388,-11.537,-10.8691,-13.11,-12.1658,123.0459,-80.6662
2008-10-24,14.0917,-5.0,-6.2114,-17.9856,-14.6011,-17.9539,-17.2392,116.8936,-81.6329
2008-10-27,13.7333,-2.5438,-9.3431,-19.7834,-18.6795,-20.1263,-19.8853,113.92,-82.1002
2008-10-28,14.6789,6.8857,-2.1829,-10.9152,-14.0794,-13.1444,-14.399,121.7642,-80.8676
2008-10-29,14.3946,-1.9368,-2.5523,-15.616,-14.4213,-16.3395,-15.7002,119.4058,-81.2382
2008-10-30,15.0003,4.2078,1.125,-12.6979,-10.6573,-12.6952,-12.7096,124.4301,-80.4487
2008-10-31,14.9076,-0.6181,5.7894,-12.1312,-12.0138,-12.925,-11.5048,123.6611,-80.5696
2008-11-03,15.1363,1.534,10.216,-10.0624,-12.1912,-12.1538,-10.7243,125.5581,-80.2715
2008-11-04,15.3588,1.47,4.6316,-6.0136,-11.8422,-10.0005,-9.5409,127.4038,-79.9815
2008-11-05,15.0868,-1.7706,4.8089,-4.6484,-11.6918,-11.8466,-11.7401,125.1479,-80.3359
2008-11-06,14.9261,-1.0651,-0.4944,-3.0121,-14.416,-12.2843,-11.7117,123.8149,-80.5454
2008-11-07,14.9941,0.4555,0.5805,3.6752,-14.7761,-12.8551,-11.9396,124.3789,-80.4568
2008-11-10,15.0374,0.2885,-0.6534,3.0931,-15.1225,-12.2921,-10.8304,124.7377,-80.4004
2008-11-11,14.6974,-2.2605,-4.3058,-3.7247,-16.1991,-14.6097,-12.9085,121.918,-80.8435
2008-11-12,14.3822,-2.1447,-4.6702,-5.9798,-18.3679,-17.4378,-16.0403,119.3032,-81.2543
2008-11-13,14.957,3.9966,0.2071,1.2552,-15.9256,-14.1081,-13.1143,124.0713,-80.5051
2008-11-14,14.512,-2.9752,-3.2152,-2.6938,-18.0878,-17.1289,-15.6401,120.3799,-81.0851
2008-11-17,14.3204,-1.3203,-4.7677,-4.6894,-18.062,-16.977,-17.1326,118.7905,-81.3349
2008-11-18,14.4193,0.6906,-1.8924,-4.8144,-17.5251,-15.5357,-15.9721,119.6109,-81.206
2008-11-19,14.0485,-2.5718,-2.3206,-6.3838,-18.762,-18.5824,-18.7915,116.5347,-81.6893
2008-11-20,13.5602,-3.4756,-9.3389,-8.2008,-22.9799,-20.9924,-20.6429,112.4844,-82.3257
2008-11-21,14.2092,4.7858,-2.0869,-4.2083,-17.9783,-17.4464,-17.6899,117.8677,-81.4799
2008-11-24,14.3884,1.2614,0.4748,2.1053,-16.6186,-16.5236,-15.7961,119.3545,-81.2462
2008-11-25,14.4688,0.5584,0.3429,5.3555,-16.539,-16.3837,-16.2156,120.021,-81.1415
2008-11-26,14.6542,1.2815,4.3115,-0.1684,-16.0048,-15.8472,-16.4586,121.5591,-80.8998
2008-11-28,14.8767,1.5184,9.7083,3.3491,-13.8811,-13.8132,-15.6266,123.4048,-80.6098
2008-12-01,14.0547,-5.5256,-1.0874,-6.3041,-19.5261,-19.0057,-20.398,116.586,-81.6813
2008-12-02,14.2586,1.4512,-0.902,-4.3532,-17.7511,-17.7723,-18.9373,118.2779,-81.4154
2008-12-03,14.4317,1.2137,-0.2563,-4.6549,-16.2189,-17.6165,-17.8404,119.7134,-81.1899
2008-12-04,14.2462,-1.2848,-2.7837,-7.2435,-18.0547,-16.6092,-19.2298,118.1753,-81.4315
2008-12-05,14.648,2.82,-1.5372,-2.9086,-17.4918,-14.5632,-16.9236,121.5079,-80.9079
2008-12-08,14.7345,0.5907,4.8373,-1.2836,-16.5717,-14.2114,-17.3122,122.2256,-80.7951
2008-12-09,14.4502,-1.9296,1.3436,-3.6274,-18.7464,-15.4153,-18.9902,119.8672,-81.1657
2008-12-10,14.444,-0.0427,0.0856,-3.9457,-19.1162,-16.0223,-18.1365,119.8159,-81.1737
2008-12-11,14.2833,-1.1125,0.2603,-2.8175,-20.1807,-16.8975,-19.2687,118.4829,-81.3832
2008-12-12,14.3019,0.1298,-2.3629,-0.5586,-19.1057,-15.8923,-19.5216,118.6368,-81.359
2008-12-15,14.2895,-0.0864,-3.0201,-4.4628,-19.1756,-15.6923,-18.5936,118.5342,-81.3751
2008-12-16,14.6233,2.3356,1.1976,0.7666,-14.2201,-12.7478,-16.1142,121.3027,-80.9401
2008-12-17,14.5491,-0.5071,0.7274,1.5969,-15.2048,-13.4743,-16.1614,120.6875,-81.0368
2008-12-18,14.5985,0.3399,2.2069,1.2431,-14.7292,-12.1831,-16.5744,121.0977,-80.9723
2008-12-19,14.4801,-0.8113,1.2462,3.0725,-14.9605,-12.5727,-16.8777,120.1153,-81.1267
2008-12-22,14.5175,0.2582,1.5955,7.0596,-13.5803,-12.6384,-18.6143,120.4254,-81.078
2008-12-23,14.3991,-0.8158,-1.5331,1.3365,-14.1273,-15.2606,-19.1681,119.443,-81.2323
2008-12-24,14.5237,0.8658,-0.1743,0.9406,-15.4713,-11.8519,-18.189,120.4772,-81.0698
2008-12-26,14.5362,0.0858,-0.427,0.4662,-15.0933,-10.8461,-17.326,120.5806,-81.0536
2008-12-29,14.505,-0.2144,0.1721,-1.0177,-11.9703,-11.6692,-17.816,120.322,-81.0942
2008-12-30,14.7357,1.5901,1.5028,-0.9478,-13.6164,-10.164,-15.8423,122.2352,-80.7936
2008-12-31,14.879,0.9729,3.3333,5.8656,-13.4035,-9.188,-13.7964,123.4244,-80.6068
2009-01-02,15.091,1.4244,3.9056,5.8376,-11.0501,-7.8253,-12.1041,125.1825,-80.3305
2009-01-05,15.1533,0.413,4.2453,5.0004,-9.9611,-8.3723,-11.3644,125.6996,-80.2493
2009-01-06,14.9289,-1.4809,2.9222,4.7919,-8.644,-10.8868,-13.6899,123.8381,-80.5418
2009-01-07,14.7793,-1.0021,0.2961,0.8965,-6.5919,-10.8983,-13.9194,122.5972,-80.7367
2009-01-08,14.5861,-1.3075,-1.969,-1.0075,-5.2216,-12.7094,-16.1729,120.9942,-80.9886
2009-01-09,14.3367,-1.7094,-4.998,-0.7852,-0.8701,-13.2777,-17.7495,118.9259,-81.3136
2009-01-12,14.343,0.0435,-5.3476,-0.6997,-1.6675,-13.3043,-16.5494,118.9776,-81.3055
2009-01-13,14.4302,0.6085,-3.3403,1.0285,-5.4749,-12.6147,-15.6838,119.7016,-81.1917
2009-01-14,14.1123,-2.203,-4.5129,-1.3253,-7.7441,-15.6065,-16.6531,117.0645,-81.6061
2009-01-15,14.1747,0.4417,-2.8205,-0.8037,-4.041,-15.389,-15.9832,117.5816,-81.5248
2009-01-16,14.3056,0.9235,-0.2174,-2.1725,-4.078,-13.1436,-14.5918,118.6674,-81.3542
2009-01-20,14.1373,-1.1765,-1.4341,-2.8306,-5.9083,-13.9731,-14.3531,117.2714,-81.5736
2009-01-21,14.2058,0.485,-1.5551,-2.6901,-6.2235,-15.0474,-13.0409,117.8401,-81.4842
2009-01-22,14.1934,-0.0877,0.5743,-1.9802,-5.4182,-15.7098,-14.1713,117.7367,-81.5004
2009-01-23,14.0562,-0.9662,-0.8355,-3.1773,-4.8428,-16.0037,-14.5924,116.5991,-81.6792
2009-01-26,14.1497,0.6652,-1.0893,-1.7316,-4.609,-14.9771,-12.8328,117.3748,-81.5573
2009-01-27,14.2245,0.5287,0.6173,-2.0601,0.9425,-13.7963,-13.0558,117.9953,-81.4598
2009-01-28,14.3679,1.0078,1.1409,-1.1578,4.6212,-14.9215,-12.4399,119.1845,-81.273
2009-01-29,14.2432,-0.8677,0.3513,-1.8049,-2.9679,-16.6295,-12.5842,118.1503,-81.4355
2009-01-30,13.8069,-3.0634,-1.7738,-6.3029,-4.0826,-17.9152,-16.5083,114.5309,-82.0042
2009-02-02,13.6885,-0.8578,-3.2599,-8.0017,-8.7452,-18.4706,-18.0381,113.5484,-82.1585
2009-02-03,13.9877,2.1858,-1.6653,-7.3111,-6.1707,-17.4431,-15.725,116.0303,-81.7686
2009-02-04,13.6074,-2.7183,-5.2928,-10.2016,-10.1004,-21.0602,-16.8895,112.8763,-82.2642
2009-02-05,13.8007,1.4201,-3.1072,-7.5574,-10.1446,-20.7855,-15.3635,114.4792,-82.0123
2009-02-06,14.0375,1.7164,1.6704,-5.019,-6.9549,-17.8335,-14.8004,116.444,-81.7036
2009-02-09,13.9004,-0.9769,1.5483,-4.7009,-6.8719,-20.2973,-14.6883,115.3065,-81.8823
2009-02-10,13.4516,-3.2287,-3.8324,-6.1739,-10.2874,-23.5434,-18.477,111.5836,-82.4673
2009-02-11,13.5264,0.5561,-0.5955,-5.6931,-10.048,-23.651,-19.0968,112.2041,-82.3698
2009-02-12,13.6511,0.9217,-1.084,-5.3995,-7.1193,-22.1652,-17.9633,113.2382,-82.2073
2009-02-13,13.4391,-1.5525,-4.2628,-4.7702,-6.5572,-23.7207,-18.8217,111.4802,-82.4835
2009-02-17,13.2459,-1.4379,-4.7085,-6.5523,-11.4402,-25.5439,-20.34,109.8773,-82.7354
2009-02-18,13.3145,0.5176,-1.0195,-6.9281,-8.2521,-24.8473,-21.1955,110.446,-82.646
2009-02-19,13.4828,1.2641,-0.3226,-4.6296,-5.8493,-22.8548,-18.4684,111.8421,-82.4266
2009-02-20,13.2771,-1.5257,-2.7398,-6.5379,-7.9216,-24.0585,-20.0064,110.1358,-82.6948
2009-02-23,12.9342,-2.5821,-3.757,-8.8713,-7.9314,-25.2053,-22.919,107.2919,-83.1416
2009-02-24,13.1836,1.9277,-0.4706,-6.2084,-2.7775,-25.1191,-21.5468,109.3602,-82.8166
2009-02-25,13.0589,-0.9456,-1.9195,-7.7093,-8.0952,-24.6182,-23.233,108.326,-82.9791
2009-02-26,12.7722,-2.1957,-5.2704,-10.2104,-11.2329,-25.9848,-23.8848,105.9475,-83.3528
2009-02-27,12.6911,-0.6345,-4.4132,-11.6703,-12.2859,-26.793,-24.5045,105.2753,-83.4585
2009-03-02,12.448,-1.9155,-3.759,-12.6039,-15.0547,-28.65,-24.5313,103.2588,-83.7753
2009-03-03,12.2984,-1.2019,-6.714,-10.9255,-17.3308,-28.8062,-26.173,102.0178,-83.9703
2009-03-04,12.5353,1.926,-4.0096,-8.4244,-10.8104,-28.2256,-24.6962,103.9826,-83.6616
2009-03-05,12.2486,-2.2874,-4.0996,-12.4331,-14.0971,-29.3458,-26.6063,101.6042,-84.0353
2009-03-06,12.286,0.3053,-3.1925,-9.7114,-14.868,-28.6755,-25.7056,101.9144,-83.9865
2009-03-09,12.099,-1.5221,-2.8043,-12.3307,-15.0726,-30.406,-26.4851,100.3632,-84.2303
2009-03-10,12.3234,1.8548,0.2028,-12.2114,-15.8699,-30.5858,-24.7322,102.2246,-83.9378
2009-03-11,12.3109,-0.1012,-1.7901,-11.435,-16.4486,-30.2945,-26.367,102.1212,-83.9541
2009-03-12,12.6288,2.5823,3.1043,-6.1168,-12.6047,-28.9882,-24.2728,104.7582,-83.5397
2009-03-13,12.8158,1.4808,4.3125,-5.2534,-11.2727,-28.234,-23.1514,106.3095,-83.296
2009-03-16,13.0153,1.5564,7.5734,-4.6576,-8.878,-27.267,-20.5948,107.9641,-83.036
2009-03-17,13.2584,1.8679,7.5872,-1.3451,-7.2963,-25.008,-18.659,109.9807,-82.7191
2009-03-18,13.1898,-0.5171,7.1393,-0.4235,-7.6959,-25.3958,-20.5321,109.4119,-82.8085
2009-03-19,13.0215,-1.276,3.1096,-2.2004,-10.9535,-23.616,-21.9749,108.0158,-83.0279
2009-03-20,12.898,-0.9486,0.6412,-4.3373,-11.3486,-24.8279,-23.5992,106.9912,-83.1889
2009-03-23,13.4623,4.3753,3.4347,1.3951,-7.7833,-21.3661,-21.1416,111.6723,-82.4533
2009-03-24,13.3996,-0.4657,1.0652,3.5979,-7.4621,-21.3062,-21.7051,111.1522,-82.535
2009-03-25,13.5313,0.9827,2.5889,2.6374,-6.7934,-19.4511,-20.2809,112.2444,-82.3634
2009-03-26,13.6818,1.1121,5.0705,4.7696,-4.9817,-18.4052,-19.7986,113.4928,-82.1673
2009-03-27,13.5501,-0.9624,5.0559,6.0907,-6.7039,-21.1381,-20.485,112.4005,-82.3389
2009-03-30,13.2554,-2.1749,-1.537,4.4461,-8.8113,-22.5747,-22.1586,109.9559,-82.723
2009-03-31,13.2303,-0.1892,-1.2634,6.2843,-8.7882,-19.7066,-23.2425,109.7478,-82.7557
2009-04-01,13.456,1.7061,-0.5561,9.4126,-8.684,-21.118,-21.9607,111.6203,-82.4615
2009-04-02,13.7382,2.097,0.4125,9.5961,-7.6675,-20.0433,-20.0976,113.9609,-82.0937
2009-04-03,13.6818,-0.4108,0.9718,11.7009,-9.3382,-19.3564,-21.099,113.4928,-82.1673
2009-04-06,13.7194,0.275,3.5005,11.6671,-9.4628,-18.4813,-20.3768,113.8049,-82.1182
2009-04-07,13.4686,-1.8282,1.8009,11.32,-9.782,-17.5804,-21.8048,111.7243,-82.4452
2009-04-08,13.5814,0.838,0.932,10.2088,-8.1051,-14.1627,-20.3581,112.6606,-82.298
2009-04-09,13.5877,0.0462,-1.0954,10.3714,-6.8447,-11.7089,-20.5208,112.7126,-82.2899
2009-04-13,13.5501,-0.2769,-0.9624,7.2951,-5.487,-6.3093,-20.2275,112.4005,-82.3389
2009-04-14,13.362,-1.3882,-2.6051,4.2617,-6.8395,-8.393,-21.3066,110.8401,-82.5841
2009-04-15,13.6002,1.7832,0.9777,4.4946,-5.7518,-10.9118,-20.3905,112.8166,-82.2735
2009-04-16,13.7821,1.3371,1.4774,3.9501,-2.3401,-9.903,-19.7853,114.325,-82.0365
2009-04-17,13.8511,0.5004,1.9382,5.0134,-2.2831,-6.2318,-19.4985,114.8971,-81.9466
2009-04-20,13.5814,-1.9466,0.2314,4.3001,-5.0619,-8.9335,-20.5291,112.6606,-82.298
2009-04-21,13.7194,1.0157,2.6748,6.3685,-2.9559,-8.6896,-19.9509,113.8049,-82.1182
2009-04-22,13.5375,-1.3254,-0.461,0.559,-4.7043,-10.6351,-20.53,112.2965,-82.3552
2009-04-23,13.5375,0.0,-1.7743,1.0295,-4.6207,-9.7885,-21.04,112.2965,-82.3552
2009-04-24,13.4811,-0.4169,-2.6709,-0.3707,-4.0916,-8.7363,-21.4812,111.8284,-82.4288
2009-04-27,13.5626,0.6046,-0.1385,-0.8707,-4.1493,-8.567,-20.5539,112.5045,-82.3226
2009-04-28,13.6253,0.4623,-0.6856,0.5553,-4.2125,-3.3098,-20.6694,113.0247,-82.2408
2009-04-29,13.8511,1.6567,2.3159,4.4938,-3.5972,0.8577,-19.4412,114.8971,-81.9466
2009-04-30,13.7946,-0.4074,1.899,4.2654,-3.1496,-6.024,-18.3766,114.429,-82.0202
2009-05-01,13.8511,0.4091,2.7442,2.9357,0.3198,-3.7759,-19.4985,114.8971,-81.9466
2009-05-04,14.0643,1.5392,3.6986,2.3734,2.7452,-6.2401,-18.1431,116.6656,-81.6687
2009-05-05,13.9451,-0.8471,2.347,1.9249,-0.3042,-6.4561,-18.5467,115.6774,-81.824
2009-05-06,14.0329,0.6294,1.3128,2.2852,3.1267,-7.2895,-18.5573,116.4055,-81.7096
2009-05-07,14.0893,0.4022,2.1363,4.609,2.0916,-8.2652,-17.4391,116.8736,-81.6361
2009-05-08,14.2712,1.2906,3.0331,5.0785,1.6643,-5.4063,-16.6124,118.3821,-81.399
2009-05-11,14.2022,-0.4833,0.9808,4.5224,2.1711,-4.85,-16.5385,117.8099,-81.489
2009-05-12,14.3715,1.1921,3.0575,6.062,6.8385,-4.1524,-16.4737,119.2143,-81.2683
2009-05-13,14.1081,-1.8325,0.5362,5.5843,4.3008,-6.1794,-17.7119,117.0297,-81.6115
2009-05-14,14.1583,0.3555,0.4896,4.1033,3.7157,-3.6682,-17.7419,117.4458,-81.5462
2009-05-15,14.0266,-0.93,-1.7135,1.7743,4.3714,-2.4724,-19.4791,116.3535,-81.7178
2009-05-18,14.3213,2.101,0.8389,3.3952,8.1189,-4.2501,-17.7586,118.7981,-81.3337
2009-05-19,14.4028,0.5692,0.2181,6.048,8.1744,-0.7523,-17.7524,119.4743,-81.2274
2009-05-20,14.4217,0.1306,2.2222,5.1188,6.9636,0.7069,-16.3901,119.6303,-81.2029
2009-05-21,14.29,-0.913,0.93,5.5581,7.629,-0.8969,-16.2933,118.538,-81.3745
2009-05-22,14.3778,0.6143,2.5033,6.2065,11.1605,2.3439,-16.6741,119.2662,-81.2601
2009-05-26,14.5596,1.2647,1.6637,8.0,10.4374,7.37,-15.1695,120.7746,-81.0231
2009-05-27,14.1897,-2.5409,-1.4801,4.6232,8.6589,-0.1373,-17.5598,117.7059,-81.5053
2009-05-28,14.3401,1.0605,-0.5652,5.2462,12.2765,-0.3354,-16.8036,118.9542,-81.3091
2009-05-29,14.4969,1.0931,1.448,4.6628,14.2286,0.1946,-16.221,120.2545,-81.1048
2009-06-01,14.7853,1.9896,2.8348,7.1818,18.7764,0.8951,-15.094,122.6471,-80.7289
2009-06-02,14.9358,1.0178,2.584,7.8316,21.445,0.3976,-13.4705,123.8954,-80.5327
2009-06-03,14.8606,-0.5037,4.7283,5.6621,18.5499,5.7343,-14.3613,123.2713,-80.6308
2009-06-04,14.8857,0.1687,3.8041,6.7446,21.5298,4.3976,-14.1563,123.4793,-80.5981
2009-06-05,14.8104,-0.5054,2.1626,5.5407,20.5474,2.6244,-15.4544,122.8552,-80.6962
2009-06-08,14.8669,0.381,0.5514,5.5185,22.8771,4.3563,-12.9764,123.3233,-80.6226
2009-06-09,14.7352,-0.8857,-1.3434,3.2513,19.571,0.5952,-14.0547,122.231,-80.7943
2009-06-10,14.5721,-1.1065,-1.941,2.6048,18.3678,-1.1021,-15.1568,120.8786,-81.0068
2009-06-11,14.6348,0.4303,-1.6849,1.8325,15.8847,1.2778,-14.3345,121.3988,-80.925
2009-06-12,14.7477,0.7712,-0.4234,4.5333,15.0745,2.1025,-14.2567,122.3351,-80.7779
2009-06-15,14.3903,-2.4235,-3.2054,1.6386,10.5649,0.749,-16.2751,119.3703,-81.2438
2009-06-16,14.2022,-1.3072,-3.6171,1.2516,7.1187,-0.697,-16.4785,117.8099,-81.489
2009-06-17,14.3464,1.0155,-1.549,0.1751,8.769,0.3982,-15.3566,119.0062,-81.301
2009-06-18,14.6098,1.8357,-0.1714,1.4367,12.1973,-0.0923,-12.8283,121.1907,-80.9577
2009-06-19,14.4626,-1.0076,-1.9336,0.2836,12.1304,-0.5949,-13.989,119.9696,-81.1496
2009-06-22,14.4057,-0.3932,0.1069,0.8097,7.0076,-1.3211,-13.3432,119.4979,-81.2237
2009-06-23,14.3172,-0.6141,0.81,-0.421,6.8482,-1.1249,-13.5562,118.7641,-81.339
2009-06-24,14.3551,0.2648,0.0608,-1.4043,6.0886,-1.1184,-13.6154,119.0786,-81.2896
2009-06-25,14.6016,1.7166,-0.0562,2.9028,6.7228,1.4062,-14.069,121.1226,-80.9684
2009-06-26,14.551,-0.3462,0.6116,1.4704,7.3868,0.1877,-11.6864,120.7033,-81.0343
2009-06-29,14.6395,0.6079,1.6228,0.9833,10.4416,0.7103,-10.2129,121.437,-80.919
2009-06-30,14.5257,-0.7768,1.4563,-1.7558,9.7914,0.1427,-11.5432,120.4937,-81.0673
2009-07-01,14.7721,1.6964,2.9049,-1.0958,9.7809,0.2475,-9.9416,122.5377,-80.7461
2009-07-02,14.4626,-2.0958,-0.952,-2.6785,5.2726,-2.7992,-11.7299,119.9696,-81.1496
2009-07-06,14.7595,2.0533,1.4329,-0.8474,7.8773,-2.1965,-9.85,122.4329,-80.7626
2009-07-07,14.5763,-1.2414,-0.4316,-1.5809,6.2459,-3.808,-11.8614,120.913,-81.0014
2009-07-08,14.6395,0.4334,0.7829,-1.5296,8.6935,-1.9389,-12.6147,121.437,-80.919
2009-07-09,14.532,-0.7337,-1.6254,-1.3785,6.9993,-1.6731,-12.389,120.5461,-81.059
2009-07-10,14.4626,-0.4782,0.0,-0.752,6.4385,-0.8469,-13.4487,119.9696,-81.1496
2009-07-13,14.7216,1.7912,-0.2569,0.5928,8.6458,2.6844,-10.9497,122.1184,-80.812
2009-07-14,14.7658,0.3004,1.3004,0.1228,10.5063,2.9482,-10.7484,122.4853,-80.7543
2009-07-15,15.0059,1.626,2.5033,4.278,10.3357,3.9894,-9.1286,124.4769,-80.4414
2009-07-16,15.107,0.6737,3.9565,6.371,9.6133,7.0483,-9.6582,125.3155,-80.3096
2009-07-17,15.1197,0.0837,4.5435,5.3898,9.1588,6.6667,-9.7483,125.4204,-80.2931
2009-07-20,15.1639,0.2925,3.0043,3.7927,11.6515,5.9997,-7.9325,125.7872,-80.2355
2009-07-21,15.1449,-0.125,2.5674,4.7182,10.3907,7.1276,-7.8414,125.63,-80.2602
2009-07-22,15.1512,0.0417,0.9684,5.1754,11.9201,6.655,-9.3938,125.6823,-80.252
2009-07-23,15.3597,1.3762,1.673,7.2816,13.4603,8.2177,-8.7831,127.412,-79.9802
2009-07-24,15.4987,0.905,2.5073,7.9666,14.9664,10.2624,-7.3836,128.565,-79.799
2009-07-27,15.4419,-0.3669,1.8334,5.7551,13.8561,9.1319,-7.2128,128.0933,-79.8731
2009-07-28,15.4608,0.1227,2.0859,6.2527,13.4713,8.6912,-6.3041,128.2505,-79.8484
2009-07-29,15.543,0.5313,2.5855,6.1718,12.2151,8.1784,-7.9634,128.9319,-79.7414
2009-07-30,15.524,-0.122,1.0695,6.8725,12.5367,8.9922,-9.1326,128.7747,-79.7661
2009-07-31,15.4924,-0.2034,-0.0407,4.876,11.8502,12.2079,-7.8943,128.5127,-79.8073
2009-08-03,15.5114,0.1223,0.4501,7.2521,10.2894,13.3171,-7.6132,128.6698,-79.7826
2009-08-04,15.5367,0.163,0.4904,5.2654,11.4129,11.074,-8.3008,128.8795,-79.7496
2009-08-05,15.4356,-0.6507,-0.6911,5.8951,9.9956,13.4347,-10.4548,128.0409,-79.8814
2009-08-06,15.2776,-1.0233,-1.5873,4.3591,8.4339,10.7019,-12.308,126.7306,-80.0873
2009-08-07,15.3408,0.4135,-0.9789,5.5652,7.4949,9.284,-10.2051,127.2547,-80.0049
2009-08-10,15.3534,0.0824,-1.0183,6.1599,8.106,10.4531,-11.9659,127.3596,-79.9884
2009-08-11,15.3534,0.0,-1.1794,4.2918,6.8325,14.1383,-12.7338,127.3596,-79.9884
2009-08-12,15.3471,-0.0411,-0.573,3.9367,8.7819,13.4604,-13.3742,127.3072,-79.9967
2009-08-13,15.4356,0.5764,1.0339,2.8632,9.0213,13.0721,-11.9905,128.0409,-79.8814
2009-08-14,15.4166,-0.1228,0.4943,2.0494,9.9096,14.7142,-12.4968,127.8837,-79.9061
2009-08-17,15.2586,-1.0246,-0.6173,0.9193,6.5449,15.1952,-14.2301,126.5734,-80.112
2009-08-18,15.2839,0.1657,-0.4527,0.7917,6.1174,14.7919,-13.7308,126.783,-80.079
2009-08-19,15.385,0.6614,0.247,1.5853,6.68,14.1087,-11.9706,127.6216,-79.9473
2009-08-20,15.4608,0.4928,0.1637,2.0434,8.1936,16.4477,-11.5678,128.2505,-79.8484
2009-08-21,15.6314,1.1034,1.3935,1.7689,8.7196,20.8532,-9.6082,129.6657,-79.6261
2009-08-24,15.6378,0.0404,2.4845,0.8969,7.4051,18.6155,-11.1797,129.7181,-79.6179
2009-08-25,15.663,0.1616,2.4804,1.4321,10.3834,19.9414,-9.586,129.9277,-79.5849
2009-08-26,15.7136,0.3227,2.1355,1.6346,9.5775,23.0297,-8.9393,130.347,-79.519
2009-08-27,15.7136,0.0,1.6346,1.0975,8.3926,23.8154,-9.3585,130.347,-79.519
2009-08-28,15.6504,-0.4021,0.1212,0.814,5.8507,25.7257,-10.2947,129.8229,-79.6014
2009-08-31,15.682,0.2019,0.2828,1.2234,4.9958,27.5121,-9.2192,130.085,-79.5602
2009-09-01,15.5367,-0.9267,-0.8068,0.163,4.5495,23.9433,-11.0405,128.8795,-79.7496
2009-09-02,15.5493,0.0813,-1.0454,0.0813,4.4582,26.9479,-10.306,128.9843,-79.7332
2009-09-03,15.5809,0.2032,-0.8444,0.9415,5.2022,26.8186,-9.5473,129.2464,-79.692
2009-09-04,15.6946,0.7299,0.2826,2.7295,5.5678,29.7187,-9.7236,130.1898,-79.5437
2009-09-08,15.8273,0.8454,0.9266,3.1713,7.4116,28.4332,-10.8491,131.2904,-79.3708
2009-09-09,15.821,-0.0399,1.83,3.0453,8.5701,28.512,-10.4201,131.238,-79.379
2009-09-10,15.9347,0.7189,2.4787,3.786,8.882,26.1776,-10.399,132.1814,-79.2308
2009-09-11,16.0042,0.4362,2.717,4.2816,8.52,24.8788,-10.3795,132.758,-79.1402
2009-09-14,15.9663,-0.2369,1.7311,3.4384,10.9517,22.6736,-10.7758,132.4434,-79.1896
2009-09-15,15.8842,-0.5144,0.3593,3.0328,11.843,19.8048,-10.156,131.7621,-79.2967
2009-09-16,16.0105,0.7956,1.1981,4.9275,11.5995,21.3856,-9.4413,132.8103,-79.132
2009-09-17,15.9537,-0.3552,0.1189,4.382,9.1986,22.5179,-6.416,132.3386,-79.2061
2009-09-18,16.163,1.3123,0.9923,5.0569,11.7577,25.3144,-5.7985,134.0753,-78.9332
2009-09-21,16.1121,-0.3149,0.9133,4.2124,11.8455,19.6832,-5.8884,133.653,-78.9996
2009-09-22,16.1439,0.1974,1.6354,3.2786,12.7587,20.4806,-5.1892,133.9169,-78.9581
2009-09-23,16.1439,0.0,0.8332,3.2369,12.4609,19.3082,-3.8985,133.9169,-78.9581
2009-09-24,16.0612,-0.5124,0.6741,2.5422,9.9966,17.3914,-4.2147,133.2307,-79.0659
2009-09-25,16.0612,0.0,-0.6299,2.2124,10.3787,18.5322,-6.5232,133.2307,-79.0659
2009-09-28,16.093,0.1981,-0.1185,2.4148,9.9291,21.4074,-5.9999,133.4946,-79.0245
2009-09-29,16.1694,0.4745,0.1577,3.3162,11.3155,22.2148,-1.8696,134.1281,-78.9249
2009-09-30,16.2012,0.1968,0.3548,3.3109,9.674,20.4011,-5.0252,134.392,-78.8835
2009-10-01,16.0548,-0.9034,-0.0396,3.3352,11.0098,16.8628,-6.5603,133.1779,-79.0742
2009-10-02,16.1057,0.3171,0.2773,3.5786,9.1212,17.7169,-5.0688,133.6002,-79.0079
2009-10-05,16.1439,0.237,0.3163,3.6136,10.7548,17.6723,-4.075,133.9169,-78.9581
2009-10-06,16.2903,0.9066,0.7477,3.7954,11.2765,20.9504,-0.3132,135.1309,-78.7674
2009-10-07,16.3603,0.4297,0.9819,3.3675,12.5807,20.4606,3.4001,135.7116,-78.6761
2009-10-08,16.4557,0.5834,2.497,4.0121,13.7817,21.1075,6.9271,136.5034,-78.5517
2009-10-09,16.4939,0.2321,2.4101,3.5094,12.0389,21.7256,14.0456,136.8202,-78.5019
2009-10-12,16.5639,0.4244,2.6015,3.4972,12.1774,23.963,13.5589,137.4008,-78.4107
2009-10-13,16.5066,-0.3458,1.3281,3.3843,10.0008,21.3701,8.1265,136.9257,-78.4854
2009-10-14,16.5639,0.347,1.2447,4.2794,9.6439,20.1843,8.2824,137.4008,-78.4107
2009-10-15,16.6912,0.7683,1.4308,4.2513,10.3939,20.5047,12.995,138.4564,-78.2448
2009-10-16,16.7803,0.5338,1.7361,5.1813,10.6595,23.553,12.5154,139.1955,-78.1287
2009-10-19,16.8757,0.5688,1.8824,4.4094,11.4282,23.0063,12.3176,139.9872,-78.0043
2009-10-20,16.8566,-0.1131,2.1203,4.6208,11.2558,24.5176,11.275,139.8289,-78.0292
2009-10-21,16.7294,-0.755,0.9989,3.6264,8.917,23.5775,11.4811,138.7732,-78.1951
2009-10-22,16.7548,0.1521,0.3813,3.784,8.1043,24.2836,13.4259,138.9843,-78.1619
2009-10-23,16.5894,-0.9875,-1.1376,3.2884,7.431,22.3168,11.8379,137.6119,-78.3775
2009-10-26,16.4621,-0.7672,-2.451,2.496,6.4761,20.8197,16.8209,136.5562,-78.5434
2009-10-27,16.4748,0.0773,-2.265,2.3725,5.9953,18.9427,19.9629,136.6618,-78.5268
2009-10-28,16.4303,-0.2704,-1.7878,1.6135,5.8378,19.1064,11.9313,136.2923,-78.5849
2009-10-29,16.6975,1.6266,-0.3418,3.0636,7.7786,20.5506,15.9988,138.5092,-78.2365
2009-10-30,16.4366,-1.5625,-0.9206,2.3781,5.9651,16.8683,9.5756,136.3451,-78.5766
2009-11-02,16.5957,0.9678,0.8118,3.0423,6.8166,19.0074,11.3242,137.6647,-78.3692
2009-11-03,16.4876,-0.6518,0.0772,2.1285,6.8153,17.4921,8.9275,136.7673,-78.5102
2009-11-04,16.5512,0.386,0.7359,1.6016,8.3363,17.4732,7.7639,137.2952,-78.4273
2009-11-05,16.6275,0.4613,-0.4192,1.6336,8.3878,16.5114,10.2124,137.9286,-78.3278
2009-11-06,16.6721,0.268,1.4325,1.3148,8.5887,17.391,11.6975,138.2982,-78.2697
2009-11-09,16.9457,1.6412,2.1089,2.7392,10.3709,17.912,13.0158,140.5679,-77.9131
2009-11-10,16.9394,-0.0375,2.7403,2.2666,10.3749,20.0679,12.6485,140.5151,-77.9214
2009-11-11,16.9903,0.3005,2.6528,2.9298,10.0721,20.002,15.6001,140.9374,-77.855
2009-11-12,16.8885,-0.5992,1.5691,1.9593,9.5471,20.4028,17.4259,140.0929,-77.9877
2009-11-13,17.003,0.6782,1.9847,1.8681,11.4318,18.7249,13.6789,141.0429,-77.8384
2009-11-16,17.0984,0.5614,0.9013,1.8961,11.872,18.7157,17.8226,141.8348,-77.714
2009-11-17,17.1812,0.4838,1.4274,1.8099,11.6746,19.1344,19.9766,142.5209,-77.6062
2009-11-18,17.1684,-0.074,1.0487,1.8497,11.0446,20.1432,19.0656,142.4154,-77.6228
2009-11-19,17.0857,-0.4818,1.1681,2.1301,9.3035,18.8343,21.6197,141.7292,-77.7306
2009-11-20,17.1112,0.1489,0.6363,2.1268,9.4221,17.525,26.1866,141.9403,-77.6974
2009-11-23,17.2575,0.8553,0.9304,4.0276,10.18,21.6204,21.4534,143.1544,-77.5067
2009-11-24,17.2957,0.2213,0.6668,5.0639,10.0686,20.6104,20.2059,143.4712,-77.4569
2009-11-25,17.2639,-0.184,0.556,4.7895,9.8661,19.0867,19.3184,143.2072,-77.4984
2009-11-27,17.1048,-0.9215,0.1117,4.1053,9.2932,15.6876,16.7231,141.8875,-77.7057
2009-11-30,17.0412,-0.372,-0.4091,2.0579,8.6672,14.0959,14.5495,141.3596,-77.7887
2009-12-01,17.2766,1.3817,0.1106,5.1103,11.199,16.258,22.9245,143.3128,-77.4818
2009-12-02,17.2575,-0.1105,-0.2208,3.9878,10.9859,15.9339,21.0322,143.1544,-77.5067
2009-12-03,17.1239,-0.7743,-0.8109,3.8595,9.9032,15.6206,18.655,142.0459,-77.6808
2009-12-04,17.213,0.5202,0.6325,3.9984,9.6744,15.7809,20.8247,142.7849,-77.5647
2009-12-07,17.1939,-0.1109,0.8962,3.4061,8.6344,16.686,17.3805,142.6266,-77.5896
2009-12-08,16.9966,-1.1473,-1.6207,1.9465,7.4309,16.6378,15.3524,140.9902,-77.8467
2009-12-09,17.0284,0.1872,-1.3274,0.4882,6.8638,16.3554,17.8422,141.2541,-77.8052
2009-12-10,17.0857,0.3364,-0.2229,0.864,6.7576,15.8533,18.2891,141.7292,-77.7306
2009-12-11,17.1812,0.5586,-0.1849,1.1236,7.6089,19.3939,20.2881,142.5209,-77.6062
2009-12-14,17.2448,0.3704,0.296,2.11,8.566,21.4234,20.5771,143.0488,-77.5233
2009-12-15,17.1748,-0.4059,1.0483,1.0105,7.2719,19.7149,20.1916,142.4682,-77.6145
2009-12-16,17.0921,-0.4816,0.3737,-0.0372,7.1357,16.9908,16.8828,141.782,-77.7223
2009-12-17,16.8885,-1.1913,-1.1546,-1.7036,4.4882,16.7737,16.079,140.0929,-77.9877
2009-12-18,16.8557,-0.194,-1.8943,-1.8216,4.615,17.0072,15.4614,139.8211,-78.0304
2009-12-21,16.9456,0.5336,-1.7349,-0.82,4.9659,18.3582,17.0268,140.5671,-77.9132
2009-12-22,17.0612,0.6823,-0.6612,-0.2917,5.6821,18.8511,17.5219,141.5262,-77.7625
2009-12-23,17.0741,0.0753,-0.1052,-1.0629,6.3064,16.9334,18.5777,141.6328,-77.7457
2009-12-24,17.1383,0.3762,1.4796,-0.9099,6.7063,17.7811,18.0021,142.1657,-77.662
2009-12-28,17.1704,0.1874,1.8674,-0.5412,6.695,17.2888,18.1219,142.4321,-77.6201
2009-12-29,17.2026,0.187,1.5163,0.5715,6.3897,18.4282,18.5971,142.6985,-77.5783
2009-12-30,17.1704,-0.1867,0.6401,0.7587,5.9826,16.2353,16.5229,142.4321,-77.6201
2009-12-31,17.0034,-0.9727,-0.4138,-1.5812,5.9084,17.5687,14.2778,141.0467,-77.8378
2010-01-04,17.1319,0.7556,-0.0375,-0.7279,6.3714,16.0737,13.5241,142.1123,-77.6704
2010-01-05,17.1383,0.0375,-0.1871,0.0843,6.1596,17.5768,13.0995,142.1657,-77.662
2010-01-06,17.1255,-0.0749,-0.448,-0.5083,5.127,16.9817,14.7135,142.0591,-77.6788
2010-01-07,17.1255,0.0,-0.2619,-0.3979,4.6772,17.8463,15.8747,142.0591,-77.6788
2010-01-08,17.0677,-0.3376,0.3778,0.418,3.7187,18.0129,17.0134,141.5795,-77.7541
2010-01-11,17.1126,0.2634,-0.1125,0.4944,3.7512,16.2417,19.3621,141.9525,-77.6955
2010-01-12,17.209,0.5631,0.4123,0.7215,3.8945,16.5461,19.9821,142.7518,-77.5699
2010-01-13,17.331,0.7092,1.2003,0.8723,4.9943,15.4946,20.1022,143.7642,-77.4108
2010-01-14,17.2796,-0.2965,0.9002,0.2021,4.3211,14.3816,22.4436,143.3379,-77.4778
2010-01-15,17.1961,-0.4832,0.7527,0.1243,3.0254,13.7337,21.316,142.6452,-77.5867
2010-01-19,17.2989,0.5977,1.0886,1.2102,3.0909,14.0798,20.9243,143.4978,-77.4527
2010-01-20,17.1704,-0.7427,-0.224,1.6698,1.7465,13.3743,21.4551,142.4321,-77.6201
2010-01-21,16.9263,-1.4216,-2.335,0.4192,0.4136,11.7159,19.1506,140.4072,-77.9383
2010-01-22,16.8878,-0.2277,-2.2676,-0.3412,0.9471,9.9485,18.9837,140.0875,-77.9885
2010-01-25,16.9199,0.1902,-1.6063,-0.8283,0.9854,9.1696,20.373,140.3539,-77.9467
2010-01-26,16.9007,-0.1139,-2.3023,-1.0158,1.8764,9.4468,19.4414,140.1941,-77.9718
2010-01-27,16.9392,0.228,-1.3468,-1.1619,2.8982,9.5619,19.0842,140.5138,-77.9216
2010-01-28,16.8942,-0.2655,-0.1898,-1.6087,2.5457,8.6936,17.5831,140.1408,-77.9802
2010-01-29,16.83,-0.3802,-0.3423,-2.1657,2.4328,8.4126,18.1613,139.608,-78.0639
2010-02-01,16.9585,0.7633,0.2278,-1.2346,1.5626,9.4628,22.8259,140.6736,-77.8965
2010-02-02,17.2026,1.4394,1.7864,1.1711,4.6598,10.9028,25.6719,142.6985,-77.5783
2010-02-03,17.0805,-0.7095,0.8343,-0.3,2.9212,9.9368,22.1112,141.6861,-77.7374
2010-02-04,16.7336,-2.0309,-0.9506,-2.3614,1.4925,8.4096,22.9741,138.8086,-78.1895
2010-02-05,16.6887,-0.2687,-0.8397,-2.5507,0.8306,9.2362,20.9265,138.4357,-78.2481
2010-02-08,16.6694,-0.1155,-1.7045,-2.6632,0.2517,8.6606,18.7487,138.2758,-78.2732
2010-02-09,16.8685,1.1946,-1.9417,-1.1667,1.1783,9.8682,21.3528,139.9277,-78.0137
2010-02-10,16.8493,-0.1143,-1.3539,-1.5391,-0.5692,9.7427,25.2584,139.7678,-78.0388
2010-02-11,16.9842,0.8006,1.4971,-1.3065,0.2645,10.6668,25.563,140.8868,-77.863
2010-02-12,16.9842,0.0,1.7706,-2.0015,-0.0359,10.0326,24.4162,140.8868,-77.863
2010-02-16,17.1576,1.0212,2.9287,-0.7064,1.5936,11.2929,27.6688,142.3255,-77.6369
2010-02-17,17.2796,0.7114,2.4372,0.4856,1.6272,13.2449,30.4527,143.3379,-77.4778
2010-02-18,17.3824,0.5948,3.1643,0.4827,1.6609,13.7301,30.5529,144.1905,-77.3439
2010-02-19,17.421,0.2217,2.5719,1.459,1.3958,13.2333,29.2091,144.5102,-77.2936
2010-02-22,17.421,0.0,2.5719,2.9222,1.4709,12.678,31.2109,144.5102,-77.2936
2010-02-23,17.3246,-0.5531,0.9734,2.5865,1.3982,10.8318,33.9438,143.7109,-77.4192
2010-02-24,17.4338,0.6303,0.8922,3.0372,1.8856,11.4854,32.239,144.6168,-77.2769
2010-02-25,17.4467,0.0737,0.3695,3.2307,1.096,11.3876,33.5998,144.7233,-77.2601
2010-02-26,17.3632,-0.4786,-0.3318,2.5029,0.39,10.4979,35.9452,144.0306,-77.369
2010-03-01,17.4852,0.7029,0.3687,3.4981,1.282,11.2746,37.775,145.0431,-77.2099
2010-03-02,17.5494,0.3674,1.2978,4.2748,2.5996,12.1343,40.9817,145.576,-77.1262
2010-03-03,17.5559,0.0366,0.7001,3.5228,3.0204,11.9493,42.7489,145.6292,-77.1178
2010-03-04,17.6137,0.3293,0.9573,2.3899,1.951,13.3685,40.5127,146.1087,-77.0424
2010-03-05,17.7229,0.62,2.0718,3.7608,2.6966,13.9787,44.6935,147.0146,-76.9001
2010-03-08,17.6586,-0.3625,0.9919,5.5279,3.1228,13.3353,43.7302,146.4818,-76.9838
2010-03-09,17.633,-0.1455,0.4758,5.6582,2.4399,12.3503,45.7394,146.2686,-77.0173
2010-03-10,17.6073,-0.1457,0.2927,5.6262,2.4041,11.2462,42.877,146.0555,-77.0508
2010-03-11,17.6394,0.1824,0.1459,4.5697,3.7816,11.4935,43.2826,146.3219,-77.009
2010-03-12,17.6522,0.0728,-0.3987,4.7655,3.6631,10.7784,39.7775,146.4284,-76.9922
2010-03-15,17.7871,0.7642,0.7275,4.7277,4.1052,11.1402,38.7905,147.5474,-76.8164
2010-03-16,17.8706,0.4695,1.3479,5.2194,4.013,11.9272,37.3052,148.2402,-76.7075
2010-03-17,17.9477,0.4313,1.9336,4.6051,4.0761,12.9913,35.3689,148.8796,-76.6071
2010-03-18,17.967,0.1074,1.8573,3.9777,4.6125,12.2198,36.2187,149.0395,-76.582
2010-03-19,17.9141,-0.2944,1.4835,3.0586,4.8093,12.2882,37.5731,148.6007,-76.6509
2010-03-22,18.0044,0.5042,1.2216,3.349,6.6078,11.3926,39.5909,149.3499,-76.5332
2010-03-23,18.1463,0.7882,1.5426,4.1636,7.6569,12.6253,34.7935,150.5271,-76.3482
2010-03-24,18.0173,-0.711,0.3877,3.9983,6.3242,11.6042,34.4614,149.4568,-76.5164
2010-03-25,17.9915,-0.1432,0.1364,3.1988,5.4524,11.4444,32.9623,149.2428,-76.55
2010-03-26,18.0044,0.0717,0.5042,3.1968,5.4486,12.0987,31.5942,149.3499,-76.5332
2010-03-29,18.0883,0.4658,0.4658,4.1761,5.5427,12.6208,33.4918,150.0455,-76.4239
2010-03-30,18.1205,0.1783,-0.1422,3.6334,5.5331,12.5986,36.7031,150.3131,-76.3818
2010-03-31,18.0173,-0.5696,0.0,2.6659,4.7361,11.4284,36.182,149.4568,-76.5164
2010-04-01,18.1334,0.6445,0.7888,3.2898,5.6083,11.9264,34.7606,150.4201,-76.365
2010-04-05,18.1334,0.0,0.7166,2.9508,6.6456,12.9467,31.9927,150.4201,-76.365
2010-04-06,18.0754,-0.3202,-0.0713,1.9888,5.507,12.2292,32.1128,149.9385,-76.4407
2010-04-07,17.9592,-0.6424,-0.89,1.7023,4.7899,11.2446,30.9041,148.9752,-76.592
2010-04-08,17.9915,0.1796,-0.1432,2.0334,5.0568,10.4431,33.5813,149.2428,-76.55
2010-04-09,18.0883,0.5378,-0.249,2.7318,5.6219,10.562,33.1837,150.0455,-76.4239
2010-04-12,18.1463,0.3209,0.0711,2.8739,6.3198,10.2735,33.5494,150.5271,-76.3482
2010-04-13,18.0883,-0.3199,0.0714,2.4702,5.7012,9.6662,33.4918,150.0455,-76.4239
2010-04-14,18.1141,0.1427,0.8621,1.8381,5.2593,9.3586,35.5642,150.2596,-76.3902
2010-04-15,18.0818,-0.1781,0.502,1.1817,4.3319,9.5426,32.952,149.9919,-76.4323
2010-04-16,18.0044,-0.4281,-0.4636,0.3159,4.1943,8.6965,30.6362,149.3499,-76.5332
2010-04-19,18.0754,0.3941,-0.391,0.6032,5.1129,8.2929,30.498,149.9385,-76.4407
2010-04-20,18.127,0.2855,0.214,1.1883,4.7866,8.0254,33.4686,150.3665,-76.3734
2010-04-21,18.127,0.0,0.0712,0.6807,5.5707,7.4145,32.1266,150.3665,-76.3734
2010-04-22,18.127,0.0,0.2497,-0.1066,7.0932,7.5361,33.9013,150.3665,-76.3734
2010-04-23,18.0818,-0.2491,0.4299,0.358,7.0702,8.0842,33.5678,149.9919,-76.4323
2010-04-26,18.0431,-0.214,-0.1784,0.2869,6.6383,7.6891,33.8399,149.671,-76.4827
2010-04-27,17.727,-1.7519,-2.2064,-1.5407,4.8895,6.8576,30.7048,147.0488,-76.8947
2010-04-28,17.8689,0.8006,-1.4235,-1.2126,5.4887,8.5459,31.1449,148.2261,-76.7098
2010-04-29,17.927,0.3249,-1.1032,-1.068,6.1131,8.8145,29.4268,148.7077,-76.6341
2010-04-30,17.8238,-0.5758,-1.4271,-1.0742,5.9047,8.4812,29.208,147.8515,-76.7686
2010-05-03,17.927,0.5792,-0.6436,-1.1384,5.7112,7.3631,29.4268,148.7077,-76.6341
2010-05-04,17.7464,-1.0076,0.1092,-2.1345,3.1612,7.9683,26.1806,147.2094,-76.8695
2010-05-05,17.8109,0.3635,-0.3249,-1.4632,4.276,7.3221,27.7212,147.7445,-76.7854
2010-05-06,17.3658,-2.4991,-3.1307,-3.3046,3.7776,5.3265,23.7503,144.0522,-77.3656
2010-05-07,17.2496,-0.6686,-3.2211,-4.1233,3.3614,4.22,22.4305,143.089,-77.5169
2010-05-10,17.7528,2.917,-0.9716,-1.8545,6.4994,6.7675,24.3963,147.2629,-76.8611
2010-05-11,17.7464,-0.0363,0.0,-2.204,5.2039,6.4435,24.9551,147.2094,-76.8695
2010-05-12,17.8689,0.6907,0.3259,-1.2126,6.0517,5.4481,24.3359,148.2261,-76.7098
2010-05-13,17.7593,-0.6137,2.266,-1.9587,4.5637,4.8402,25.8795,147.3164,-76.8527
2010-05-14,17.5915,-0.9444,1.9821,-2.7113,3.5762,3.539,24.2489,145.9252,-77.0713
2010-05-17,17.7786,1.0635,0.1454,-1.254,3.6196,5.2709,26.7491,147.477,-76.8275
2010-05-18,17.6754,-0.5806,-0.3998,-2.2127,2.2903,3.9547,23.4201,146.6208,-76.962
2010-05-19,17.6302,-0.2555,-1.3358,-2.7402,1.4257,3.1102,22.4081,146.2462,-77.0209
2010-05-20,17.1077,-2.9638,-3.6687,-5.6228,-1.7981,-0.4274,18.6252,141.9117,-77.7019
2010-05-21,17.1722,0.3771,-2.3836,-5.2669,-1.4278,0.0221,20.1698,142.4469,-77.6178
2010-05-24,17.0497,-0.7138,-4.1002,-5.7082,-1.5871,-0.211,18.5836,141.4301,-77.7776
2010-05-25,16.8497,-1.1728,-4.6715,-6.6142,-3.3505,-1.528,15.7291,139.7714,-78.0382
2010-05-26,16.74,-0.6509,-5.0494,-5.5677,-4.0503,-2.9987,17.9734,138.8616,-78.1812
2010-05-27,17.0819,2.0423,-0.1509,-4.4044,-1.6198,-1.2361,19.1195,141.6977,-77.7355
2010-05-28,16.9981,-0.4909,-1.0143,-5.1818,-2.7861,-1.5398,17.253,141.0021,-77.8448
2010-06-01,16.9594,-0.2277,-0.5296,-4.8497,-3.3625,-0.8503,14.7039,140.681,-77.8953
2010-06-02,17.2496,1.7117,2.3736,-3.7784,-1.7443,1.2234,15.4918,143.089,-77.5169
2010-06-03,17.2754,0.1496,3.1985,-2.6536,-1.9203,-0.0068,16.2501,143.303,-77.4833
2010-06-04,16.8174,-2.6512,-1.5483,-5.5777,-5.1089,-2.5501,12.9774,139.5038,-78.0803
2010-06-07,16.6884,-0.7672,-1.8217,-3.9005,-5.4944,-2.5431,12.6802,138.4335,-78.2484
2010-06-08,16.9594,1.6236,0.0,-1.6829,-3.8201,-1.4734,14.075,140.681,-77.8953
2010-06-09,16.9271,-0.1902,-1.8699,-4.6512,-3.8629,-1.5517,14.8755,140.4135,-77.9373
2010-06-10,17.2174,1.715,-0.336,-2.9807,-2.3922,1.2989,18.1528,142.8215,-77.559
2010-06-11,17.0755,-0.8243,1.5343,-4.4405,-3.2673,0.2762,16.6768,141.6442,-77.7439
2010-06-14,17.1722,0.5667,2.8991,-3.3055,-3.4569,0.5063,16.4399,142.4469,-77.6178
2010-06-15,17.3464,1.0143,2.2822,-1.3935,-2.9334,0.9618,20.5423,143.8917,-77.3908
2010-06-16,17.2303,-0.6694,1.7911,-3.0843,-3.9973,-0.0841,21.3213,142.9285,-77.5422
2010-06-17,17.3851,0.8985,0.9741,-1.6424,-3.2386,1.2245,21.1808,144.2127,-77.3404
2010-06-18,17.3214,-0.3662,1.4405,-1.7516,-3.3083,1.3419,18.5607,143.6846,-77.4234
2010-06-21,17.276,-0.2625,0.6041,0.9834,-4.0459,2.2946,19.4531,143.3074,-77.4826
2010-06-22,17.0875,-1.0907,-1.4923,-0.4932,-5.8346,1.3756,18.6166,141.7444,-77.7282
2010-06-23,17.198,0.6464,-0.1874,0.87,-4.5473,1.4893,20.121,142.6606,-77.5842
2010-06-24,16.9901,-1.2089,-2.2722,0.8332,-5.566,-0.4171,18.3554,140.936,-77.8552
2010-06-25,16.8147,-1.0325,-2.9257,0.4459,-6.6081,-1.5195,15.1566,139.4808,-78.0839
2010-06-28,16.9576,0.8501,-1.8428,-0.7277,-6.2508,-1.0545,16.539,140.6665,-77.8976
2010-06-29,16.6847,-1.6092,-2.3574,-1.8434,-7.9236,-2.8289,13.9709,138.4029,-78.2532
2010-06-30,16.5678,-0.701,-3.6646,-2.309,-8.0452,-3.6901,14.058,137.4327,-78.4057
2010-07-01,16.6003,0.1961,-2.2945,-3.7647,-8.4549,-3.3208,12.3753,137.7022,-78.3633
2010-07-02,16.5353,-0.3914,-1.6615,-4.2845,-8.8132,-2.7533,14.3317,137.1632,-78.448
2010-07-06,16.6327,0.5894,-1.9157,-1.0983,-7.9811,-2.9137,12.6917,137.9717,-78.321
2010-07-07,16.9511,1.9141,1.5966,1.5741,-5.6134,-1.0924,16.2924,140.6126,-77.906
2010-07-08,17.2045,1.4948,3.8432,1.4454,-4.3743,0.4613,17.5214,142.7145,-77.5758
2010-07-09,17.2045,0.0,3.6399,1.6387,-4.8859,0.4613,18.39,142.7145,-77.5758
2010-07-12,17.263,0.3399,4.4008,0.2647,-4.8679,1.1442,19.3632,143.1995,-77.4996
2010-07-13,17.4189,0.9033,4.7266,2.0112,-3.7005,1.7897,18.322,144.493,-77.2963
2010-07-14,17.4254,0.0373,2.798,1.4743,-3.8018,1.2575,18.0117,144.5469,-77.2879
2010-07-15,17.4774,0.2983,1.5861,0.755,-3.3428,0.8443,16.4698,144.978,-77.2201
2010-07-16,17.2305,-1.4126,0.1511,0.0011,-4.2985,-0.2846,14.0562,142.93,-77.5419
2010-07-19,17.263,0.1885,0.0,-0.7026,-4.4945,0.3886,14.1756,143.1995,-77.4996
2010-07-20,17.4709,1.2044,0.2984,0.8627,-3.6194,0.994,15.2138,144.9242,-77.2286
2010-07-21,17.2825,-1.0785,-0.8203,0.0376,-4.6588,0.6523,14.1139,143.3612,-77.4742
2010-07-22,17.4774,1.1278,0.0,2.2813,-3.5836,3.2554,15.3528,144.978,-77.2201
2010-07-23,17.6398,0.9294,2.3756,2.5689,-2.4445,4.4529,14.8444,146.3255,-77.0084
2010-07-26,17.7308,0.5156,2.7098,4.3594,-1.7311,4.7922,14.4012,147.08,-76.8898
2010-07-27,17.7957,0.3664,1.8594,5.8346,0.3877,5.2961,15.2432,147.6189,-76.8052
2010-07-28,17.6983,-0.5476,2.406,4.3678,-0.955,4.4812,14.4717,146.8105,-76.9322
2010-07-29,17.4839,-1.2114,0.0372,4.7897,-2.4718,3.4902,12.4873,145.032,-77.2116
2010-07-30,17.5293,0.2601,-0.6262,5.8039,-1.6518,4.1554,12.9176,145.4092,-77.1524
2010-08-02,17.7308,1.149,0.0,6.8102,-1.0946,4.5541,14.4478,147.08,-76.8898
2010-08-03,17.5748,-0.8794,-1.2413,6.2869,-0.9666,2.164,13.3028,145.7865,-77.0931
2010-08-04,17.6398,0.3697,-0.3304,6.0547,-0.9605,3.2744,13.5366,146.3255,-77.0084
2010-08-05,17.5618,-0.442,0.4459,3.6029,1.1291,4.9494,13.7752,145.6787,-77.11
2010-08-06,17.6008,0.222,0.4077,2.3036,2.0358,5.4657,15.2066,146.0021,-77.0592
2010-08-09,17.6918,0.5168,-0.2199,2.8323,-0.3438,6.1332,15.3251,146.7566,-76.9407
2010-08-10,17.7308,0.2204,0.8872,2.7098,-0.0879,5.1114,15.484,147.08,-76.8898
2010-08-11,17.4384,-1.649,-1.1418,0.1119,-2.4094,3.4964,13.5797,144.6547,-77.2709
2010-08-12,17.4189,-0.1118,-0.8139,-0.0373,-1.9166,2.5597,13.4995,144.493,-77.2963
2010-08-13,17.4124,-0.0373,-1.0705,-0.3717,-1.0184,2.5214,12.807,144.4391,-77.3048
2010-08-16,17.3929,-0.1119,-1.6893,0.9427,-2.1696,1.3715,12.8193,144.2774,-77.3302
2010-08-17,17.5618,0.9713,-0.9527,1.7313,-0.6425,1.6331,15.0943,145.6787,-77.11
2010-08-18,17.5748,0.074,0.7824,0.595,-0.3143,1.1069,14.989,145.7865,-77.0931
2010-08-19,17.3669,-1.183,-0.2984,0.4887,1.5151,-0.3102,12.882,144.0619,-77.3641
2010-08-20,17.3669,0.0,-0.2612,-0.6319,1.1338,-0.3102,12.3285,144.0619,-77.3641
2010-08-23,17.4059,0.2244,0.0747,-1.326,2.0894,0.4692,11.3518,144.3852,-77.3133
2010-08-24,17.3214,-0.4852,-1.3689,-2.3085,2.7997,-0.6446,10.7668,143.6846,-77.4234
2010-08-25,17.3604,0.2251,-1.2199,-2.4461,3.7061,-0.4943,10.837,144.008,-77.3725
2010-08-26,17.2305,-0.7485,-0.7857,-2.6432,0.8697,-0.7642,9.6535,142.93,-77.5419
2010-08-27,17.3409,0.6411,-0.1496,-0.8175,2.0172,-0.8251,10.3564,143.8463,-77.3979
2010-08-30,17.1915,-0.8618,-1.2318,-1.9273,1.3688,-2.0397,9.8471,142.6067,-77.5927
2010-08-31,17.2045,0.0756,-0.6752,-2.9681,-0.2618,-2.0015,9.7087,142.7145,-77.5758
2010-09-01,17.5099,1.7749,0.8608,-0.3697,1.3569,-0.5894,12.7002,145.2475,-77.1778
2010-09-02,17.6203,0.6308,2.2624,-0.1105,4.774,-0.5788,13.319,146.1637,-77.0338
2010-09-03,17.7308,0.6268,2.248,0.9619,6.2459,0.4084,13.7981,147.08,-76.8898
2010-09-07,17.6593,-0.4031,2.7211,0.3322,4.1271,0.1494,12.5182,146.4871,-76.983
2010-09-08,17.7373,0.4415,3.0967,0.2571,4.7862,0.7384,12.0676,147.1339,-76.8814
2010-09-09,17.7957,0.3296,1.6326,0.3664,3.359,0.8864,12.4818,147.6189,-76.8052
2010-09-10,17.8802,0.4746,1.4749,2.5335,4.7127,1.2915,12.2091,148.3195,-76.6951
2010-09-13,17.8997,0.1091,0.9528,2.7602,4.2363,0.6329,11.8436,148.4813,-76.6697
2010-09-14,17.9322,0.1815,1.5453,2.9851,3.3769,0.3444,12.3127,148.7507,-76.6273
2010-09-15,18.0556,0.6884,1.7949,3.8103,4.7901,0.6013,13.6706,149.7748,-76.4664
2010-09-16,18.0751,0.1079,1.57,2.9227,3.969,0.6018,12.8952,149.9365,-76.441
2010-09-17,18.0273,-0.2643,0.823,2.5748,4.0754,0.6323,12.9982,149.5402,-76.5033
2010-09-20,18.2236,1.0889,1.8099,4.9331,5.4856,1.2177,12.749,151.1686,-76.2474
2010-09-21,18.1909,-0.1795,1.443,4.7447,6.4573,0.2459,12.9022,150.8972,-76.2901
2010-09-22,18.2236,0.1799,0.9306,4.6981,5.9638,1.1453,12.8824,151.1686,-76.2474
2010-09-23,18.1059,-0.6463,0.1701,4.5286,6.5672,0.6357,12.1528,150.1915,-76.4009
2010-09-24,18.348,1.3372,1.7786,5.6885,9.1189,1.9083,14.2378,152.1999,-76.0854
2010-09-27,18.2433,-0.5706,0.1077,5.8779,7.5817,0.857,13.5859,151.3314,-76.2218
2010-09-28,18.3611,0.6456,0.9352,5.8828,10.0472,1.3275,14.0933,152.3084,-76.0683
2010-09-29,18.3087,-0.2851,0.4668,6.4986,10.508,1.6174,13.2307,151.8742,-76.1365
2010-09-30,18.2433,-0.3574,0.759,6.0379,9.8976,0.6058,12.6044,151.3314,-76.2218
2010-10-01,18.276,0.1793,-0.3923,4.3754,10.5273,0.7863,13.8348,151.6028,-76.1792
2010-10-04,18.2236,-0.2864,-0.1076,3.4241,9.5649,0.8204,13.15,151.1686,-76.2474
2010-10-05,18.3938,0.9336,0.1782,3.7394,8.5108,2.4196,13.9362,152.5798,-76.0257
2010-10-06,18.4723,0.4269,0.8935,4.6039,7.3691,2.6724,13.3946,153.2312,-75.9233
2010-10-07,18.4069,-0.3542,0.8967,3.7751,6.9887,1.7614,12.5095,152.6884,-76.0086
2010-10-08,18.4461,0.2133,0.9309,3.6548,6.8538,1.6522,12.0954,153.0141,-75.9574
2010-10-11,18.4658,0.1064,1.3286,3.275,6.0099,2.087,11.955,153.1769,-75.9318
2010-10-12,18.5116,0.2481,0.6404,3.4184,6.2333,2.1944,11.7584,153.5569,-75.8721
2010-10-13,18.6686,0.8483,1.0627,4.1068,6.8159,3.2453,13.0976,154.8596,-75.6675
2010-10-14,18.6751,0.0351,1.4575,3.4312,8.3844,3.7255,12.746,154.9139,-75.6589
2010-10-15,18.721,0.2453,1.4899,3.5731,8.4458,3.5717,12.1608,155.2938,-75.5992
2010-10-18,18.7864,0.3495,1.7363,4.2105,7.5298,3.6378,11.9552,155.8366,-75.5139
2010-10-19,18.5574,-1.2191,0.2474,1.8312,7.3769,2.3744,9.9649,153.9368,-75.8125
2010-10-20,18.721,0.8815,0.2804,2.9136,7.1154,3.2768,11.0599,155.2938,-75.5992
2010-10-21,18.7864,0.3495,0.5956,3.088,6.5,3.8967,12.2959,155.8366,-75.5139
2010-10-22,18.8518,0.3483,0.6991,4.12,6.3227,4.4821,12.5159,156.3794,-75.4287
2010-10-25,18.8976,0.243,0.5921,2.9957,6.1919,6.6036,13.9141,156.7593,-75.369
2010-10-26,18.7929,-0.554,1.2694,3.0129,6.1851,5.171,14.1588,155.8909,-75.5054
2010-10-27,18.6948,-0.5223,-0.1398,1.8175,6.9258,4.2829,13.4748,155.0767,-75.6333
2010-10-28,18.7602,0.35,-0.1393,2.4661,7.0218,5.2539,14.1807,155.6195,-75.5481
2010-10-29,18.8256,0.3488,-0.1389,3.1922,6.1751,5.0129,12.745,156.1623,-75.4628
2010-11-01,18.7471,-0.417,-0.7963,2.5779,6.6704,5.6393,14.0569,155.511,-75.5651
2010-11-02,18.8584,0.5933,0.3482,3.4829,6.908,5.8812,13.6339,156.4337,-75.4201
2010-11-03,18.9173,0.3123,1.1901,2.846,7.718,8.9343,14.7366,156.9222,-75.3434
2010-11-04,19.1463,1.2106,2.0579,3.6486,8.7806,10.9952,15.6792,158.822,-75.0449
2010-11-05,19.0481,-0.5126,1.1818,3.4839,7.6666,7.2964,14.5577,158.0078,-75.1728
2010-11-08,19.0154,-0.1718,1.431,3.0862,7.2454,7.1511,14.0553,157.7364,-75.2154
2010-11-09,18.9173,-0.5162,0.3123,2.4451,8.4806,5.8668,11.6345,156.9222,-75.3434
2010-11-10,18.8584,-0.3113,-0.3113,1.8734,8.2639,6.1889,11.3287,156.4337,-75.4201
2010-11-11,18.878,0.1041,-1.4012,1.1216,8.417,7.3129,11.1107,156.5965,-75.3945
2010-11-12,18.7864,-0.4853,-1.3741,0.5956,8.0118,5.6684,11.2381,155.8366,-75.5139
2010-11-15,18.7929,0.0348,-1.17,0.3845,7.01,6.3225,10.5273,155.8909,-75.5054
2010-11-16,18.5835,-1.1142,-1.7641,-1.0798,5.7395,5.4072,8.6856,154.1539,-75.7783
2010-11-17,18.5901,0.0352,-1.4226,0.1763,7.0431,8.6649,8.2004,154.2082,-75.7698
2010-11-18,18.8387,1.3376,-0.2079,0.6292,8.4749,9.7047,9.729,156.2709,-75.4457
2010-11-19,18.8518,0.0694,0.3483,0.3483,8.3071,10.5701,10.3367,156.3794,-75.4287
2010-11-22,18.8518,0.0,0.3134,0.0,8.8352,11.8823,10.1727,156.3794,-75.4287
2010-11-23,18.6293,-1.1801,0.2465,-1.4196,7.3093,11.2863,7.9491,154.5339,-75.7186
2010-11-24,18.7733,0.7727,0.9856,-0.1045,8.954,9.9016,8.5431,155.728,-75.531
2010-11-26,18.649,-0.6622,-1.0073,-0.245,7.5431,9.7124,8.023,154.6967,-75.693
2010-11-29,18.6163,-0.1755,-1.2496,-0.7674,8.2876,9.7698,8.8364,154.4253,-75.7357
2010-11-30,18.5312,-0.4569,-1.7008,-1.5641,7.7114,7.4294,8.7437,153.7197,-75.8466
2010-12-01,18.8322,1.6243,1.0888,0.4537,7.5519,9.0113,9.0039,156.2165,-75.4543
2010-12-02,18.8453,0.0695,0.3834,-0.0694,6.9521,12.058,9.2004,156.3252,-75.4372
2010-12-03,18.8518,0.0347,1.0877,-0.3459,6.3227,12.9636,10.0908,156.3794,-75.4287
2010-12-06,18.806,-0.243,1.0193,-1.7772,6.4936,10.8887,9.2548,155.9994,-75.4884
2010-12-07,18.9107,0.5567,2.048,-0.7214,6.6157,11.7186,9.9851,156.8679,-75.3519
2010-12-08,18.9827,0.3806,0.7992,-0.1721,6.6699,10.253,11.6851,157.465,-75.2581
2010-12-09,19.035,0.2758,1.0069,0.6226,6.4588,11.476,11.7838,157.8993,-75.1898
2010-12-10,19.0678,0.1719,1.1454,1.1104,6.5257,11.0383,11.6006,158.1707,-75.1472
2010-12-13,19.0678,0.0,1.3918,1.0052,6.3327,9.9234,10.9807,158.1707,-75.1472
2010-12-14,19.1594,0.4804,1.3149,1.9854,6.113,11.1959,11.1023,158.9305,-75.0278
2010-12-15,19.179,0.1024,1.0341,2.0543,6.1071,10.3185,11.6694,159.0933,-75.0022
2010-12-16,19.3491,0.8871,1.65,4.1197,7.3321,11.7063,13.2053,160.5047,-74.7805
2010-12-17,19.3795,0.1569,1.6349,4.2464,6.3426,12.176,14.75,160.7565,-74.7409
2010-12-20,19.3597,-0.1022,1.531,2.7653,6.4249,13.2971,14.8555,160.5922,-74.7667
2010-12-21,19.3135,-0.2386,0.8044,2.4489,5.9803,12.3008,13.9733,160.209,-74.8269
2010-12-22,19.3993,0.4443,1.1487,2.904,7.1437,14.18,13.7038,160.9208,-74.7151
2010-12-23,19.4059,0.034,0.2934,4.1684,5.7658,15.4106,13.6569,160.9755,-74.7065
2010-12-27,19.3135,-0.4762,-0.3406,2.8774,5.8663,13.8928,12.6918,160.209,-74.8269
2010-12-28,19.3663,0.2734,0.0342,3.8464,5.4748,16.0721,12.7885,160.6471,-74.7581
2010-12-29,19.3729,0.034,0.3076,4.0644,5.8124,16.9312,12.6163,160.7017,-74.7495
2010-12-30,19.3399,-0.1703,-0.3062,4.364,6.0111,16.5036,12.6347,160.428,-74.7925
2010-12-31,19.3465,0.0341,-0.3061,2.7309,5.8574,17.0012,13.7799,160.4827,-74.7839
2011-01-03,19.3729,0.1365,0.3076,2.7997,6.3063,16.4745,13.0808,160.7017,-74.7495
2011-01-04,19.3201,-0.2725,-0.2386,2.4839,5.036,13.9754,12.7303,160.2638,-74.8183
2011-01-05,19.3267,0.0341,-0.2385,2.7686,4.6252,12.3351,12.8534,160.3185,-74.8097
2011-01-06,19.2607,-0.3416,-0.4096,1.8506,4.6385,11.9514,12.4679,159.7709,-74.8958
2011-01-07,19.1617,-0.514,-0.9553,0.9428,3.8791,10.9987,12.2688,158.9496,-75.0248
2011-01-10,19.1749,0.0689,-1.0221,0.7346,3.8402,10.0809,12.051,159.0592,-75.0076
2011-01-11,19.1617,-0.0689,-0.82,0.4925,3.5119,9.964,11.3468,158.9496,-75.0248
2011-01-12,19.3201,0.8268,-0.0341,1.3233,3.4897,10.5435,11.4768,160.2638,-74.8183
2011-01-13,19.3597,0.2049,0.5141,1.0455,3.6655,12.3572,12.0375,160.5922,-74.7667
2011-01-14,19.3597,0.0,1.0334,0.9421,3.4119,12.1458,12.5815,160.5922,-74.7667
2011-01-18,19.3729,0.0682,1.0327,0.1228,3.1219,10.8868,11.989,160.7017,-74.7495
2011-01-19,19.3333,-0.2044,0.8956,-0.2384,4.1812,11.8665,12.5963,160.3732,-74.8011
2011-01-20,19.4323,0.5121,0.5808,0.3751,3.7997,11.1855,14.805,161.1945,-74.6721
2011-01-21,19.4653,0.1698,0.5455,0.786,3.6138,10.3487,15.2624,161.4683,-74.6291
2011-01-24,19.4983,0.1696,0.716,0.5104,3.4293,9.9688,15.2387,161.7421,-74.586
2011-01-25,19.5643,0.3385,0.9881,0.8163,3.5279,9.9382,15.7607,162.2896,-74.5
2011-01-26,19.5115,-0.2699,0.9218,1.0253,3.8237,10.2452,15.1856,161.8516,-74.5688
2011-01-27,19.3135,-1.0149,-0.6114,-0.2727,3.3095,10.4646,14.32,160.209,-74.8269
2011-01-28,19.1287,-0.9569,-1.7294,-1.2606,1.964,9.1237,13.6582,158.6759,-75.0678
2011-01-31,19.0627,-0.3451,-2.2343,-1.4335,1.259,7.5118,12.4079,158.1283,-75.1539
2011-02-01,19.2013,0.7272,-1.8556,-0.7505,2.4225,9.2544,11.6187,159.2782,-74.9732
2011-02-02,19.1287,-0.3781,-1.9621,-1.2606,1.4333,8.4404,11.9912,158.6759,-75.0678
2011-02-03,19.2277,0.5175,-0.4443,-0.4784,1.6409,9.4855,14.9044,159.4971,-74.9388
2011-02-04,19.3399,0.5836,1.1042,0.0683,1.0112,9.8806,15.8863,160.428,-74.7925
2011-02-07,19.3663,0.1366,1.5928,0.5484,1.6703,9.465,16.1787,160.6471,-74.7581
2011-02-08,19.4587,0.4771,1.3406,1.5501,2.3312,9.7454,15.355,161.4136,-74.6377
2011-02-09,19.4917,0.1696,1.8978,1.6523,3.0366,11.7747,15.6828,161.6873,-74.5946
2011-02-10,19.4191,-0.3725,0.9955,1.3434,2.9733,11.4829,14.3365,161.085,-74.6893
2011-02-11,19.5247,0.5439,0.9556,1.0591,3.4257,12.1311,14.9584,161.9611,-74.5516
2011-02-14,19.4389,-0.4395,0.3749,0.4092,3.4733,11.7634,13.2962,161.2493,-74.6635
2011-02-15,19.4323,-0.034,-0.1357,0.3751,3.4022,10.6507,12.4577,161.1945,-74.6721
2011-02-16,19.4851,0.2717,-0.0338,0.5792,4.8514,10.8694,12.0966,161.6326,-74.6032
2011-02-17,19.6171,0.6775,1.0197,1.4681,5.5246,12.9568,12.6063,162.7276,-74.4312
2011-02-18,19.6699,0.2692,0.7437,1.2228,4.412,13.2608,12.9094,163.1656,-74.3624
2011-02-22,19.5313,-0.7047,0.4754,0.3391,3.6043,12.2109,12.7373,162.0158,-74.543
2011-02-23,19.4851,-0.2365,0.2717,-0.0677,3.3592,12.4913,11.7661,161.6326,-74.6032
2011-02-24,19.4059,-0.4065,-0.4065,-0.8097,4.1684,11.7824,11.2298,160.9755,-74.7065
2011-02-25,19.5049,0.5102,-0.572,-0.0338,3.8971,13.2,12.335,161.7968,-74.5774
2011-02-28,19.6171,0.5753,-0.2685,1.5721,5.1914,13.126,12.1926,162.7276,-74.4312
2011-03-01,19.4653,-0.7739,-0.3379,1.7598,4.5608,13.2263,10.9169,161.4683,-74.6291
2011-03-02,19.4125,-0.2713,-0.3727,1.8352,4.7558,12.8339,10.5755,161.0303,-74.6979
2011-03-03,19.6105,1.0201,1.0544,2.1313,4.1329,11.997,11.3368,162.6728,-74.4398
2011-03-04,19.5247,-0.4375,0.1015,2.0704,3.6053,10.808,10.1667,161.9611,-74.5516
2011-03-07,19.4719,-0.2705,-0.7402,1.2702,3.2892,9.8199,10.2684,161.5231,-74.6204
2011-03-08,19.6435,0.8813,0.9156,1.5699,4.4533,11.2361,11.4023,162.9466,-74.3968
2011-03-09,19.7425,0.5041,1.7001,1.9427,4.3986,11.3054,12.1272,163.768,-74.2677
2011-03-10,19.6105,-0.6687,0.0,0.7802,3.3073,10.1978,11.1747,162.6728,-74.4398
2011-03-11,19.6237,0.0673,0.5071,0.6773,3.0926,9.7511,11.1686,162.7824,-74.4226
2011-03-14,19.4851,-0.7063,0.0678,0.3399,2.1887,8.8572,9.5462,161.6326,-74.6032
2011-03-15,19.3135,-0.8808,-1.6801,-1.0818,1.2887,7.703,8.0739,160.209,-74.8269
2011-03-16,19.0363,-1.4354,-3.5774,-2.0713,-0.6425,5.4312,6.0651,157.9094,-75.1883
2011-03-17,19.1287,0.4854,-2.457,-1.5625,-0.2624,5.8288,6.4657,158.6759,-75.0678
2011-03-18,19.284,0.812,-1.7311,-1.0321,-0.3366,6.9708,7.6472,159.9644,-74.8654
2011-03-21,19.523,1.2392,0.1944,-0.4799,0.7404,7.1299,8.4345,161.9467,-74.5539
2011-03-22,19.4964,-0.136,0.9472,-0.882,0.7063,7.1766,7.4401,161.7264,-74.5885
2011-03-23,19.5296,0.1703,2.5916,-0.0086,1.1191,7.1663,8.3937,162.0018,-74.5452
2011-03-24,19.7088,0.9177,3.033,1.1483,1.5957,8.8534,9.5454,163.4886,-74.3116
2011-03-25,19.7088,0.0,2.2031,1.5611,1.5611,7.417,9.4668,163.4886,-74.3116
2011-03-28,19.7022,-0.0337,0.9181,1.0116,2.0127,7.9971,8.9226,163.4335,-74.3203
2011-03-29,19.7951,0.4717,1.5322,0.9075,2.2144,7.8104,9.2416,164.2044,-74.1991
2011-03-30,19.9014,0.5366,1.9035,2.2402,2.7279,8.6989,10.457,165.0855,-74.0607
2011-03-31,19.8615,-0.2002,0.7747,2.3131,2.6972,8.8704,9.53,164.7551,-74.1126
2011-04-01,19.9611,0.5014,1.2799,1.7878,3.1769,9.2204,10.0791,165.5811,-73.9828
2011-04-04,20.0009,0.1995,1.5162,2.439,3.2418,9.7526,10.653,165.9114,-73.9309
2011-04-05,20.0208,0.0996,1.1402,2.8191,3.6271,8.8457,11.4793,166.0766,-73.905
2011-04-06,20.1138,0.4642,1.0674,2.394,4.0726,8.8862,11.7961,166.8476,-73.7838
2011-04-07,20.1403,0.132,1.4038,2.015,4.5671,9.4175,11.3448,167.0678,-73.7492
2011-04-08,20.0806,-0.2967,0.5986,2.3971,4.7956,8.8607,10.6593,166.5722,-73.8271
2011-04-11,20.1868,0.5289,0.9293,2.8694,5.2773,9.3201,11.6017,167.4532,-73.6887
2011-04-12,20.2532,0.3289,1.1605,3.9419,5.6964,9.4083,11.8092,168.004,-73.6021
2011-04-13,20.2665,0.0655,0.7591,4.9342,4.8983,8.559,12.082,168.114,-73.5848
2011-04-14,20.3859,0.5896,1.2195,7.09,5.301,9.1608,13.2276,169.1052,-73.4291
2011-04-15,20.4722,0.4233,1.9504,7.0239,5.7468,9.3547,13.2605,169.8211,-73.3166
2011-04-18,20.3594,-0.5512,0.855,5.5766,5.0922,8.3731,12.3155,168.885,-73.4637
2011-04-19,20.3992,0.1956,0.7211,4.4883,5.5135,9.9252,12.5353,169.2154,-73.4118
2011-04-20,20.5054,0.5207,1.1792,5.1754,5.5224,9.532,13.1212,170.0964,-73.2734
2011-04-21,20.5121,0.0324,0.6187,5.0306,5.3777,9.1858,13.4404,170.1515,-73.2647
2011-04-25,20.459,-0.2589,-0.0649,3.806,4.9269,8.5251,13.3893,169.7109,-73.3339
2011-04-26,20.5984,0.6814,1.1738,4.5133,5.2854,8.9998,16.1977,170.8673,-73.1522
2011-04-27,20.7311,0.6445,1.6271,5.2224,6.2508,10.3135,16.0178,171.9686,-72.9792
2011-04-28,20.8639,0.6404,1.7481,5.3991,8.0276,11.6028,16.3826,173.0699,-72.8061
2011-04-29,20.9236,0.2864,2.0064,5.1367,9.3836,11.532,17.3918,173.5655,-72.7283
2011-05-02,20.9502,0.1269,2.4011,5.4813,9.9017,11.2854,16.864,173.7858,-72.6937
2011-05-03,21.0033,0.2535,1.9658,5.2211,9.3849,12.0347,18.3527,174.2263,-72.6244
2011-05-04,20.9767,-0.1264,1.1847,4.8788,9.6612,11.2331,17.7749,174.006,-72.6591
2011-05-05,20.8174,-0.7595,-0.2227,3.9788,8.2681,10.0446,19.8763,172.6844,-72.8667
2011-05-06,20.8705,0.2551,-0.2538,3.7624,7.9145,9.0057,20.9911,173.125,-72.7975
2011-05-09,20.9436,0.3499,-0.0317,3.9881,8.1443,9.9507,17.9732,173.7307,-72.7023
2011-05-10,21.0697,0.6022,0.3161,4.9256,8.279,10.8031,18.7267,174.7769,-72.5379
2011-05-11,21.0299,-0.189,0.2532,4.1763,7.8913,11.1676,17.6895,174.4466,-72.5898
2011-05-12,21.3418,1.4836,2.5191,5.3753,9.9014,13.1691,20.1731,177.0346,-72.1832
2011-05-13,21.3153,-0.1244,2.1311,5.1753,9.1709,12.9108,21.1679,176.8144,-72.2178
2011-05-16,21.3219,0.0311,1.8067,4.5914,9.6869,13.4967,19.9302,176.8694,-72.2091
2011-05-17,21.3684,0.2179,1.4178,4.3774,9.9633,13.7045,20.8934,177.2549,-72.1486
2011-05-18,21.4016,0.1553,1.7676,5.119,9.8356,15.1642,21.3913,177.5301,-72.1053
2011-05-19,21.5211,0.5583,0.8398,5.4995,9.7057,15.7664,25.7975,178.5214,-71.9496
2011-05-20,21.4547,-0.3085,0.654,4.6293,9.0736,13.886,24.9383,177.9707,-72.0361
2011-05-23,21.3087,-0.6807,-0.0623,3.8835,9.1,13.0323,24.9799,176.7593,-72.2264
2011-05-24,21.2887,-0.0935,-0.3728,4.0558,9.2565,12.9267,26.3449,176.5941,-72.2524
2011-05-25,21.1493,-0.6548,-1.1786,2.6748,8.9841,13.527,26.34,175.4377,-72.4341
2011-05-26,21.1825,0.1569,-1.5731,2.1774,8.601,12.8333,24.0056,175.713,-72.3908
2011-05-27,21.2688,0.4074,-0.8663,1.9408,8.4198,14.0482,25.125,176.4289,-72.2784
2011-05-31,21.4481,0.8427,0.6542,2.5064,10.1862,15.2115,26.4674,177.9157,-72.0447
2011-06-01,21.229,-1.0214,-0.2806,1.3308,9.3574,14.5582,23.0692,176.0985,-72.3303
2011-06-02,20.9834,-1.157,-0.7847,-0.0948,7.0007,11.423,21.4636,174.0611,-72.6504
2011-06-03,20.7842,-0.9491,-1.8803,-0.9177,6.4509,10.2888,23.5874,172.4091,-72.91
2011-06-06,20.678,-0.511,-2.7777,-0.6696,6.1942,9.6872,23.9065,171.5281,-73.0484
2011-06-07,20.6316,-0.2247,-3.8069,-1.145,5.0299,9.7072,21.653,171.1427,-73.109
2011-06-08,20.6448,0.0643,-2.7517,-1.4263,4.5704,9.17,21.9632,171.2528,-73.0917
2011-06-09,20.7577,0.5466,-1.0756,-1.4808,5.8498,9.3505,20.5623,172.1888,-72.9446
2011-06-10,20.5187,-1.1512,-1.2775,-2.4306,4.5608,7.7944,20.1648,170.2065,-73.2561
2011-06-13,20.6116,0.4529,-0.3211,-3.4215,5.7815,8.0968,20.0289,170.9774,-73.1349
2011-06-14,20.8307,1.0628,0.9653,-2.2734,7.8558,9.2457,20.0866,172.7947,-72.8494
2011-06-15,20.5187,-1.4978,-0.6109,-3.7671,7.7875,7.0949,19.0851,170.2065,-73.2561
2011-06-16,20.6847,0.8088,-0.3517,-3.1997,8.1344,7.8507,18.9793,171.5832,-73.0397
2011-06-17,20.8164,0.6366,1.4506,-2.7345,7.9462,7.5829,20.1768,172.6756,-72.8681
2011-06-20,20.9701,0.7386,1.7391,-2.5602,7.4124,8.2077,21.3831,173.9509,-72.6677
2011-06-21,20.9501,-0.0956,0.5729,-2.3521,7.4559,8.2148,22.6042,173.7846,-72.6938
2011-06-22,20.8164,-0.6382,1.4506,-2.3103,6.5887,7.7814,21.0394,172.6756,-72.8681
2011-06-23,20.6292,-0.8992,-0.2683,-3.0982,4.6696,6.3399,21.4189,171.1229,-73.1121
2011-06-24,20.4621,-0.8101,-1.702,-3.2496,3.8217,5.4425,21.6918,169.7366,-73.3299
2011-06-27,20.5556,0.4573,-1.9764,-2.9594,4.3317,6.4316,21.2179,170.5129,-73.2079
2011-06-28,20.5958,0.1951,-1.6911,-3.1646,4.0445,6.3485,23.4408,170.8457,-73.1556
2011-06-29,20.7161,0.5842,-0.4817,-3.4128,4.0938,6.9334,25.0385,171.8438,-72.9988
2011-06-30,20.8765,0.7744,1.199,-1.6604,5.1104,7.9454,25.7603,173.1746,-72.7897
2011-07-01,21.0369,0.7685,2.8095,0.2553,5.3897,8.7379,27.2246,174.5054,-72.5806
2011-07-05,21.0303,-0.0318,2.3089,1.1837,5.1465,8.5551,26.439,174.45,-72.5893
2011-07-06,21.1439,0.5404,2.6615,2.253,5.6095,9.44,24.7346,175.3926,-72.4412
2011-07-07,21.291,0.6955,2.7751,3.1961,5.8527,10.1636,23.7524,176.6126,-72.2495
2011-07-08,21.2174,-0.3454,1.633,2.7736,5.348,10.1594,23.325,176.0026,-72.3453
2011-07-11,21.0637,-0.7246,0.1271,1.4742,4.8958,9.9262,22.0166,174.7272,-72.5457
2011-07-12,20.9968,-0.3173,-0.1589,2.3302,4.0128,9.5019,20.5406,174.1728,-72.6329
2011-07-13,20.9968,0.0,-0.6955,1.8689,3.6718,9.5773,20.4956,174.1728,-72.6329
2011-07-14,20.9033,-0.4457,-1.821,0.3482,3.1421,8.1944,19.6018,173.3964,-72.7548
2011-07-15,20.9634,0.2878,-1.1972,2.1673,2.8327,8.2839,21.6648,173.8955,-72.6764
2011-07-18,20.8297,-0.6378,-1.1107,0.7012,1.7462,7.5933,20.6613,172.7864,-72.8507
2011-07-19,21.1172,1.38,0.573,1.4451,3.722,9.0037,20.8707,175.1708,-72.476
2011-07-20,21.0837,-0.1583,0.4139,0.5419,3.3556,9.0541,21.9951,174.8936,-72.5196
2011-07-21,21.2575,0.8244,1.6949,1.4678,3.6679,9.3929,21.629,176.3354,-72.293
2011-07-22,21.2174,-0.1887,1.2117,1.9268,3.4387,9.0013,20.2816,176.0026,-72.3453
2011-07-25,21.0236,-0.9137,0.9307,1.9118,2.7597,7.8226,18.5712,174.3945,-72.598
2011-07-26,20.9701,-0.2544,-0.6964,2.4828,1.8047,7.1855,17.8378,173.9509,-72.6677
2011-07-27,20.7428,-1.0838,-1.617,0.9106,0.0564,6.3107,17.2025,172.0656,-72.9639
2011-07-28,20.7428,0.0,-2.4214,0.7141,-0.5803,7.4007,18.6397,172.0656,-72.9639
2011-07-29,20.6091,-0.6446,-2.867,-0.5163,-1.5032,7.7394,17.5693,170.9565,-73.1382
2011-08-01,20.5356,-0.3568,-2.3211,-1.6331,-1.979,7.7268,15.819,170.3466,-73.234
2011-08-02,20.2682,-1.302,-3.3471,-3.6543,-3.4999,5.5565,15.3252,168.1286,-73.5826
2011-08-03,20.3484,0.3958,-1.9014,-3.2422,-2.9953,6.3766,15.3552,168.794,-73.478
2011-08-04,19.7134,-3.1209,-4.963,-6.7657,-5.3035,2.526,12.2511,163.526,-74.3057
2011-08-05,19.9941,1.4242,-2.9841,-6.091,-4.1992,3.3829,13.5977,165.8551,-73.9398
2011-08-08,19.2387,-3.778,-6.3151,-9.3258,-8.14,-0.6586,8.744,159.589,-74.9243
2011-08-09,19.7067,2.4323,-2.7705,-6.4424,-6.469,1.2744,11.144,163.4706,-74.3144
2011-08-10,18.9513,-3.8331,-6.866,-9.7421,-9.8838,-2.7724,8.6758,157.2046,-75.299
2011-08-11,19.5128,2.963,-1.0173,-7.0678,-8.5701,0.4827,12.021,161.8625,-74.5671
2011-08-12,19.7468,1.1991,-1.237,-5.5324,-7.3586,1.1375,13.4065,163.8034,-74.2622
2011-08-15,20.0276,1.4218,4.1001,-4.4643,-6.0706,3.0282,15.1478,166.1323,-73.8962
2011-08-16,20.0743,0.2336,1.8657,-3.6264,-6.056,3.304,14.3066,166.5204,-73.8352
2011-08-17,20.208,0.666,6.6314,-4.3051,-5.5769,3.7102,14.9829,167.6295,-73.661
2011-08-18,19.8471,-1.7863,1.7129,-5.8656,-7.7785,1.1722,14.2808,164.6351,-74.1315
2011-08-19,19.7535,-0.4715,0.0338,-7.0755,-7.9293,0.4248,13.742,163.8588,-74.2534
2011-08-22,19.8136,0.3046,-1.0681,-6.6162,-7.016,1.4456,13.833,164.3579,-74.175
2011-08-23,20.2214,2.058,0.7326,-3.8156,-5.0136,3.7788,16.7421,167.7404,-73.6435
2011-08-24,20.3083,0.4298,0.4962,-3.1559,-3.9766,4.6502,16.9805,168.4612,-73.5303
2011-08-25,20.0008,-1.5141,0.7747,-3.5772,-5.5787,2.5425,16.0781,165.9105,-73.9311
2011-08-26,20.1679,0.8356,2.0981,-2.7715,-5.1761,2.8079,16.3025,167.2968,-73.7132
2011-08-29,20.5289,1.7898,3.6099,-0.3892,-4.2855,5.4641,19.4131,170.2911,-73.2428
2011-08-30,20.5824,0.2605,1.7851,0.2279,-3.0459,6.0265,19.6338,170.7348,-73.173
2011-08-31,20.6492,0.3248,1.6787,1.8799,-1.5924,5.2968,17.9292,171.2893,-73.0859
2011-09-01,20.5757,-0.3561,2.8743,1.1169,-1.0033,5.3829,16.7727,170.6793,-73.1818
2011-09-02,20.2816,-1.4295,0.5635,2.8824,-1.9173,4.1581,14.3864,168.2394,-73.5651
2011-09-06,20.2013,-0.3955,-1.5956,1.0364,-2.0852,2.8398,14.395,167.574,-73.6697
2011-09-07,20.5623,1.7869,-0.0974,6.8798,-0.3996,4.1525,15.9273,170.5684,-73.1992
2011-09-08,20.5089,-0.2601,-0.6798,4.0706,-1.1987,4.5809,15.2459,170.1248,-73.2689
2011-09-09,20.0543,-2.2164,-2.5341,5.8201,-2.2634,2.1942,12.1593,166.3541,-73.8614
2011-09-12,20.0743,0.1,-1.0218,2.8777,-2.6068,3.024,12.1491,166.5204,-73.8352
2011-09-13,20.1479,0.3663,-0.2647,2.0311,-3.278,4.3203,12.356,167.1304,-73.7394
2011-09-14,20.3885,1.1944,-0.8452,1.8024,-0.6344,7.1036,12.9207,169.1267,-73.4257
2011-09-15,20.6292,1.1803,0.5867,2.7639,-0.2683,7.8443,14.1303,171.1229,-73.1121
2011-09-16,20.7632,0.6495,3.5348,2.747,-0.2555,7.6704,15.1759,172.2343,-72.9374
2011-09-19,20.5881,-0.8431,2.5593,3.7338,-1.8216,5.4558,12.9747,170.7823,-73.1656
2011-09-20,20.6285,0.1962,2.3855,4.4297,-1.5348,5.8066,13.3999,171.1173,-73.1129
2011-09-21,20.2044,-2.0561,-0.9033,1.9719,-2.94,3.455,10.8689,167.5989,-73.6658
2011-09-22,19.8206,-1.8994,-3.9196,-1.9821,-3.9196,0.5671,9.4707,164.4156,-74.166
2011-09-23,19.861,0.2038,-4.345,-2.2026,-2.9375,0.772,8.2462,164.7507,-74.1133
2011-09-26,20.2448,1.9322,-1.6678,1.2196,-1.5125,2.7537,10.971,167.934,-73.6131
2011-09-27,20.3659,0.5986,-1.2729,0.9817,-1.1159,2.8835,10.9191,168.9392,-73.4552
2011-09-28,19.9822,-1.8843,-1.0996,-2.6632,-3.5427,0.4061,9.1403,165.7559,-73.9554
2011-09-29,20.1774,0.9771,1.8003,-1.9675,-3.3487,1.5905,10.602,167.3756,-73.7009
2011-09-30,19.9687,-1.0344,0.5424,-3.2956,-5.0779,0.0382,9.262,165.6443,-73.9729
2011-10-03,19.6792,-1.4497,-2.7934,-4.357,-6.4243,-1.6084,7.9873,163.2429,-74.3502
2011-10-04,19.8677,0.9579,-2.4463,-2.0405,-6.0357,-0.7648,8.0133,164.8065,-74.1045
2011-10-05,19.8947,0.1356,-0.438,-1.5182,-6.5582,-1.0894,7.7,165.0299,-74.0694
2011-10-06,20.1303,1.1844,-0.2336,-2.1011,-5.1238,-0.0498,9.363,166.9846,-73.7623
2011-10-07,20.2448,0.5685,1.3823,-1.2878,-3.8879,0.8176,9.7507,167.934,-73.6131
2011-10-10,20.5612,1.563,4.4817,2.5276,-2.0749,1.8546,11.3476,170.5589,-73.2007
2011-10-11,20.5208,-0.1965,3.287,2.2239,-2.2673,1.3213,10.8539,170.2238,-73.2533
2011-10-12,20.6824,0.7874,3.9594,2.6528,-1.0567,2.0522,10.7869,171.5641,-73.0427
2011-10-13,20.6218,-0.2929,2.4415,1.144,-1.6297,1.1568,10.4236,171.0615,-73.1217
2011-10-14,20.7834,0.7835,2.6604,0.7474,-0.2226,1.5197,11.0165,172.4018,-72.9111
2011-10-17,20.642,-0.6803,0.3929,-0.5837,-2.2503,1.388,9.8773,171.229,-73.0954
2011-10-18,20.7968,0.7502,1.3452,1.0138,-1.3609,1.9491,12.0678,172.5136,-72.8936
2011-10-19,20.7362,-0.2914,0.2604,0.5222,-2.4524,1.1255,10.7648,172.0109,-72.9725
2011-10-20,20.8507,0.5519,1.11,3.1989,-1.7286,1.6507,10.9882,172.9603,-72.8234
2011-10-21,21.1873,1.6145,1.9437,6.8954,0.7788,3.5601,12.3887,175.7527,-72.3846
2011-10-24,21.0392,-0.6991,1.9243,5.9322,0.3295,2.1401,11.3324,174.524,-72.5777
2011-10-25,20.7901,-1.184,-0.0324,2.6937,0.2278,0.2843,10.6272,172.4576,-72.9023
2011-10-26,20.9988,1.0039,1.2663,3.1075,1.2341,0.6466,12.3244,174.189,-72.6303
2011-10-27,21.2681,1.2824,2.002,6.4353,3.1975,1.6463,13.3681,176.4229,-72.2793
2011-10-28,21.2142,-0.2533,0.1271,5.1384,3.3047,1.2603,12.688,175.9761,-72.3495
2011-10-31,20.8978,-1.4916,-0.672,4.6527,3.1063,-0.5023,11.472,173.3512,-72.7619
2011-11-01,20.5343,-1.7397,-1.2305,4.3448,0.9132,-2.1094,8.8867,170.3355,-73.2358
2011-11-02,20.7295,0.9508,-1.2825,4.3375,5.1545,-0.4224,9.5798,171.955,-72.9813
2011-11-03,20.9853,1.2342,-1.3295,5.4822,4.9575,0.55,9.6053,174.0773,-72.6479
2011-11-04,20.8641,-0.5775,-1.6502,3.6455,8.4486,-0.3791,9.5338,173.072,-72.8058
2011-11-07,21.0392,0.8389,0.6766,3.9242,6.7617,-0.1447,10.6428,174.524,-72.5777
2011-11-08,21.2479,0.992,3.4754,3.3399,12.1184,1.0368,12.3202,176.2553,-72.3056
2011-11-09,20.7497,-2.3447,0.0974,1.1155,6.3387,-2.7746,10.0291,172.1226,-72.955
2011-11-10,20.9517,0.9734,-0.1604,1.3021,6.1016,-1.706,10.9846,173.798,-72.6917
2011-11-11,21.194,1.1568,1.5811,2.7751,5.8244,-0.5998,12.8159,175.8085,-72.3758
2011-11-14,21.0123,-0.8577,-0.128,1.1014,4.6722,-1.6667,11.8094,174.3006,-72.6128
2011-11-15,21.1132,0.4806,-0.6337,2.2831,4.4794,-1.3473,13.6126,175.1384,-72.4811
2011-11-16,20.9247,-0.8928,0.8436,0.6151,5.4299,-2.7709,12.5586,173.5746,-72.7268
2011-11-17,20.8507,-0.354,-0.482,0.5519,5.5544,-2.8153,10.6798,172.9603,-72.8234
2011-11-18,20.9113,0.2906,-1.3342,0.2906,5.5398,-1.8649,10.9244,173.4629,-72.7444
2011-11-21,20.5746,-1.6098,-2.0827,-2.8917,1.7469,-3.3543,9.1388,170.6705,-73.1831
2011-11-22,20.5948,0.0982,-2.4553,-2.112,1.4109,-2.6218,10.5506,170.8381,-73.1568
2011-11-23,20.3727,-1.0788,-2.6384,-2.0078,1.8592,-3.8233,8.5194,168.9951,-73.4464
2011-11-25,20.4467,0.3635,-1.9374,-2.6291,1.3823,-3.8653,9.6399,169.6094,-73.3499
2011-11-28,20.7699,1.5806,-0.6761,-2.3425,1.1739,-3.1619,11.5686,172.2902,-72.9287
2011-11-29,20.9853,1.0373,1.9961,-1.079,1.9577,-1.1478,13.2433,174.0773,-72.6479
2011-11-30,21.4768,2.342,4.2824,2.7706,4.0078,2.3515,14.0431,178.1541,-72.0073
2011-12-01,21.4431,-0.1567,5.2545,4.4262,4.2159,3.1702,13.7852,177.8749,-72.0511
2011-12-02,21.3691,-0.3454,4.5111,3.0854,5.3621,3.342,13.3529,177.2606,-72.1477
2011-12-05,21.497,0.5986,3.5008,2.4383,6.4137,4.1948,14.3092,178.3217,-71.9809
2011-12-06,21.5239,0.1252,2.5665,3.1623,4.6765,4.2582,13.8187,178.545,-71.9459
2011-12-07,21.5778,0.2503,0.4702,2.56,5.2121,3.9509,13.6709,178.9919,-71.8756
2011-12-08,21.3287,-1.1544,-0.5337,0.3803,6.3548,3.9476,12.0496,176.9255,-72.2003
2011-12-09,21.5509,1.0416,0.8506,3.8611,7.3552,4.5567,13.0225,178.7684,-71.9107
2011-12-12,21.3556,-0.906,-0.6577,1.928,5.9944,2.5199,11.9986,177.1489,-72.1652
2011-12-13,21.3085,-0.2207,-1.0009,0.54,4.5122,3.8491,11.2171,176.7579,-72.2266
2011-12-14,21.2008,-0.5055,-1.7473,0.8972,2.7708,2.4951,10.5417,175.8644,-72.367
2011-12-15,21.4162,1.0162,0.4103,1.4349,3.1452,2.8817,10.6831,177.6515,-72.0863
2011-12-16,21.3924,-0.111,-0.7351,2.2351,3.9068,2.014,10.387,177.4543,-72.1172
2011-12-19,21.3041,-0.4128,-0.2411,2.1748,3.2752,1.6901,10.0438,176.7217,-72.2323
2011-12-20,21.7457,2.0727,2.0518,3.9903,7.6287,4.4645,12.5933,180.3846,-71.6568
2011-12-21,21.9767,1.0622,3.6597,6.8143,10.8779,6.532,13.2859,182.3006,-71.3558
2011-12-22,21.9699,-0.0309,2.5853,6.6766,10.6182,7.3688,13.2124,182.2443,-71.3646
2011-12-23,22.1261,0.7111,3.4296,8.6069,9.2931,7.6401,14.563,183.5403,-71.161
2011-12-27,22.1669,0.1842,4.0497,8.4129,8.843,7.6284,14.4611,183.8784,-71.1078
2011-12-28,22.0582,-0.4903,1.437,6.2027,10.3893,6.4786,13.8611,182.9768,-71.2495
2011-12-29,22.1737,0.5236,0.8964,5.6627,9.8935,6.2135,14.6526,183.9348,-71.099
2011-12-30,22.0718,-0.4595,0.4638,2.7703,10.5318,4.9191,14.0868,183.0895,-71.2318
2012-01-03,22.0514,-0.0924,-0.3377,2.8366,12.0542,4.8555,13.826,182.9204,-71.2584
2012-01-04,22.0038,-0.2156,-0.7355,2.9704,10.7517,4.0671,13.891,182.526,-71.3203
2012-01-05,21.9903,-0.0618,-0.308,2.2945,10.5335,3.2844,13.7818,182.4133,-71.338
2012-01-06,21.8476,-0.6488,-1.4706,1.5037,8.5308,2.97,13.4311,181.2298,-71.524
2012-01-09,21.8816,0.1555,-0.8618,1.4078,8.0851,3.8829,14.1945,181.5117,-71.4797
2012-01-10,21.9563,0.3415,-0.4313,2.9425,6.7852,4.5695,14.5055,182.1316,-71.3823
2012-01-11,21.8612,-0.4332,-0.6483,1.44,6.5319,4.1165,14.0881,181.3426,-71.5063
2012-01-12,21.8544,-0.0311,-0.6179,2.3355,5.6668,4.5502,13.1174,181.2863,-71.5151
2012-01-13,21.834,-0.0933,-0.0621,2.4662,5.8784,4.1529,12.7808,181.1172,-71.5417
2012-01-17,21.9155,0.3734,0.1552,3.3714,5.4475,5.2128,13.2019,181.7934,-71.4354
2012-01-18,21.9631,0.217,0.031,2.5536,6.4002,4.0059,13.3702,182.1879,-71.3735
2012-01-19,22.0038,0.1856,0.6526,2.858,5.8039,4.364,13.8133,182.526,-71.3203
2012-01-20,22.0106,0.0309,0.715,3.3163,6.1459,3.5427,13.2684,182.5824,-71.3115
2012-01-23,21.9903,-0.0926,0.7156,1.1246,5.4654,3.6424,12.9716,182.4133,-71.338
2012-01-24,21.868,-0.5561,-0.217,-0.4946,3.2126,4.0164,12.1532,181.3989,-71.4974
2012-01-25,22.1193,1.1494,0.7114,0.6803,5.1339,5.4803,13.0596,183.484,-71.1698
2012-01-26,22.0378,-0.3686,0.1543,-0.3991,6.0015,6.2431,12.9478,182.8077,-71.2761
2012-01-27,21.8884,-0.6782,-0.5556,-1.2565,4.2362,5.5225,13.332,181.568,-71.4709
2012-01-30,21.7457,-0.6518,-1.1121,-1.4167,2.2456,5.5149,13.6812,180.3846,-71.6568
2012-01-31,21.7593,0.0625,-0.497,-1.8688,2.5693,5.9589,14.1461,180.4973,-71.6391
2012-02-01,21.9155,0.7181,-0.9214,-0.7079,4.87,8.1276,14.1358,181.7934,-71.4354
2012-02-02,21.9971,0.372,-0.1849,-0.2464,7.1237,8.102,14.9952,182.4697,-71.3292
2012-02-03,22.065,0.3088,0.807,0.2779,6.4425,11.9291,14.7564,183.0332,-71.2406
2012-02-06,22.0514,-0.0616,1.4058,0.278,5.08,10.2893,14.0203,182.9204,-71.2584
2012-02-07,22.0718,0.0925,1.4362,1.0262,5.7881,14.7257,13.9701,183.0895,-71.2318
2012-02-08,22.0786,0.0308,0.7439,0.9003,4.9402,12.036,13.4638,183.1459,-71.2229
2012-02-09,22.2009,0.5539,0.9265,1.1139,4.4849,17.1469,13.899,184.1603,-71.0635
2012-02-10,22.1533,-0.2142,0.4002,1.3362,6.7645,13.532,14.08,183.7658,-71.1255
2012-02-13,22.2484,0.4293,0.8934,1.8029,6.1892,12.6684,13.95,184.5547,-71.0016
2012-02-14,22.3028,0.2443,1.0465,2.1469,5.2313,11.3604,14.7326,185.0056,-70.9307
2012-02-15,22.296,-0.0305,0.9846,1.7359,6.1093,11.0669,14.7366,184.9491,-70.9396
2012-02-16,22.4386,0.6399,1.071,2.1651,6.2774,11.0381,15.1578,186.1326,-70.7536
2012-02-17,22.459,0.0908,1.3799,2.0685,7.3323,13.1603,14.4868,186.3016,-70.7271
2012-02-21,22.3299,-0.5747,0.3664,1.4506,7.0945,13.043,13.5232,185.2309,-70.8953
2012-02-22,22.2688,-0.2738,-0.1523,1.2666,6.4918,12.3912,14.0159,184.7237,-70.975
2012-02-23,22.3843,0.5186,0.3961,2.361,8.7954,10.6959,14.8789,185.6818,-70.8245
2012-02-24,22.459,0.3338,0.0908,1.5356,9.0515,10.5902,15.7329,186.3016,-70.7271
2012-02-27,22.459,0.0,0.0,1.9112,10.2408,12.2904,15.1454,186.3016,-70.7271
2012-02-28,22.5337,0.3327,0.9127,2.9485,10.207,11.7305,14.8677,186.9215,-70.6297
2012-02-29,22.5745,0.1809,1.3728,3.8113,8.6885,9.9644,15.973,187.2596,-70.5766
2012-03-01,22.5405,-0.1505,0.698,3.5904,7.4108,9.5136,16.1135,186.9779,-70.6208
2012-03-02,22.5609,0.0904,0.4538,2.9449,5.0478,9.2578,15.045,187.147,-70.5943
2012-03-05,22.6628,0.4516,0.9074,3.0265,5.6879,10.1435,16.0724,187.9922,-70.4615
2012-03-06,22.4726,-0.8393,-0.2713,1.8473,5.164,10.803,15.4103,186.4143,-70.7094
2012-03-07,22.5066,0.1512,-0.3009,2.0641,4.6962,11.4112,14.575,186.6961,-70.6651
2012-03-08,22.6628,0.6942,0.5425,2.6777,5.2912,10.2151,14.7918,187.9922,-70.4615
2012-03-09,22.7375,0.3298,0.7829,2.9847,5.3747,10.8669,15.9457,188.6122,-70.364
2012-03-12,22.8191,0.3585,0.6895,2.7846,6.9876,13.7864,16.2831,189.2883,-70.2578
2012-03-13,22.9889,0.7442,2.2975,3.7718,6.6727,14.5187,17.9818,190.6971,-70.0364
2012-03-14,22.9209,-0.2955,1.8412,3.0229,7.3298,13.7636,18.6785,190.1336,-70.125
2012-03-15,22.9617,0.1778,1.3189,2.9546,7.7585,12.6207,20.6209,190.4717,-70.0719
2012-03-16,22.9467,-0.0654,0.9198,2.9186,8.2351,11.2341,19.9596,190.347,-70.0914
2012-03-19,22.9604,0.0596,0.6192,2.3252,7.2102,10.5822,19.0643,190.4605,-70.0736
2012-03-20,22.9467,-0.0595,-0.1836,2.1715,7.2654,11.456,17.5368,190.347,-70.0914
2012-03-21,22.9808,0.1488,0.2613,2.915,7.8703,11.4033,17.8721,190.6303,-70.0469
2012-03-22,23.0013,0.0892,0.1725,3.2896,5.7742,13.8434,17.7767,190.8003,-70.0202
2012-03-23,23.056,0.2375,0.4762,3.0007,4.9111,16.3232,16.9828,191.2535,-69.949
2012-03-26,23.213,0.6813,1.1005,3.3574,5.6584,16.8775,17.7798,192.5565,-69.7443
2012-03-27,23.1994,-0.0588,1.1012,3.2966,4.8507,14.5945,17.7502,192.4432,-69.7621
2012-03-28,23.1447,-0.2355,0.7133,2.7116,4.4114,13.6444,16.9214,191.99,-69.8333
2012-03-29,23.1379,-0.0296,0.5938,2.4958,4.8949,15.7927,16.263,191.9333,-69.8422
2012-03-30,23.2745,0.5904,0.9479,3.2563,4.9646,15.3492,17.1839,193.0664,-69.6642
2012-04-02,23.4589,0.7922,1.0592,3.9803,6.2846,17.4782,17.523,194.5959,-69.4238
2012-04-03,23.3291,-0.5531,0.5593,2.9402,5.7944,18.547,16.6403,193.5195,-69.593
2012-04-04,23.254,-0.322,0.4721,3.4772,5.6816,17.0441,16.149,192.8964,-69.6909
2012-04-05,23.254,0.0,0.5018,3.321,5.7469,16.8857,15.6123,192.8964,-69.6909
2012-04-09,23.0423,-0.9104,-0.9977,1.6745,5.4684,14.4657,14.4087,191.1402,-69.9668
2012-04-10,22.8374,-0.8891,-2.6492,0.4393,4.3683,12.8066,13.7289,189.4407,-70.2339
2012-04-11,22.9535,0.5084,-1.6101,0.5893,4.5419,11.6352,13.7056,190.4038,-70.0825
2012-04-12,22.9672,0.0595,-1.2335,-0.0944,5.0591,11.9215,13.4003,190.517,-70.0647
2012-04-13,22.9672,0.0,-1.2335,0.2017,5.0918,11.0472,13.3261,190.517,-70.0647
2012-04-16,23.0628,0.4163,0.0889,0.4402,5.6278,11.8371,13.1308,191.3102,-69.9401
2012-04-17,23.295,1.0068,2.0036,1.5179,6.2944,12.0848,13.7881,193.2363,-69.6375
2012-04-18,23.295,0.0,1.4876,1.4574,6.0642,12.8525,14.4189,193.2363,-69.6375
2012-04-19,23.2199,-0.3225,1.1002,1.1905,5.5264,11.651,13.8272,192.6131,-69.7354
2012-04-20,23.4316,0.9117,2.022,1.9614,6.4556,12.9982,14.2701,194.3693,-69.4594
2012-04-23,23.0696,-1.5447,0.0296,0.2969,4.9083,10.642,12.4685,191.3668,-69.9312
2012-04-24,23.0764,0.0296,-0.9381,0.0888,5.5262,8.9164,12.7938,191.4235,-69.9223
2012-04-25,23.2267,0.651,-0.2932,0.0588,5.0063,10.3972,12.7598,192.6697,-69.7265
2012-04-26,23.4384,0.9116,0.9412,1.0303,6.3555,12.7384,13.059,194.426,-69.4505
2012-04-27,23.4043,-0.1457,-0.1165,1.1213,6.9257,11.4552,12.1759,194.1428,-69.495
2012-04-30,23.3428,-0.2627,1.1841,0.8855,7.3444,9.7549,11.5618,193.6328,-69.5752
2012-05-01,23.4043,0.2634,1.4206,0.5575,7.5599,10.3234,11.7138,194.1428,-69.495
2012-05-02,23.4247,0.0875,0.8527,-0.1456,6.8865,12.0919,11.5289,194.3127,-69.4683
2012-05-03,23.4589,0.1458,0.0874,0.5562,6.6456,14.2427,11.8329,194.5959,-69.4238
2012-05-04,23.2745,-0.786,-0.5544,0.0881,5.4816,12.2772,11.803,193.0664,-69.6642
2012-05-07,23.3086,0.1467,-0.1463,0.235,5.7015,11.0711,11.6821,193.3496,-69.6197
2012-05-08,23.254,-0.2344,-0.642,0.9188,5.3563,11.4544,11.0318,192.8964,-69.6909
2012-05-09,23.1379,-0.4993,-1.2245,1.3158,4.798,9.9753,9.8161,191.9333,-69.8422
2012-05-10,23.3018,0.7084,-0.6696,1.5174,4.9591,9.6665,10.8035,193.293,-69.6286
2012-05-11,23.2404,-0.2638,-0.1467,1.1894,4.907,12.0034,8.8957,192.7831,-69.7087
2012-05-14,23.1447,-0.4114,-0.7032,0.7732,4.0288,10.4673,8.5828,191.99,-69.8333
2012-05-15,23.1174,-0.1181,-0.5874,0.2369,3.6527,9.0751,8.4208,191.7633,-69.8689
2012-05-16,23.1925,0.325,0.2361,-0.4397,4.0213,10.3762,8.5366,192.3865,-69.771
2012-05-17,23.0286,-0.7067,-1.1723,-1.1433,2.6295,9.072,7.6025,191.0269,-69.9846
2012-05-18,22.8921,-0.5931,-1.4986,-1.4118,1.9282,9.4019,6.3704,189.8939,-70.1626
2012-05-21,22.9808,0.3878,-0.7082,-1.9236,2.915,10.2163,7.1133,190.6303,-70.0469
2012-05-22,23.0081,0.1189,-0.4727,-0.2664,3.3202,10.0275,7.9756,190.8569,-70.0113
2012-05-23,22.9467,-0.2671,-1.0601,-0.5623,2.5125,11.5289,7.7879,190.347,-70.0914
2012-05-24,23.1652,0.9524,0.5931,-0.2646,3.1445,12.4807,9.5317,192.1599,-69.8066
2012-05-25,23.1447,-0.0884,1.1038,-1.2529,3.0533,13.6069,9.2634,191.99,-69.8333
2012-05-29,23.3086,0.7082,1.4265,-0.4085,3.4389,13.997,9.5907,193.3496,-69.6197
2012-05-30,23.1174,-0.8204,0.4749,-0.9655,2.4051,11.3025,7.7833,191.7633,-69.8689
2012-05-31,23.0696,-0.2068,0.5357,-1.4299,2.3473,9.9321,8.6703,191.3668,-69.9312
2012-06-01,22.6462,-1.8354,-2.2406,-3.3236,0.378,5.4449,7.9244,187.8544,-70.4831
2012-06-04,22.7213,0.3317,-1.8295,-3.1441,0.2582,5.9607,9.32,188.4776,-70.3852
2012-06-05,22.694,-0.1202,-2.637,-2.4941,0.9853,6.2002,9.7494,188.251,-70.4208
2012-06-06,23.0013,1.3542,-0.5022,-1.3185,2.1983,6.9978,11.4861,190.8003,-70.0202
2012-06-07,23.0833,0.3563,0.0592,-0.7342,1.8553,7.2447,11.8114,191.4801,-69.9134
2012-06-08,23.2813,0.858,2.8046,0.6198,2.3916,7.8948,12.1576,193.1229,-69.6553
2012-06-11,23.1721,-0.4693,1.9838,-0.5569,1.5469,8.6426,12.9314,192.2165,-69.7977
2012-06-12,23.2813,0.4716,2.588,0.1763,1.2721,8.0297,12.9523,193.1229,-69.6553
2012-06-13,23.2472,-0.1466,1.0689,0.4426,1.4233,8.8575,11.6005,192.8398,-69.6998
2012-06-14,23.5682,1.3807,2.1006,1.9498,2.6411,10.6045,14.8618,195.5023,-69.2814
2012-06-15,23.6067,0.1634,1.3975,1.7856,2.8762,11.3482,14.1264,195.8218,-69.2312
2012-06-18,23.6686,0.2621,2.1427,2.7787,3.0844,10.517,13.7017,196.3351,-69.1506
2012-06-19,23.6479,-0.0871,1.5747,3.3019,3.056,10.5434,12.7697,196.164,-69.1774
2012-06-20,23.5242,-0.5234,1.1914,2.3642,2.3642,10.4206,12.2869,195.1373,-69.3388
2012-06-21,23.2491,-1.1692,-1.3538,1.0473,1.0772,6.9136,11.6867,192.8557,-69.6973
2012-06-22,23.3179,0.2958,-1.2234,1.6176,1.1359,6.1028,13.0334,193.4261,-69.6076
2012-06-25,23.1735,-0.6193,-2.0918,0.0355,-0.1705,5.4783,13.2508,192.2282,-69.7959
2012-06-26,23.2285,0.2374,-1.7738,0.3617,0.1254,4.9821,13.0028,192.6844,-69.7242
2012-06-27,23.366,0.5921,-0.6723,0.246,0.956,5.4095,13.4506,193.8253,-69.5449
2012-06-28,23.4691,0.4414,0.9464,1.5215,1.4316,6.3965,13.2895,194.6809,-69.4105
2012-06-29,23.9092,1.8752,2.5361,3.6395,2.7271,7.8271,14.5269,198.3315,-68.8369
2012-07-02,24.0468,0.5752,3.7685,6.1845,2.5059,8.948,14.3072,199.4724,-68.6576
2012-07-03,24.1568,0.4576,3.9965,6.3177,3.5477,9.5477,14.8668,200.3851,-68.5142
2012-07-05,24.0674,-0.37,3.0018,6.0518,3.4978,9.3781,13.8267,199.6436,-68.6307
2012-07-06,24.0399,-0.1143,2.4319,4.5152,3.3795,9.3206,12.9112,199.4154,-68.6666
2012-07-09,24.0124,-0.1144,0.4314,4.025,4.21,9.9086,13.1729,199.1872,-68.7024
2012-07-10,24.0399,0.1145,-0.0286,3.2582,5.2653,9.8636,14.1295,199.4154,-68.6666
2012-07-11,24.0055,-0.143,-0.6263,3.5968,4.5831,9.3331,14.3291,199.1301,-68.7114
2012-07-12,24.0261,0.0859,-0.1715,3.1991,4.6107,9.9031,14.4273,199.3012,-68.6845
2012-07-13,24.2943,1.1162,1.0584,4.5043,5.7784,11.1644,16.2226,201.5259,-68.335
2012-07-16,24.1705,-0.5095,0.6586,2.5559,4.8032,10.7013,15.2986,200.4991,-68.4963
2012-07-17,24.2737,0.4268,0.9726,2.8255,4.2013,10.7602,16.5339,201.3548,-68.3618
2012-07-18,24.2806,0.0283,1.1458,2.5857,4.2309,10.5517,14.9802,201.4118,-68.3529
2012-07-19,24.2462,-0.1416,0.9159,2.5298,4.42,10.1906,14.9994,201.1266,-68.3977
2012-07-20,24.0949,-0.6239,-0.8208,2.4262,2.8309,9.4693,13.3475,199.8717,-68.5949
2012-07-23,23.8886,-0.8562,-1.1664,2.7507,3.5501,8.6327,12.5895,198.1605,-68.8637
2012-07-24,23.813,-0.3167,-1.898,2.1232,3.1916,8.8942,13.2679,197.533,-68.9623
2012-07-25,23.8198,0.0289,-1.8975,2.7894,2.5538,7.6879,13.5896,197.5901,-68.9534
2012-07-26,24.2118,1.6455,-0.1418,4.2333,3.2996,9.8648,16.7237,200.8414,-68.4425
2012-07-27,24.4869,1.136,1.6267,4.7969,4.6256,11.8716,18.0498,203.123,-68.084
2012-07-30,24.6106,0.5055,3.0224,4.8637,5.4314,13.1747,19.4161,204.1497,-67.9227
2012-07-31,24.5006,-0.447,2.8877,2.4734,4.6844,12.5984,19.308,203.2371,-68.0661
2012-08-01,24.3768,-0.5052,2.3383,1.3726,4.0644,11.2308,20.2712,202.2103,-68.2274
2012-08-02,24.1774,-0.8181,-0.1421,0.0853,3.0628,9.912,18.8171,200.5561,-68.4873
2012-08-03,24.5831,1.6781,0.3931,2.1428,5.6225,11.4123,24.7028,203.9215,-67.9585
2012-08-06,24.5694,-0.0559,-0.1676,2.2025,5.4088,11.4187,22.8829,203.8075,-67.9765
2012-08-07,24.4387,-0.5318,-0.2526,1.7755,5.0946,10.7238,27.0286,202.7237,-68.1467
2012-08-08,24.6106,0.7034,0.9591,2.3741,6.3649,11.4684,24.8846,204.1497,-67.9227
2012-08-09,24.5075,-0.4191,1.3652,2.0911,5.1741,10.3898,29.3182,203.2942,-68.0571
2012-08-10,24.5006,-0.0281,-0.3356,1.9748,5.4227,10.5957,25.5616,203.2371,-68.0661
2012-08-13,24.4937,-0.028,-0.3078,0.8209,5.8285,10.0921,24.039,203.1802,-68.075
2012-08-14,24.59,0.393,0.619,1.7354,6.37,10.2554,22.7808,203.9786,-67.9496
2012-08-15,24.6037,0.0559,-0.0279,1.3597,6.0847,10.3507,22.5631,204.0927,-67.9316
2012-08-16,24.6656,0.2515,0.6453,1.5859,7.1085,9.9249,22.0585,204.606,-67.851
2012-08-17,24.6863,0.0837,0.7578,1.8151,7.8377,9.917,24.3825,204.7772,-67.8241
2012-08-20,24.6863,0.0,0.786,2.4543,7.4211,10.5524,24.9717,204.7772,-67.8241
2012-08-21,24.535,-0.6128,-0.2237,2.7058,6.6361,10.1766,23.8287,203.5223,-68.0213
2012-08-22,24.4593,-0.3083,-0.5869,2.7144,6.5921,9.2702,20.9577,202.8949,-68.1198
2012-08-23,24.2668,-0.7872,-1.6169,1.8764,4.7553,8.0494,19.492,201.2977,-68.3708
2012-08-24,24.48,0.8784,-0.8357,1.1076,5.769,8.9985,22.3949,203.066,-68.093
2012-08-27,24.5144,0.1405,-0.6964,0.1123,5.1728,8.7896,21.5512,203.3512,-68.0481
2012-08-28,24.5281,0.0561,-0.028,-0.3353,6.1023,8.6541,19.4808,203.4653,-68.0302
2012-08-29,24.4731,-0.2243,0.0562,-0.1123,6.0837,8.5738,18.9031,203.0089,-68.1019
2012-08-30,24.3768,-0.3934,0.4533,0.0,7.642,8.0489,18.0519,202.2103,-68.2274
2012-08-31,24.3837,0.0282,-0.3933,0.8533,7.3164,7.5935,18.5073,202.2674,-68.2184
2012-09-04,24.5281,0.5922,0.0561,-0.2237,8.0819,9.1468,20.9379,203.4653,-68.0302
2012-09-05,24.4869,-0.1682,-0.1682,-0.3358,6.4584,8.7987,21.2139,203.123,-68.084
2012-09-06,24.7894,1.2356,1.2925,1.435,7.3912,9.3837,20.5574,205.6328,-67.6896
2012-09-07,24.59,-0.8044,0.8745,-0.0838,5.6211,8.1471,19.8994,203.9786,-67.9496
2012-09-10,24.5625,-0.1118,0.7332,0.2245,6.0005,7.6403,22.48,203.7505,-67.9854
2012-09-11,24.4869,-0.308,-0.1682,-0.0561,5.1781,6.5161,21.9808,203.123,-68.084
2012-09-12,24.3562,-0.5336,-0.5336,-0.5615,4.7705,6.2617,20.8871,202.0392,-68.2543
2012-09-13,24.7894,1.7787,0.0,0.811,5.1818,7.9598,21.5851,205.6328,-67.6896
2012-09-14,24.6037,-0.749,0.0559,0.0,4.2237,7.2213,19.2667,204.0927,-67.9316
2012-09-17,24.6725,0.2795,0.4479,0.0279,4.2418,7.457,18.8283,204.6631,-67.842
2012-09-18,24.81,0.5574,1.3198,0.5014,4.9142,8.1204,20.5066,205.8039,-67.6628
2012-09-19,24.8788,0.2772,2.1457,0.78,5.7586,8.2589,20.604,206.3744,-67.5731
2012-09-20,25.0163,0.5528,0.9154,1.9619,7.6013,8.7604,23.8166,207.5152,-67.3939
2012-09-21,24.9021,-0.4568,1.2125,1.81,6.7939,8.0071,25.6373,206.5673,-67.5428
2012-09-24,24.9852,0.3337,1.2672,2.9603,7.8181,7.6342,25.8002,207.2567,-67.4345
2012-09-25,24.8121,-0.6929,0.0081,1.3565,6.8175,6.9514,22.5604,205.8206,-67.6601
2012-09-26,24.8121,0.0,-0.2683,1.2144,6.1887,7.2038,21.8312,205.8206,-67.6601
2012-09-27,24.8951,0.3349,-0.4845,1.4964,6.0761,7.5946,24.5867,206.5099,-67.5518
2012-09-28,24.8121,-0.3338,-0.3615,1.385,3.776,6.6061,22.9693,205.8206,-67.6601
2012-10-01,24.9713,0.6419,-0.0554,2.4388,3.8449,6.4472,25.0522,207.1419,-67.4525
2012-10-02,24.9921,0.0831,0.7256,2.4951,3.4579,7.1283,26.9973,207.3141,-67.4255
2012-10-03,25.0683,0.3048,1.0326,2.2022,4.1586,7.8019,26.1758,207.946,-67.3262
2012-10-04,25.186,0.4696,1.1683,2.8552,4.7675,8.3082,26.5967,208.9225,-67.1727
2012-10-05,25.2829,0.3849,1.8978,1.9909,5.2913,9.724,25.5964,209.7267,-67.0464
2012-10-08,25.2068,-0.3013,0.9428,2.5083,4.854,10.3749,24.5102,209.0949,-67.1457
2012-10-09,24.9644,-0.9616,-0.1108,1.6362,3.9945,8.7606,21.4151,207.0843,-67.4616
2012-10-10,24.8605,-0.4161,-0.8287,1.526,3.4729,8.2437,21.148,206.2227,-67.597
2012-10-11,24.8051,-0.2228,-1.5122,1.8432,2.1026,8.0025,19.9337,205.7632,-67.6692
2012-10-12,24.8259,0.0837,-1.8077,0.1472,2.7114,7.6448,20.3868,205.9354,-67.6421
2012-10-15,24.9921,0.6695,-0.8517,1.5784,2.9596,7.2853,20.2505,207.3141,-67.4255
2012-10-16,25.0544,0.2494,0.3606,1.5479,3.1872,7.5529,21.3761,207.8311,-67.3442
2012-10-17,25.1652,0.4422,1.2256,1.4316,3.7904,8.3779,21.0051,208.7502,-67.1998
2012-10-18,25.0267,-0.5503,0.8933,0.5945,3.8673,6.8077,20.6908,207.6013,-67.3803
2012-10-19,24.7289,-1.1898,-0.3905,-1.1488,3.5177,7.1927,18.6002,205.1313,-67.7684
2012-10-22,24.7428,0.056,-0.9975,-0.6396,3.9047,7.221,16.7812,205.2461,-67.7504
2012-10-23,24.4104,-1.3434,-2.5705,-2.3005,2.4793,5.0964,16.0235,202.4888,-68.1836
2012-10-24,24.4104,0.0,-2.9994,-1.6188,0.8203,4.147,17.4137,202.4888,-68.1836
2012-10-25,24.5627,0.6241,-1.8539,-1.0048,0.31,4.9499,16.9721,203.7526,-67.9851
2012-10-26,24.4796,-0.3383,-1.0081,-1.669,-0.5322,4.8703,15.1003,203.0632,-68.0934
2012-10-31,24.5073,0.1132,-0.9516,-1.228,0.0275,4.7132,15.5231,203.2931,-68.0573
2012-11-01,24.5212,0.0565,0.4539,-1.8026,0.5923,4.6807,17.3386,203.4079,-68.0392
2012-11-02,24.3758,-0.5931,-0.1419,-2.4661,0.8205,3.9084,18.7078,202.2016,-68.2288
2012-11-05,24.3342,-0.1704,-0.9304,-2.9282,-1.0125,4.5531,17.3894,201.8569,-68.2829
2012-11-06,24.5143,0.7399,0.1415,-2.667,-0.2242,5.1724,16.8162,203.3505,-68.0483
2012-11-07,24.2234,-1.1864,-1.1585,-4.1906,-0.8809,4.1689,16.1008,200.9379,-68.4273
2012-11-08,23.9603,-1.0864,-2.2875,-4.9451,-2.6425,3.5542,13.884,198.755,-68.7703
2012-11-09,23.9603,0.0,-1.7045,-4.0222,-2.2328,2.8258,12.7654,198.755,-68.7703
2012-11-12,23.9603,0.0,-1.5367,-3.6212,-2.2054,3.0977,15.4729,198.755,-68.7703
2012-11-13,23.9464,-0.0578,-2.3164,-3.4618,-2.2345,3.4638,14.2937,198.6401,-68.7884
2012-11-14,23.6833,-1.0988,-2.2298,-4.6024,-3.6873,2.4478,11.7451,196.4574,-69.1313
2012-11-15,23.6764,-0.0293,-1.185,-5.2646,-3.7693,2.0861,12.6788,196.3998,-69.1404
2012-11-16,23.8287,0.6435,-0.5491,-4.8922,-3.3931,3.4742,12.8614,197.6636,-68.9418
2012-11-19,24.2165,1.6274,1.0694,-3.7699,-1.9029,5.7856,15.7314,200.8804,-68.4364
2012-11-20,24.3065,0.3717,1.5037,-2.8777,-1.5383,5.7687,16.5743,201.6272,-68.319
2012-11-21,24.3411,0.1424,2.7777,-1.5682,-0.7901,5.7936,16.402,201.9144,-68.2739
2012-11-23,24.7012,1.4794,4.3288,-0.1679,0.989,7.6463,20.0567,204.9015,-67.8046
2012-11-26,24.5212,-0.7289,2.9061,0.4539,1.0483,5.8535,19.0647,203.4079,-68.0392
2012-11-27,24.5004,-0.0847,1.1724,0.3688,0.0835,5.8574,20.2612,203.2356,-68.0663
2012-11-28,24.7359,0.961,1.7664,0.7048,0.9036,6.1232,20.9772,205.1887,-67.7594
2012-11-29,24.8674,0.5319,2.1622,1.5842,1.3835,7.5702,19.7283,206.2801,-67.5879
2012-11-30,24.9575,0.362,1.0373,1.8367,1.9792,8.1833,18.9282,207.0269,-67.4706
2012-12-03,24.8605,-0.3884,1.3838,1.3838,1.9843,9.7779,15.7552,206.2227,-67.597
2012-12-04,24.8121,-0.195,1.2719,1.7898,1.7567,9.2016,15.7109,205.8206,-67.6601
2012-12-05,24.8536,0.1674,0.4759,2.1344,1.327,9.5162,16.3063,206.1653,-67.606
2012-12-06,24.8813,0.1114,0.0557,1.4972,1.6108,8.1733,15.7431,206.395,-67.5699
2012-12-07,25.0544,0.6958,0.3885,3.4305,1.069,8.5393,16.4026,207.8311,-67.3442
2012-12-10,25.0267,-0.1106,0.6685,4.4509,1.776,7.497,15.9837,207.6013,-67.3803
2012-12-11,25.0406,0.0553,0.921,4.5086,1.9463,8.0636,17.4031,207.7161,-67.3623
2012-12-12,24.9852,-0.2212,0.5294,4.2775,2.035,7.3185,15.9358,207.2567,-67.4345
2012-12-13,24.9436,-0.1663,0.2505,4.1643,2.4118,7.2974,16.8012,206.912,-67.4886
2012-12-14,24.9021,-0.1666,-0.6081,5.1461,0.4545,5.6598,16.8645,206.5673,-67.5428
2012-12-17,24.9575,0.2225,-0.2767,5.4109,1.4377,5.7221,17.7196,207.0269,-67.4706
2012-12-18,24.9505,-0.0278,-0.3595,4.7079,1.1269,5.4164,16.5031,206.9694,-67.4796
2012-12-19,24.7012,-0.9991,-1.1364,2.0017,-0.4385,4.4542,15.4672,204.9015,-67.8046
2012-12-20,24.8397,0.5607,-0.4165,2.1937,-0.157,5.5925,16.5959,206.0503,-67.624
2012-12-21,24.6283,-0.8514,-1.0995,1.1796,-1.5513,5.9321,13.2558,204.296,-67.8997
2012-12-24,24.5512,-0.3127,-1.6277,-0.6073,-1.4088,5.2894,11.715,203.6571,-68.0001
2012-12-26,24.3412,-0.8557,-2.4424,-0.7342,-2.5776,5.039,10.7933,201.9145,-68.2739
2012-12-27,24.3832,0.1726,-1.2877,-0.4785,-1.7285,4.9711,10.2009,202.263,-68.2191
2012-12-28,24.1241,-1.0626,-2.8811,-2.4733,-2.7728,3.2444,8.8294,200.1137,-68.5568
2012-12-31,24.4392,1.3063,-0.7677,-1.7221,-1.8315,4.1333,10.7942,202.7277,-68.1461
2013-01-02,25.0694,2.5788,2.1106,0.4486,1.0373,4.8525,13.0594,207.9556,-67.3247
2013-01-03,25.0064,-0.2514,2.733,0.5868,0.1405,3.9908,13.2959,207.4329,-67.4068
2013-01-04,25.0764,0.28,2.8431,1.0655,0.3374,3.807,13.7181,208.0136,-67.3156
2013-01-07,24.9084,-0.6702,3.2511,0.2204,-0.6379,3.4942,13.2001,206.6196,-67.5346
2013-01-08,24.8383,-0.2811,1.6332,-0.1726,-1.3803,3.3214,12.9516,206.0387,-67.6259
2013-01-09,24.8944,0.2255,-0.6983,-0.6388,-1.5369,3.673,13.9456,206.5034,-67.5528
2013-01-10,25.0414,0.5907,0.14,0.0587,-0.656,4.1661,14.4407,207.7232,-67.3612
2013-01-11,25.1535,0.4475,0.3072,0.4509,0.7574,4.7821,14.5615,208.6527,-67.2151
2013-01-14,25.2305,0.3062,1.2932,0.9819,1.4882,5.0127,15.4123,209.2916,-67.1147
2013-01-15,25.3075,0.3053,1.8889,1.4589,2.0254,4.1706,15.8006,209.9307,-67.0143
2013-01-16,25.2725,-0.1384,1.519,1.4876,1.799,4.5592,15.7484,209.6402,-67.06
2013-01-17,25.4406,0.665,1.594,1.9357,1.7945,4.8072,16.0847,211.0343,-66.8409
2013-01-18,25.5456,0.4129,1.559,2.385,1.9605,5.2101,16.3116,211.9056,-66.704
2013-01-22,25.5526,0.0274,1.2767,3.4466,1.5394,5.3882,16.1279,211.9637,-66.6949
2013-01-23,25.5456,-0.0274,0.9408,2.8417,2.0733,6.0208,16.0603,211.9056,-66.704
2013-01-24,25.6156,0.2741,1.3577,4.0091,3.5856,7.2295,16.4863,212.4865,-66.6127
2013-01-25,25.7417,0.492,1.1836,4.8488,4.0371,8.0995,17.7141,213.5321,-66.4485
2013-01-28,25.7627,0.0817,0.8498,5.8401,5.5399,8.1565,16.4714,213.7064,-66.4211
2013-01-29,25.9027,0.5436,1.3703,6.232,6.1136,6.984,17.5377,214.8681,-66.2385
2013-01-30,25.8537,-0.1892,1.2062,7.1698,5.2559,5.5821,18.1164,214.4616,-66.3024
2013-01-31,25.8187,-0.1355,0.7927,5.6447,5.4701,4.9088,18.7302,214.171,-66.3481
2013-02-01,26.0288,0.8137,1.1154,3.8269,6.2081,6.2374,19.6216,215.9138,-66.0742
2013-02-04,25.7837,-0.9416,0.0815,3.1083,5.1486,5.7714,17.6504,213.8806,-66.3937
2013-02-05,26.0918,1.195,0.7299,4.0492,7.04,7.9182,18.6151,216.4365,-65.9921
2013-02-06,26.1268,0.1342,1.0563,4.8918,7.3666,6.2796,18.4086,216.727,-65.9465
2013-02-07,26.2669,0.536,1.7359,5.7514,7.1494,6.9091,19.1167,217.8888,-65.7639
2013-02-08,26.2459,-0.08,0.834,5.429,8.3491,7.3947,18.9115,217.7145,-65.7913
2013-02-11,26.2459,0.0,1.7925,4.8099,9.5391,6.6445,18.8749,217.7145,-65.7913
2013-02-12,26.2179,-0.1067,0.4831,4.2316,9.4222,6.979,18.0939,217.4821,-65.8278
2013-02-13,26.2459,0.1069,0.4556,4.0245,9.5391,7.1234,18.4739,217.7145,-65.7913
2013-02-14,26.3019,0.2134,0.1333,3.9292,9.8364,7.3821,18.2193,218.1792,-65.7183
2013-02-15,26.3369,0.1331,0.3468,4.2117,11.2046,7.1042,18.0881,218.4696,-65.6726
2013-02-19,26.603,1.0104,1.3607,4.5692,12.3611,8.1259,19.3176,220.6769,-65.3258
2013-02-20,26.554,-0.1842,1.2821,3.9474,11.437,7.6558,18.3406,220.2703,-65.3897
2013-02-21,26.638,0.3164,1.4941,4.2477,9.9994,7.9062,18.6073,220.9673,-65.2802
2013-02-22,26.7921,0.5784,1.8637,4.8794,10.2259,8.5303,19.9828,222.2453,-65.0794
2013-02-25,26.4279,-1.3591,0.3456,3.1711,8.5731,7.7153,18.6771,219.2247,-65.554
2013-02-26,26.491,0.2385,-0.4212,2.9108,7.2454,8.3061,18.3463,219.7475,-65.4719
2013-02-27,26.687,0.7402,0.5011,3.5879,8.8325,9.9734,18.8256,221.374,-65.2163
2013-02-28,26.673,-0.0525,0.1315,2.9738,8.8676,8.9586,18.7632,221.2578,-65.2345
2013-03-01,26.7641,0.3413,-0.1045,3.5211,8.1994,9.1771,18.7734,222.013,-65.1159
2013-03-04,26.9671,0.7587,2.0403,4.4481,8.4436,9.9438,19.4585,223.6975,-64.8512
2013-03-05,27.0582,0.3376,2.1412,3.9548,8.4172,10.563,20.0424,224.4527,-64.7325
2013-03-06,26.9952,-0.2329,1.1545,4.6985,8.5864,10.7411,19.6546,223.9299,-64.8147
2013-03-07,26.9952,0.0,1.2077,3.4622,8.7986,10.7098,19.1166,223.9299,-64.8147
2013-03-08,27.0442,0.1816,1.0466,3.5111,8.8139,10.2579,20.343,224.3365,-64.7508
2013-03-11,27.0722,0.1036,0.3895,3.0658,8.8054,10.558,20.2858,224.5688,-64.7143
2013-03-12,27.0442,-0.1034,-0.0518,3.0416,7.9418,9.0957,19.3329,224.3365,-64.7508
2013-03-13,27.1142,0.259,0.441,3.3085,8.3411,10.2652,19.2487,224.9175,-64.6595
2013-03-14,27.2052,0.3357,0.7782,3.766,8.6447,10.7593,19.2216,225.6726,-64.5409
2013-03-15,27.0863,-0.4372,0.1558,3.2021,8.4095,10.6157,17.8235,224.686,-64.6959
2013-03-18,27.0019,-0.3118,-0.2598,2.6613,8.2516,10.8624,17.8043,223.9855,-64.8059
2013-03-19,27.2271,0.834,0.6762,3.3798,9.3365,9.8334,18.5759,225.8535,-64.5124
2013-03-20,27.4874,0.9563,1.3764,3.3245,10.1371,11.7205,19.7882,228.0133,-64.1731
2013-03-21,27.403,-0.3072,0.7269,3.1972,9.8292,11.0669,19.3491,227.3129,-64.2831
2013-03-22,27.6563,0.9244,2.1044,3.8227,11.9632,11.4723,20.5242,229.4143,-63.9529
2013-03-25,27.6352,-0.0763,2.3456,3.1469,11.254,11.0793,20.2533,229.2393,-63.9804
2013-03-26,27.8956,0.9422,2.4554,5.5534,13.2666,11.5095,21.2782,231.3992,-63.6411
2013-03-27,27.8745,-0.0757,1.4081,5.2226,13.536,11.9364,20.8992,231.2241,-63.6686
2013-03-28,27.9871,0.4039,2.1315,4.8714,14.9784,12.0147,20.5662,232.158,-63.5218
2013-04-01,27.973,-0.0503,1.145,4.8737,14.7225,12.7395,20.5765,232.0412,-63.5402
2013-04-02,28.2756,1.0817,2.3172,5.6475,17.209,13.9591,22.1685,234.5513,-63.1458
2013-04-03,27.966,-1.095,0.2523,3.7038,14.4308,12.335,20.8664,231.9829,-63.5493
2013-04-04,28.1138,0.5285,0.8584,3.9011,12.1436,13.3069,20.7921,233.2089,-63.3567
2013-04-05,27.9097,-0.726,-0.2766,3.3877,11.61,11.7668,18.9726,231.5159,-63.6227
2013-04-08,28.2263,1.1346,0.9057,4.5608,12.5613,12.9411,20.9918,234.1428,-63.21
2013-04-09,28.1982,-0.0997,-0.2737,4.2671,13.2077,12.4856,21.2616,233.9093,-63.2467
2013-04-10,28.4093,0.7487,1.5853,4.9391,14.3768,12.798,22.1695,235.6605,-62.9715
2013-04-11,28.543,0.4707,1.5269,5.5422,14.6565,12.8944,23.8723,236.7697,-62.7972
2013-04-12,28.6486,0.3698,2.6475,5.6589,14.4047,13.6542,25.4457,237.6452,-62.6596
2013-04-15,28.1912,-1.5966,-0.1246,3.624,12.0766,12.9255,22.8185,233.851,-63.2558
2013-04-16,28.719,1.8722,1.8468,6.0276,13.8264,15.5203,25.0435,238.2292,-62.5679
2013-04-17,28.4726,-0.8577,0.223,5.447,12.5066,14.7853,23.971,236.1859,-62.8889
2013-04-18,28.4163,-0.1977,-0.4438,4.3681,12.4398,14.4626,23.213,235.7189,-62.9623
2013-04-19,28.8597,1.5602,0.737,4.9924,13.4397,15.4753,23.888,239.3966,-62.3845
2013-04-22,28.9301,0.2439,2.6211,5.5727,13.2487,15.4689,24.1901,239.9804,-62.2927
2013-04-23,29.1552,0.7783,1.5191,5.4198,14.0989,15.8553,25.5616,241.8482,-61.9992
2013-04-24,28.6908,-1.593,0.7662,3.8197,12.312,14.6406,22.445,237.9955,-62.6046
2013-04-25,28.7823,0.3189,1.2877,3.1786,12.3621,16.391,24.7627,238.7544,-62.4854
2013-04-26,28.7752,-0.0244,-0.2926,3.2315,11.7846,16.2975,24.6953,238.6961,-62.4945
2013-04-29,28.8667,0.3179,-0.2189,3.1431,12.0485,18.2559,24.2826,239.455,-62.3753
2013-04-30,28.8104,-0.1951,-1.1827,2.9937,11.2254,18.0252,22.9197,238.9878,-62.4487
2013-05-01,28.7823,-0.0977,0.3189,1.792,11.3274,17.1786,22.9788,238.7544,-62.4854
2013-05-02,28.8878,0.3668,0.3668,3.2965,11.8873,18.0076,23.7549,239.6301,-62.3478
2013-05-03,29.0145,0.4385,0.8315,3.2039,11.4708,18.391,23.971,240.6808,-62.1827
2013-05-06,28.8034,-0.7276,-0.2194,3.2022,11.7116,17.4632,22.9614,238.9295,-62.4579
2013-05-07,29.0216,0.7574,0.7328,2.8173,11.2286,19.059,23.7124,240.7392,-62.1735
2013-05-08,29.0567,0.1212,0.9536,3.0447,11.2141,19.4069,24.8436,241.0311,-62.1276
2013-05-09,28.8527,-0.7024,-0.1218,1.5606,9.8442,17.6974,23.7852,239.3382,-62.3936
2013-05-10,28.9653,0.3903,-0.1697,1.4793,10.3612,19.5754,24.5603,240.2723,-62.2469
2013-05-13,29.0145,0.17,0.733,1.2773,10.5488,21.0942,25.3981,240.6808,-62.1827
2013-05-14,29.3593,1.1885,1.1639,4.1437,11.9822,22.5334,25.9959,243.5412,-61.7332
2013-05-15,29.6479,0.9828,2.0344,3.2345,12.962,23.7376,27.5706,245.9346,-61.3572
2013-05-16,29.4719,-0.5934,2.1463,3.5096,12.0525,23.0744,27.3374,244.4752,-61.5865
2013-05-17,29.5142,0.1433,1.895,3.8633,12.0638,24.6201,27.6706,244.8254,-61.5314
2013-05-20,29.2115,-1.0253,0.6791,1.2192,9.8054,23.3785,25.9523,242.3152,-61.9259
2013-05-21,29.2397,0.0964,-0.4075,1.0703,10.1142,22.7079,26.971,242.5488,-61.8892
2013-05-22,29.1904,-0.1685,-1.5429,0.1207,9.5819,20.5395,27.5134,242.1401,-61.9534
2013-05-23,29.0708,-0.4098,-1.361,1.3245,8.5052,19.6009,26.5002,241.1478,-62.1093
2013-05-24,29.3452,0.944,-0.5723,1.956,11.0387,20.5582,27.5428,243.4243,-61.7516
2013-05-28,29.3945,0.1679,0.6264,2.1521,10.9606,19.0002,28.0992,243.8331,-61.6874
2013-05-29,28.8315,-1.9153,-1.3959,-0.1219,8.0357,17.578,24.4604,239.1631,-62.4212
2013-05-30,28.719,-0.3905,-1.6152,-0.3174,7.6704,17.2182,24.0841,238.2292,-62.5679
2013-05-31,28.1841,-1.8623,-3.0501,-2.0782,5.3058,13.9402,20.917,233.7925,-63.265
2013-06-03,28.4938,1.0986,-2.9016,-1.3642,5.661,14.5826,23.2567,236.3611,-62.8614
2013-06-04,28.5008,0.0247,-3.0405,-1.7705,5.3315,14.1975,23.5426,236.4194,-62.8522
2013-06-05,28.156,-1.2099,-2.3432,-2.2477,4.3001,13.2558,24.3299,233.5591,-63.3017
2013-06-06,28.2756,0.4248,-1.5438,-2.5704,4.7432,13.9591,24.4452,234.5513,-63.1458
2013-06-07,28.6275,1.2444,1.573,-1.4774,5.8544,15.1844,26.1455,237.4701,-62.6872
2013-06-10,28.6275,0.0,0.4692,-0.7805,5.7449,15.0561,24.46,237.4701,-62.6872
2013-06-11,28.5571,-0.2458,0.1975,-1.4092,5.5942,13.9802,23.7133,236.8863,-62.7789
2013-06-12,28.4163,-0.4928,0.9247,-2.0616,4.8024,13.544,22.0564,235.7189,-62.9623
2013-06-13,28.7119,1.0401,1.5431,-2.2052,5.5382,14.6616,23.9075,238.1707,-62.5771
2013-06-14,28.6415,-0.2451,0.0492,-3.3943,5.7417,14.6341,23.0237,237.5869,-62.6688
2013-06-17,28.8949,0.8845,0.9341,-1.958,7.0107,15.8407,24.2941,239.6885,-62.3386
2013-06-18,29.0004,0.3653,1.5525,-1.7406,6.5133,16.4579,23.0492,240.5641,-62.201
2013-06-19,28.4234,-1.9898,0.0248,-2.6981,3.405,13.8873,20.404,235.7773,-62.9531
2013-06-20,27.5648,-3.0206,-3.9951,-5.7281,0.5906,10.4779,16.4619,228.6555,-64.0722
2013-06-21,27.9289,1.3208,-2.4881,-4.3217,0.9857,13.0668,18.103,231.6756,-63.5976
2013-06-24,27.8156,-0.4058,-3.7353,-4.3178,0.6527,11.9802,18.2427,230.7355,-63.7453
2013-06-25,27.8581,0.1528,-3.9391,-5.0678,-0.1344,13.1143,19.8244,231.0881,-63.6899
2013-06-26,28.1485,1.0424,-0.9671,-4.239,0.983,14.652,20.7164,233.497,-63.3114
2013-06-27,28.276,0.453,2.58,-1.9269,1.0324,16.1654,22.0189,234.5547,-63.1452
2013-06-28,28.0989,-0.6263,0.6087,-2.159,0.4502,15.2389,20.9676,233.0857,-63.3761
2013-07-01,28.3043,0.731,1.757,0.4265,0.1016,17.3281,21.1346,234.7896,-63.1083
2013-07-02,28.3397,0.1252,1.729,-0.5405,1.3366,15.9602,20.7532,235.0835,-63.0622
2013-07-03,28.2831,-0.2,0.4781,-0.7639,0.6023,12.819,18.2936,234.6134,-63.136
2013-07-05,28.3539,0.2504,0.2755,0.703,1.5917,13.3865,17.9115,235.2009,-63.0437
2013-07-08,28.6372,0.9992,1.9158,1.279,1.4557,14.1998,18.5473,237.5512,-62.6744
2013-07-09,28.8497,0.742,1.9269,0.7764,2.3105,15.8234,19.8705,239.3139,-62.3975
2013-07-10,28.8851,0.1228,1.9245,0.9001,1.6749,16.2925,20.1551,239.6077,-62.3513
2013-07-11,29.3385,1.5694,3.7315,2.7362,2.7868,17.8518,22.1806,243.3681,-61.7604
2013-07-12,29.3455,0.0241,3.4973,3.2699,2.4328,17.188,22.0702,243.4267,-61.7512
2013-07-15,29.3881,0.1449,2.6219,2.3549,4.2456,16.835,22.4222,243.7794,-61.6958
2013-07-16,29.2818,-0.3616,1.4977,2.2354,1.9598,16.0572,21.8748,242.898,-61.8343
2013-07-17,29.3385,0.1935,1.5694,1.5352,3.0409,15.9278,20.7627,243.3681,-61.7604
2013-07-18,29.4376,0.338,0.338,1.5075,3.594,16.4808,21.7914,244.1906,-61.6312
2013-07-19,29.6076,0.5775,0.8931,4.1664,2.5916,16.3796,21.9741,245.6008,-61.4096
2013-07-22,29.5439,-0.2153,0.5302,7.1796,2.1217,15.6515,21.6771,245.072,-61.4927
2013-07-23,29.4872,-0.1918,0.7015,5.5795,1.1386,15.398,21.6159,244.6019,-61.5666
2013-07-24,29.296,-0.6485,-0.1448,5.3221,2.1093,14.681,21.5858,243.0156,-61.8158
2013-07-25,29.4518,0.5319,0.0481,5.7208,2.3261,14.9758,23.288,244.3082,-61.6127
2013-07-26,29.4164,-0.1202,-0.6459,4.5043,2.2281,14.2753,23.531,244.0144,-61.6589
2013-07-29,29.3526,-0.2168,-0.6474,3.8075,1.6832,13.9346,23.2276,243.4855,-61.742
2013-07-30,29.3243,-0.0965,-0.5525,4.361,1.7837,13.2093,21.1158,243.2506,-61.7789
2013-07-31,29.3172,-0.0242,0.0725,3.5786,1.8586,13.3965,19.7264,243.1918,-61.7881
2013-08-01,29.558,0.8214,0.3607,4.2989,2.32,14.483,20.1028,245.1894,-61.4742
2013-08-02,29.5722,0.048,0.5298,4.558,1.9222,13.6135,20.6999,245.3071,-61.4558
2013-08-05,29.5935,0.0718,0.8205,4.3717,2.743,14.7758,21.4,245.4833,-61.4281
2013-08-06,29.558,-0.1197,0.797,3.2154,1.8486,13.2847,22.2548,245.1894,-61.4742
2013-08-07,29.4164,-0.4792,0.3383,1.9642,1.2377,12.5907,19.6609,244.0144,-61.6589
2013-08-08,29.5722,0.5298,0.048,2.3786,2.4939,12.5836,20.3622,245.3071,-61.4558
2013-08-09,29.4447,-0.4312,-0.4312,0.3621,1.6553,12.1879,20.4839,244.2494,-61.622
2013-08-12,29.3597,-0.2886,-0.7898,0.0483,1.1898,11.8641,19.297,243.5444,-61.7327
2013-08-13,29.381,0.0723,-0.5991,-0.0241,0.0737,12.0647,19.8857,243.7206,-61.705
2013-08-14,29.1756,-0.6991,-0.8187,-0.3628,-1.5931,11.1624,19.0809,242.0167,-61.9728
2013-08-15,28.7081,-1.6023,-2.9222,-2.1487,-2.5918,9.1483,17.2057,238.1388,-62.5821
2013-08-16,28.5381,-0.5922,-3.0791,-3.0558,-3.3072,8.3577,16.0556,236.7286,-62.8037
2013-08-19,28.4106,-0.4467,-3.2328,-4.043,-2.742,6.7946,15.4726,235.671,-62.9698
2013-08-20,28.4177,0.0249,-3.2787,-3.812,-2.8114,7.0184,15.2116,235.7298,-62.9606
2013-08-21,28.1981,-0.7727,-3.3503,-4.3718,-3.3996,5.8565,14.2258,233.9083,-63.2468
2013-08-22,28.3185,0.427,-1.357,-3.3366,-2.5879,5.6972,14.7135,234.9072,-63.0899
2013-08-23,28.4814,0.5753,-0.1985,-3.2949,-2.9437,7.77,16.0849,236.2586,-62.8775
2013-08-26,28.1485,-1.1689,-0.9225,-4.3102,-4.239,6.2569,15.0828,233.497,-63.3114
2013-08-27,27.9998,-0.5284,-1.4706,-4.609,-2.885,4.9189,15.3829,232.2632,-63.5053
2013-08-28,27.7873,-0.7589,-1.4569,-5.2416,-3.2442,4.1773,13.5101,230.5005,-63.7823
2013-08-29,27.9006,0.4079,-1.4757,-4.8321,-1.006,4.2464,13.8132,231.4406,-63.6346
2013-08-30,27.9856,0.3046,-1.7409,-5.3199,-1.7835,3.7766,14.096,232.1456,-63.5238
2013-09-03,27.9643,-0.0759,-0.6542,-5.4372,-1.8823,3.3489,14.2656,231.9694,-63.5515
2013-09-04,28.1414,0.6332,0.5059,-4.9067,-0.0517,4.2461,15.4433,233.4383,-63.3207
2013-09-05,28.0989,-0.151,1.1216,-4.9365,-0.6248,4.0887,15.2364,233.0857,-63.3761
2013-09-06,28.1697,0.2521,0.9647,-4.2379,-1.5989,4.162,14.8468,233.6733,-63.2837
2013-09-09,28.3681,0.704,1.3667,-4.0719,-0.9061,4.7868,15.8502,235.3185,-63.0252
2013-09-10,28.3964,0.0999,1.5451,-3.5603,-0.5627,5.0001,14.5505,235.5535,-62.9883
2013-09-11,28.6018,0.7234,1.6361,-2.5814,0.6527,5.4865,16.3149,237.2575,-62.7206
2013-09-12,28.6089,0.0248,1.815,-2.6278,-0.3588,5.1595,16.4739,237.3162,-62.7113
2013-09-13,28.8427,0.8171,2.3888,-1.141,0.7022,6.4843,17.7883,239.2553,-62.4067
2013-09-16,29.1047,0.9086,2.5968,1.3817,0.7262,7.7878,19.4962,241.4292,-62.0651
2013-09-17,29.2039,0.3407,2.8436,2.3331,0.7015,7.2605,17.8079,242.2517,-61.9358
2013-09-18,29.551,1.1884,3.3184,4.0139,3.9671,7.5072,20.1076,245.1307,-61.4835
2013-09-19,29.4164,-0.4554,2.8225,3.5145,6.717,7.3474,19.2273,244.0144,-61.6589
2013-09-20,29.2104,-0.7003,1.2749,3.59,4.5883,5.6192,17.7361,242.3056,-61.9274
2013-09-23,29.0821,-0.4392,-0.0778,2.6964,4.5532,5.2356,16.895,241.2413,-62.0946
2013-09-24,28.9466,-0.4657,-0.8808,1.6335,3.9075,3.7678,15.711,240.1178,-62.2711
2013-09-25,28.7043,-0.8372,-2.8651,1.9745,1.9745,2.9769,15.2687,238.1075,-62.587
2013-09-26,28.854,0.5215,-1.9119,3.0508,2.0441,3.0975,15.4844,239.3492,-62.3919
2013-09-27,28.6758,-0.6176,-1.8302,3.1976,2.053,2.5124,15.572,237.8709,-62.6242
2013-09-30,28.3693,-1.0689,-2.451,1.6798,0.2295,0.3313,14.3367,235.3284,-63.0237
2013-10-01,28.5404,0.6031,-1.4036,1.9824,0.7079,2.0539,14.6423,236.7476,-62.8007
2013-10-02,28.4762,-0.2248,-0.7946,1.8305,0.6829,1.2892,14.7677,236.2155,-62.8843
2013-10-03,28.3336,-0.5007,-1.8034,0.6831,-0.0715,1.5191,13.4646,235.0328,-63.0701
2013-10-04,28.3764,0.151,-1.0439,0.9876,-0.9107,0.5317,13.5416,235.3877,-63.0144
2013-10-07,28.2837,-0.3266,-0.3015,0.4047,-1.9618,0.3034,12.8269,234.619,-63.1352
2013-10-08,28.2837,0.0,-0.8991,-0.2973,-2.082,-0.442,12.2995,234.619,-63.1352
2013-10-09,28.3051,0.0756,-0.6008,-0.3214,-3.5221,-0.8335,11.9535,234.7963,-63.1073
2013-10-10,28.8326,1.8635,1.761,0.8068,-1.7479,0.6423,14.3843,239.1717,-62.4198
2013-10-11,28.9181,0.2967,1.909,1.0809,-1.599,2.5787,15.8375,239.8814,-62.3083
2013-10-14,29.0393,0.419,2.6714,0.6818,-0.8281,1.1155,16.8089,240.8865,-62.1504
2013-10-15,28.7756,-0.9082,1.7389,-1.1309,-1.9186,1.0639,16.0066,238.6988,-62.4941
2013-10-16,29.2033,1.4863,3.173,-0.0021,-0.7962,2.7692,17.6323,242.2465,-61.9367
2013-10-17,29.5311,1.1227,2.4228,-0.0671,-0.2583,2.3265,18.1619,244.9663,-61.5093
2013-10-18,29.5739,0.1449,2.2677,0.5355,0.1017,2.2255,18.0387,245.3211,-61.4536
2013-10-21,29.5098,-0.2169,1.6201,1.0249,0.0765,1.216,17.2641,244.789,-61.5372
2013-10-22,29.8804,1.256,3.8395,2.7451,1.9949,4.1463,19.394,247.8635,-61.0541
2013-10-23,29.9374,0.1909,2.514,3.4228,1.6489,4.0134,21.0623,248.3367,-60.9797
2013-10-24,29.8804,-0.1905,1.1827,4.0973,1.5774,3.8406,20.764,247.8635,-61.0541
2013-10-25,29.9517,0.2386,1.2774,3.8043,2.0409,3.7585,22.7005,248.4549,-60.9612
2013-10-28,30.3437,1.3089,2.8261,5.8166,3.4764,5.3221,24.3066,251.7069,-60.4502
2013-10-29,30.6075,0.8691,2.4332,7.8895,4.401,6.3413,24.6092,253.8946,-60.1064
2013-10-30,30.3437,-0.8616,1.3571,6.3187,2.6581,5.0398,23.9549,251.7069,-60.4502
2013-10-31,30.1869,-0.5168,1.0258,6.0075,2.0786,4.0408,23.175,250.4061,-60.6546
2013-11-01,30.301,0.3778,1.1661,6.9434,2.3907,5.1993,23.5704,251.3521,-60.5059
2013-11-04,30.3295,0.0941,-0.047,6.8827,2.6099,4.5067,24.4247,251.5886,-60.4688
2013-11-05,30.3865,0.188,-0.7219,7.4345,3.2979,4.5764,24.8714,252.0616,-60.3944
2013-11-06,30.7144,1.079,1.2215,8.5937,3.8623,6.4525,25.2918,254.7815,-59.9671
2013-11-07,30.2653,-1.462,0.2597,6.9253,2.787,4.4884,24.9423,251.0566,-60.5524
2013-11-08,30.415,0.4945,0.3764,5.4883,3.5943,4.8269,26.9393,252.2981,-60.3573
2013-11-11,30.3223,-0.3046,-0.0235,4.8558,3.2041,3.2801,26.5526,251.5295,-60.4781
2013-11-12,30.3722,0.1646,-0.0469,4.5901,4.1017,2.4433,26.7608,251.9435,-60.413
2013-11-13,30.6289,0.8449,-0.2784,6.4405,6.6908,3.9255,27.9057,254.0721,-60.0786
2013-11-14,30.8498,0.7214,1.9312,5.6382,8.1006,4.5255,30.2598,255.9049,-59.7906
2013-11-15,30.8854,0.1155,1.5467,4.586,8.7111,5.7303,30.4485,256.2005,-59.7441
2013-11-18,30.7928,-0.3,1.5515,4.1215,8.358,5.3116,29.2256,255.432,-59.8649
2013-11-19,30.6787,-0.3704,1.0091,3.9613,8.7973,5.0986,26.6852,254.4858,-60.0135
2013-11-20,30.5504,-0.4182,-0.256,2.2424,7.8816,5.0897,25.6882,253.4216,-60.1808
2013-11-21,30.6075,0.1866,-0.7856,2.2381,7.4647,4.3012,25.7437,253.8946,-60.1064
2013-11-22,30.7643,0.5124,-0.3923,2.958,9.2928,4.6599,24.5454,255.1954,-59.902
2013-11-25,30.7144,-0.1622,-0.2547,2.5464,9.6952,6.5305,25.2564,254.7815,-59.9671
2013-11-26,30.6859,-0.0928,0.0233,1.1276,10.4315,6.8488,25.2463,254.5451,-60.0042
2013-11-27,30.7073,0.0697,0.5133,0.3261,10.0595,8.9523,24.1406,254.7225,-59.9764
2013-11-29,30.6574,-0.1625,0.1631,1.0336,9.547,7.5933,23.2831,254.3086,-60.0414
2013-12-02,30.4934,-0.5348,-0.8804,1.0153,9.044,6.9915,22.1815,252.9486,-60.2551
2013-12-03,30.6431,0.4908,-0.2321,1.1291,8.8897,8.8333,23.26,254.1902,-60.06
2013-12-04,30.5718,-0.2326,-0.3717,0.799,8.8007,8.1209,23.2135,253.5989,-60.1529
2013-12-05,30.2938,-0.9093,-1.3464,-0.305,7.5403,5.8209,21.8891,251.293,-60.5152
2013-12-06,30.7073,1.3647,0.1627,-0.0232,8.2458,7.2651,23.415,254.7225,-59.9764
2013-12-09,30.8142,0.3482,1.0519,1.8134,8.5143,7.9038,22.989,255.6093,-59.837
2013-12-10,30.5504,-0.8559,-0.3024,0.4453,6.8129,7.5101,22.0713,253.4216,-60.1808
2013-12-11,30.6003,0.1633,0.0933,0.9168,6.9609,6.5771,22.2031,253.8355,-60.1157
2013-12-12,30.1798,-1.3743,-0.3765,-0.6337,4.6359,5.3707,20.7908,250.347,-60.6639
2013-12-13,30.1299,-0.1653,-1.8803,-1.6291,3.5223,4.2741,20.7919,249.933,-60.7289
2013-12-16,30.1228,-0.0237,-2.2438,-2.3568,3.1464,3.87,20.9649,249.8739,-60.7382
2013-12-17,29.9802,-0.4732,-1.8665,-2.931,1.4526,5.4772,20.1252,248.6914,-60.924
2013-12-18,30.4792,1.6643,-0.396,-1.0185,3.6129,10.5726,22.1583,252.8303,-60.2737
2013-12-19,30.4221,-0.1871,0.803,-0.8364,4.1483,8.927,23.1603,252.3573,-60.348
2013-12-20,30.56,0.4533,1.4276,0.0314,5.082,9.8666,23.0288,253.5012,-60.1683
2013-12-23,30.5313,-0.094,1.3563,-0.2488,5.4744,9.5958,23.9685,253.2628,-60.2057
2013-12-24,30.5744,0.1412,1.982,-0.6172,6.5151,8.6182,24.533,253.6204,-60.1495
2013-12-26,30.6965,0.3993,0.713,-0.0582,6.3856,8.5602,26.1094,254.6331,-59.9904
2013-12-27,30.7683,0.234,1.1379,0.2686,7.2972,9.5,26.1866,255.2289,-59.8968
2013-12-30,30.8473,0.2568,0.9401,0.4561,8.735,8.9845,27.8694,255.8843,-59.7938
2013-12-31,30.8689,0.0698,1.1056,0.6899,8.1586,8.9243,26.3088,256.063,-59.7657
2014-01-02,30.4882,-1.2331,-0.2819,-0.0171,7.0656,7.7967,21.6151,252.9055,-60.2619
2014-01-03,30.4308,-0.1885,-0.8657,-0.6929,7.4016,7.3248,21.6918,252.4289,-60.3367
2014-01-06,30.3158,-0.3777,-1.4706,-0.8373,6.8346,5.8616,20.8938,251.4755,-60.4865
2014-01-07,30.481,0.5449,-1.1875,0.6179,7.7687,5.6545,22.3726,252.8457,-60.2712
2014-01-08,30.2512,-0.7539,-2.0009,-1.4852,6.9562,4.7293,21.7923,250.9394,-60.5708
2014-01-09,30.4092,0.5223,-0.2591,-1.3142,7.4336,3.6496,22.153,252.2501,-60.3648
2014-01-10,30.4523,0.1417,0.0708,-0.3212,5.6176,3.7715,21.6077,252.6075,-60.3087
2014-01-13,30.2799,-0.566,-0.1185,-1.0471,4.7091,3.0348,20.3807,251.1776,-60.5333
2014-01-14,30.4379,0.5218,-0.1414,0.8554,4.8163,3.9483,20.6395,252.4883,-60.3274
2014-01-15,30.4451,0.0236,0.641,1.0462,5.8019,3.772,20.3006,252.5479,-60.318
2014-01-16,30.4523,0.0236,0.1417,1.094,4.277,3.4468,20.4957,252.6075,-60.3087
2014-01-17,30.2153,-0.7783,-0.7783,0.7842,2.3168,2.0524,18.7682,250.6416,-60.6176
2014-01-21,30.3302,0.3803,0.166,-0.4887,2.5573,2.6615,18.7296,251.5947,-60.4678
2014-01-22,30.3302,0.0,-0.354,-0.3022,2.7802,2.8588,18.6971,251.5947,-60.4678
2014-01-23,30.0645,-0.8762,-1.2503,-1.6217,0.616,2.6232,17.6893,249.3903,-60.8142
2014-01-24,29.7915,-0.9078,-2.1698,-2.4229,-0.4873,1.1536,16.3021,247.1264,-61.1699
2014-01-27,29.6694,-0.4098,-1.8066,-2.9598,-0.706,0.8603,15.2584,246.1136,-61.329
2014-01-28,29.8993,0.7746,-1.4208,-2.5971,-0.175,1.8624,16.0564,248.0201,-61.0295
2014-01-29,29.375,-1.7536,-3.1494,-4.5285,-3.1926,0.1728,13.4049,243.6709,-61.7129
2014-01-30,29.4181,0.1467,-2.15,-4.6333,-3.8859,0.344,13.7866,244.0284,-61.6567
2014-01-31,29.2744,-0.4883,-1.7358,-5.1652,-3.524,-0.9595,13.3845,242.8368,-61.8439
2014-02-03,28.6424,-2.159,-3.4616,-6.0542,-5.1165,-3.1442,10.0412,237.5941,-62.6677
2014-02-04,28.7932,0.5266,-3.6993,-5.3812,-4.9759,-2.7041,11.6722,238.8451,-62.4711
2014-02-05,28.8148,0.0749,-1.9071,-4.9514,-4.9941,-2.5146,10.4361,239.024,-62.443
2014-02-06,29.1236,1.0717,-1.001,-4.4533,-4.1561,-0.9953,11.47,241.5857,-62.0405
2014-02-07,29.3965,0.9371,0.4171,-2.8253,-4.2907,-0.5941,11.9147,243.8496,-61.6848
2014-02-10,29.5114,0.3909,3.0341,-2.9523,-2.4909,0.2266,12.4422,244.8029,-61.535
2014-02-11,29.8562,1.1682,3.6917,-1.9575,-1.8373,1.691,13.7557,247.6626,-61.0856
2014-02-12,29.7269,-0.433,3.1655,-1.8264,-1.9637,1.1774,13.3842,246.5902,-61.2541
2014-02-13,29.8777,0.5074,2.5894,-1.8405,-1.6282,2.4067,13.8378,247.8413,-61.0576
2014-02-14,30.0501,0.5769,2.2233,-1.2974,-1.8896,4.6748,14.2507,249.2712,-60.8329
2014-02-18,29.8777,-0.5736,1.2412,-1.8868,-3.151,4.6943,13.4443,247.8413,-61.0576
2014-02-19,29.8131,-0.2164,-0.1444,-1.3312,-3.4721,4.9366,12.0666,247.3051,-61.1418
2014-02-20,29.9424,0.4337,0.7248,-1.2787,-2.7618,5.3654,12.7603,248.3775,-60.9733
2014-02-21,29.8777,-0.2159,0.0,-1.4918,-2.6109,5.9566,12.162,247.8413,-61.0576
2014-02-24,29.9855,0.3606,-0.2151,-0.2627,-1.8493,5.8865,11.9191,248.7351,-60.9171
2014-02-25,30.1004,0.3832,0.7452,1.0366,-1.6567,5.6843,13.896,249.6882,-60.7674
2014-02-26,30.0717,-0.0954,0.8673,1.3557,-2.2514,6.8322,13.5167,249.45,-60.8048
2014-02-27,30.2081,0.4537,0.8875,1.0329,-1.6483,7.887,13.1939,250.5819,-60.627
2014-02-28,30.4164,0.6895,1.8029,3.5453,-0.8782,9.4617,14.0342,252.3097,-60.3555
2014-03-03,30.2512,-0.5431,0.8862,2.8321,-1.4852,8.425,13.0291,250.9394,-60.5708
2014-03-04,30.6606,1.3533,1.8612,4.7351,0.0105,9.5586,13.6961,254.3354,-60.0372
2014-03-05,30.56,-0.328,1.624,6.6951,0.2184,9.2822,12.9419,253.5012,-60.1683
2014-03-06,30.5528,-0.0235,1.1412,6.1113,-0.2945,8.569,13.179,253.4416,-60.1776
2014-03-07,30.639,0.2821,0.732,6.331,0.2199,9.0399,13.4983,254.1565,-60.0653
2014-03-10,30.6678,0.0938,1.377,5.3021,1.2344,8.8677,13.3988,254.3948,-60.0278
2014-03-11,30.6534,-0.0468,-0.0235,4.2756,-0.1754,8.056,13.2284,254.2757,-60.0466
2014-03-12,30.718,0.2109,0.517,4.0886,-0.3119,8.1758,13.5847,254.8119,-59.9623
2014-03-13,30.5672,-0.491,0.047,2.3815,0.0549,6.8716,12.735,253.5608,-60.1589
2014-03-14,30.5816,0.047,-0.1875,2.8751,-0.0613,6.8954,12.4106,253.68,-60.1402
2014-03-17,30.7611,0.5871,0.3045,2.9567,1.9263,6.6515,13.5671,255.1693,-59.9061
2014-03-18,30.8258,0.2101,0.5623,2.5812,2.3096,5.9132,14.1616,255.7055,-59.8219
2014-03-19,30.5887,-0.7689,-0.4209,2.3798,1.547,4.7421,12.3469,253.7394,-60.1308
2014-03-20,30.6965,0.3522,0.4229,2.9631,2.3892,3.8765,11.6747,254.6331,-59.9904
2014-03-21,30.6792,-0.0564,0.3191,2.4607,0.6562,4.2928,11.9556,254.4894,-60.013
2014-03-24,30.6503,-0.0941,-0.3603,2.5858,0.75,4.9295,10.8257,254.25,-60.0506
2014-03-25,30.8741,0.7301,0.1567,2.9635,1.0276,6.1618,11.7201,256.1062,-59.7589
2014-03-26,30.8019,-0.2338,0.6968,2.3306,0.8862,6.4091,10.4184,255.5073,-59.853
2014-03-27,30.7802,-0.0703,0.2728,2.3563,0.6732,7.2322,10.4244,255.3278,-59.8812
2014-03-28,30.8596,0.2579,0.5882,2.1568,0.5315,6.951,10.2639,255.9864,-59.7778
2014-03-31,31.0834,0.7251,1.413,2.1929,1.0241,8.396,11.1194,257.8427,-59.4861
2014-04-01,31.0329,-0.1625,0.5144,2.5839,0.6015,9.389,9.7515,257.4235,-59.552
2014-04-02,31.069,0.1163,0.8671,1.3319,0.6482,8.8597,11.0956,257.7228,-59.5049
2014-04-03,31.1051,0.1162,1.0553,1.7835,2.0232,9.2317,10.64,258.0223,-59.4579
2014-04-04,31.004,-0.3249,0.4678,1.4766,1.8838,9.4248,11.087,257.184,-59.5896
2014-04-07,31.0329,0.0931,-0.1625,1.2854,2.3652,9.3615,9.943,257.4235,-59.552
2014-04-08,31.1917,0.5118,0.5118,1.7084,2.3315,10.2813,10.6159,258.7409,-59.345
2014-04-09,31.3288,0.4397,0.8365,2.2035,3.5623,10.7662,10.2767,259.8786,-59.1662
2014-04-10,31.0184,-0.9908,-0.2785,0.9779,2.0035,9.586,8.6726,257.3038,-59.5708
2014-04-11,30.8596,-0.512,-0.4657,0.9566,1.3376,7.0304,7.7179,255.9864,-59.7778
2014-04-14,31.1051,0.7953,0.2326,1.7117,2.725,7.5625,10.3362,258.0223,-59.4579
2014-04-15,31.1845,0.2553,-0.0231,1.3762,2.4527,7.3871,8.585,258.6811,-59.3544
2014-04-16,31.4877,0.9722,0.5069,2.1472,3.4244,9.4249,10.5891,261.196,-58.9592
2014-04-17,31.4949,0.0229,1.5359,2.9623,3.4236,7.8471,10.8336,261.2558,-58.9498
2014-04-21,31.5093,0.0459,2.1053,2.648,4.2827,6.6986,9.181,261.3757,-58.931
2014-04-22,31.4949,-0.0459,1.2532,2.6588,3.84,6.4954,8.8655,261.2558,-58.9498
2014-04-23,31.4444,-0.1604,0.8333,2.5907,3.6734,6.5557,7.8515,260.8368,-59.0156
2014-04-24,31.567,0.3902,0.2521,2.2445,4.9979,5.6447,10.025,261.8546,-58.8557
2014-04-25,31.6104,0.1372,0.3667,2.6248,6.1052,5.5881,9.8258,262.2139,-58.7993
2014-04-28,31.9713,1.1418,1.4662,3.8696,7.7584,6.9976,11.107,265.208,-58.3288
2014-04-29,31.8341,-0.429,1.0772,3.1579,6.4713,6.285,10.2797,264.0702,-58.5076
2014-04-30,31.9352,0.3175,1.561,2.7404,8.7157,5.2448,10.846,264.9085,-58.3759
2014-05-01,31.9063,-0.0904,1.0748,2.8146,8.4583,4.2437,10.8541,264.669,-58.4135
2014-05-02,31.9063,0.0,0.9363,2.6952,8.9905,5.1497,10.449,264.669,-58.4135
2014-05-05,31.8341,-0.2262,-0.429,2.3439,11.1434,5.4567,9.718,264.0702,-58.5076
2014-05-06,31.632,-0.6349,-0.6349,2.0256,9.8593,4.3928,9.8205,262.3935,-58.771
2014-05-07,31.9352,0.9585,0.0,2.9077,10.8293,5.2943,10.0396,264.9085,-58.3759
2014-05-08,31.9785,0.1356,0.2263,2.5226,9.8028,5.2393,10.0554,265.2678,-58.3194
2014-05-09,32.1301,0.4741,0.7014,2.5576,9.2991,4.6094,11.3593,266.5253,-58.1218
2014-05-12,32.159,0.0899,1.0204,3.677,8.9713,6.2569,11.0261,266.7648,-58.0842
2014-05-13,32.2239,0.202,1.8713,4.4211,7.9306,5.9476,11.0615,267.3037,-57.9995
2014-05-14,32.0507,-0.5376,0.3617,3.0402,7.8172,5.7,9.167,265.8666,-58.2253
2014-05-15,31.7692,-0.8784,-0.6546,1.875,6.3307,4.5994,7.155,263.5313,-58.5923
2014-05-16,31.9641,0.6135,-0.5168,1.5131,6.3693,4.3594,8.456,265.148,-58.3382
2014-05-19,31.8991,-0.2032,-0.8081,1.2836,6.7656,3.4014,8.0808,264.6092,-58.4229
2014-05-20,31.7836,-0.3621,-1.3665,0.8705,6.6096,2.9081,8.805,263.651,-58.5735
2014-05-21,31.9641,0.5678,-0.2703,1.4898,6.752,3.8038,9.3174,265.148,-58.3382
2014-05-22,31.9135,-0.1581,0.4544,1.4922,6.8139,4.025,9.3288,264.7289,-58.4041
2014-05-23,31.9641,0.1583,0.0,1.2577,6.5986,4.6272,9.9525,265.148,-58.3382
2014-05-27,32.0507,0.271,0.4752,1.393,6.4795,4.7154,9.2194,265.8666,-58.2253
2014-05-28,32.0074,-0.1352,0.7041,0.1128,6.4371,4.0408,8.8889,265.5073,-58.2818
2014-05-29,32.26,0.7894,0.9259,1.3379,6.7927,5.0324,11.8915,267.6031,-57.9525
2014-05-30,32.5127,0.7832,1.8774,1.8083,6.892,5.9533,13.2099,269.6989,-57.6232
2014-06-02,32.4333,-0.2442,1.468,1.6516,7.2132,5.6209,15.0765,269.0403,-57.7267
2014-06-03,32.3178,-0.3561,0.8333,1.2896,5.405,5.4161,13.4206,268.0822,-57.8772
2014-06-04,32.4333,0.3574,1.3307,1.8821,6.1298,6.3616,13.7979,269.0403,-57.7267
2014-06-05,32.5632,0.4006,0.9398,2.9439,6.58,6.2661,15.653,270.1181,-57.5573
2014-06-06,32.6498,0.266,0.4219,2.2378,6.5629,6.7972,15.4701,270.8366,-57.4444
2014-06-09,32.5993,-0.1548,0.5119,1.9413,6.2983,7.6104,13.8743,270.4175,-57.5103
2014-06-10,32.5993,0.0,0.8711,1.4603,6.3481,6.1616,13.8743,270.4175,-57.5103
2014-06-11,32.5127,-0.2657,0.2448,1.0999,5.8423,5.5122,13.8516,269.6989,-57.6232
2014-06-12,32.2817,-0.7105,-0.8645,0.1792,5.6089,5.6669,13.6026,267.7828,-57.9242
2014-06-13,32.2745,-0.0224,-1.1497,0.6982,5.5357,5.471,12.408,267.7229,-57.9336
2014-06-16,32.3972,0.3802,-0.62,1.9768,5.3186,7.3473,13.1126,268.7408,-57.7737
2014-06-17,32.3972,0.0,-0.62,1.355,5.0978,7.5251,12.1209,268.7408,-57.7737
2014-06-18,32.7798,1.181,0.8215,2.7608,7.1629,8.8207,13.0321,271.9145,-57.275
2014-06-19,32.9675,0.5725,2.1243,3.7248,7.3982,9.9642,15.9871,273.4714,-57.0304
2014-06-20,32.8664,-0.3065,1.8341,2.823,7.1295,7.8325,19.2332,272.6333,-57.1621
2014-06-23,32.6847,-0.5528,0.8875,2.4165,6.6376,7.4374,17.0283,271.126,-57.3989
2014-06-24,32.5685,-0.3558,0.5286,1.8908,5.488,6.5721,17.0871,270.1614,-57.5505
2014-06-25,32.5176,-0.1562,-0.7999,1.4566,5.5701,6.5057,16.7258,269.7394,-57.6168
2014-06-26,32.4013,-0.3576,-1.7174,1.2307,5.2665,5.9752,15.1084,268.7748,-57.7684
2014-06-27,32.4594,0.1794,-1.2384,0.618,5.1841,5.7431,14.795,269.257,-57.6926
2014-06-30,32.4304,-0.0896,-0.7783,-0.2532,4.3334,5.4018,15.415,269.0159,-57.7305
2014-07-01,32.503,0.2241,-0.2009,0.215,4.7374,5.3675,14.8342,269.6188,-57.6357
2014-07-02,32.5903,0.2683,0.2235,0.8431,4.8965,5.5765,14.9984,270.3423,-57.5221
2014-07-03,32.772,0.5575,1.144,1.0442,5.3589,7.4906,15.8713,271.8495,-57.2852
2014-07-07,32.8228,0.1552,1.1196,0.7972,5.8664,7.8607,15.7613,272.2716,-57.2189
2014-07-08,32.7574,-0.1993,1.0085,0.3294,5.5571,8.0538,14.3875,271.7289,-57.3042
2014-07-09,32.9028,0.4438,1.2299,0.9309,5.4858,7.9452,14.0489,272.9348,-57.1147
2014-07-10,32.8519,-0.1547,0.8028,0.7748,4.8615,8.597,13.7329,272.5127,-57.181
2014-07-11,32.8955,0.1327,0.377,1.1775,6.0515,8.1762,12.1242,272.8745,-57.1242
2014-07-14,33.0118,0.3535,0.5757,2.2616,6.9741,8.405,12.4934,273.839,-56.9726
2014-07-15,32.7211,-0.8807,-0.1109,1.3837,5.1953,8.0619,11.3414,271.4274,-57.3516
2014-07-16,32.7283,0.0222,-0.5302,1.0221,4.9508,7.5249,11.7703,271.4878,-57.3421
2014-07-17,32.5248,-0.6218,-0.9955,0.394,3.294,6.8311,10.8608,269.7997,-57.6073
2014-07-18,32.8519,1.0056,-0.1326,0.22,4.3088,7.8799,11.5983,272.5127,-57.181
2014-07-21,32.6993,-0.4646,-0.9467,-0.8135,3.7766,8.2209,10.4421,271.2467,-57.38
2014-07-22,32.6411,-0.1778,-0.2443,-0.6855,3.6395,7.6192,10.4835,270.7643,-57.4558
2014-07-23,32.5975,-0.1336,-0.3997,-0.2668,3.6673,7.4755,10.548,270.4026,-57.5126
2014-07-24,32.6847,0.2676,0.4916,0.357,3.5407,8.7156,11.5673,271.126,-57.3989
2014-07-25,32.5539,-0.4002,-0.907,0.1118,2.985,9.2724,10.5329,270.0409,-57.5694
2014-07-28,32.3867,-0.5136,-0.9558,-0.0449,1.2994,9.1586,10.0976,268.6541,-57.7873
2014-07-29,32.2414,-0.4488,-1.2246,-0.6717,1.2793,7.8333,9.8416,267.4483,-57.9768
2014-07-30,31.8998,-1.0595,-2.1405,-1.636,-0.1109,8.5951,8.7828,264.6147,-58.422
2014-07-31,31.3547,-1.7089,-4.0694,-3.5331,-1.729,6.583,6.9497,260.0929,-59.1325
2014-08-01,31.5945,0.765,-2.9471,-3.0553,-0.9773,7.9253,6.8898,262.0825,-58.8199
2014-08-04,31.6963,0.3221,-2.1319,-3.2823,-0.433,10.6621,7.1826,262.9266,-58.6873
2014-08-05,31.5582,-0.4357,-2.119,-3.8529,-0.2334,9.6029,6.6391,261.7811,-58.8673
2014-08-06,31.8271,0.8521,-0.2278,-2.84,-0.3385,10.4541,7.6767,264.0118,-58.5168
2014-08-07,31.5655,-0.8221,0.6723,-4.0645,-1.2917,8.3845,7.3057,261.8414,-58.8578
2014-08-08,31.8852,1.0131,0.9202,-2.9425,-0.7621,8.4661,7.8216,264.4941,-58.441
2014-08-11,32.1106,0.7066,1.307,-2.3862,-0.1506,8.8072,9.0537,266.3631,-58.1473
2014-08-12,32.0888,-0.0679,1.6812,-2.7961,-0.4195,7.4778,9.2952,266.1823,-58.1757
2014-08-13,32.1832,0.2944,1.119,-1.6437,0.4135,8.263,9.5377,266.966,-58.0526
2014-08-14,32.3141,0.4065,2.3716,-1.2658,1.7151,8.1544,10.7574,268.0513,-57.8821
2014-08-15,32.3577,0.1349,1.4816,-0.514,1.2314,7.6791,12.7128,268.4129,-57.8252
2014-08-18,32.5466,0.584,1.3581,-0.9292,2.0299,8.9328,14.0464,269.9805,-57.5789
2014-08-19,32.6339,0.268,1.6988,-0.2,2.6752,9.4616,14.8652,270.7041,-57.4652
2014-08-20,32.6121,-0.0669,1.3324,-0.0891,2.0272,8.9161,14.7598,270.5231,-57.4937
2014-08-21,32.6702,0.1783,1.1021,0.223,2.371,9.3464,15.8597,271.0055,-57.4179
2014-08-22,32.5903,-0.2447,0.7188,-0.2891,1.959,8.6869,15.0847,270.3423,-57.5221
2014-08-25,32.772,0.5575,0.6923,0.6698,2.2503,8.8756,15.0644,271.8495,-57.2852
2014-08-26,32.7502,-0.0665,0.3563,1.1221,2.3206,8.907,16.3478,271.6687,-57.3137
2014-08-27,32.7647,0.0444,0.468,1.6231,1.5643,8.4633,17.0178,271.7893,-57.2947
2014-08-28,32.7792,0.0443,0.3337,2.7569,0.8198,7.7683,17.965,271.9098,-57.2758
2014-08-29,32.801,0.0666,0.6467,4.6129,1.1338,8.4289,17.564,272.0908,-57.2473
2014-09-02,32.8156,0.0443,0.133,3.8647,1.5402,7.0284,17.2588,272.2112,-57.2284
2014-09-03,32.8374,0.0665,0.2663,3.6001,1.2459,7.452,17.4259,272.3921,-57.2
2014-09-04,32.9391,0.3099,0.5324,4.3759,1.1544,7.8103,17.0486,273.2363,-57.0674
2014-09-05,33.1281,0.5736,1.0643,4.0876,1.4647,8.1238,17.8981,274.8037,-56.8211
2014-09-08,32.881,-0.7459,0.2437,4.1676,0.864,7.2168,16.7245,272.7539,-57.1431
2014-09-09,32.801,-0.2431,-0.0443,2.8722,0.6188,7.0062,15.6266,272.0908,-57.2473
2014-09-10,32.9609,0.4874,0.3763,2.6482,1.3786,7.3015,16.0743,273.417,-57.0389
2014-09-11,32.9755,0.0441,0.1103,2.7633,2.1491,7.8785,15.2915,273.5376,-57.02
2014-09-12,32.7429,-0.7053,-1.1627,1.7389,1.4513,7.0673,14.45,271.6084,-57.3231
2014-09-15,32.9028,0.4884,0.0663,1.8219,1.5606,6.9622,14.0768,272.9348,-57.1147
2014-09-16,33.1499,0.751,1.0636,2.4484,2.3234,7.5396,13.8987,274.9847,-56.7926
2014-09-17,33.0772,-0.2193,0.3528,1.6302,0.9074,8.1353,13.2631,274.3818,-56.8874
2014-09-18,33.1426,0.1978,0.507,1.559,0.5313,7.9688,12.1542,274.9244,-56.8021
2014-09-19,33.2282,0.2582,1.4822,1.8894,1.1007,8.3087,12.9582,275.6343,-56.6906
2014-09-22,33.1697,-0.1761,0.8112,1.5288,1.4837,8.2198,13.5545,275.1488,-56.7668
2014-09-23,32.8771,-0.882,-0.8229,0.8802,0.9478,6.4878,13.0494,272.7219,-57.1482
2014-09-24,33.3014,1.2903,0.6776,1.6154,2.4103,8.1147,15.0439,276.241,-56.5952
2014-09-25,32.8625,-1.3178,-0.8453,0.343,1.4234,6.765,14.4864,272.6006,-57.1672
2014-09-26,32.9868,0.3783,-0.7264,0.678,1.6248,6.8932,14.3233,273.632,-57.0052
2014-09-29,32.9795,-0.0222,-0.5733,0.6111,1.6934,6.1001,15.0083,273.5713,-57.0147
2014-09-30,32.9942,0.0444,0.356,0.5888,1.511,6.32,16.3024,273.6927,-56.9956
2014-10-01,32.7894,-0.6207,-1.5375,-0.0799,0.6109,5.5373,14.8877,271.9938,-57.2626
2014-10-02,32.8479,0.1784,-0.0445,0.032,0.2316,5.603,15.3519,272.4792,-57.1863
2014-10-03,33.2355,1.1802,0.7539,0.8998,1.2573,7.1975,17.3006,275.6949,-56.681
2014-10-06,33.2501,0.044,0.8206,0.3685,1.5042,7.1449,17.1753,275.8162,-56.662
2014-10-07,33.0527,-0.5939,0.1773,0.5221,0.4555,5.9662,16.861,274.178,-56.9194
2014-10-08,33.5354,1.4605,2.2753,2.2389,2.0805,7.0432,18.5678,278.1825,-56.2902
2014-10-09,33.199,-1.0033,1.0688,0.7222,0.9224,7.0297,17.2896,275.3916,-56.7287
2014-10-10,33.3599,0.4847,0.3741,1.1657,1.0544,8.102,15.702,276.7264,-56.519
2014-10-13,32.8991,-1.3813,-1.0559,0.477,0.544,5.7676,13.7662,272.904,-57.1196
2014-10-14,32.8844,-0.0445,-0.5089,-0.0558,0.477,5.4513,13.2411,272.7826,-57.1386
2014-10-15,32.4895,-1.2011,-3.1189,-1.9923,-0.1088,3.1816,12.9064,269.5063,-57.6534
2014-10-16,32.2481,-0.7429,-2.8641,-2.5066,-1.8379,2.3917,10.4264,267.5042,-57.968
2014-10-17,32.6431,1.2247,-2.1487,-1.5073,-0.1719,3.5982,10.5378,270.7804,-57.4532
2014-10-20,33.1112,1.434,0.6447,-0.3522,1.4401,5.132,11.9608,274.6635,-56.8431
2014-10-21,33.2501,0.4197,1.1121,0.2426,2.0021,5.7428,12.6751,275.8162,-56.662
2014-10-22,33.3233,0.22,2.5665,1.3571,1.9537,5.5636,11.5223,276.4231,-56.5666
2014-10-23,33.3014,-0.0659,3.266,0.0,2.296,5.3495,11.2365,276.241,-56.5952
2014-10-24,33.5793,0.8346,2.8681,2.1812,3.6822,5.0295,12.379,278.5466,-56.233
2014-10-27,33.6597,0.2395,1.6567,2.0399,4.3991,5.7347,12.3801,279.2138,-56.1281
2014-10-28,33.7914,0.3912,1.6278,2.4618,5.9298,5.8124,11.362,280.306,-55.9565
2014-10-29,33.7329,-0.1732,1.2291,2.239,7.5849,5.7247,10.2113,279.8206,-56.0328
2014-10-30,33.945,0.6288,1.9328,3.5245,7.4395,6.3895,11.8683,281.5801,-55.7563
2014-10-31,34.1644,0.6464,1.7425,4.0081,7.7868,7.3201,13.1762,283.4003,-55.4703
2014-11-03,34.2961,0.3854,1.8905,3.191,8.6757,8.422,13.1848,284.4924,-55.2987
2014-11-04,34.4789,0.5331,2.0346,3.6955,8.3319,7.9652,13.6812,286.0091,-55.0604
2014-11-05,34.7203,0.7001,2.9271,5.0454,9.9946,8.5738,14.2623,288.0114,-54.7458
2014-11-06,34.7934,0.2106,2.4994,3.7513,9.1208,8.2892,13.2806,288.6181,-54.6505
2014-11-07,34.9178,0.3574,2.2051,5.1773,8.7424,8.5786,15.3722,289.6495,-54.4884
2014-11-10,35.0714,0.4399,2.2606,5.1305,9.2949,8.8364,15.3095,290.9237,-54.2882
2014-11-11,35.0056,-0.1877,1.5274,6.4029,8.7695,9.2193,15.4448,290.3776,-54.374
2014-11-12,35.0056,0.0,0.8216,6.4502,8.3291,10.1871,15.2551,290.3776,-54.374
2014-11-13,35.1299,0.3552,0.967,8.127,8.5674,9.9043,14.6954,291.409,-54.2119
2014-11-14,34.9324,-0.5622,0.0419,8.3239,7.3303,9.509,13.2338,289.7709,-54.4693
2014-11-17,35.1665,0.67,0.2711,7.7302,7.7606,10.6434,13.861,291.7124,-54.1643
2014-11-18,35.2981,0.3744,0.8357,6.6048,8.2364,10.4305,14.6311,292.8044,-53.9927
2014-11-19,35.4444,0.4144,1.2536,6.5992,8.4915,11.0638,15.5341,294.0179,-53.802
2014-11-20,35.2908,-0.4334,0.458,5.9042,8.2863,10.4077,15.5165,292.7437,-54.0022
2014-11-21,35.4371,0.4145,1.4447,6.4133,8.1323,10.5657,15.7793,293.9573,-53.8115
2014-11-24,35.4151,-0.0619,0.7072,5.4672,8.1373,10.6468,15.1177,293.7752,-53.8401
2014-11-25,35.4444,0.0826,0.4144,5.3021,8.1786,9.8709,15.4,294.0179,-53.802
2014-11-26,35.6053,0.454,0.454,5.368,8.6216,9.512,16.0316,295.3527,-53.5923
2014-11-28,36.0588,1.2736,2.1762,6.8951,9.9319,11.1783,17.4276,299.1144,-53.0012
2014-12-01,35.8247,-0.6491,1.0939,5.5376,9.17,10.8514,16.8552,297.1729,-53.3063
2014-12-02,35.9491,0.3471,1.5077,5.2238,9.4761,10.8401,17.8913,298.2044,-53.1442
2014-12-03,35.6931,-0.7122,0.7016,4.0733,8.3607,9.6116,16.48,296.0807,-53.4779
2014-12-04,35.6638,-0.082,0.1643,3.4366,7.6543,9.2312,16.6559,295.8381,-53.516
2014-12-05,35.7296,0.1846,-0.9128,2.9071,8.6636,9.6024,17.9437,296.3841,-53.4302
2014-12-08,35.6565,-0.2047,-0.4696,2.4806,8.7054,9.3781,16.1175,295.7774,-53.5255
2014-12-09,35.5395,-0.3282,-1.1394,1.7805,7.8231,9.3096,15.3349,294.8066,-53.6781
2014-12-10,35.203,-0.9467,-1.3729,0.3754,6.7552,9.0495,15.2292,292.0158,-54.1166
2014-12-11,35.4956,0.8311,-0.4717,1.3999,8.407,9.9803,15.9974,294.4426,-53.7353
2014-12-12,35.0421,-1.2775,-1.9242,0.1045,6.502,8.1641,16.1112,290.681,-54.3263
2014-12-15,34.8081,-0.668,-2.3795,-0.9161,5.002,7.4416,15.5267,288.7394,-54.6314
2014-12-16,34.6764,-0.3782,-2.4285,-0.7328,4.8347,5.7859,15.117,287.6474,-54.803
2014-12-17,35.1811,1.4554,-0.0624,0.0416,6.1505,6.7145,17.3477,291.8337,-54.1452
2014-12-18,35.854,1.9127,1.0097,1.5748,7.9022,9.0899,17.6344,297.4155,-53.2682
2014-12-19,35.8172,-0.1027,2.2117,1.0517,7.9816,9.5837,17.7339,297.11,-53.3162
2014-12-22,36.1634,0.9667,3.8938,2.4726,9.9956,11.0381,18.3356,299.9821,-52.8649
2014-12-23,36.4139,0.6926,5.0105,2.7564,9.3465,11.9821,19.2674,302.0599,-52.5384
2014-12-24,36.377,-0.1012,3.3994,2.716,10.6946,12.2703,18.9787,301.7542,-52.5864
2014-12-26,36.436,0.162,1.6232,2.7975,10.4561,12.2508,18.6975,302.2431,-52.5096
2014-12-29,36.3255,-0.3032,1.4192,2.0226,10.1455,12.0107,18.0613,301.3266,-52.6536
2014-12-30,36.1634,-0.4462,0.0,0.2901,9.6055,11.2616,17.2335,299.9821,-52.8649
2014-12-31,35.7214,-1.2223,-1.9017,-0.2885,8.942,9.6075,15.7198,296.3156,-53.441
2015-01-02,35.6183,-0.2887,-2.0858,-0.9203,8.434,8.6852,16.8263,295.4601,-53.5754
2015-01-05,35.3678,-0.7032,-2.9317,-0.9114,6.4156,7.7536,16.2238,293.3824,-53.9019
2015-01-06,35.3236,-0.1249,-2.758,-0.954,6.2359,7.8339,16.5186,293.0158,-53.9595
2015-01-07,35.9277,1.7101,-0.6518,0.5542,8.6983,9.1934,17.869,298.0267,-53.1721
2015-01-08,36.4728,1.5173,2.1035,2.2893,8.7591,11.0218,20.5664,302.5487,-52.4616
2015-01-09,36.1781,-0.8079,1.5719,1.797,8.9737,9.9789,18.9709,300.1043,-52.8457
2015-01-12,36.0676,-0.3055,1.9787,2.456,8.1168,9.2567,18.4397,299.1876,-52.9897
2015-01-13,36.0603,-0.0204,2.0855,1.5908,9.6088,10.205,19.0897,299.1267,-52.9993
2015-01-14,35.9498,-0.3065,0.0615,2.5901,9.3215,9.8429,18.1084,298.2099,-53.1433
2015-01-15,36.0087,0.164,-1.2724,3.4493,10.8319,10.7113,18.2742,298.6989,-53.0665
2015-01-16,36.296,0.7979,0.3258,4.6706,12.5523,10.4837,19.1897,301.0821,-52.692
2015-01-20,36.4433,0.4059,1.0417,3.5879,11.6418,11.4499,20.6122,302.3042,-52.5
2015-01-21,36.6201,0.4851,1.5526,2.1369,10.5975,12.1902,20.7382,303.7708,-52.2696
2015-01-22,36.9885,1.0058,2.8893,3.2702,11.243,13.4702,21.9526,306.8263,-51.7895
2015-01-23,36.5759,-1.1153,1.5753,1.1408,9.7608,11.9052,21.6584,303.4042,-52.3272
2015-01-26,36.5759,0.0,0.7713,0.445,9.8332,12.3549,22.7729,303.4042,-52.3272
2015-01-27,36.156,-1.148,-0.7883,-0.6075,7.6736,11.6384,21.8629,299.921,-52.8745
2015-01-28,35.7361,-1.1614,-2.414,-1.9207,6.1687,10.8393,19.5217,296.4378,-53.4218
2015-01-29,36.0234,0.804,-2.609,-0.8315,6.6053,12.9268,22.633,298.821,-53.0473
2015-01-30,35.3751,-1.7996,-3.283,-2.1797,4.8684,12.8226,20.2497,293.4434,-53.8923
2015-02-02,35.7951,1.187,-2.135,0.2062,5.4501,13.2951,22.2742,296.9267,-53.345
2015-02-03,36.1118,0.8849,-0.1223,1.3857,5.7001,13.9308,26.0782,299.5543,-52.9321
2015-02-04,36.1266,0.0408,1.0926,2.1454,5.3373,14.476,25.469,299.6767,-52.9129
2015-02-05,36.3107,0.5098,0.7975,2.7945,5.3128,14.0874,26.0143,301.2043,-52.6728
2015-02-06,36.1487,-0.4464,2.1866,0.6151,4.1139,14.5197,24.1215,299.8598,-52.8841
2015-02-09,35.8761,-0.754,0.2264,-1.636,3.1117,12.5163,22.042,297.5989,-53.2393
2015-02-10,36.296,1.1704,0.51,0.3258,3.947,13.0345,22.9896,301.0821,-52.692
2015-02-11,36.4654,0.4668,0.938,1.103,3.9749,13.6393,22.137,302.4876,-52.4712
2015-02-12,36.6349,0.4646,0.8926,1.5934,4.6544,13.8321,23.238,303.893,-52.2504
2015-02-13,36.4654,-0.4625,0.8763,1.4345,4.1704,12.8469,22.0489,302.4876,-52.4712
2015-02-17,36.4728,0.0202,1.6632,1.2888,3.8227,12.7176,21.3733,302.5487,-52.4616
2015-02-18,36.6717,0.5454,1.0351,1.0351,4.979,12.6743,22.7393,304.1986,-52.2023
2015-02-19,36.436,-0.6429,-0.0808,-0.0202,3.61,11.6507,22.2147,302.2431,-52.5096
2015-02-20,36.5391,0.2831,-0.2614,-0.2213,3.5158,12.0417,22.0315,303.0987,-52.3752
2015-02-23,36.6422,0.2822,0.4848,-0.936,3.3795,12.1579,22.6406,303.9542,-52.2407
2015-02-24,36.7675,0.3418,0.8079,0.5237,4.1843,12.8174,22.6176,304.993,-52.0775
2015-02-25,36.6422,-0.3406,-0.0803,0.1813,3.4008,11.8097,21.7335,303.9542,-52.2407
2015-02-26,36.6938,0.1407,0.7077,1.4874,3.6105,12.0416,22.0212,304.382,-52.1735
2015-02-27,36.8411,0.4015,0.8266,3.0922,3.9407,12.4416,21.9578,305.6041,-51.9815
2015-03-02,36.9074,0.1799,0.7237,2.454,3.6571,12.594,21.3406,306.1541,-51.8951
2015-03-03,36.7675,-0.3792,0.0,3.9359,1.9653,12.0924,21.5405,304.993,-52.0775
2015-03-04,36.5096,-0.7013,-0.3619,1.9963,1.9118,11.257,19.0767,302.8542,-52.4136
2015-03-05,36.6349,0.343,-0.1606,1.4484,1.9076,11.5645,19.8783,303.893,-52.2504
2015-03-06,35.9203,-1.9505,-2.4995,-0.571,0.6366,9.0505,17.5677,297.9655,-53.1817
2015-03-09,36.1192,0.5537,-2.1357,-0.5275,1.2769,9.0289,17.8862,299.6155,-52.9225
2015-03-10,35.6035,-1.4277,-3.1657,-1.508,-0.353,8.28,16.0943,295.3379,-53.5946
2015-03-11,35.3309,-0.7656,-3.2284,-1.5195,-0.913,7.7129,15.2595,293.0768,-53.9499
2015-03-12,35.8466,1.4595,-2.1516,-1.2381,0.8642,8.7549,16.6956,297.3544,-53.2778
2015-03-13,35.5667,-0.7809,-0.9844,-2.4647,1.033,7.858,16.3557,295.0323,-53.6426
2015-03-16,36.0013,1.2221,-0.3263,-1.7293,1.4248,9.9516,17.7222,298.6378,-53.0761
2015-03-17,35.7435,-0.7162,0.3931,-1.9798,2.0015,8.6336,16.1969,296.4989,-53.4122
2015-03-18,35.9866,0.6801,1.8557,-1.3331,3.3858,8.5571,16.7419,298.5155,-53.0953
2015-03-19,35.8245,-0.4504,-0.0616,-2.3102,3.3109,8.3057,17.1166,297.1711,-53.3066
2015-03-20,36.2737,1.2538,1.9878,-0.4454,3.1057,9.4472,18.1688,300.897,-52.7211
2015-03-23,36.333,0.1634,0.9212,-0.5641,1.3359,9.3437,18.4288,301.3888,-52.6438
2015-03-24,36.1255,-0.5711,1.0686,-1.4103,0.8608,8.911,17.8633,299.6674,-52.9143
2015-03-25,36.0365,-0.2462,0.1387,-1.9881,-0.3509,9.6097,16.7209,298.9296,-53.0303
2015-03-26,35.8809,-0.4319,0.1573,-2.0779,-1.4638,7.7459,16.4892,297.6384,-53.2331
2015-03-27,36.1032,0.6197,-0.4699,-1.6095,-0.7527,9.8614,17.2935,299.4829,-52.9433
2015-03-30,36.4664,1.006,0.3672,-1.0172,0.0835,10.5483,18.1686,302.4956,-52.4699
2015-03-31,36.1255,-0.9349,0.0,-2.1188,-0.5506,9.539,16.221,299.6674,-52.9143
2015-04-01,36.1699,0.1231,0.3702,-1.6252,0.018,9.6252,16.5535,300.0362,-52.8564
2015-04-02,36.4145,0.6762,1.4873,-0.2605,1.9403,11.0559,17.2054,302.0651,-52.5376
2015-04-06,36.7036,0.7938,1.6629,0.1876,3.0471,11.7381,17.9987,304.463,-52.1608
2015-04-07,36.5331,-0.4644,0.1829,1.706,3.2949,9.9218,17.8335,303.0489,-52.383
2015-04-08,36.5924,0.1623,1.2925,1.3101,3.5919,10.0518,17.9149,303.5407,-52.3057
2015-04-09,36.6962,0.2836,1.4549,3.0689,2.139,11.0233,17.6472,304.4016,-52.1705
2015-04-10,36.7629,0.1818,0.9567,4.0529,0.7953,9.6241,17.3451,304.9549,-52.0835
2015-04-13,36.5924,-0.4637,-0.3029,2.0805,1.1451,10.2215,17.9698,303.5407,-52.3057
2015-04-14,36.6739,0.2228,0.3855,3.1131,1.6811,9.9343,18.8411,304.2171,-52.1994
2015-04-15,36.5701,-0.283,-0.0608,1.58,1.414,11.1586,17.5698,303.3562,-52.3347
2015-04-16,36.7036,0.3648,0.0202,2.686,2.0969,11.6138,17.6982,304.463,-52.1608
2015-04-17,36.3626,-0.9289,-1.0887,1.0449,0.9829,11.9213,15.4822,301.6348,-52.6052
2015-04-20,36.4886,0.3465,-0.2836,1.8538,0.5307,13.1496,15.8558,302.68,-52.441
2015-04-21,36.5553,0.1828,-0.3234,0.7764,0.3073,11.9849,16.0144,303.2333,-52.354
2015-04-22,36.5776,0.0609,0.0203,0.6732,-0.1162,10.4689,16.1382,303.4179,-52.325
2015-04-23,36.4516,-0.3445,-0.6866,0.9027,-1.4515,9.6283,15.924,302.3725,-52.4893
2015-04-24,36.459,0.0203,0.265,1.1723,-0.3198,9.4098,15.497,302.4341,-52.4796
2015-04-27,36.2589,-0.5489,-0.6297,1.0535,-0.8669,8.8811,14.7056,300.7741,-52.7404
2015-04-28,36.2959,0.1022,-0.7096,0.5338,0.3869,8.0902,13.5265,301.0814,-52.6921
2015-04-29,35.9698,-0.8985,-1.6616,-1.3618,0.6539,6.863,12.9912,298.3762,-53.1172
2015-04-30,35.8512,-0.3297,-1.647,-0.7592,-0.4781,6.0957,12.2623,297.3925,-53.2718
2015-05-01,36.1773,0.9097,-0.7725,0.0205,2.2677,7.2465,13.3861,300.0978,-52.8467
2015-05-04,36.2292,0.1434,-0.0818,-0.5088,1.2129,6.7292,13.5487,300.5282,-52.7791
2015-05-05,35.9401,-0.7979,-0.9802,-2.08,-0.4754,5.1976,12.8981,298.1302,-53.1559
2015-05-06,36.0513,0.3094,0.2267,-1.3187,-0.2083,5.118,13.971,299.0526,-53.0109
2015-05-07,36.1403,0.2467,0.8063,-1.2356,-0.4694,4.8185,13.1675,299.7903,-52.895
2015-05-08,36.4442,0.8409,0.7375,-0.6867,0.8175,4.965,13.9645,302.3111,-52.4989
2015-05-11,36.2959,-0.4067,0.1841,-1.2702,1.1702,4.3183,12.9654,301.0814,-52.6921
2015-05-12,36.2144,-0.2246,0.7631,-1.033,-0.2248,3.7133,12.6105,300.4052,-52.7984
2015-05-13,36.1996,-0.041,0.4112,-1.2935,-0.7291,3.2168,12.3374,300.2822,-52.8177
2015-05-14,36.7555,1.5357,1.7022,0.5067,0.3292,4.9989,14.6791,304.8935,-52.0932
2015-05-15,36.874,0.3226,1.1796,0.4645,1.1205,5.3377,16.0686,305.8771,-51.9386
2015-05-18,36.7555,-0.3216,1.2661,1.0803,0.775,4.6273,14.9899,304.8935,-52.0932
2015-05-19,36.6591,-0.2622,1.228,0.4672,-0.0344,4.9429,14.922,304.094,-52.2188
2015-05-20,36.5776,-0.2224,1.0442,0.0609,0.3887,4.0127,15.0831,303.4179,-52.325
2015-05-21,36.6591,0.2229,-0.2622,0.2229,0.3284,3.8557,14.6884,304.094,-52.2188
2015-05-22,36.5035,-0.4246,-1.005,0.1424,-0.3788,2.988,14.3823,302.803,-52.4216
2015-05-26,36.2144,-0.7919,-1.4721,-0.6708,-1.5042,2.6171,13.2972,300.4052,-52.7984
2015-05-27,36.4442,0.6344,-0.5863,0.511,-0.5406,2.8418,13.7078,302.3111,-52.4989
2015-05-28,36.3923,-0.1424,-0.5066,0.2655,-0.8217,2.7591,13.6996,301.8807,-52.5665
2015-05-29,36.1625,-0.6314,-1.3546,0.5357,-1.8421,2.026,12.0969,299.9747,-52.866
2015-06-01,36.1625,0.0,-0.934,0.8683,-2.0184,1.5649,11.2258,299.9747,-52.866
2015-06-02,36.0661,-0.2665,-0.4094,-0.3074,-1.9075,0.0204,11.201,299.1754,-52.9916
2015-06-03,36.0439,-0.0616,-1.0982,-0.5115,-1.2756,0.6118,11.5296,298.991,-53.0206
2015-06-04,35.7845,-0.7197,-1.6701,-0.4331,-2.3212,-0.4578,10.3326,296.8391,-53.3587
2015-06-05,35.2731,-1.4292,-2.4595,-2.1587,-1.8018,-1.1767,8.3218,292.5968,-54.0253
2015-06-08,35.2583,-0.042,-2.5005,-2.4405,-2.3836,-1.1372,7.989,292.4738,-54.0446
2015-06-09,35.4287,0.4835,-1.7673,-2.7862,-0.4909,-0.8422,8.6793,293.888,-53.8224
2015-06-10,35.7771,0.9832,-0.7403,-1.4295,1.2627,0.3382,9.7479,296.7776,-53.3684
2015-06-11,35.7622,-0.0415,-0.0622,-1.2485,-0.2354,0.6268,9.9947,296.6545,-53.3877
2015-06-12,35.6214,-0.3937,0.9876,-1.597,0.1539,1.1885,10.3456,295.4865,-53.5713
2015-06-15,35.362,-0.7282,0.2943,-3.7911,-1.7758,-0.3763,9.5665,293.3346,-53.9094
2015-06-16,35.7474,1.0899,0.8996,-3.0553,0.0111,2.0128,10.3411,296.5317,-53.407
2015-06-17,35.9401,0.5391,0.4558,-2.2182,-0.1291,3.2524,10.936,298.1302,-53.1559
2015-06-18,36.3404,1.1136,1.6166,-0.8694,1.44,4.7986,10.8622,301.4503,-52.6342
2015-06-19,36.2897,-0.1395,1.8759,-0.7871,0.0441,3.1511,10.0772,301.0297,-52.7003
2015-06-22,36.4314,0.3904,3.024,-0.6212,0.2708,1.6104,10.8467,302.205,-52.5156
2015-06-23,36.2747,-0.4299,1.4751,-0.6265,0.4133,1.2776,10.9838,300.9059,-52.7197
2015-06-24,36.1107,-0.4523,0.4745,-0.2864,0.2058,-0.1458,10.8763,299.5449,-52.9336
2015-06-25,36.0436,-0.1858,-0.8168,-1.0992,0.4535,-1.0169,10.8434,298.9882,-53.021
2015-06-26,36.1181,0.2069,-0.4727,-0.7533,0.0413,-0.7117,11.4713,299.6068,-52.9238
2015-06-29,35.5588,-1.5486,-2.3951,-1.6694,-2.4888,-2.4073,9.5485,294.967,-53.6529
2015-06-30,35.4992,-0.1678,-2.1381,-1.8343,-1.7337,-2.2747,9.4627,294.4721,-53.7306
2015-07-01,35.9541,1.2815,-0.4337,-0.3107,-0.5967,-0.5788,10.6176,298.2458,-53.1377
2015-07-02,35.9242,-0.083,-0.3311,-0.332,-1.3463,0.5679,10.23,297.9983,-53.1766
2015-07-06,35.8944,-0.083,-0.6195,0.3072,-2.2046,0.7753,9.5278,297.7508,-53.2155
2015-07-07,36.6327,2.0569,3.0201,3.8546,0.2727,3.5765,11.6074,303.8753,-52.2531
2015-07-08,36.2225,-1.1197,2.0378,2.7349,-1.0107,2.5449,10.5782,300.4728,-52.7878
2015-07-09,36.2524,0.0824,0.8297,2.3248,-1.2093,0.9038,10.1803,300.7203,-52.7489
2015-07-10,36.6775,1.1726,2.0967,2.5167,-0.2323,0.5612,11.6449,304.2465,-52.1948
2015-07-13,37.0205,0.9353,3.1373,3.5185,1.17,2.3285,12.5397,307.0922,-51.7477
2015-07-14,37.0802,0.1611,1.2215,4.0952,1.1078,2.8075,12.3241,307.5871,-51.6699
2015-07-15,36.9833,-0.2614,2.1001,4.5847,1.1296,2.5596,13.0258,306.783,-51.7963
2015-07-16,37.3636,1.0284,3.0652,4.521,1.7983,3.9328,14.1628,309.938,-51.3005
2015-07-17,37.3412,-0.0598,1.8097,3.8984,2.6912,3.7006,14.8083,309.7525,-51.3297
2015-07-20,37.4083,0.1797,1.0476,2.9388,2.5206,3.0647,13.8696,310.3093,-51.2422
2015-07-21,37.3189,-0.2392,0.6436,2.836,2.0887,2.4024,14.1274,309.5669,-51.3589
2015-07-22,37.4009,0.2198,1.1292,2.6612,2.2509,2.132,14.5821,310.2474,-51.2519
2015-07-23,37.2592,-0.3789,-0.2794,2.7138,2.2156,0.7319,14.3007,309.072,-51.4366
2015-07-24,37.0504,-0.5605,-0.7789,2.6022,1.6221,1.2971,13.3568,307.3397,-51.7088
2015-07-27,37.028,-0.0604,-1.0167,2.7312,2.1212,1.236,13.7436,307.1542,-51.7379
2015-07-28,37.4456,1.1279,0.3397,3.6754,3.1676,3.5668,15.6203,310.6185,-51.1936
2015-07-29,37.5724,0.3386,0.4586,5.6627,4.4555,5.1385,16.5347,311.6702,-51.0284
2015-07-30,37.4456,-0.3374,0.5004,5.4832,4.4473,3.948,17.3852,310.6185,-51.1936
2015-07-31,37.5202,0.1992,1.2681,4.3559,3.7119,6.0638,19.6639,311.2372,-51.0964
2015-08-03,37.5724,0.1391,1.4703,4.5879,3.7075,4.9654,18.9207,311.6702,-51.0284
2015-08-04,37.5724,0.0,0.3386,4.6748,4.5416,4.0447,18.5389,311.6702,-51.0284
2015-08-05,37.9006,0.8734,0.8734,3.461,5.1295,4.9105,20.0974,314.3923,-50.6006
2015-08-06,37.6172,-0.7478,0.4581,3.8501,4.0866,3.5979,18.1922,312.0414,-50.97
2015-08-07,37.4083,-0.5551,-0.2981,3.1887,2.6457,3.4848,18.5104,310.3093,-51.2422
2015-08-10,37.55,0.3787,-0.0596,2.379,3.4552,4.6659,17.7662,311.4845,-51.0575
2015-08-11,37.4158,-0.3575,-0.4168,1.0677,3.3175,3.0852,16.5218,310.371,-51.2325
2015-08-12,37.4382,0.0598,-1.22,0.9654,3.4216,2.6676,16.6707,310.5567,-51.2033
2015-08-13,37.289,-0.3984,-0.8723,0.8268,1.4517,1.7857,15.8647,309.3195,-51.3977
2015-08-14,37.4083,0.32,0.0,0.1198,1.449,2.5858,15.7649,310.3093,-51.2422
2015-08-17,37.4456,0.0997,-0.278,0.2796,1.8777,2.6673,15.7241,310.6185,-51.1936
2015-08-18,37.2592,-0.4979,-0.4186,-0.3987,1.637,1.602,14.4794,309.072,-51.4366
2015-08-19,36.9161,-0.9207,-1.3944,-1.0791,0.9256,1.3179,13.1221,306.2262,-51.8838
2015-08-20,36.5805,-0.9091,-1.9,-2.1934,-0.2143,0.1134,12.1687,303.4423,-52.3212
2015-08-21,35.5812,-2.7319,-4.8844,-4.5036,-2.5265,-2.8957,8.9102,295.1526,-53.6237
2015-08-24,34.3432,-3.4793,-8.2852,-7.3067,-5.167,-6.5935,5.3787,284.8833,-55.2373
2015-08-25,34.0822,-0.7601,-8.5268,-7.9557,-6.4811,-6.9867,3.998,282.718,-55.5775
2015-08-26,35.089,2.9541,-4.9495,-6.2935,-3.5813,-4.3736,7.1414,291.0696,-54.2653
2015-08-27,35.6035,1.4665,-2.6708,-5.2402,-1.5457,-3.3593,8.6644,295.3381,-53.5946
2015-08-28,35.529,-0.2094,-0.1467,-5.1185,-1.7518,-3.7349,8.3888,294.7196,-53.6917
2015-08-31,35.2829,-0.6927,2.7361,-5.963,-2.1717,-4.0378,7.5663,292.6781,-54.0125
2015-09-01,34.5595,-2.0503,1.4004,-8.0191,-4.1184,-5.3415,5.3142,286.6772,-54.9554
2015-09-02,35.0293,1.3595,-0.17,-6.7685,-2.1104,-4.3826,6.6751,290.5747,-54.343
2015-09-03,35.268,0.6813,-0.9426,-6.9461,-0.0145,-1.816,7.0701,292.5544,-54.032
2015-09-04,34.6937,-1.6283,-2.351,-7.7716,-1.6012,-3.9466,4.726,287.7908,-54.7805
2015-09-08,35.4171,2.0851,0.3804,-5.323,-0.0328,-0.5236,7.713,293.7915,-53.8376
2015-09-09,34.8354,-1.6424,0.7984,-7.2294,-2.6321,-1.4026,6.2021,288.9662,-54.5958
2015-09-10,34.8951,0.1713,-0.3832,-6.7371,-2.4248,-2.6545,5.868,289.4611,-54.518
2015-09-11,35.1263,0.6625,-0.4018,-6.1753,-1.3901,-1.2383,6.5224,291.3789,-54.2167
2015-09-14,35.0144,-0.3185,0.9243,-6.1,-0.9831,-2.7414,6.9374,290.451,-54.3625
2015-09-15,35.432,1.1927,0.0421,-5.2831,-0.8824,-0.8714,7.687,293.9153,-53.8181
2015-09-16,35.8348,1.1366,2.8688,-4.3019,-0.2932,-0.4219,8.0991,297.256,-53.2932
2015-09-17,35.8348,0.0,2.6929,-3.823,-1.3914,0.0286,8.3366,297.256,-53.2932
2015-09-18,35.4204,-1.1562,0.8375,-4.0516,-2.3953,-2.3523,6.8727,293.8191,-53.8332
2015-09-21,35.6831,0.7417,1.9099,-2.4532,-2.0538,-1.7886,7.3881,295.9983,-53.4908
2015-09-22,35.2928,-1.0938,-0.3929,-0.8104,-2.7069,-2.3048,6.4008,292.7606,-53.9996
2015-09-23,35.3529,0.1701,-1.3448,2.9399,-2.0986,-1.8971,7.5303,293.2586,-53.9213
2015-09-24,35.4129,0.1698,-1.1772,3.9045,-1.7497,-1.3042,6.3407,293.7567,-53.843
2015-09-25,35.6381,0.6359,0.6145,1.5649,-1.3291,-1.2883,8.4461,295.6246,-53.5495
2015-09-28,35.1127,-1.4743,-1.5987,-1.3787,-1.2547,-3.7123,6.4445,291.2662,-54.2344
2015-09-29,35.0977,-0.0427,-0.5529,-1.214,-1.131,-2.845,6.4226,291.1418,-54.2539
2015-09-30,35.4204,0.9196,0.1911,0.3899,-1.4843,-2.0721,7.3536,293.8191,-53.8332
2015-10-01,35.4204,0.0,0.0212,2.4913,-1.4024,-2.7299,8.0242,293.8191,-53.8332
2015-10-02,35.9083,1.3774,0.7582,2.5093,0.0387,-2.1667,9.317,297.8661,-53.1974
2015-10-05,36.5238,1.714,4.0188,3.5608,-0.2974,-0.0255,9.8938,302.9716,-52.3951
2015-10-06,36.2761,-0.6782,3.3575,4.561,0.1478,-0.8644,9.1006,300.917,-52.718
2015-10-07,36.6064,0.9104,3.3481,3.3579,0.9764,-0.2447,10.7516,303.6566,-52.2875
2015-10-08,37.0417,1.1892,4.5772,6.3335,0.993,0.7584,10.4555,307.2678,-51.7201
2015-10-09,37.1243,0.2229,3.3863,6.3883,0.2802,1.4535,11.8236,307.9527,-51.6125
2015-10-12,37.2218,0.2628,1.9112,5.9659,0.382,1.494,11.5767,308.7622,-51.4853
2015-10-13,36.9967,-0.605,1.9863,5.6613,0.0363,1.1663,12.455,306.8943,-51.7788
2015-10-14,36.5688,-1.1564,-0.1025,3.2084,-2.1271,-0.3671,11.2041,303.3454,-52.3364
2015-10-15,36.8991,0.9031,-0.385,2.9701,-1.1841,1.4753,13.5724,306.0848,-51.906
2015-10-16,37.2519,0.9561,0.3437,3.9546,-0.4183,2.0918,15.5164,309.0113,-51.4462
2015-10-19,37.417,0.4432,0.5243,5.6367,0.263,2.3571,14.6246,310.3809,-51.2309
2015-10-20,37.3945,-0.0602,1.0752,4.7959,-0.0172,2.2333,12.9361,310.1941,-51.2603
2015-10-21,37.402,0.0201,2.2783,5.9762,0.3833,2.6074,12.4867,310.2565,-51.2505
2015-10-22,38.1451,1.9867,3.3767,7.8981,2.9546,4.6246,14.4696,316.4205,-50.282
2015-10-23,38.085,-0.1574,2.2365,7.5456,2.8547,5.0365,14.3648,315.9224,-50.3602
2015-10-26,38.01,-0.1971,1.5848,6.6554,1.5071,4.7224,13.1946,315.2998,-50.4581
2015-10-27,38.0625,0.1382,1.7864,8.401,1.3044,5.8179,13.0802,315.7355,-50.3896
2015-10-28,37.8448,-0.5719,1.184,7.8272,1.0661,5.5608,11.9954,313.9299,-50.6733
2015-10-29,37.8598,0.0397,-0.7477,6.887,0.9052,4.6507,12.2342,314.0545,-50.6537
2015-10-30,37.4395,-1.1102,-1.6949,5.7003,-0.3537,3.3407,10.2946,310.5678,-51.2016
2015-11-02,37.6647,0.6014,-0.9084,4.8913,0.2456,4.7984,10.2454,312.4357,-50.9081
2015-11-03,37.4846,-0.4783,-1.5184,2.6305,-1.0977,3.9755,9.2969,310.9414,-51.1429
2015-11-04,37.3269,-0.4205,-1.3685,2.8967,-0.7716,3.2835,8.2601,309.6338,-51.3483
2015-11-05,37.3194,-0.0201,-1.4275,1.9479,-0.2377,2.4016,7.4859,309.5715,-51.3581
2015-11-06,36.9141,-1.0861,-1.4034,-0.3445,-1.6936,1.7032,6.095,306.2094,-51.8864
2015-11-09,36.6664,-0.671,-2.6505,-1.2333,-2.0029,1.2481,5.0078,304.1546,-52.2093
2015-11-10,36.764,0.2661,-1.9223,-1.2301,-1.8008,1.5592,4.8261,304.9641,-52.0821
2015-11-11,36.7114,-0.1429,-1.6489,-0.7709,-1.5489,-0.1198,4.8732,304.5283,-52.1505
2015-11-12,36.216,-1.3494,-2.9566,-0.9647,-3.1873,-1.7845,3.458,300.4189,-52.7962
2015-11-13,35.9008,-0.8705,-2.745,-2.7055,-4.1255,-2.3253,2.1945,297.8039,-53.2071
2015-11-16,36.5163,1.7144,-0.4094,-1.9746,-1.9939,-0.3895,4.5341,302.9095,-52.4049
2015-11-17,36.5013,-0.0411,-0.7146,-2.4473,-1.1238,-0.2086,3.7957,302.7849,-52.4245
2015-11-18,37.0042,1.3777,0.7973,-1.0438,1.1581,0.9413,4.8333,306.9564,-51.769
2015-11-19,37.1017,0.2637,2.4456,-0.8028,4.2735,1.639,4.6759,307.7659,-51.6418
2015-11-20,36.8391,-0.708,2.6135,-3.4238,7.2674,1.7249,4.3872,305.5869,-51.9842
2015-11-23,37.1618,0.8761,1.7677,-2.4241,9.0359,1.9692,4.867,308.2641,-51.5636
2015-11-24,37.2594,0.2625,2.0769,-1.9747,6.1854,2.3826,5.2074,309.0734,-51.4364
2015-11-25,37.3569,0.2619,0.9534,-1.8537,4.9248,3.303,5.3959,309.8828,-51.3092
2015-11-27,37.4996,0.3818,1.0723,-0.9123,5.5464,3.6974,5.3202,311.0659,-51.1233
2015-11-30,37.0942,-1.0809,0.6927,-2.0222,5.1338,2.8506,2.8716,307.7037,-51.6516
2015-12-01,37.4095,0.8499,0.6665,-0.0802,8.2468,3.7887,4.4237,310.3188,-51.2407
2015-12-02,37.2218,-0.5016,-0.1007,-1.1758,6.2591,4.0167,3.5404,308.7622,-51.4853
2015-12-03,37.0267,-0.5243,-0.884,-1.2215,4.9868,4.9715,3.7364,307.1434,-51.7397
2015-12-04,37.8598,2.2502,0.9608,1.4277,9.126,7.3787,6.1576,314.0545,-50.6537
2015-12-07,37.9649,0.2776,2.3472,1.7297,7.1938,7.1586,6.2561,314.9262,-50.5168
2015-12-08,37.8673,-0.257,1.2239,2.5823,8.7036,5.8425,6.2004,314.1168,-50.6439
2015-12-09,37.5071,-0.9514,0.7663,2.2928,7.4853,4.879,5.5364,311.1282,-51.1135
2015-12-10,37.5521,0.1201,1.419,2.1437,6.9061,5.4199,6.6729,311.5017,-51.0548
2015-12-11,37.1393,-1.0993,-1.9033,1.1654,6.0686,5.0259,4.6307,308.0773,-51.5929
2015-12-14,37.5071,0.9903,-1.206,3.5648,5.8564,4.9224,7.0342,311.1282,-51.1135
2015-12-15,37.7473,0.6404,-0.3171,5.1432,5.337,5.0281,8.444,313.1205,-50.8005
2015-12-16,38.4753,1.9288,2.5815,5.3648,7.3687,5.8748,10.9553,319.1601,-49.8515
2015-12-17,37.9799,-1.2876,1.1393,4.051,7.226,4.6577,7.9555,315.0506,-50.4972
2015-12-18,37.307,-1.7718,0.4516,0.8184,4.5508,2.4035,4.0526,309.4685,-51.3743
2015-12-21,37.7304,1.135,0.5955,1.6945,6.9068,4.0129,5.3418,312.9809,-50.8224
2015-12-22,38.2219,1.3026,1.2574,3.7537,8.1154,5.8465,5.6922,317.0578,-50.1818
2015-12-23,38.5017,0.7319,0.0684,3.6055,8.7221,6.8197,5.7335,319.3785,-49.8172
2015-12-24,38.4639,-0.0982,1.2742,3.2327,7.9291,6.4946,5.7367,319.0649,-49.8665
2015-12-28,38.4109,-0.1376,2.9591,2.8214,9.3933,8.0208,5.4204,318.6258,-49.9355
2015-12-29,38.7436,0.8662,2.6854,3.3175,10.388,9.1396,6.6569,321.3856,-49.5018
2015-12-30,38.6075,-0.3513,1.0089,4.0796,8.9979,7.3801,6.7586,320.2566,-49.6792
2015-12-31,38.1765,-1.1164,-0.8445,2.0504,7.7811,6.2695,6.873,316.6814,-50.241
2016-01-04,37.6926,-1.2676,-2.0051,1.2648,4.9691,5.0097,5.8239,312.6673,-50.8717
2016-01-05,37.9346,0.6419,-1.2401,2.452,3.8627,3.5538,7.2575,314.6744,-50.5563
2016-01-06,37.806,-0.3389,-2.42,-0.1421,4.2175,4.3716,7.0277,313.6081,-50.7239
2016-01-07,37.3524,-1.2,-3.2511,-1.6135,2.0379,3.0342,3.9655,309.8449,-51.3152
2016-01-08,37.065,-0.7692,-2.9114,-2.1187,0.063,1.0567,1.6238,307.4615,-51.6897
2016-01-11,37.4128,0.9383,-0.7423,-0.2512,0.7773,1.0597,3.4129,310.3465,-51.2364
2016-01-12,37.617,0.5457,-0.8372,0.1728,1.0616,1.4477,4.2958,312.0401,-50.9702
2016-01-13,36.9289,-1.8292,-2.32,-0.5664,-0.1831,-0.1469,2.4089,306.3324,-51.8671
2016-01-14,37.1028,0.4709,-0.6681,-1.0778,1.4602,-0.6979,3.2075,307.7749,-51.6404
2016-01-15,36.5206,-1.5692,-1.4688,-3.2496,-1.0257,-2.1976,1.4217,302.9454,-52.3993
2016-01-19,36.9592,1.2009,-1.2126,-3.9406,-0.7857,-1.2007,1.8271,306.5833,-51.8276
2016-01-20,36.4979,-1.248,-2.9749,-3.902,-2.4562,-2.1997,0.1499,302.7573,-52.4288
2016-01-21,36.6416,0.3936,-0.778,-1.7835,-2.0133,-2.0301,0.0586,303.949,-52.2416
2016-01-22,37.2692,1.7128,0.4484,-1.2224,-0.3551,0.0268,0.759,309.1549,-51.4236
2016-01-25,36.9365,-0.8927,1.1387,-3.363,-3.1684,-0.3073,0.9858,306.3952,-51.8572
2016-01-26,37.2768,0.9212,0.8593,-3.1814,-2.1223,0.6718,1.9161,309.2177,-51.4137
2016-01-27,37.2389,-0.1014,2.0303,-3.1846,-2.0285,-0.552,2.9951,308.904,-51.463
2016-01-28,37.617,1.0152,2.662,-2.0669,-1.1704,0.1187,5.2633,312.0401,-50.9702
2016-01-29,38.3807,2.0301,2.9823,-0.9368,1.4159,2.4971,6.5437,318.3749,-49.9749
2016-02-01,38.5092,0.3349,4.2579,-0.2546,1.7152,2.636,8.8596,319.4413,-49.8073
2016-02-02,38.0177,-1.2763,1.9878,-0.4159,1.5444,1.1853,6.2095,315.3643,-50.4479
2016-02-03,37.9346,-0.2188,1.868,0.6419,0.7165,0.9639,5.0475,314.6744,-50.5563
2016-02-04,37.5868,-0.9169,-0.0804,-0.9169,0.2727,-0.828,4.0419,311.7892,-51.0097
2016-02-05,37.5263,-0.1609,-2.2262,-0.74,0.5341,-0.2416,3.3476,311.2874,-51.0885
2016-02-08,37.428,-0.262,-2.8078,0.2024,0.2909,0.0524,3.539,310.472,-51.2166
2016-02-09,37.6775,0.6667,-0.895,1.6524,2.068,0.3395,5.0212,312.5419,-50.8914
2016-02-10,37.6321,-0.1204,-0.7973,0.5861,2.6338,0.5782,3.6812,312.1655,-50.9505
2016-02-11,37.3297,-0.8037,-0.684,-0.7638,1.5387,-0.2898,2.37,309.6567,-51.3447
2016-02-12,37.859,1.4179,0.8866,2.5184,3.1258,1.5284,3.3414,314.0472,-50.6549
2016-02-16,38.1614,0.7989,1.9596,2.8531,5.3715,2.0131,4.6509,316.556,-50.2607
2016-02-17,38.5546,1.0303,2.3279,5.5694,7.392,2.9615,5.7078,319.8175,-49.7482
2016-02-18,38.3807,-0.4511,1.9891,3.8461,5.1056,3.01,4.6602,318.3749,-49.9749
2016-02-19,38.4412,0.1576,2.9775,5.3242,5.3146,4.1311,5.5034,318.8767,-49.896
2016-02-22,38.6302,0.4918,2.0372,5.4272,4.3942,5.6032,5.7229,320.4448,-49.6496
2016-02-23,38.6226,-0.0196,1.2087,3.6316,4.0993,8.548,5.4047,320.3821,-49.6595
2016-02-24,38.7436,0.3132,0.4903,4.8925,5.17,12.8131,5.3747,321.3856,-49.5018
2016-02-25,39.1822,1.1319,2.0883,5.1115,5.4367,14.9638,6.9317,325.0235,-48.9302
2016-02-26,38.6302,-1.4087,0.4918,3.7361,3.6792,10.0922,5.2772,320.4448,-49.6496
2016-02-29,38.5017,-0.3328,-0.3328,2.3517,3.0643,8.1399,4.5072,319.3785,-49.8172
2016-03-01,38.8722,0.9623,0.646,1.2805,3.6603,9.4097,5.3234,322.4518,-49.3343
2016-03-02,38.9856,0.2918,0.6245,1.2369,5.0987,10.4943,6.0328,323.3926,-49.1865
2016-03-03,39.1822,0.5043,0.0,3.0628,4.7386,13.3761,7.3201,325.0235,-48.9302
2016-03-04,39.3485,0.4245,1.8595,3.7273,5.7135,12.3303,7.4073,326.4033,-48.7134
2016-03-07,39.1066,-0.6149,1.5711,4.0434,5.6172,10.8841,8.8704,324.3962,-49.0288
2016-03-08,39.22,0.29,0.8948,4.5134,3.5925,13.0464,8.5848,325.337,-48.881
2016-03-09,39.5149,0.7519,1.3577,5.5758,4.0825,11.57,10.9858,327.7832,-48.4966
2016-03-10,39.53,0.0383,0.8877,4.9167,4.3907,13.4765,11.8849,327.9088,-48.4769
2016-03-11,39.6585,0.3251,0.7879,5.3848,5.7361,13.6508,10.634,328.9749,-48.3093
2016-03-14,39.6358,-0.0572,1.3534,6.1778,5.5489,12.8382,11.4409,328.7867,-48.3389
2016-03-15,39.7341,0.248,1.311,4.9531,6.9868,13.4794,10.3685,329.6021,-48.2108
2016-03-16,39.8249,0.2283,0.7845,4.359,6.1796,12.3979,11.4185,330.3547,-48.0925
2016-03-17,40.0668,0.6076,1.3581,3.9224,6.145,11.81,11.3383,332.3619,-47.7771
2016-03-18,40.0144,-0.1309,0.8973,4.2566,4.0002,11.6637,11.6956,331.927,-47.8455
2016-03-21,40.0372,0.057,1.0126,4.1519,5.4167,13.0342,10.3753,332.1161,-47.8158
2016-03-22,39.8016,-0.5885,0.1698,3.0323,6.6867,11.5418,9.5468,330.1617,-48.1229
2016-03-23,39.8092,0.0191,-0.0394,3.0722,5.5095,12.7968,10.1971,330.2247,-48.113
2016-03-24,39.7636,-0.1145,-0.7568,2.6326,4.0335,12.4763,10.3425,329.8465,-48.1724
2016-03-28,39.9764,0.5352,-0.095,2.027,3.8303,12.8865,11.4143,331.6117,-47.895
2016-03-29,40.2728,0.7414,0.5884,4.2521,4.703,13.0049,11.5491,334.0704,-47.5087
2016-03-30,40.5388,0.6605,1.8522,5.2911,5.5398,15.4535,11.1676,336.277,-47.162
2016-03-31,40.326,-0.5249,1.2982,3.7401,4.0842,14.8965,11.6277,334.5118,-47.4393
2016-04-01,40.7516,1.0554,2.4847,4.53,5.5535,15.0511,12.6671,338.0422,-46.8846
2016-04-04,40.7668,0.0373,1.9772,4.0442,6.785,15.094,11.9521,338.1682,-46.8648
2016-04-05,40.4932,-0.6711,0.5473,2.9091,7.4301,12.7683,10.325,335.8986,-47.2214
2016-04-06,40.8124,0.7883,0.6749,4.362,7.5863,11.742,11.7135,338.5465,-46.8054
2016-04-07,40.3716,-1.08,0.1131,2.9364,6.7862,11.2898,10.3279,334.8901,-47.3799
2016-04-08,40.592,0.5459,-0.3916,2.7259,8.6732,10.8879,10.6165,336.7183,-47.0926
2016-04-11,40.3032,-0.7115,-1.1372,1.956,8.7364,8.8049,9.6302,334.3226,-47.4691
2016-04-12,40.554,0.6223,0.1502,2.2579,8.3959,9.2385,10.8263,336.403,-47.1422
2016-04-13,40.2424,-0.7683,-1.3966,1.5303,6.9793,8.115,9.7303,333.8183,-47.5483
2016-04-14,40.06,-0.4533,-0.7719,0.8201,8.4786,8.28,9.5429,332.3051,-47.7861
2016-04-15,40.3108,0.6261,-0.6928,1.2202,8.6461,10.2326,9.828,334.3856,-47.4592
2016-04-18,40.5388,0.5656,0.5846,1.178,11.0025,9.864,11.4848,336.277,-47.162
2016-04-19,40.516,-0.0563,-0.0937,1.2535,9.6236,8.7623,11.0373,336.0878,-47.1917
2016-04-20,40.06,-1.1255,-0.4533,0.0569,9.7596,7.0636,9.5873,332.3051,-47.7861
2016-04-21,39.3456,-1.7833,-1.7833,-1.1457,7.3795,5.2177,7.5675,326.379,-48.7172
2016-04-22,39.49,0.367,-2.0362,-0.8018,5.9588,5.5826,8.3355,327.5769,-48.529
2016-04-25,39.7636,0.6928,-1.9123,0.0,7.6539,4.2431,9.0639,329.8465,-48.1724
2016-04-26,39.604,-0.4014,-2.251,-0.9316,6.2431,3.9883,9.2257,328.5225,-48.3804
2016-04-27,39.794,0.4798,-0.664,-1.1889,6.8612,4.6936,9.6377,330.0986,-48.1328
2016-04-28,39.832,0.0955,1.2362,-1.7436,5.8882,4.6489,10.7373,330.4138,-48.0832
2016-04-29,39.7484,-0.2099,0.6543,-1.4324,3.5635,5.0299,10.8704,329.7203,-48.1922
2016-05-02,40.2044,1.1473,1.1086,-1.3428,4.402,6.1927,11.1315,333.5031,-47.5978
2016-05-03,40.1284,-0.189,1.3241,-1.5659,5.5518,7.182,10.7625,332.8726,-47.6969
2016-05-04,40.25,0.303,1.1459,-0.6006,6.1037,6.864,11.9918,333.8813,-47.5384
2016-05-05,40.2576,0.0189,1.0685,-1.3594,7.1058,7.3978,11.6674,333.9443,-47.5285
2016-05-06,40.4628,0.5097,1.7973,0.2258,7.8252,8.4011,11.9604,335.6464,-47.2611
2016-05-09,40.6832,0.5447,1.1909,0.2247,8.6973,9.0135,11.6316,337.4748,-46.9738
2016-05-10,41.086,0.9901,2.3863,1.9423,9.0465,11.3017,13.1973,340.8161,-46.4488
2016-05-11,40.7592,-0.7954,1.2651,0.506,8.3096,11.1623,12.5497,338.1052,-46.8747
2016-05-12,40.9796,0.5408,1.7935,1.8319,9.7776,11.4667,13.2047,339.9336,-46.5874
2016-05-13,40.4628,-1.2612,0.0,1.0055,6.8777,10.2185,10.0865,335.6464,-47.2611
2016-05-16,40.7212,0.6386,0.0934,1.0181,6.7078,12.4397,10.4332,337.79,-46.9242
2016-05-17,39.9232,-1.9597,-2.8302,-1.5186,3.5498,11.2042,8.6184,331.1703,-47.9644
2016-05-18,39.4596,-1.1613,-3.1885,-2.6074,2.811,8.0602,7.6393,327.3246,-48.5686
2016-05-19,39.8472,0.9823,-2.7634,-0.5312,3.6576,9.1666,8.9388,330.5399,-48.0634
2016-05-20,39.642,-0.515,-2.0285,0.7533,2.6191,7.1285,8.1368,328.8377,-48.3309
2016-05-23,39.68,0.0959,-2.5569,0.4811,2.7376,6.9491,8.702,329.1529,-48.2814
2016-05-24,40.0144,0.8428,0.2285,0.6307,3.28,8.6195,10.4931,331.927,-47.8455
2016-05-25,40.0752,0.1519,1.5601,1.1898,2.2792,7.8398,9.9633,332.4312,-47.7663
2016-05-26,40.2348,0.3982,0.9727,1.1077,4.1537,7.9857,10.5586,333.7551,-47.5582
2016-05-27,40.2804,0.1133,1.6104,1.1257,4.6199,7.8257,11.3872,334.1334,-47.4988
2016-05-31,40.022,-0.6415,0.8619,0.6883,2.958,6.7265,10.6726,331.9899,-47.8356
2016-06-01,40.4324,1.0255,1.0446,0.5671,3.7112,8.9991,12.1063,335.3944,-47.3007
2016-06-02,40.4476,0.0376,0.9293,0.7954,3.2296,8.1212,12.2176,335.5204,-47.2809
2016-06-03,40.706,0.6389,1.1712,1.1329,3.4499,9.3605,13.7532,337.6639,-46.9441
2016-06-06,40.7516,0.112,1.1698,1.2271,4.2066,10.0601,15.5317,338.0422,-46.8846
2016-06-07,40.706,-0.1119,1.7091,0.6011,3.789,7.5176,15.451,337.6639,-46.9441
2016-06-08,40.9492,0.5975,1.2782,0.6538,3.6299,7.8606,15.5819,339.6813,-46.6271
2016-06-09,41.1088,0.3897,1.6347,0.0555,3.9939,8.56,14.9026,341.0052,-46.4191
2016-06-10,41.1392,0.0739,1.0642,0.9323,3.7335,9.6838,15.0353,341.2573,-46.3794
2016-06-13,40.7972,-0.8313,0.1119,-0.4451,2.9301,8.6416,14.5299,338.4205,-46.8252
2016-06-14,40.9568,0.3912,0.6161,1.2209,3.0771,10.2789,15.8214,339.7444,-46.6172
2016-06-15,40.8352,-0.2969,-0.2784,0.2799,2.537,8.8733,14.2325,338.7357,-46.7757
2016-06-16,41.048,0.5211,-0.1479,2.8174,2.4488,8.7443,14.2121,340.5008,-46.4983
2016-06-17,40.8821,-0.4042,-0.625,3.605,2.1684,6.2553,12.4977,339.1246,-46.7146
2016-06-20,41.0121,0.3179,0.5266,2.9233,2.4349,7.9835,13.013,340.2027,-46.5452
2016-06-21,41.1191,0.261,0.3963,3.7262,3.3102,10.2183,12.8673,341.0908,-46.4056
2016-06-22,41.1421,0.0558,0.7514,3.6846,3.3481,9.0421,13.4179,341.281,-46.3757
2016-06-23,41.3944,0.6133,0.8438,3.4487,4.1012,8.3001,14.6319,343.374,-46.0469
2016-06-24,40.5992,-1.921,-0.692,1.3075,1.5579,5.4479,12.6392,336.7779,-47.0833
2016-06-27,40.5151,-0.2071,-1.2118,0.6967,0.6016,5.3329,12.1738,336.0803,-47.1929
2016-06-28,40.7674,0.6227,-0.8554,1.209,0.5638,6.1349,14.6478,338.1731,-46.8641
2016-06-29,41.2414,1.1628,0.2416,3.0469,2.2701,6.447,16.1758,342.1054,-46.2462
2016-06-30,42.1666,2.2433,1.8655,4.2891,3.4722,9.2186,17.279,349.7798,-45.0403
2016-07-01,41.9678,-0.4714,3.371,3.7585,2.9461,9.9309,16.8231,348.1308,-45.2994
2016-07-05,42.2048,0.5647,4.1706,3.682,4.2269,11.9711,17.5805,350.0969,-44.9905
2016-07-06,42.243,0.0906,3.6197,3.6598,3.5054,11.3576,15.315,350.4139,-44.9407
2016-07-07,42.1589,-0.1991,2.2247,3.5693,4.4272,11.5138,16.3886,349.7162,-45.0503
2016-07-08,42.5794,0.9974,0.9791,3.9811,4.8961,13.994,17.4528,353.2045,-44.5022
2016-07-11,42.5871,0.018,1.4756,3.5961,5.6668,14.8983,16.1124,353.2679,-44.4923
2016-07-12,42.3577,-0.5386,0.3623,2.962,4.4477,13.2171,14.4169,351.3653,-44.7912
2016-07-13,42.5947,0.5595,0.8326,4.406,5.8454,13.2327,14.872,353.3314,-44.4823
2016-07-14,42.5871,-0.018,1.0156,3.9805,6.3083,15.3218,15.1524,353.2679,-44.4923
2016-07-15,42.5871,0.0,0.018,4.2902,5.6469,14.7813,13.9802,353.2679,-44.4923
2016-07-18,42.5412,-0.1077,-0.1077,3.6378,4.9395,16.4855,13.9256,352.8875,-44.552
2016-07-19,42.5106,-0.0719,0.361,3.9835,4.9231,15.0205,13.6394,352.6337,-44.5919
2016-07-20,42.3577,-0.3597,-0.5564,3.2812,5.7358,16.0551,13.5022,351.3653,-44.7912
2016-07-21,42.2354,-0.2888,-0.8258,2.7147,7.3447,15.2662,12.9262,350.3505,-44.9507
2016-07-22,42.4342,0.4707,-0.359,3.1407,7.4556,13.8586,13.8892,351.9996,-44.6915
2016-07-25,42.3883,-0.1081,-0.3595,2.4012,6.6008,14.76,14.4073,351.619,-44.7513
2016-07-26,42.0595,-0.7756,-1.0611,3.597,6.2003,12.8305,13.5885,348.8918,-45.1799
2016-07-27,41.4326,-1.4907,-2.1841,2.2645,4.1177,11.2614,10.6473,343.691,-45.9971
2016-07-28,41.6161,0.4429,-1.4663,2.0818,4.4791,10.6311,10.7624,345.2133,-45.7579
2016-07-29,41.8225,0.496,-1.4415,1.409,5.2181,8.9676,11.6886,346.9256,-45.4888
2016-08-01,41.8684,0.1097,-1.2266,-0.7072,4.1388,8.723,11.5889,347.3062,-45.429
2016-08-02,41.8072,-0.1461,-0.5999,-0.3826,4.1836,9.9677,11.2711,346.7988,-45.5087
2016-08-03,41.5779,-0.5486,0.3506,-1.4855,3.299,9.6041,10.6606,344.8961,-45.8077
2016-08-04,41.6696,0.2206,0.1286,-1.3575,3.5074,10.8624,9.9445,345.6571,-45.6881
2016-08-05,41.7384,0.1652,-0.2011,-0.9974,3.1526,11.2245,10.9558,346.228,-45.5984
2016-08-08,41.6925,-0.1099,-0.42,-2.0829,2.481,11.3941,11.4525,345.8474,-45.6582
2016-08-09,41.8225,0.3117,0.0366,-1.7953,1.7926,11.0013,11.3781,346.9256,-45.4888
2016-08-10,41.9754,0.3657,0.9563,-0.9025,2.984,11.5415,12.1864,348.1942,-45.2895
2016-08-11,41.9754,0.0,0.734,-1.4539,2.4301,12.4452,12.1194,348.1942,-45.2895
2016-08-12,42.1207,0.3461,0.9159,-1.0951,4.0974,11.2569,12.9574,349.3993,-45.1001
2016-08-15,42.0137,-0.2541,0.7702,-1.3465,3.174,10.0947,12.311,348.5113,-45.2396
2016-08-16,41.8302,-0.4368,0.0183,-1.6715,4.7766,8.4959,11.7091,346.989,-45.4788
2016-08-17,41.9449,0.2742,-0.0729,-1.3309,6.2983,9.2864,12.5759,347.9405,-45.3293
2016-08-18,42.0901,0.3463,0.2732,-0.6318,5.6289,9.4923,14.0155,349.1455,-45.14
2016-08-19,41.9907,-0.2361,-0.3086,-0.5793,5.9249,8.6992,14.7899,348.321,-45.2696
2016-08-22,42.0519,0.1456,0.091,-0.9009,5.9776,8.8788,18.1858,348.8283,-45.1898
2016-08-23,41.9678,-0.1999,0.3291,-0.992,4.8818,8.3218,22.2012,348.1308,-45.2994
2016-08-24,41.899,-0.164,-0.1094,-0.3818,4.5509,6.9338,22.9352,347.5599,-45.3891
2016-08-25,41.7384,-0.3832,-0.8356,0.7382,3.7371,8.0461,18.9502,346.228,-45.5984
2016-08-26,41.5243,-0.5129,-1.1107,-0.2205,3.0882,7.8508,16.6298,344.4521,-45.8775
2016-08-29,41.769,0.5892,-0.6727,-0.128,4.3651,7.4522,17.5631,346.4817,-45.5586
2016-08-30,41.5243,-0.5858,-1.0567,-0.8218,2.7006,6.5121,17.6898,344.4521,-45.8775
2016-08-31,41.5779,0.1289,-0.7664,-0.5486,2.7944,6.1142,20.3082,344.8961,-45.8077
2016-09-01,41.5932,0.0368,-0.348,0.0368,2.1794,5.7045,18.7382,345.023,-45.7878
2016-09-02,41.9143,0.772,0.9391,0.5872,2.8531,7.1796,18.8452,347.6867,-45.3692
2016-09-06,42.006,0.2189,0.5675,0.6411,3.1937,7.1037,21.0768,348.4478,-45.2496
2016-09-07,41.639,-0.8737,0.2762,-0.1284,1.6846,5.3756,17.5675,345.4035,-45.728
2016-09-08,41.4096,-0.5509,-0.4046,-0.9872,0.7318,4.755,18.8723,343.5008,-46.0269
2016-09-09,40.2857,-2.7142,-3.1434,-4.0255,-2.0746,1.5815,15.4482,334.1776,-47.4919
2016-09-12,41.0427,1.8789,-2.0795,-2.2222,0.6016,3.5494,16.8432,340.4565,-46.5053
2016-09-13,40.538,-1.2295,-3.4947,-3.7575,-1.0225,2.0232,15.7753,336.2705,-47.163
2016-09-14,40.4157,-0.3018,-2.9379,-3.8035,-1.0273,1.4836,14.0654,335.2558,-47.3224
2016-09-15,40.7445,0.8135,-1.6063,-2.5955,-0.7394,1.6913,13.701,337.983,-46.8939
2016-09-16,40.6121,-0.3248,0.8103,-3.1773,-0.6603,1.4938,13.3317,336.8854,-47.0664
2016-09-19,40.5275,-0.2084,-1.2551,-3.7125,-1.1815,1.2247,14.4185,336.1834,-47.1767
2016-09-20,40.6352,0.2657,0.2398,-3.2281,-1.1768,2.0945,13.878,337.0768,-47.0363
2016-09-21,40.8583,0.549,1.0952,-2.8383,-0.6897,2.6354,15.7695,338.9274,-46.7455
2016-09-22,41.2199,0.885,1.1668,-1.7821,-0.4215,3.6624,16.5956,341.9268,-46.2743
2016-09-23,41.0353,-0.4479,1.0419,-2.0614,1.0741,2.6488,15.8766,340.3953,-46.5149
2016-09-26,40.6891,-0.8437,0.3986,-2.5141,0.4294,1.0337,14.173,337.5235,-46.9661
2016-09-27,40.8583,0.4159,0.549,-1.6039,0.223,0.7881,16.3634,338.9274,-46.7455
2016-09-28,40.9276,0.1695,0.1695,-2.0145,-0.761,1.4917,16.6105,339.5019,-46.6553
2016-09-29,40.5275,-0.9775,-1.6797,-2.4006,-3.8871,-0.5499,14.4185,336.1834,-47.1767
2016-09-30,40.9353,1.0061,-0.2437,-1.5455,-2.4603,0.4133,15.5696,339.5657,-46.6452
2016-10-03,40.6737,-0.639,-0.0378,-2.2106,-3.6279,0.4457,13.271,337.3959,-46.9862
2016-10-04,40.3275,-0.8512,-1.2992,-3.7858,-4.5346,-1.1881,10.4143,334.5241,-47.4374
2016-10-05,40.289,-0.0954,-1.5602,-4.0875,-4.4354,-0.2046,11.0622,334.205,-47.4875
2016-10-06,40.366,0.191,-0.3986,-3.0574,-5.1985,-0.5569,10.2704,334.8432,-47.3873
2016-10-07,40.2583,-0.2668,-1.6538,-2.7805,-5.4684,-0.1115,8.6836,333.9498,-47.5276
2016-10-10,40.2583,0.0,-1.0214,-0.0682,-4.9565,-0.7292,8.4419,333.9498,-47.5276
2016-10-11,40.0505,-0.516,-0.6868,-2.4173,-5.973,-0.4768,7.5996,332.2267,-47.7984
2016-10-12,40.2736,0.5571,-0.0382,-0.6522,-5.4323,0.5333,8.8575,334.0774,-47.5076
2016-10-13,40.2813,0.0191,-0.2097,-0.3324,-5.4142,-0.0731,10.1521,334.1412,-47.4976
2016-10-14,40.289,0.0191,0.0764,-1.1178,-5.2942,-0.6162,9.1871,334.205,-47.4875
2016-10-17,40.0967,-0.4774,-0.4013,-1.2692,-5.6784,-1.0349,7.6367,332.6096,-47.7382
2016-10-18,40.2198,0.307,0.4226,-0.7593,-5.0473,0.3989,7.4907,333.6307,-47.5778
2016-10-19,39.989,-0.5738,-0.7068,-1.5903,-5.3187,1.6353,6.9383,331.7163,-47.8786
2016-10-20,39.9659,-0.0577,-0.783,-2.1841,-5.8167,1.2052,6.8551,331.5248,-47.9087
2016-10-21,40.1813,0.539,-0.2673,-2.5196,-5.2066,1.0505,5.3382,333.3116,-47.6279
2016-10-24,40.4429,0.651,0.8634,-1.4436,-3.8437,2.1183,6.1911,335.4815,-47.287
2016-10-25,40.5891,0.3614,0.9181,-0.2458,-2.0359,1.998,6.7853,336.6939,-47.0965
2016-10-26,40.5352,-0.1327,1.3659,-0.7908,-2.5973,1.7655,6.4965,336.2472,-47.1667
2016-10-27,40.3506,-0.4555,0.9624,-1.4098,-3.5195,1.515,6.6211,334.7155,-47.4073
2016-10-28,40.5198,0.4194,0.8424,-0.019,-3.221,0.7845,7.0258,336.1195,-47.1867
2016-10-31,40.6198,0.2469,0.4375,-0.7705,-2.8401,1.2247,8.4946,336.9492,-47.0564
2016-11-01,40.4429,-0.4356,-0.3601,-0.5674,-2.7297,0.4793,7.3762,335.4815,-47.287
2016-11-02,40.3429,-0.2473,-0.4745,0.0382,-3.1839,0.2119,7.6254,334.6518,-47.4173
2016-11-03,40.0659,-0.6865,-0.7054,-0.5538,-4.0071,-0.9808,7.3379,332.3543,-47.7783
2016-11-04,39.7043,-0.9024,-2.0125,-1.639,-4.7687,-2.406,6.3906,329.355,-48.2496
2016-11-07,40.3737,1.6857,-0.6061,0.2866,-3.4643,-1.7338,9.3719,334.9071,-47.3772
2016-11-08,40.5429,0.4192,0.2472,0.707,-3.4128,-0.5307,10.5723,336.3109,-47.1567
2016-11-09,39.989,-1.3662,-0.8772,-0.1536,-4.7324,-2.4173,8.7722,331.7163,-47.8786
2016-11-10,38.9196,-2.6741,-2.861,-3.362,-7.5998,-3.8137,6.015,322.8458,-49.2724
2016-11-11,38.8812,-0.0988,-2.0732,-3.4759,-7.4559,-4.5186,7.359,322.5267,-49.3225
2016-11-14,38.8119,-0.1781,-3.8682,-3.6662,-7.2154,-2.7835,8.1089,321.9523,-49.4128
2016-11-15,39.0504,0.6145,-3.6812,-2.6093,-6.9005,-1.0369,6.9398,323.9307,-49.1019
2016-11-16,39.0581,0.0197,-2.3278,-2.8883,-7.2036,-1.9802,7.0048,323.9945,-49.0919
2016-11-17,38.9889,-0.1773,0.1779,-2.501,-7.1488,-1.6475,5.3635,323.4201,-49.1821
2016-11-18,38.8504,-0.3551,-0.0791,-2.7911,-7.6131,-2.0906,4.7132,322.2715,-49.3626
2016-11-21,39.112,0.6732,0.773,-2.6613,-6.8048,-2.2552,6.1699,324.4412,-49.0217
2016-11-22,39.312,0.5114,0.6698,-2.7963,-6.1743,-1.9044,5.7861,326.1004,-48.761
2016-11-23,39.0966,-0.5479,0.0985,-3.677,-6.3295,-2.8289,4.9309,324.3136,-49.0418
2016-11-25,39.4043,0.7871,1.0655,-2.7899,-5.1055,-2.1749,5.4806,326.8662,-48.6407
2016-11-28,39.4889,0.2148,1.6435,-2.1354,-5.4587,-1.3319,5.305,327.5681,-48.5304
2016-11-29,39.5428,0.1364,1.1015,-2.4112,-4.772,-2.2002,6.6009,328.0149,-48.4602
2016-11-30,38.912,-1.5953,-1.0176,-4.2046,-6.4118,-3.7966,4.0163,322.782,-49.2824
2016-12-01,38.6581,-0.6524,-1.1216,-4.4132,-7.0566,-5.031,3.8586,320.676,-49.6133
2016-12-02,38.9043,0.6368,-1.269,-3.566,-7.1813,-4.5332,5.0709,322.7182,-49.2924
2016-12-05,38.9504,0.1187,-1.3637,-2.7841,-7.2742,-4.3128,2.8806,323.1011,-49.2323
2016-12-06,39.0658,0.2962,-1.2063,-1.6082,-6.1798,-4.5993,2.8997,324.0582,-49.0819
2016-12-07,39.6274,1.4376,1.8387,-1.8483,-4.3039,-3.6036,4.648,328.7169,-48.3499
2016-12-08,39.4659,-0.4077,2.0895,-2.6566,-2.0351,-4.0675,5.2224,327.3766,-48.5605
2016-12-09,40.0352,1.4425,2.9069,0.1154,-2.4548,-1.8679,6.6123,332.0992,-47.8184
2016-12-12,40.1967,0.4035,3.1996,3.2813,-0.842,-1.8559,8.2323,333.4392,-47.6079
2016-12-13,40.3814,0.4594,3.3675,3.8583,-0.085,-1.1114,7.6633,334.9709,-47.3672
2016-12-14,39.9428,-1.086,0.7959,2.9137,-1.9675,-2.6924,5.8165,331.3332,-47.9388
2016-12-15,40.1121,0.4238,1.6375,2.7187,-1.2313,-1.8835,4.2541,332.7373,-47.7182
2016-12-16,40.3415,0.5719,0.7652,3.2858,-0.459,-1.635,6.218,334.6403,-47.4191
2016-12-19,40.419,0.1921,0.553,3.668,-0.5321,-1.7026,8.3416,335.2832,-47.3181
2016-12-20,40.3415,-0.1917,-0.0987,3.838,-1.2649,-1.9458,6.9204,334.6403,-47.4191
2016-12-21,40.3338,-0.0192,0.9787,3.1238,-2.1498,-2.5622,5.5253,334.5761,-47.4292
2016-12-22,40.2718,-0.1537,0.3981,2.4414,-1.8606,-0.8065,4.5975,334.0618,-47.5101
2016-12-23,40.3492,0.1924,0.0192,3.204,-0.8352,-0.4093,4.9017,334.7046,-47.4091
2016-12-27,40.3415,-0.0192,-0.1917,2.3784,-1.2649,-1.0447,5.0261,334.6403,-47.4191
2016-12-28,40.0935,-0.6148,-0.6148,1.5309,-2.038,-2.7835,3.4841,332.583,-47.7424
2016-12-29,40.2795,0.4639,-0.1345,1.863,-0.612,-4.4753,4.3307,334.1259,-47.5
2016-12-30,40.078,-0.5003,-0.4812,2.9966,-2.0942,-4.503,4.9807,332.4544,-47.7626
2017-01-03,40.2252,0.3674,-0.3073,4.0539,-1.1025,-4.6904,6.7192,333.6759,-47.5707
2017-01-04,40.2252,0.0,-0.2882,3.3955,-0.2535,-4.7766,6.0385,333.6759,-47.5707
2017-01-05,40.357,0.3276,0.6573,3.6112,0.1687,-4.2741,6.7475,334.769,-47.3989
2017-01-06,40.3958,0.096,0.2886,3.4044,0.0738,-5.1285,8.1478,335.0903,-47.3484
2017-01-09,40.0702,-0.8058,-0.0194,1.1174,-0.4671,-5.9099,8.1079,332.3901,-47.7727
2017-01-10,39.8687,-0.5029,-0.8863,1.0208,-0.9676,-5.8762,6.5643,330.7185,-48.0354
2017-01-11,39.9462,0.1944,-0.6936,-0.2221,-0.2604,-6.2179,6.1919,331.3615,-47.9343
2017-01-12,39.9075,-0.097,-1.1139,-0.7195,-0.9092,-6.2921,8.0656,331.04,-47.9849
2017-01-13,39.9307,0.0583,-1.1512,-1.1159,-0.8704,-6.2375,7.6218,331.2329,-47.9546
2017-01-17,40.4965,1.4169,1.0638,1.3862,0.515,-4.8065,10.8867,335.9261,-47.2171
2017-01-18,40.636,0.3445,1.9246,1.3062,1.3451,-4.4098,9.9484,337.0834,-47.0353
2017-01-19,40.4888,-0.3624,1.3582,0.365,0.6688,-4.4123,10.9344,335.8619,-47.2272
2017-01-20,40.7523,0.6508,2.1169,0.8245,1.9087,-3.5115,11.2186,338.0478,-46.8837
2017-01-23,40.7368,-0.038,2.0186,0.9798,1.9288,-4.0001,9.3042,337.9192,-46.904
2017-01-24,41.008,0.6659,1.2632,1.6718,2.0575,-3.2562,11.0231,340.1695,-46.5504
2017-01-25,41.0003,-0.0189,0.8965,1.8091,1.3782,-2.5184,9.989,340.1053,-46.5605
2017-01-26,40.822,-0.4348,0.8231,1.1717,0.5739,-1.4736,9.6219,338.6263,-46.7928
2017-01-27,40.5973,-0.5506,-0.3804,0.634,0.1531,-2.4481,7.9227,336.762,-47.0858
2017-01-30,40.5663,-0.0764,-0.4185,1.1792,0.5346,-3.0037,5.6945,336.5048,-47.1262
2017-01-31,40.76,0.4776,-0.6048,1.193,0.5928,-2.6473,5.8448,338.1121,-46.8736
2017-02-01,40.4423,-0.7796,-1.3611,0.9089,-0.4372,-3.2649,6.3773,335.4761,-47.2878
2017-02-02,40.8143,0.9199,-0.0189,1.4644,0.9183,-1.8365,7.5913,338.5622,-46.8029
2017-02-03,41.0778,0.6456,1.1836,2.1195,1.8217,-1.4202,9.288,340.748,-46.4595
2017-02-06,40.853,-0.5472,0.7069,1.2291,1.9645,-2.1213,8.8651,338.8835,-46.7524
2017-02-07,41.1863,0.8158,1.0458,1.957,3.7325,-1.2142,10.0415,341.6482,-46.318
2017-02-08,41.3568,0.414,2.2614,3.2109,2.4352,-1.1135,9.7653,343.0626,-46.0958
2017-02-09,41.5273,0.4123,1.747,4.1602,2.4281,-1.0676,10.3507,344.4769,-45.8736
2017-02-10,41.5583,0.0747,1.1698,4.0357,3.9244,-0.9937,11.3279,344.7342,-45.8331
2017-02-13,41.5583,0.0,1.7265,4.1367,6.7798,-1.3352,9.7715,344.7342,-45.8331
2017-02-14,41.5661,0.0186,0.9221,4.0955,6.9054,-1.0654,8.9218,344.7984,-45.823
2017-02-15,41.9459,0.9137,1.4243,3.579,8.0746,0.2766,8.796,347.9488,-45.328
2017-02-16,42.0001,0.1293,1.1385,3.3568,7.5535,0.1317,9.4303,348.3988,-45.2573
2017-02-17,42.2094,0.4983,1.5666,4.2496,8.0681,0.2833,9.8025,350.1347,-44.9846
2017-02-21,42.5892,0.8997,2.4804,4.5074,9.2341,1.4251,10.2483,353.285,-44.4896
2017-02-22,42.5969,0.0182,2.48,4.5662,9.6434,1.2961,10.29,353.3493,-44.4795
2017-02-23,42.6977,0.2366,1.7923,4.1202,9.1678,1.7391,10.2057,354.1852,-44.3481
2017-02-24,42.8449,0.3449,2.0115,4.499,8.9869,2.2577,9.348,355.4067,-44.1562
2017-02-27,42.6512,-0.4523,1.0466,4.4808,9.0917,2.1868,10.4088,353.7994,-44.4088
2017-02-28,42.7054,0.1272,0.273,5.1928,8.3775,2.8443,10.9184,354.2494,-44.338
2017-03-01,42.9069,0.4719,0.7278,5.7699,8.6556,2.7243,10.3796,355.921,-44.0754
2017-03-02,42.8992,-0.0181,0.4719,5.2481,8.4879,3.3109,10.0386,355.8566,-44.0855
2017-03-03,42.7364,-0.3794,-0.2533,5.6727,9.8285,2.7865,9.0711,354.5066,-44.2976
2017-03-06,42.5504,-0.4353,-0.2362,4.2537,10.0686,2.3014,8.1372,352.9635,-44.5401
2017-03-07,42.4962,-0.1275,-0.49,3.4529,9.2326,1.3883,8.6676,352.5136,-44.6108
2017-03-08,42.4031,-0.2189,-1.1741,3.7944,8.8644,0.9454,8.1162,351.7421,-44.732
2017-03-09,42.4729,0.1645,-0.9936,3.1238,8.7214,2.0026,7.4859,352.3207,-44.6411
2017-03-10,42.6667,0.4562,-0.1632,3.1672,7.6696,3.0356,7.9349,353.928,-44.3885
2017-03-13,42.6977,0.0727,0.3461,2.8183,8.1889,5.9871,7.6633,354.1852,-44.3481
2017-03-14,42.5737,-0.2905,0.1824,2.4431,6.3407,3.7303,7.412,353.1565,-44.5098
2017-03-15,42.8914,0.7464,1.1515,3.2078,6.7038,5.8054,7.946,355.7925,-44.0956
2017-03-16,42.9534,0.1446,1.1314,3.3377,6.3695,6.2791,7.8558,356.3068,-44.0148
2017-03-17,42.8366,-0.2721,0.3982,2.1235,7.2447,5.1347,6.9128,355.3373,-44.1671
2017-03-20,42.9223,0.2001,0.526,2.1956,7.0058,5.6883,7.2671,356.0483,-44.0554
2017-03-21,42.8833,-0.0907,0.7274,1.5967,6.3007,5.8128,7.1087,355.7252,-44.1062
2017-03-22,42.7976,-0.1999,-0.2187,0.4894,5.8849,5.3215,7.5274,355.0142,-44.2179
2017-03-23,42.7041,-0.2185,-0.5805,0.2517,5.8565,4.5175,7.272,354.2385,-44.3398
2017-03-24,42.6184,-0.2007,-0.5093,-0.1857,5.6643,3.3928,7.1795,353.5277,-44.4514
2017-03-27,42.5795,-0.0914,-0.7987,-0.6196,5.7303,3.763,6.5115,353.2046,-44.5022
2017-03-28,42.6574,0.183,-0.5269,0.0145,5.7203,4.8374,5.921,353.8508,-44.4007
2017-03-29,42.7353,0.1827,-0.1457,0.0699,5.9338,4.5938,5.4182,354.4971,-44.2991
2017-03-30,42.6496,-0.2006,-0.1277,-0.5998,6.3753,4.2074,5.7619,353.7861,-44.4108
2017-03-31,42.5249,-0.2923,-0.2194,-0.8724,5.5746,4.9285,4.3515,352.7521,-44.5733
2017-04-03,42.4548,-0.1649,-0.2928,-0.659,5.9305,3.712,4.1407,352.1705,-44.6647
2017-04-04,42.5795,0.2936,-0.1826,0.0683,5.8526,4.6855,5.1521,353.2046,-44.5022
2017-04-05,42.5015,-0.183,-0.5469,0.0126,5.6589,5.391,4.1388,352.5582,-44.6038
2017-04-06,42.5015,0.0,-0.3471,0.232,5.3139,5.4916,5.2758,352.5582,-44.6038
2017-04-07,42.6184,0.275,0.2199,0.3426,5.5022,5.5801,4.9921,353.5277,-44.4514
2017-04-10,42.7431,0.2925,0.679,0.1791,6.6704,6.1722,6.0538,354.5617,-44.289
2017-04-11,42.7586,0.0365,0.4208,0.1428,7.2486,6.2109,5.4363,354.691,-44.2687
2017-04-12,42.9223,0.3827,0.9899,0.8188,7.4501,7.1703,6.6593,356.0483,-44.0554
2017-04-13,42.7275,-0.4538,0.5316,-0.3822,7.0664,6.0929,6.6588,354.4325,-44.3093
2017-04-17,43.0313,0.7111,0.9689,0.1814,7.765,6.827,6.7489,356.9531,-43.9132
2017-04-18,43.2261,0.4527,1.1302,0.9094,6.7404,7.2901,6.629,358.5689,-43.6593
2017-04-19,43.0625,-0.3786,0.7106,0.3267,5.9712,7.3966,6.2852,357.2115,-43.8726
2017-04-20,42.9768,-0.199,0.127,0.218,6.145,6.8549,7.2811,356.5006,-43.9843
2017-04-21,42.8521,-0.2901,0.2917,0.1274,5.1528,7.1598,8.9122,355.4666,-44.1468
2017-04-24,43.2417,0.9091,0.4889,1.2589,6.1491,8.1965,9.5004,358.6981,-43.639
2017-04-25,43.4131,0.3964,0.4326,1.8647,5.8649,8.043,9.1781,360.1199,-43.4156
2017-04-26,43.0625,-0.8076,0.0,1.1344,5.0297,6.4773,8.7327,357.2115,-43.8726
2017-04-27,43.008,-0.1266,0.0725,0.8219,5.3548,5.9595,8.0766,356.7592,-43.9437
2017-04-28,42.9924,-0.0362,0.3273,0.6017,5.8997,6.0618,7.9343,356.63,-43.964
2017-05-01,42.8288,-0.3806,-0.955,0.4202,5.5773,6.1417,7.7497,355.2726,-44.1773
2017-05-02,42.5405,-0.6731,-2.01,0.0367,4.3682,4.9869,5.8105,352.8814,-44.553
2017-05-03,42.5795,0.0916,-1.1217,0.2936,5.2846,4.8243,6.108,353.2046,-44.5022
2017-05-04,42.9067,0.7685,-0.2355,0.7685,5.1266,6.092,6.6005,355.9191,-44.0757
2017-05-05,43.0236,0.2724,0.0725,1.2282,4.7368,6.6447,6.8706,356.8884,-43.9234
2017-05-08,43.008,-0.0362,0.4184,1.1916,5.2749,7.343,6.2902,356.7592,-43.9437
2017-05-09,42.8521,-0.3623,0.7326,0.5484,4.0446,7.9281,5.3313,355.4666,-44.1468
2017-05-10,42.8833,0.0728,0.7136,0.3281,3.691,6.2161,4.3745,355.7252,-44.1062
2017-05-11,42.9456,0.1453,0.0908,0.4373,3.4154,5.9264,5.3643,356.2421,-44.0249
2017-05-12,42.821,-0.2903,-0.4709,-0.236,3.0382,7.0819,4.4934,355.208,-44.1874
2017-05-15,42.9612,0.3275,-0.1087,0.547,3.3757,10.3844,6.1746,356.3714,-44.0046
2017-05-16,42.9223,-0.0907,0.1637,-0.2535,3.2627,10.3934,5.4052,356.0483,-44.0554
2017-05-17,42.8599,-0.1453,-0.0546,-0.8472,2.1791,10.4297,7.356,355.5311,-44.1367
2017-05-18,42.8911,0.0728,-0.127,-0.398,2.1214,9.8352,8.6963,355.7898,-44.096
2017-05-19,43.1248,0.5449,0.7096,0.3444,2.1688,10.4119,8.2255,357.7285,-43.7914
2017-05-22,43.3664,0.5601,0.9431,1.2,1.8249,11.2275,9.3951,359.7322,-43.4765
2017-05-23,43.4131,0.1078,1.1436,0.3964,1.9161,11.7443,9.4081,360.1199,-43.4156
2017-05-24,43.5845,0.3948,1.6906,0.3948,2.0771,11.4352,8.9221,361.5418,-43.1922
2017-05-25,43.8572,0.6257,2.2525,1.8455,2.3627,11.5619,9.4373,363.8039,-42.8368
2017-05-26,44.0208,0.3731,2.0777,2.3551,3.2114,12.5951,9.4099,365.1611,-42.6235
2017-05-30,44.0052,-0.0354,1.4732,2.3559,3.0437,11.6762,9.2473,365.0318,-42.6438
2017-05-31,44.1299,0.2833,1.6511,3.038,2.8504,11.7526,10.2642,366.066,-42.4813
2017-06-01,44.4883,0.8121,2.0736,4.5787,3.7044,12.5067,10.0313,369.0389,-42.0142
2017-06-02,44.6208,0.2977,1.741,4.7941,4.4092,14.6711,10.3175,370.1377,-41.8416
2017-06-05,44.6675,0.1048,1.469,4.1039,4.9756,15.5451,9.732,370.5255,-41.7806
2017-06-06,44.5584,-0.2442,1.2571,3.5676,4.8529,14.5336,9.3416,369.6206,-41.9228
2017-06-07,44.5429,-0.035,0.9357,3.5688,5.0461,14.3578,9.4258,369.4914,-41.9431
2017-06-08,44.2078,-0.7522,-0.6305,3.1636,4.0848,13.1624,7.9577,366.7122,-42.3798
2017-06-09,44.1533,-0.1234,-1.0477,2.9614,3.4843,11.4211,7.4059,366.2598,-42.4509
2017-06-12,44.1455,-0.0176,-1.1687,2.7939,3.3909,11.8575,7.3077,366.1953,-42.461
2017-06-13,44.2156,0.1588,-0.7694,3.2569,3.8568,10.442,8.379,366.7768,-42.3697
2017-06-14,44.4961,0.6344,-0.1049,3.5727,3.7413,10.6959,8.6416,369.1036,-42.0041
2017-06-15,44.3948,-0.2276,0.423,3.4308,3.3557,9.9389,8.7171,368.2634,-42.1361
2017-06-16,43.9285,-1.0505,-0.5092,2.4931,2.549,9.9784,7.0173,364.3948,-42.7439
2017-06-19,44.1404,0.4826,-0.0115,2.9128,2.8381,10.0427,7.9701,366.1532,-42.4676
2017-06-20,43.9677,-0.3913,-0.5607,1.9545,2.5287,8.9888,7.2068,364.7204,-42.6928
2017-06-21,43.8421,-0.2857,-1.4699,1.0969,2.4405,8.469,6.6221,363.6783,-42.8565
2017-06-22,43.5516,-0.6626,-1.8994,0.3189,1.9845,7.9573,5.8566,361.2685,-43.2352
2017-06-23,43.5673,0.0361,-0.8222,-0.0395,2.2265,8.0169,5.2493,361.3989,-43.2147
2017-06-26,43.74,0.3965,-0.9072,-0.2672,2.7256,8.6121,7.7362,362.8317,-42.9895
2017-06-27,43.3631,-0.8616,-1.375,-1.494,1.6546,7.4695,7.0296,359.7054,-43.4808
2017-06-28,43.5202,0.3621,-0.7343,-1.1023,1.8366,7.8794,6.7524,361.008,-43.2761
2017-06-29,43.0569,-1.0644,-1.1357,-2.4314,0.9552,7.3914,4.4022,357.1655,-43.8799
2017-06-30,43.1355,0.1823,-0.9912,-3.0409,1.4357,7.0904,2.2977,357.8167,-43.7775
2017-07-03,43.0962,-0.091,-1.4719,-3.4167,1.5108,7.5308,2.6887,357.4911,-43.8287
2017-07-05,43.0648,-0.0729,-0.688,-3.5881,1.1398,7.0591,2.0376,357.2306,-43.8696
2017-07-06,42.8214,-0.5652,-1.6056,-3.8983,0.7526,6.454,1.3691,355.2115,-44.1869
2017-07-07,42.7978,-0.055,-0.6018,-3.9176,0.6971,6.0481,1.5155,355.016,-44.2176
2017-07-10,42.4995,-0.6971,-1.4743,-3.8643,-0.279,5.2078,-0.1878,352.5413,-44.6064
2017-07-11,42.3817,-0.2771,-1.6578,-4.0123,-0.8454,5.7686,-0.4822,351.5644,-44.7599
2017-07-12,42.6173,0.5557,-1.0392,-3.4618,-0.3306,6.894,0.6127,353.5182,-44.4529
2017-07-13,42.6251,0.0184,-0.4584,-3.5971,-0.6923,6.7063,0.0713,353.5834,-44.4427
2017-07-14,42.9627,0.792,0.3853,-3.4461,0.5506,7.6558,0.882,356.3839,-44.0027
2017-07-17,43.0098,0.1096,1.2008,-3.1197,-0.05,7.7111,0.9927,356.7747,-43.9413
2017-07-18,43.0098,0.0,1.482,-2.0912,-0.5004,6.2063,1.1015,356.7747,-43.9413
2017-07-19,43.1669,0.3651,1.2896,-2.2056,0.2424,6.2281,1.5437,358.0772,-43.7366
2017-07-20,43.1747,0.0182,1.2894,-1.8036,0.4605,6.6338,1.9288,358.1424,-43.7264
2017-07-21,43.2454,0.1636,0.6579,-1.361,0.9176,6.1177,2.3913,358.7284,-43.6343
2017-07-24,43.104,-0.3268,0.219,-1.0276,-0.3183,5.8112,1.5786,357.5562,-43.8185
2017-07-25,43.4024,0.6922,0.9127,-0.3785,-0.0247,5.8387,2.3924,360.0311,-43.4296
2017-07-26,43.3946,-0.0181,0.5275,-0.7898,0.7711,5.8396,3.1741,359.9659,-43.4398
2017-07-27,43.8185,0.977,1.4912,1.0502,1.8847,7.3404,5.7587,363.483,-42.8872
2017-07-28,43.4495,-0.8422,0.4721,-0.1624,1.0633,7.0257,4.4056,360.4219,-43.3682
2017-07-31,43.4338,-0.0361,0.7651,0.8753,1.4127,7.0688,3.8527,360.2917,-43.3886
2017-08-01,43.3867,-0.1085,-0.0362,0.5824,1.9892,6.4442,3.6264,359.9008,-43.4501
2017-08-02,43.3553,-0.0724,-0.0905,0.6012,1.8221,7.203,3.7029,359.6403,-43.491
2017-08-03,43.316,-0.0905,-1.1468,0.5834,0.954,6.1296,4.1805,359.3146,-43.5422
2017-08-04,43.1983,-0.2719,-0.5782,0.8801,0.4061,5.1621,3.6686,358.3378,-43.6957
2017-08-07,43.5202,0.7452,0.1988,1.6878,1.1909,6.5286,4.2688,361.008,-43.2761
2017-08-08,43.3553,-0.3788,-0.0724,2.0137,1.1742,5.2663,3.9881,359.6403,-43.491
2017-08-09,43.426,0.163,0.163,2.4638,1.2654,5.0031,3.8339,360.2264,-43.3989
2017-08-10,43.2454,-0.4158,-0.1631,1.4738,0.6979,4.1371,3.0254,358.7284,-43.6343
2017-08-11,43.2768,0.0727,0.1818,1.5288,1.0645,4.135,3.1002,358.9891,-43.5933
2017-08-14,43.4888,0.4898,-0.0722,1.2244,1.228,4.6451,3.2479,360.7475,-43.317
2017-08-15,43.7086,0.5055,0.8149,1.6247,1.832,5.1545,4.0342,362.5711,-43.0305
2017-08-16,43.8578,0.3413,0.9944,1.9715,2.3282,4.5581,4.8473,363.8086,-42.836
2017-08-17,43.4574,-0.913,0.4902,0.673,1.3202,3.4696,3.6059,360.487,-43.358
2017-08-18,43.3396,-0.271,0.1451,0.3819,0.498,2.6776,2.9686,359.5101,-43.5114
2017-08-21,43.4966,0.3623,0.0181,0.581,0.3004,2.1308,3.5863,360.8127,-43.3068
2017-08-22,43.5045,0.018,-0.467,0.929,0.2104,2.1306,3.4543,360.8778,-43.2966
2017-08-23,43.3789,-0.2888,-1.092,-0.0543,-0.4719,1.5954,3.3622,359.8357,-43.4603
2017-08-24,42.7822,-1.3755,-1.5537,-1.4112,-2.4513,-0.1465,2.1079,354.886,-44.238
2017-08-25,42.9235,0.3303,-0.9602,-2.0427,-2.4929,0.6385,2.8392,356.0582,-44.0538
2017-08-28,42.7978,-0.2927,-1.6066,-1.4999,-2.7438,0.2164,3.0669,355.016,-44.2176
2017-08-29,42.947,0.3486,-1.2814,-1.1208,-2.6805,0.0935,2.8203,356.2536,-44.0231
2017-08-30,42.9392,-0.0183,-1.0136,-1.0315,-3.4822,0.0932,3.4072,356.1884,-44.0334
2017-08-31,42.9549,0.0366,0.4037,-0.9235,-3.7334,0.5112,3.3119,356.3188,-44.0129
2017-09-01,43.159,0.4752,0.5488,-0.3625,-3.3772,1.4303,3.7647,358.0121,-43.7468
2017-09-05,43.2218,0.1456,0.9907,0.0545,-2.9997,1.7076,3.1196,358.5332,-43.6649
2017-09-06,43.4024,0.4178,1.0603,-0.2706,-2.5604,2.3566,3.3242,360.0311,-43.4296
2017-09-07,43.4652,0.1448,1.2252,0.2536,-1.6798,2.3364,4.3858,360.5523,-43.3477
2017-09-08,43.2532,-0.4877,0.6946,-0.3977,-2.0385,1.3748,4.4521,358.7937,-43.624
2017-09-11,43.5202,0.6171,0.8368,0.6354,-1.4165,1.9263,8.0288,361.008,-43.2761
2017-09-12,43.6144,0.2165,0.9083,0.7801,-1.3597,2.4446,6.266,361.7896,-43.1533
2017-09-13,43.638,0.054,0.5427,0.3431,-1.9286,1.7405,7.647,361.9851,-43.1226
2017-09-14,43.5516,-0.1979,0.1987,-0.3593,-1.8994,1.3926,7.7591,361.2685,-43.2352
2017-09-15,43.6274,0.1742,0.8651,-0.5252,-0.6853,1.8463,7.0757,361.8977,-43.1363
2017-09-18,43.6906,0.1448,0.3917,0.5367,-1.0191,1.7901,7.5802,362.4219,-43.0539
2017-09-19,43.5563,-0.3074,-0.1331,0.5001,-0.9356,1.5694,7.4735,361.308,-43.229
2017-09-20,43.1376,-0.9614,-1.1467,-0.8255,-1.6069,0.7944,6.1581,357.8343,-43.7748
2017-09-21,42.7268,-0.9523,-1.8939,-1.7877,-1.8939,0.0531,4.573,354.4265,-44.3102
2017-09-22,42.6004,-0.2959,-2.3542,-1.7946,-2.2194,-0.0423,3.349,353.378,-44.475
2017-09-25,42.9085,0.7233,-1.7902,0.2952,-1.9011,0.7727,4.5648,355.9338,-44.0734
2017-09-26,43.0112,0.2394,-1.2516,0.2043,-0.8117,0.8294,5.7069,356.7858,-43.9395
2017-09-27,42.6794,-0.7715,-1.0623,-0.2768,-1.932,-0.1309,4.457,354.0332,-44.372
2017-09-28,42.6794,0.0,-0.111,-0.6233,-0.877,0.0699,4.2802,354.0332,-44.372
2017-09-29,42.6478,-0.074,0.1113,-0.6786,-1.1306,0.2889,5.2316,353.7711,-44.4132
2017-10-02,42.5687,-0.1853,-0.7918,-0.899,-1.2239,0.2684,3.9904,353.1157,-44.5162
2017-10-03,42.6161,0.1114,-0.9184,-1.2578,-1.0418,0.0862,4.7757,353.509,-44.4544
2017-10-04,42.7505,0.3151,0.1666,-1.0906,-0.1657,0.5857,6.0082,354.623,-44.2793
2017-10-05,42.9401,0.4435,0.6109,-1.0652,0.3323,1.0318,6.5801,356.1959,-44.0322
2017-10-06,42.5134,-0.9936,-0.315,-2.1898,0.0328,-0.2463,5.32,352.6569,-44.5883
2017-10-09,42.3949,-0.2787,-0.4083,-1.9844,0.0311,-0.8145,5.3074,351.6739,-44.7427
2017-10-10,42.7663,0.8759,0.3522,-1.7323,0.3496,0.0178,6.2298,354.7541,-44.2587
2017-10-11,42.8532,0.2032,0.2403,-1.7454,0.535,-0.161,6.9977,355.4751,-44.1455
2017-10-12,43.0349,0.424,0.2208,-1.382,0.168,0.7195,6.8562,356.9825,-43.9086
2017-10-13,43.1139,0.1836,1.4124,-1.005,0.2419,0.1918,7.0319,357.6377,-43.8056
2017-10-16,43.1297,0.0366,1.7331,-1.1409,0.2786,-0.2231,7.0507,357.7688,-43.7851
2017-10-17,42.9717,-0.3663,0.4803,-1.6455,-0.4522,-0.2109,7.1701,356.4581,-43.991
2017-10-18,42.9164,-0.1287,0.1474,-1.4693,-0.5984,-0.1407,6.7046,355.9992,-44.0631
2017-10-19,42.6872,-0.5339,-0.8078,-1.044,-1.2906,-0.3848,6.7475,354.0987,-44.3617
2017-10-20,42.5846,-0.2406,-1.2277,-0.3328,-1.2052,-1.5197,6.5522,353.2469,-44.4956
2017-10-23,42.5529,-0.0743,-1.3372,-0.1113,-1.9572,-1.9814,5.9023,352.9846,-44.5368
2017-10-24,42.4028,-0.3528,-1.3238,-1.1784,-2.2854,-1.5319,4.8461,351.7394,-44.7324
2017-10-25,42.2843,-0.2795,-1.4727,-1.6899,-3.5013,-1.6826,4.1766,350.7563,-44.8869
2017-10-26,42.3159,0.0747,-0.8699,-0.8516,-2.609,-1.5735,4.393,351.0184,-44.8457
2017-10-27,41.9525,-0.8588,-1.4843,-1.7031,-3.4105,-2.046,3.97,348.0038,-45.3194
2017-10-30,41.597,-0.8474,-2.2465,-2.4639,-4.1251,-2.218,2.6583,345.0546,-45.7828
2017-10-31,41.9446,0.8357,-1.0807,-1.4662,-3.2538,-1.491,3.2613,347.9383,-45.3297
2017-11-01,42.0789,0.3202,-0.4858,-1.2607,-2.8561,-1.9293,4.0452,349.0523,-45.1546
2017-11-02,41.9762,-0.2441,-0.8028,-1.8111,-2.829,-2.4344,4.0486,348.2004,-45.2885
2017-11-03,41.9841,0.0188,0.0753,-2.2263,-3.5296,-2.3807,4.7875,348.2659,-45.2782
2017-11-06,41.5338,-1.0726,-0.152,-2.3044,-4.2014,-3.0766,4.6076,344.5303,-45.8652
2017-11-07,41.9999,1.1223,0.1318,-0.9318,-3.2839,-2.0601,4.028,348.397,-45.2576
2017-11-08,42.4581,1.091,0.9012,-0.7205,-1.8204,-1.1352,4.724,352.1982,-44.6603
2017-11-09,42.4502,-0.0186,1.1293,-0.9403,-1.9099,-0.8658,6.1548,352.1326,-44.6706
2017-11-10,42.8848,1.0236,2.1453,-0.3489,-1.3889,-0.178,10.188,355.7371,-44.1043
2017-11-13,43.1297,0.5711,3.8425,0.0366,-1.3245,0.4832,10.9269,357.7688,-43.7851
2017-11-14,43.2798,0.3481,3.0474,0.3481,-1.3179,0.9796,11.5115,359.014,-43.5894
2017-11-15,42.8216,-1.0587,0.856,-0.3493,-1.463,-0.1621,9.6571,355.213,-44.1866
2017-11-16,43.4141,1.3837,2.2706,1.1598,0.1719,0.6708,11.1526,360.1282,-43.4143
2017-11-17,43.264,-0.3458,0.8843,1.3511,-0.5348,-0.2361,10.965,358.883,-43.61
2017-11-20,43.2166,-0.1096,0.2015,1.4842,-0.6617,-0.4527,11.2384,358.4898,-43.6718
2017-11-21,43.3588,0.3291,0.1825,1.8938,-0.0462,-0.5179,10.8581,359.6694,-43.4864
2017-11-22,43.3035,-0.1275,1.1254,2.1241,1.2186,-1.2626,10.1534,359.2107,-43.5585
2017-11-24,43.2719,-0.073,-0.3276,2.3356,0.8118,-1.7013,10.6795,358.9486,-43.5997
2017-11-27,43.2956,0.0548,0.073,2.3152,1.1631,-1.6126,9.8753,359.1451,-43.5688
2017-11-28,43.6511,0.8212,1.0055,4.049,1.6395,-1.085,10.5402,362.0943,-43.1054
2017-11-29,43.8803,0.5249,1.2026,5.4891,2.1917,-1.3668,10.969,363.995,-42.8068
2017-11-30,44.2832,0.9182,2.2624,5.5754,3.0923,-0.7566,13.8035,367.3373,-42.2816
2017-12-01,44.3938,0.2498,2.5926,5.5013,2.861,-0.6128,14.837,368.2548,-42.1374
2017-12-04,44.8125,0.9433,3.5037,6.757,3.6803,0.5702,15.1867,371.7284,-41.5916
2017-12-05,44.7414,-0.1587,2.4978,6.5676,3.0852,0.4458,14.8676,371.1386,-41.6843
2017-12-06,45.0258,0.6357,2.6107,8.4078,3.5905,1.8504,15.2564,373.4978,-41.3136
2017-12-07,44.5913,-0.9651,0.6958,6.1701,3.0936,0.9921,12.5264,369.8933,-41.88
2017-12-08,44.7098,0.2658,0.7119,5.3033,2.7336,1.2783,13.2874,370.8764,-41.7255
2017-12-11,44.7019,-0.0177,-0.2468,5.3043,2.4935,1.0998,11.6566,370.8108,-41.7358
2017-12-12,44.7098,0.0177,-0.0707,4.2557,2.4563,0.4803,11.2276,370.8764,-41.7255
2017-12-13,44.9626,0.5655,-0.1404,4.2499,3.24,1.279,11.345,372.9735,-41.396
2017-12-14,44.7651,-0.4393,0.3898,3.4319,2.6078,1.9046,12.073,371.3352,-41.6534
2017-12-15,45.2729,1.1344,1.2595,5.7246,3.6216,2.5657,12.8661,375.5475,-40.9916
2017-12-18,45.2491,-0.0528,1.224,4.2266,3.8863,2.9143,12.165,375.3494,-41.0227
2017-12-19,45.3048,0.1231,1.3307,4.717,5.0239,3.3362,12.0878,375.8115,-40.9501
2017-12-20,45.2252,-0.1757,0.5839,4.6477,5.8474,3.8428,12.1058,375.1514,-41.0538
2017-12-21,45.1933,-0.0704,0.9565,4.231,6.0867,3.7323,12.0484,374.8872,-41.0953
2017-12-22,45.265,0.1585,-0.0176,4.5296,5.4919,3.4864,12.3988,375.4814,-41.0019
2017-12-26,45.3684,0.2286,0.2639,4.845,5.4806,4.6244,12.4394,376.3397,-40.8671
2017-12-27,45.3605,-0.0175,0.123,4.7693,6.282,4.2287,12.4412,376.2737,-40.8774
2017-12-28,45.2889,-0.1579,0.1408,3.7519,6.1142,5.1836,12.9581,375.6796,-40.9708
2017-12-29,45.2809,-0.0176,0.1938,3.192,6.1742,4.9737,12.4168,375.6135,-40.9812
2018-01-02,45.0023,-0.6152,-0.5803,1.6239,5.7168,4.4229,12.2869,373.3026,-41.3443
2018-01-03,44.9864,-0.0354,-0.8421,1.3349,5.5619,4.4621,11.8362,373.1706,-41.365
2018-01-04,45.1138,0.2831,-0.5439,0.6722,5.5281,5.3533,12.1528,374.2271,-41.199
2018-01-05,45.3127,0.4411,0.0527,1.2769,5.5255,5.8762,12.2797,375.8776,-40.9397
2018-01-08,45.4242,0.2459,0.3164,0.8846,6.8466,6.8816,12.4479,376.8019,-40.7945
2018-01-09,45.3605,-0.1402,0.7959,1.7249,6.9951,7.0284,13.2025,376.2737,-40.8774
2018-01-10,45.1376,-0.4913,0.3362,0.9568,5.5449,5.9139,13.2156,374.425,-41.1679
2018-01-11,45.074,-0.1411,-0.0882,0.8323,5.1823,5.745,12.8366,373.8969,-41.2509
2018-01-12,45.0899,0.0353,-0.4918,0.85,4.7752,4.9511,12.986,374.029,-41.2302
2018-01-16,45.2968,0.4589,-0.2804,0.7432,5.0632,5.3173,13.4385,375.7455,-40.9604
2018-01-17,45.8142,1.1422,1.0002,2.3434,6.2242,6.5202,13.1312,380.0372,-40.2861
2018-01-18,45.6789,-0.2953,1.1991,0.8967,6.3,5.8193,12.4098,378.9148,-40.4625
2018-01-19,46.1883,1.1152,2.4722,2.0757,7.6239,6.9799,14.0767,383.1403,-39.7985
2018-01-22,46.5385,0.7582,3.2127,2.7232,9.022,7.6149,14.1985,386.0454,-39.342
2018-01-23,46.3872,-0.325,2.4073,2.5695,8.9297,7.6169,13.8707,384.7909,-39.5392
2018-01-24,46.4828,0.2059,1.4593,2.8531,9.2352,7.0972,13.3503,385.5833,-39.4147
2018-01-25,46.5066,0.0514,1.8121,2.7431,9.6782,7.1716,13.43,385.7813,-39.3835
2018-01-26,46.7295,0.4792,1.1718,3.0,10.5126,6.6432,14.4713,387.6299,-39.0931
2018-01-29,46.5464,-0.3918,0.0171,2.6145,9.9975,7.1276,14.6541,386.1114,-39.3317
2018-01-30,46.236,-0.6669,-0.3261,2.0913,10.2104,6.4516,13.9765,383.5363,-39.7363
2018-01-31,46.0211,-0.4648,-0.9932,1.6347,10.6357,6.072,12.9075,381.7538,-40.0164
2018-02-01,45.8221,-0.4324,-1.4719,1.8217,9.2444,5.6898,13.3026,380.1031,-40.2757
2018-02-02,44.9466,-1.9107,-3.8153,-0.0885,6.8151,3.7643,10.1247,372.8405,-41.4169
2018-02-05,43.3149,-3.6303,-6.9426,-3.9873,3.1893,0.27,5.4461,359.3054,-43.5436
2018-02-06,43.7925,1.1026,-5.2849,-3.355,4.3073,0.6257,7.1952,363.2669,-42.9212
2018-02-07,43.6015,-0.4362,-5.2577,-4.0126,4.9783,0.5678,5.8639,361.6822,-43.1702
2018-02-08,42.6623,-2.1541,-6.8959,-5.9484,1.577,-1.7586,3.1565,353.8914,-44.3943
2018-02-09,42.7498,0.2052,-4.8876,-5.2901,0.687,-1.1459,2.9438,354.6177,-44.2802
2018-02-12,43.1876,1.024,-0.294,-4.1851,1.737,-0.2061,3.9204,358.249,-43.7096
2018-02-13,43.3866,0.4607,-0.9269,-3.7776,1.1701,-0.235,4.3992,359.8996,-43.4502
2018-02-14,43.3627,-0.055,-0.5476,-4.2699,0.5402,-0.7914,4.3223,359.7016,-43.4814
2018-02-15,44.079,1.652,3.3209,-3.7874,1.8467,0.5044,5.0855,365.6438,-42.5477
2018-02-16,44.2541,0.3972,3.5189,-3.119,3.3454,1.8334,5.3667,367.0963,-42.3195
2018-02-20,43.2512,-2.2662,0.1474,-6.3588,-0.3751,-0.2039,2.4683,358.7772,-43.6266
2018-02-21,42.7339,-1.1962,-1.5043,-8.1751,-1.2253,-1.7536,0.3398,354.4856,-44.3009
2018-02-22,42.8453,0.2608,-1.1931,-7.6356,-0.8591,-1.5151,0.5832,355.41,-44.1557
2018-02-23,43.2592,0.966,-1.8599,-6.9349,-0.2297,-0.2758,1.3152,358.8433,-43.6162
2018-02-26,43.5298,0.6255,-1.6367,-6.4009,0.5226,1.7476,1.5985,361.088,-43.2635
2018-02-27,42.9567,-1.3165,-0.6809,-8.0736,-0.7283,0.0775,0.7165,356.3343,-44.0105
2018-02-28,42.511,-1.0376,-0.5215,-8.6696,-1.8121,-0.6701,-0.4552,352.637,-44.5914
2018-03-01,42.4155,-0.2247,-1.0032,-8.263,-2.8307,-1.2376,-1.1453,351.8447,-44.7159
2018-03-02,42.7737,0.8444,-1.1224,-7.0564,-2.5218,-0.3854,-0.2925,354.8158,-44.2491
2018-03-05,43.1478,0.8746,-0.8777,-5.8364,-2.564,0.449,0.9625,357.9189,-43.7615
2018-03-06,43.1796,0.0738,0.5188,-3.9313,-2.735,0.0477,1.4788,358.183,-43.72
2018-03-07,42.7896,-0.9032,0.6553,-1.2128,-4.5142,-1.0,0.6905,354.9478,-44.2283
2018-03-08,43.1796,0.9115,1.8015,-1.3995,-3.4908,-0.5133,1.8312,358.183,-43.72
2018-03-09,43.4582,0.6452,1.6003,-0.3286,-3.4817,-0.0162,2.3198,360.4939,-43.3569
2018-03-12,43.3786,-0.1831,0.535,1.6791,-2.7196,0.2898,1.6686,359.8336,-43.4606
2018-03-13,43.3468,-0.0734,0.3871,1.3964,-3.0487,-0.3985,1.5202,359.5695,-43.5021
2018-03-14,42.909,-1.0099,0.279,-0.645,-4.0108,-1.6174,0.7877,355.9381,-44.0727
2018-03-15,42.6065,-0.7049,-1.3272,-1.7978,-4.7043,-2.3636,-0.6642,353.4292,-44.4669
2018-03-16,42.6218,0.0357,-1.9247,-1.7087,-5.2063,-2.135,-0.7722,353.5554,-44.4471
2018-03-19,42.2055,-0.9766,-2.7043,-4.2503,-5.7179,-3.2592,-1.4731,350.1028,-44.9896
2018-03-20,42.0855,-0.2844,-2.9097,-4.9005,-7.0405,-3.6739,-1.9496,349.1069,-45.1461
2018-03-21,41.5652,-1.2362,-3.1317,-3.8982,-8.1412,-4.5714,-3.0737,344.7913,-45.8242
2018-03-22,41.221,-0.8281,-3.2519,-3.5402,-9.0139,-4.4429,-3.6838,341.9362,-46.2728
2018-03-23,40.7088,-1.2427,-4.4883,-4.9867,-9.9865,-4.723,-4.6724,337.6869,-46.9404
2018-03-26,41.2931,1.4353,-2.1619,-4.545,-8.6302,-3.0687,-3.1097,342.5338,-46.1789
2018-03-27,41.2691,-0.0582,-1.9399,-5.1936,-8.8278,-3.8207,-3.0776,342.3345,-46.2102
2018-03-28,41.8374,1.3771,0.6547,-2.6059,-7.7831,-2.7291,-1.9223,347.0487,-45.4695
2018-03-29,42.1255,0.6887,2.1942,-0.9069,-7.1317,-1.2977,-1.4269,349.4389,-45.0939
2018-04-02,41.093,-2.4511,0.9438,-3.1181,-9.2647,-3.717,-3.6497,340.8739,-46.4397
2018-04-03,41.6372,1.3245,0.8335,-2.6569,-8.0468,-2.3694,-2.0874,345.3888,-45.7303
2018-04-04,42.2856,1.5571,2.4632,-1.9982,-6.0369,-0.6652,-0.3986,350.7668,-44.8853
2018-04-05,42.3896,0.2461,1.3201,-1.8295,-5.7723,-0.5315,-0.4458,351.6299,-44.7496
2018-04-06,41.9574,-1.0196,-0.399,-1.9448,-6.9964,-1.855,-1.2802,348.0446,-45.313
2018-04-09,41.9334,-0.0572,2.0452,-2.8861,-7.4578,-2.3444,-1.3367,347.8454,-45.3443
2018-04-10,42.0294,0.2291,0.942,-3.2876,-7.4734,-1.1384,-1.3819,348.6422,-45.2191
2018-04-11,41.9494,-0.1904,-0.795,-3.2947,-7.5199,-1.0509,-1.8568,347.9782,-45.3234
2018-04-12,41.8854,-0.1526,-1.1895,-3.3713,-7.2051,-2.0597,-2.0423,347.4472,-45.4069
2018-04-13,42.0935,0.4968,0.3243,-1.9006,-6.6124,-1.7728,-1.9309,349.1733,-45.1356
2018-04-16,42.5497,1.0839,1.4698,-0.1334,-5.6335,-1.1274,-0.4161,352.9579,-44.541
2018-04-17,42.6458,0.2257,1.4664,0.0563,-5.8526,-1.0858,-0.8961,353.7545,-44.4158
2018-04-18,42.3256,-0.7507,0.8968,0.2845,-7.6146,-1.8643,-2.0833,351.0988,-44.8331
2018-04-19,41.101,-2.8934,-1.8728,-2.3393,-10.0219,-4.3533,-4.5551,340.9403,-46.4293
2018-04-20,40.4126,-1.6748,-3.9931,-2.773,-12.5046,-5.834,-5.9664,335.2303,-47.3264
2018-04-23,40.3646,-0.1189,-5.1355,-2.0777,-13.2662,-5.4411,-5.805,334.8318,-47.3891
2018-04-24,40.1085,-0.6345,-5.9497,-1.4746,-13.5356,-5.8145,-7.2459,332.7072,-47.7229
2018-04-25,40.1805,0.1796,-5.0681,-2.6943,-13.5583,-5.5753,-7.4462,333.3048,-47.629
2018-04-26,40.4206,0.5976,-1.6553,-2.0558,-13.0863,-4.6747,-6.1349,335.2968,-47.316
2018-04-27,40.6367,0.5346,0.5546,-2.8697,-13.0383,-3.8964,-5.5135,337.0894,-47.0343
2018-04-30,40.3806,-0.6303,0.0397,-4.1421,-13.2466,-4.5735,-6.075,334.9648,-47.3682
2018-05-01,40.0284,-0.8722,-0.1996,-2.5906,-13.4259,-4.5863,-6.5385,332.0433,-47.8272
2018-05-02,39.244,-1.9596,-2.3307,-5.7478,-14.726,-5.6565,-7.749,325.5366,-48.8496
2018-05-03,39.204,-0.102,-3.0099,-7.2875,-14.443,-6.5338,-7.9274,325.2046,-48.9017
2018-05-04,39.7723,1.4495,-2.1273,-6.1745,-11.5121,-5.4816,-7.3052,329.9186,-48.1611
2018-05-07,39.5242,-0.6239,-2.1209,-5.7993,-8.7516,-5.8415,-8.1336,327.8604,-48.4845
2018-05-08,39.3641,-0.405,-1.6596,-6.1271,-10.1122,-6.2405,-8.4726,326.5325,-48.6931
2018-05-09,39.4201,0.1423,0.4487,-6.2084,-9.5899,-5.089,-8.009,326.9972,-48.6201
2018-05-10,39.6522,0.5888,1.1433,-5.4761,-7.0555,-5.5897,-7.5346,328.9226,-48.3175
2018-05-11,39.6522,0.0,-0.3019,-5.3316,-7.2459,-6.6086,-7.6688,328.9226,-48.3175
2018-05-14,39.6362,-0.0404,0.2835,-5.8376,-8.2231,-6.629,-7.4374,328.7899,-48.3384
2018-05-15,39.4841,-0.3837,0.305,-7.2047,-8.9945,-7.9297,-8.0935,327.5284,-48.5366
2018-05-16,39.7643,0.7095,0.8731,-6.7567,-8.2984,-7.803,-7.3574,329.8522,-48.1715
2018-05-17,39.9004,0.3422,0.6258,-5.7299,-9.4799,-7.8083,-6.9052,330.981,-47.9941
2018-05-18,39.6522,-0.6219,0.0,-3.5248,-10.3988,-7.4013,-7.5514,328.9226,-48.3175
2018-05-21,39.8203,0.4239,0.4645,-1.4656,-7.9325,-8.2779,-7.6626,330.3171,-48.0984
2018-05-22,39.7483,-0.1809,0.669,-1.5268,-6.9865,-8.1262,-8.3431,329.7196,-48.1923
2018-05-23,39.8924,0.3624,0.3221,-0.5388,-6.8922,-7.692,-8.1099,330.9146,-48.0046
2018-05-24,39.8603,-0.0802,-0.1003,-0.7968,-7.857,-8.0686,-8.5447,330.6491,-48.0463
2018-05-25,39.9244,0.1606,0.6863,-1.2278,-8.2827,-7.8034,-8.9674,331.1801,-47.9628
2018-05-29,39.8363,-0.2205,0.0402,-1.9697,-7.2641,-7.9395,-9.5058,330.4497,-48.0776
2018-05-30,40.3966,1.4065,1.631,0.0396,-4.9738,-6.6958,-8.2005,335.0974,-47.3473
2018-05-31,39.7483,-1.6049,-0.3611,-0.6998,-6.2883,-8.941,-9.9289,329.7196,-48.1923
2018-06-01,39.7483,0.0,-0.2811,1.285,-7.073,-9.4164,-10.6545,329.7196,-48.1923
2018-06-04,40.0764,0.8256,0.3809,2.2254,-7.1182,-9.4996,-10.1843,332.4416,-47.7646
2018-06-05,39.8924,-0.4593,0.1407,0.3019,-7.613,-10.1398,-10.6905,330.9146,-48.0046
2018-06-06,39.9404,0.1204,-1.1294,1.0531,-6.6587,-10.8723,-10.3641,331.3129,-47.942
2018-06-07,40.1885,0.6213,1.1075,2.0943,-6.9271,-10.1761,-9.7756,333.3712,-47.6186
2018-06-08,40.6848,1.2348,2.356,3.2081,-6.3819,-9.6413,-7.9693,337.4877,-46.9718
2018-06-11,41.0209,0.8263,2.3567,3.4518,-5.4351,-8.0069,-7.0943,340.2763,-46.5336
2018-06-12,41.101,0.1951,3.0297,3.6536,-5.181,-8.0717,-6.8966,340.9403,-46.4293
2018-06-13,40.9729,-0.3116,2.5852,3.3724,-4.5121,-8.3419,-7.3338,339.878,-46.5962
2018-06-14,41.0449,0.1758,2.131,3.9529,-3.6652,-8.197,-7.7561,340.4755,-46.5023
2018-06-15,41.5725,1.2852,2.1819,4.5472,-2.4619,-7.54,-6.3574,344.8514,-45.8147
2018-06-18,40.9675,-1.4552,-0.1302,2.6745,-2.9333,-8.4834,-6.7404,339.8332,-46.6032
2018-06-19,41.1853,0.5316,0.2052,3.8663,-2.1389,-9.0289,-6.6949,341.6398,-46.3193
2018-06-20,41.2256,0.0979,0.6168,3.5291,-0.817,-8.8917,-6.2366,341.9743,-46.2668
2018-06-21,41.3063,0.1956,0.6367,3.9196,0.2068,-8.8257,-5.7839,342.6434,-46.1617
2018-06-22,41.6451,0.8202,0.1746,4.3936,2.3,-7.9162,-4.3776,345.4536,-45.7201
2018-06-25,41.8548,0.5036,2.1658,5.0035,1.3603,-7.3873,-3.9307,347.1932,-45.4468
2018-06-26,41.6773,-0.424,1.1947,4.3907,0.9893,-7.9259,-4.7158,345.7212,-45.678
2018-06-27,41.5886,-0.2129,0.8804,4.3987,-0.5946,-8.3315,-4.0923,344.9852,-45.7937
2018-06-28,41.5886,0.0,0.6834,2.9507,-1.2745,-8.3154,-4.4383,344.9852,-45.7937
2018-06-29,41.5644,-0.0582,-0.1937,4.569,1.1472,-8.2238,-3.4665,344.7845,-45.8252
2018-07-02,41.3224,-0.5822,-1.2719,3.9602,-0.7561,-8.742,-4.2031,342.7772,-46.1406
2018-07-03,41.4192,0.2342,-0.6193,3.3505,-2.0488,-7.962,-3.8913,343.5801,-46.0145
2018-07-05,41.9919,1.3827,0.9698,5.263,-0.9383,-6.6565,-2.4914,348.3307,-45.268
2018-07-06,42.121,0.3074,1.2801,5.4596,0.3898,-6.6339,-1.6357,349.4013,-45.0998
2018-07-09,41.9596,-0.383,0.9509,4.407,0.0626,-7.3999,-1.9585,348.063,-45.3101
2018-07-10,42.4597,1.1919,2.7523,4.3628,1.0238,-6.5261,-0.0936,352.2114,-44.6583
2018-07-11,42.3226,-0.3229,2.1811,3.1732,0.8897,-6.6972,-0.1395,351.074,-44.837
2018-07-12,42.2662,-0.1334,0.6531,2.8349,0.9091,-6.3616,-0.8239,350.6057,-44.9106
2018-07-13,42.5404,0.6488,0.9958,3.8257,1.0617,-5.6209,-0.1988,352.8806,-44.5531
2018-07-16,42.3387,-0.474,0.9035,3.1522,-0.4958,-6.1014,-1.4524,351.2079,-44.816
2018-07-17,42.7017,0.8573,0.5699,2.7163,0.1312,-5.7291,-0.7164,354.2186,-44.3429
2018-07-18,42.3549,-0.8122,0.0762,3.3865,0.0692,-7.5507,-1.5228,351.3417,-44.7949
2018-07-19,42.3791,0.0571,0.2672,2.8985,3.1097,-7.2239,-1.825,351.5424,-44.7634
2018-07-20,42.6372,0.6091,0.2275,3.424,5.5046,-7.6883,-1.245,353.6834,-44.427
2018-07-23,42.371,-0.6243,0.0762,2.5776,4.9707,-8.9549,-2.0219,351.4754,-44.7739
2018-07-24,42.4517,0.1904,-0.5856,1.9368,5.8421,-8.4842,-1.5135,352.1445,-44.6688
2018-07-25,42.7743,0.7601,0.9903,2.197,6.4554,-7.9781,-1.4471,354.8209,-44.2482
2018-07-26,43.0002,0.528,1.4656,3.174,6.3817,-7.5397,-0.9088,356.6944,-43.9539
2018-07-27,43.0566,0.1313,0.9837,3.5299,5.9549,-7.8599,-1.7388,357.1628,-43.8803
2018-07-30,43.0082,-0.1124,1.5039,3.4135,6.5071,-7.6015,-1.0157,356.7612,-43.9434
2018-07-31,43.2099,0.4689,1.7861,3.9589,7.948,-6.5449,-0.5156,358.434,-43.6805
2018-08-01,42.8469,-0.84,0.1697,3.6892,9.1807,-6.8973,-1.2441,355.4231,-44.1536
2018-08-02,43.2825,1.0166,0.6565,4.4985,10.4032,-5.5424,-0.168,359.0362,-43.5859
2018-08-03,43.7906,1.1741,1.7048,4.2835,10.1034,-2.5719,1.0957,363.2516,-42.9236
2018-08-06,43.831,0.0921,1.913,4.0597,10.8966,1.1914,1.4646,363.586,-42.871
2018-08-07,43.5648,-0.6073,0.8213,3.8255,10.6714,-0.52,0.1025,361.378,-43.2179
2018-08-08,43.2341,-0.7591,0.9036,1.8237,9.6752,-0.8426,-0.2796,358.6347,-43.649
2018-08-09,43.105,-0.2985,-0.41,1.8487,8.7077,1.0378,-0.739,357.5642,-43.8172
2018-08-10,42.9437,-0.3742,-1.9341,1.603,8.3008,0.4535,-0.6976,356.226,-44.0275
2018-08-13,42.9437,0.0,-2.0243,0.948,8.3446,-0.5647,-0.7697,356.226,-44.0275
2018-08-14,43.2421,0.6949,-0.7406,2.1337,9.5177,-0.3329,-0.5671,358.7016,-43.6385
2018-08-15,43.4196,0.4104,0.4291,1.6812,9.1924,0.1312,-0.6612,360.1736,-43.4072
2018-08-16,44.0407,1.4304,2.1706,3.9801,10.3766,-0.087,0.417,365.3256,-42.5977
2018-08-17,44.3795,0.7693,3.3434,4.7202,11.9217,0.2832,2.1218,368.1359,-42.1561
2018-08-20,44.3553,-0.0545,3.287,4.0295,11.3885,2.5526,2.3435,367.9352,-42.1876
2018-08-21,44.0407,-0.7093,1.8467,3.9406,10.7989,3.0579,1.2508,365.3256,-42.5977
2018-08-22,43.7664,-0.6227,0.7988,3.0971,9.7113,2.1499,0.6021,363.0508,-42.9551
2018-08-23,43.6616,-0.2396,-0.8608,2.0743,9.5364,0.9301,0.6518,362.181,-43.0918
2018-08-24,43.6051,-0.1293,-1.7448,1.4069,9.2193,0.173,1.9236,361.7127,-43.1654
2018-08-27,43.6293,0.0554,-1.6367,1.3301,9.5214,1.5657,1.6444,361.9132,-43.1339
2018-08-28,43.4841,-0.3328,-1.2637,1.1065,7.643,2.289,1.6035,360.7089,-43.3231
2018-08-29,43.5325,0.1113,-0.5345,0.7467,9.5205,2.6335,1.3633,361.1104,-43.26
2018-08-30,43.3954,-0.315,-0.6096,1.2801,9.1755,1.4535,1.0625,359.973,-43.4387
2018-08-31,43.3793,-0.0372,-0.518,0.2236,8.2413,0.5365,0.988,359.8391,-43.4598
2018-09-04,43.3228,-0.1302,-0.7025,-1.0684,8.5992,0.3316,0.3795,359.3707,-43.5333
2018-09-05,43.8229,1.1544,0.7791,-0.0184,9.7208,2.4148,1.3906,363.5191,-42.8815
2018-09-06,43.9439,0.2761,0.945,0.8702,9.3444,1.77,1.2476,364.5228,-42.7238
2018-09-07,43.8552,-0.2019,1.0595,1.4366,7.7926,0.9134,0.8971,363.7868,-42.8395
2018-09-10,44.0084,0.3495,1.4504,2.0958,7.2829,1.4519,1.746,365.0581,-42.6397
2018-09-11,43.8471,-0.3666,1.2102,2.1037,6.6814,1.1543,0.7512,363.7199,-42.85
2018-09-12,44.3553,1.1589,1.2148,3.287,8.2551,3.3705,1.6987,367.9352,-42.1876
2018-09-13,44.2907,-0.1455,0.7893,2.4249,7.9079,3.9529,1.4959,367.3999,-42.2718
2018-09-14,44.1697,-0.2732,0.7173,1.7277,6.2476,3.6319,1.4194,366.3962,-42.4295
2018-09-17,44.3311,0.3652,0.7331,0.6594,8.2103,5.0361,1.6128,367.7344,-42.2192
2018-09-18,44.1455,-0.4185,0.6806,-0.5271,7.1876,4.8949,1.0412,366.1956,-42.461
2018-09-19,44.0649,-0.1827,-0.6547,-0.6547,6.8871,6.0138,1.1676,365.5264,-42.5661
2018-09-20,44.6214,1.2631,0.7467,1.3187,8.0258,8.2492,3.4398,370.1433,-41.8407
2018-09-21,44.6929,0.1602,1.1845,2.1169,7.3186,9.7869,4.6017,370.7362,-41.7475
2018-09-24,44.0106,-1.5267,-0.7229,0.7994,5.1507,6.581,3.3104,365.0761,-42.6369
2018-09-25,43.7507,-0.5906,-0.8945,0.3337,4.9747,6.0132,1.9627,362.9199,-42.9757
2018-09-26,43.7994,0.1114,-0.6025,0.3898,5.3159,4.6897,1.8326,363.3241,-42.9122
2018-09-27,43.7425,-0.1298,-1.9697,0.5942,5.1791,3.8386,2.4911,362.8524,-42.9863
2018-09-28,43.8075,0.1486,-1.9811,0.6317,5.3967,6.6058,2.6433,363.3915,-42.9016
2018-10-01,43.775,-0.0741,-0.5353,0.8748,5.9353,5.1343,2.6432,363.122,-42.9439
2018-10-02,44.0268,0.5752,0.6313,1.4928,6.2957,4.1178,3.4253,365.2108,-42.6157
2018-10-03,43.5557,-1.0701,-0.5564,0.5376,3.724,2.7508,2.2047,361.3027,-43.2298
2018-10-04,43.4501,-0.2424,-0.6685,-0.8507,3.1555,3.5576,1.6366,360.4268,-43.3674
2018-10-05,43.4095,-0.0935,-0.9086,-1.2161,3.4553,3.5201,1.0932,360.0898,-43.4204
2018-10-08,44.0106,1.3848,0.5381,0.3544,3.6525,4.7137,3.5216,365.0761,-42.6369
2018-10-09,43.9131,-0.2215,-0.2583,-0.2166,3.758,4.6811,3.581,364.2675,-42.7639
2018-10-10,43.3851,-1.2024,-0.3916,-1.0536,2.6474,3.5805,1.4471,359.8876,-43.4521
2018-10-11,42.3129,-2.4714,-2.6173,-4.6046,-0.5348,0.5212,-1.2608,350.9932,-44.8497
2018-10-12,42.5484,0.5567,-1.9835,-3.9338,0.4953,-0.003,-1.1304,352.9473,-44.5426
2018-10-15,42.8084,0.6109,-2.7317,-3.0821,0.2498,0.3813,-0.7086,355.1034,-44.2039
2018-10-16,43.2876,1.1196,-1.4244,-2.3537,2.2022,2.2729,0.3662,359.0791,-43.5792
2018-10-17,43.4907,0.4691,0.2434,-1.4833,2.6231,5.8143,1.2079,360.7636,-43.3145
2018-10-18,43.4339,-0.1307,2.6493,-1.432,1.8685,7.476,1.2058,360.292,-43.3886
2018-10-19,44.4249,2.2816,4.4101,-0.4406,4.8473,10.059,4.0706,368.5125,-42.0969
2018-10-22,44.0918,-0.7497,2.9981,-1.345,3.8636,9.9314,3.5394,365.7499,-42.531
2018-10-23,44.2868,0.4421,2.3081,0.6275,3.5359,10.2195,4.0745,367.367,-42.2769
2018-10-24,44.4736,0.4219,2.26,1.6524,3.4266,10.027,4.8836,368.9168,-42.0334
2018-10-25,44.5792,0.2375,2.637,1.7804,3.5362,9.7017,5.4273,369.7928,-41.8958
2018-10-26,43.7263,-1.9133,-1.5725,-0.0371,1.6696,8.2853,3.333,362.7178,-43.0074
2018-10-29,44.2299,1.1517,0.3132,0.9642,2.3606,10.4962,5.4286,366.8954,-42.351
2018-10-30,45.1072,1.9835,1.8525,3.0432,5.2752,14.9403,8.4386,374.1726,-41.2076
2018-10-31,44.6848,-0.9364,0.4749,1.4945,3.2399,13.9802,6.5329,370.6688,-41.7581
2018-11-01,45.0016,0.709,0.9475,3.3196,2.7653,13.1481,6.9458,373.2966,-41.3452
2018-11-02,44.766,-0.5235,2.3778,3.0286,2.1334,13.2624,6.6462,371.3426,-41.6523
2018-11-05,45.3265,1.252,2.4793,4.4162,4.0439,15.1469,7.9612,375.9919,-40.9217
2018-11-06,45.6027,0.6093,1.0985,3.6176,5.4786,15.6839,9.7967,378.283,-40.5617
2018-11-07,45.8626,0.57,2.6359,4.4395,6.3974,15.6622,9.197,380.4391,-40.2229
2018-11-08,45.887,0.0531,1.9675,5.7667,6.8539,15.7237,8.0759,380.6413,-40.1912
2018-11-09,46.1551,0.5842,3.1029,9.0805,7.4781,16.4467,8.7275,382.865,-39.8418
2018-11-12,45.9114,-0.528,1.2903,7.9038,6.1728,16.278,7.0576,380.8435,-40.1594
2018-11-13,45.8058,-0.23,0.4453,7.0019,5.4957,15.1933,6.2048,379.9676,-40.297
2018-11-14,45.4971,-0.6739,-0.797,5.1041,3.307,14.0268,5.1232,377.407,-40.6994
2018-11-15,45.424,-0.1607,-1.009,4.4453,2.3536,14.556,6.0773,376.8005,-40.7947
2018-11-16,45.5377,0.2504,-1.3376,4.8438,2.6659,14.358,4.8915,377.7439,-40.6464
2018-11-19,45.4646,-0.1605,-0.9731,2.3405,3.2332,14.3813,5.0865,377.1375,-40.7417
2018-11-20,44.7092,-1.6616,-2.3941,1.4001,2.154,12.0745,3.4537,370.8709,-41.7264
2018-11-21,44.3517,-0.7994,-2.5174,0.1467,1.5807,11.2678,2.2901,367.9061,-42.1922
2018-11-23,44.5061,0.348,-2.0207,0.0731,2.0662,11.476,2.7771,369.1864,-41.9911
2018-11-26,44.563,0.1278,-2.1405,-0.0364,2.14,11.8652,2.9836,369.6581,-41.9169
2018-11-27,44.961,0.8932,-1.1077,2.8237,3.3963,11.2989,3.8465,372.9598,-41.3982
2018-11-28,45.3346,0.8311,1.399,2.4977,4.1397,14.0543,3.8567,376.0593,-40.9111
2018-11-29,45.4078,0.1613,2.381,0.6663,4.6373,14.2382,3.4811,376.6658,-40.8158
2018-11-30,45.7002,0.644,2.683,2.2723,5.3503,14.0325,3.1998,379.0915,-40.4347
2018-12-03,45.7408,0.0889,2.6431,1.6426,5.5813,14.6605,3.0342,379.4284,-40.3818
2018-12-04,44.9691,-1.6871,0.0181,0.4537,2.6156,12.5906,0.3494,373.0273,-41.3875
2018-12-06,45.0178,0.1083,-0.6988,-0.681,2.4439,12.0167,0.6178,373.4314,-41.324
2018-12-07,44.4492,-1.2631,-2.1109,-2.5294,1.3546,9.2528,-1.2806,368.7147,-42.0652
2018-12-10,44.4492,0.0,-2.7373,-3.0818,1.0017,8.3575,-0.3186,368.7147,-42.0652
2018-12-11,44.8148,0.8224,-2.0245,-2.3367,2.2069,9.0358,0.2347,371.747,-41.5887
2018-12-12,44.7579,-0.1269,-0.4697,-3.0271,0.9078,9.2378,0.1252,371.2752,-41.6628
2018-12-13,45.0341,0.6171,0.0361,-1.9108,1.6784,9.719,0.7253,373.5662,-41.3029
2018-12-14,44.2705,-1.6955,-0.4021,-3.3517,0.2282,6.49,-1.5393,367.2322,-42.2981
2018-12-17,43.247,-2.3119,-2.7047,-4.9455,-2.4453,5.5642,-3.3913,358.7421,-43.6321
2018-12-18,42.7353,-1.1833,-4.6402,-5.9192,-3.1946,3.7634,-5.6053,354.497,-44.2991
2018-12-19,42.321,-0.9694,-5.4446,-7.0639,-3.9575,2.657,-6.471,351.0606,-44.8391
2018-12-20,41.5655,-1.785,-7.702,-8.576,-6.8485,0.6277,-8.2535,344.794,-45.8237
2018-12-21,41.1344,-1.0373,-7.0841,-7.9957,-7.9622,-1.2263,-9.0454,341.2173,-46.3857
2018-12-24,39.9458,-2.8896,-7.6335,-9.9342,-9.236,-4.5611,-11.6114,331.3575,-47.935
2018-12-26,41.0606,2.7909,-3.9187,-7.7416,-6.1486,-1.4798,-9.2884,340.6053,-46.4819
2018-12-27,41.4541,0.9583,-2.0485,-6.9764,-5.3547,-0.3235,-8.628,343.8693,-45.969
2018-12-28,41.4541,0.0,-0.2682,-7.7999,-5.2316,-0.3235,-8.6119,343.8693,-45.969
2018-12-31,41.6262,0.4153,1.1957,-8.1801,-4.9793,0.1487,-8.0873,345.2973,-45.7447
2019-01-02,41.3803,-0.5908,3.5912,-8.8695,-5.4705,0.14,-8.6142,343.2573,-46.0652
2019-01-03,41.1426,-0.5745,0.1997,-9.9728,-6.5511,-0.6679,-8.5768,341.2853,-46.375
2019-01-04,42.0197,2.1319,1.3645,-8.1352,-3.5265,0.0662,-6.5947,348.5612,-45.2318
2019-01-07,41.9623,-0.1365,1.226,-6.6864,-3.4241,-0.3767,-6.9855,348.0853,-45.3066
2019-01-08,42.3476,0.9181,1.733,-5.9315,-2.4462,0.9246,-6.5437,351.2812,-44.8044
2019-01-09,41.9541,-0.9292,1.3867,-5.6134,-4.6727,-1.1908,-7.6392,348.0171,-45.3173
2019-01-10,42.2,0.5862,2.5702,-5.0602,-3.9011,-0.2897,-6.9674,350.0571,-44.9968
2019-01-11,42.323,0.2914,0.7218,-5.5602,-2.4481,0.1345,-6.2357,351.0771,-44.8365
2019-01-14,42.118,-0.4842,0.3711,-5.8981,-0.4604,-0.9928,-6.5579,349.3771,-45.1036
2019-01-15,42.5361,0.9926,0.4452,-5.5469,-0.029,0.4662,-5.6637,352.845,-44.5587
2019-01-16,42.3066,-0.5396,0.8402,-4.4362,-1.1721,-0.9253,-6.6014,350.9411,-44.8579
2019-01-17,42.4869,0.4263,0.6799,-1.7575,-1.8497,0.3118,-7.2625,352.4371,-44.6228
2019-01-18,42.9952,1.1962,1.5882,0.6082,-1.1394,1.4538,-5.8752,356.6529,-43.9604
2019-01-22,42.6017,-0.9151,1.1483,0.6633,-1.9159,-0.0832,-7.7651,353.3891,-44.4732
2019-01-23,43.1099,1.193,1.349,3.7155,-2.9599,1.744,-7.3671,357.605,-43.8108
2019-01-24,42.5771,-1.236,0.6394,3.5074,-3.4353,0.2955,-8.2138,353.1851,-44.5053
2019-01-25,42.405,-0.4043,-0.1929,6.1564,-4.2491,-0.8635,-8.7727,351.7571,-44.7296
2019-01-28,42.5853,0.4253,-0.9532,3.7133,-4.2459,-0.9648,-8.4318,353.2532,-44.4946
2019-01-29,42.6837,0.231,0.1924,2.9662,-4.252,-0.8662,-8.658,354.0691,-44.3664
2019-01-30,42.9706,0.6722,-0.3233,3.6583,-1.7283,-0.0875,-7.6823,356.449,-43.9924
2019-01-31,43.7657,1.8504,2.7917,5.1398,-1.0495,1.2864,-5.3428,363.0449,-42.956
2019-02-01,43.6264,-0.3184,2.8803,5.4279,-3.2829,1.8192,-5.2036,361.8889,-43.1377
2019-02-04,43.9051,0.6389,3.0991,6.7145,-1.7449,1.4385,-4.1837,364.2009,-42.7744
2019-02-05,43.9133,0.0187,2.8807,4.5064,-2.4184,0.28,-2.299,364.2689,-42.7637
2019-02-06,43.9215,0.0187,2.2129,4.6688,-1.8866,0.2065,1.4003,364.3368,-42.753
2019-02-07,43.8887,-0.0746,0.2809,3.6392,-3.1722,0.7435,0.2197,364.0649,-42.7958
2019-02-08,44.0936,0.4669,1.071,5.0997,-3.3092,1.9881,1.1288,365.7648,-42.5287
2019-02-11,44.2084,0.2603,0.6908,4.7591,-3.607,2.5597,3.6241,366.7169,-42.3791
2019-02-12,44.5527,0.7788,1.456,5.2683,-2.9079,3.7467,4.2172,369.5728,-41.9303
2019-02-13,44.6347,0.184,1.6238,5.9751,-3.2942,3.9376,3.3507,370.2528,-41.8235
2019-02-14,44.1346,-1.1203,0.5603,3.758,-3.87,2.0639,1.7242,366.1049,-42.4752
2019-02-15,44.5527,0.9472,1.0411,5.3091,-2.7357,2.6096,2.7443,369.5728,-41.9303
2019-02-19,44.7822,0.5152,1.298,5.4023,-1.5713,1.6837,1.5952,371.4767,-41.6312
2019-02-20,44.7002,-0.183,0.3312,3.9657,-1.5933,0.7228,1.008,370.7968,-41.738
2019-02-21,44.8314,0.2934,0.4408,5.2338,-1.5511,1.0734,3.6534,371.8847,-41.5671
2019-02-22,44.6183,-0.4754,1.0958,3.4988,-1.8616,1.3115,4.4095,370.1168,-41.8449
2019-02-25,44.3723,-0.5511,-0.4047,4.2164,-0.7533,1.3844,3.564,368.077,-42.1654
2019-02-26,44.3969,0.0554,-0.8603,4.6975,0.1018,1.6842,2.63,368.2808,-42.1333
2019-02-27,44.3313,-0.1477,-0.8252,4.1001,-0.3926,1.6654,1.8413,367.7368,-42.2188
2019-02-28,44.5445,0.4808,-0.64,4.3595,-0.0415,2.0976,3.6961,369.5047,-41.941
2019-03-01,44.4625,-0.184,-0.3491,3.472,-1.1087,2.25,4.5905,368.8248,-42.0479
2019-03-04,44.3887,-0.1659,0.0369,1.4235,-2.0865,1.9668,4.6521,368.2128,-42.144
2019-03-05,44.3559,-0.0739,-0.0923,1.6723,-2.3164,2.2135,3.6991,367.9408,-42.1868
2019-03-06,44.2904,-0.1478,-0.0924,0.8775,-3.0849,2.1003,2.6481,367.3969,-42.2722
2019-03-07,44.0034,-0.6478,-1.2146,0.2053,-3.7982,1.5711,1.9079,365.0169,-42.6462
2019-03-08,44.028,0.0559,-0.9771,0.2426,-2.0927,0.4681,2.8942,365.2209,-42.6141
2019-03-11,44.6019,1.3033,0.4802,1.625,-0.924,1.4973,3.2938,369.9809,-41.8662
2019-03-12,44.6183,0.0367,0.5914,1.1898,0.3802,1.74,2.6694,370.1168,-41.8449
2019-03-13,44.8724,0.5695,1.3141,1.5019,0.9519,1.9631,3.4436,372.2247,-41.5136
2019-03-14,44.8314,-0.0913,1.8815,0.6256,0.0371,2.2448,3.425,371.8847,-41.5671
2019-03-15,45.0852,0.5662,2.4012,1.0095,0.7313,1.6457,5.0718,373.9905,-41.2362
2019-03-18,45.1512,0.1463,1.2316,2.3033,0.26,1.9427,5.9724,374.5375,-41.1502
2019-03-19,45.1182,-0.073,1.1205,1.2694,1.9148,2.1474,5.8573,374.2641,-41.1932
2019-03-20,44.9286,-0.4202,0.1254,0.327,3.8884,1.348,6.452,372.6915,-41.4403
2019-03-21,45.4561,1.1741,1.3936,1.6911,6.3668,2.9688,8.0091,377.0673,-40.7528
2019-03-22,45.3984,-0.1269,0.6947,1.2649,7.2717,3.0264,9.2222,376.5886,-40.828
2019-03-25,45.4891,0.1997,0.7485,1.9518,9.4395,1.9445,10.3541,377.3408,-40.7098
2019-03-26,45.8765,0.8516,1.6807,3.3898,11.5284,2.6482,12.6944,380.5542,-40.2049
2019-03-27,45.7199,-0.3413,1.7612,2.9799,14.455,3.8839,10.7205,379.2552,-40.409
2019-03-28,45.9424,0.4868,1.0698,3.6342,11.8894,5.0097,11.3242,381.1012,-40.1189
2019-03-29,46.2474,0.6638,1.87,3.823,11.563,5.5892,10.5409,383.6309,-39.7214
2019-04-01,46.0908,-0.3386,1.3227,3.6622,11.1852,5.3684,9.4131,382.3319,-39.9255
2019-04-02,45.7117,-0.8226,-0.3593,2.9803,9.8146,4.3466,11.2396,379.1868,-40.4197
2019-04-03,45.4891,-0.4868,-0.5048,2.5547,9.9294,3.9157,9.251,377.3408,-40.7098
2019-04-04,45.6622,0.3805,-0.61,3.0974,10.9853,3.7145,7.9853,378.7766,-40.4842
2019-04-05,45.8188,0.3429,-0.9268,4.1255,9.0413,5.1959,8.0897,380.0756,-40.2801
2019-04-08,46.0084,0.4137,-0.1788,4.4979,9.6421,5.8878,9.6549,381.6481,-40.033
2019-04-09,45.9507,-0.1254,0.5229,3.0241,8.5084,5.854,9.5801,381.1694,-40.1082
2019-04-10,46.0826,0.287,1.3046,3.2819,9.8404,4.7079,9.6435,382.2636,-39.9363
2019-04-11,46.1732,0.1967,1.1191,2.899,9.4152,5.1468,10.0689,383.0156,-39.8181
2019-04-12,46.3216,0.3213,1.0973,3.324,9.4478,6.7684,10.5913,384.2463,-39.6247
2019-04-15,46.5936,0.5872,1.272,3.3456,10.6262,10.1168,10.6907,386.5025,-39.2702
2019-04-16,46.6018,0.0177,1.4171,3.2129,9.5583,9.5265,9.5232,386.5709,-39.2595
2019-04-17,46.8326,0.4952,1.6276,3.7998,10.6981,9.4006,9.8177,388.4852,-38.9587
2019-04-18,46.8738,0.088,1.5173,4.3295,10.3252,8.2845,10.7458,388.8271,-38.905
2019-04-22,46.8903,0.0352,1.2278,3.1551,9.0595,7.8168,14.0857,388.9639,-38.8835
2019-04-23,46.7419,-0.3164,0.3184,2.9593,9.7185,7.6164,15.6617,387.7332,-39.0769
2019-04-24,46.8409,0.2116,0.5129,2.9716,8.6544,5.4384,16.0444,388.5536,-38.9479
2019-04-25,46.5441,-0.6335,-0.616,1.4553,9.3173,5.5618,16.0457,386.0923,-39.3347
2019-04-26,46.9645,0.9031,0.1934,2.7222,10.7523,6.0463,16.8838,389.5792,-38.7868
2019-04-29,47.0222,0.1229,0.2812,2.3502,10.4188,5.7306,16.3321,390.0578,-38.7116
2019-04-30,47.5662,1.1569,1.7633,2.8515,11.4388,6.7003,17.0521,394.5702,-38.0026
2019-05-01,46.981,-1.2303,0.2991,1.9313,9.3329,7.4433,16.3454,389.7159,-38.7653
2019-05-02,46.9645,-0.0351,0.9031,2.7407,7.3088,6.1826,17.3278,389.5792,-38.7868
2019-05-03,47.3189,0.7546,0.7546,4.0225,8.464,4.9032,20.5761,392.5191,-38.3249
2019-05-06,47.2447,-0.1568,0.4733,3.4657,7.6065,5.7289,20.5099,391.9039,-38.4215
2019-05-07,46.7749,-0.9944,-1.6635,2.0867,6.5166,3.9406,17.6068,388.0067,-39.0339
2019-05-08,46.7667,-0.0176,-0.4561,1.6482,6.4779,4.4691,18.3242,387.9383,-39.0446
2019-05-09,46.6678,-0.2115,-0.6318,1.5606,6.3321,2.9591,18.5541,387.1178,-39.1735
2019-05-10,47.2365,1.2186,-0.1742,2.504,7.1277,3.5826,19.8284,391.8354,-38.4323
2019-05-13,46.7914,-0.9422,-0.9595,1.3388,5.8428,2.0251,18.0045,388.1434,-39.0124
2019-05-14,47.0139,0.4756,0.511,1.4947,5.5244,2.4559,18.5657,389.9894,-38.7223
2019-05-15,47.3848,0.7889,1.3218,1.6982,6.1616,2.6644,19.5493,393.0661,-38.2389
2019-05-16,47.7557,0.7827,2.3313,2.4761,8.2047,4.0172,20.9491,396.1428,-37.7555
2019-05-17,47.5991,-0.3279,0.7678,1.6368,6.8379,3.9151,19.7032,394.8438,-37.9596
2019-05-20,47.4837,-0.2424,1.4796,1.3012,6.0326,4.3665,19.0058,393.8865,-38.11
2019-05-21,47.3848,-0.2083,0.7889,1.0546,6.0058,4.3168,19.5011,393.0661,-38.2389
2019-05-22,47.5991,0.4523,0.4523,1.8339,6.1737,4.5269,19.5348,394.8438,-37.9596
2019-05-23,47.5827,-0.0346,-0.3624,1.5837,6.6439,4.6587,19.7099,394.7071,-37.9811
2019-05-24,47.4096,-0.3638,-0.3983,1.8594,6.8448,6.0399,18.8437,393.2712,-38.2067
2019-05-28,46.6348,-1.6342,-1.7879,-0.702,5.0406,5.1476,16.9955,386.8444,-39.2165
2019-05-29,46.2969,-0.7247,-2.2961,-1.5425,4.4337,4.0236,15.9614,384.0411,-39.657
2019-05-30,46.4947,0.4273,-2.3204,-2.2527,4.3781,4.3348,16.7142,385.6819,-39.3992
2019-05-31,45.8353,-1.4182,-3.6723,-2.4386,3.0875,1.9446,13.4632,380.2124,-40.2586
2019-06-03,46.4123,1.2588,-2.1036,-1.1758,4.5586,2.377,16.7654,384.9983,-39.5066
2019-06-04,46.8326,0.9057,0.4242,-1.0277,5.5836,3.1379,17.8229,388.4852,-38.9587
2019-06-05,47.3684,1.144,2.3144,0.2617,6.9496,3.6503,18.195,392.9294,-38.2604
2019-06-06,47.8629,1.044,2.9428,2.326,8.7708,4.6394,19.9801,397.0317,-37.6158
2019-06-07,48.3245,0.9644,5.4307,3.331,9.7584,7.4614,20.9915,400.8605,-37.0142
2019-06-10,48.3409,0.0341,4.1556,3.5853,8.3832,7.3818,20.2855,400.9972,-36.9927
2019-06-11,48.4975,0.3239,3.5551,2.6697,8.6944,9.1077,19.2032,402.2962,-36.7886
2019-06-12,48.5717,0.153,2.5405,3.8048,8.2442,9.2746,18.4072,402.9116,-36.6919
2019-06-13,48.6789,0.2206,1.7048,3.5414,8.5821,8.6224,18.4373,403.8004,-36.5523
2019-06-14,48.7036,0.0508,0.7846,2.7831,8.0256,8.8157,18.8678,404.0055,-36.52
2019-06-17,48.5635,-0.2877,0.4603,1.6914,7.5575,7.8372,18.3178,402.8432,-36.7027
2019-06-18,48.2997,-0.5431,-0.4079,1.4719,7.0515,9.1014,16.182,400.6553,-37.0464
2019-06-19,48.4975,0.4095,-0.1527,2.1351,7.9435,12.1408,18.3805,402.2962,-36.7886
2019-06-20,48.9261,0.8837,0.5079,3.2527,7.6337,14.4866,18.7951,405.8515,-36.23
2019-06-21,48.7675,-0.3242,0.1312,2.4546,7.4211,15.2325,18.2942,404.5357,-36.4367
2019-06-24,48.8921,0.2554,0.6767,2.7519,7.4809,17.6265,18.3648,405.5691,-36.2744
2019-06-25,48.8672,-0.0509,1.1749,3.0745,6.519,18.7989,17.3421,405.3625,-36.3068
2019-06-26,48.1695,-1.4276,-0.6763,3.291,5.3579,20.5874,15.0873,399.5754,-37.2161
2019-06-27,48.2609,0.1897,-1.3597,4.2423,5.0464,17.5358,15.7966,400.3333,-37.097
2019-06-28,48.2277,-0.0688,-1.107,3.7274,4.2819,16.3401,15.9637,400.0577,-37.1404
2019-07-01,48.5184,0.6027,-0.7644,5.8537,5.2669,17.0412,16.6627,402.4689,-36.7615
2019-07-02,48.9419,0.873,0.1529,5.4504,7.0666,17.5748,17.7496,405.9824,-36.2094
2019-07-03,49.5482,1.2388,2.8621,5.7985,8.9232,19.7386,19.9063,411.0116,-35.4192
2019-07-05,49.3323,-0.4358,2.2199,4.146,8.0374,19.9056,19.1048,409.2204,-35.7006
2019-07-08,49.3987,0.1347,2.4281,3.2088,7.8132,17.5608,17.6386,409.7715,-35.6141
2019-07-09,49.108,-0.5884,1.2153,1.6215,6.7371,17.0289,16.5881,407.3602,-35.9929
2019-07-10,49.4236,0.6427,0.9842,2.2397,7.558,16.7094,17.7885,409.9782,-35.5816
2019-07-11,49.5482,0.2521,0.0,2.1664,7.5205,18.101,16.6946,411.0116,-35.4192
2019-07-12,49.6894,0.2849,0.7239,2.301,7.6151,17.7473,17.4062,412.1827,-35.2352
2019-07-15,49.8057,0.234,0.8238,2.3147,7.5215,17.6799,17.8381,413.1473,-35.0836
2019-07-16,49.8223,0.0334,1.4544,2.2969,6.9295,18.292,17.1175,413.2851,-35.062
2019-07-17,49.7641,-0.1167,0.689,2.4723,6.7858,16.9926,17.538,412.8028,-35.1378
2019-07-18,50.0963,0.6676,1.1063,3.7197,6.9689,18.4126,17.3169,415.5585,-34.7048
2019-07-19,49.7807,-0.63,0.1839,2.6459,6.2016,17.1672,17.5325,412.9406,-35.1161
2019-07-22,49.4901,-0.5839,-0.6337,1.1526,5.5443,15.1061,16.7795,410.5294,-35.495
2019-07-23,49.8472,0.7216,0.05,2.2139,6.6434,17.0075,16.9101,413.4916,-35.0295
2019-07-24,49.515,-0.6664,-0.5007,1.274,5.709,14.8575,16.8605,410.7361,-35.4625
2019-07-25,49.5814,0.1342,-1.0279,1.4616,6.5256,16.4509,16.795,411.2871,-35.3759
2019-07-26,50.1379,1.1223,0.7174,4.0862,6.757,18.2358,17.2149,415.903,-34.6506
2019-07-29,50.2292,0.1822,1.4935,4.0785,6.8202,17.9496,16.8117,416.6607,-34.5316
2019-07-30,50.3787,0.2976,1.0663,4.4601,5.9129,18.028,17.0057,417.9008,-34.3367
2019-07-31,49.3572,-2.0277,-0.3187,1.7289,5.0578,14.8627,14.7622,409.427,-35.6682
2019-08-01,49.1828,-0.3534,-0.804,0.4921,4.7233,12.3774,13.823,407.9803,-35.8955
2019-08-02,49.1911,0.0169,-1.8884,-0.7208,3.9565,12.7554,14.8066,408.0492,-35.8847
2019-08-05,47.9121,-2.6,-4.6131,-2.8788,1.4126,9.1265,10.6963,397.4398,-37.5517
2019-08-06,48.344,0.9014,-4.0389,-2.1352,3.3545,10.0896,10.3979,401.0222,-36.9888
2019-08-07,48.9087,1.1682,-0.9086,-0.4059,4.5803,11.3549,11.5849,405.7069,-36.2527
2019-08-08,49.5399,1.2905,0.7261,0.2353,6.1544,12.8762,13.7155,410.9427,-35.43
2019-08-09,49.2658,-0.5532,0.152,-0.5699,4.2962,11.7301,13.9514,408.6693,-35.7872
2019-08-12,48.9336,-0.6743,2.1321,-1.521,4.5782,10.6885,13.5219,405.9135,-36.2202
2019-08-13,49.4901,1.1372,2.3707,-0.6337,5.2668,11.0821,15.2441,410.5294,-35.495
2019-08-14,48.7094,-1.5774,-0.4075,-2.2337,2.7953,9.1291,13.4262,404.0536,-36.5125
2019-08-15,49.4402,1.5004,-0.2012,-0.6509,3.5273,12.0214,14.3335,410.116,-35.5599
2019-08-16,50.005,1.1423,1.5003,-0.1824,5.0544,12.2379,15.1669,414.8007,-34.8238
2019-08-19,50.5033,0.9965,3.2077,1.4514,6.3591,12.7754,14.6742,418.9342,-34.1744
2019-08-20,49.9551,-1.0854,0.9397,0.9397,5.4243,11.7559,12.5637,414.3873,-34.8888
2019-08-21,50.088,0.266,2.8303,0.4832,5.2289,11.7254,12.9247,415.4896,-34.7156
2019-08-22,50.3538,0.5306,1.8478,1.6941,5.8238,12.8547,14.3348,417.6941,-34.3692
2019-08-23,49.515,-1.6658,-0.9799,-0.134,4.4409,11.5897,13.1346,410.7361,-35.4625
2019-08-26,50.1296,1.2412,-0.74,-0.0166,7.4939,12.9122,14.8139,415.8341,-34.6615
2019-08-27,49.9884,-0.2817,0.0665,-0.4795,7.9736,12.7608,14.6387,414.6628,-34.8455
2019-08-28,50.4701,0.9636,0.7627,0.1813,8.5502,13.3026,15.6793,418.6585,-34.2177
2019-08-29,50.495,0.0494,0.2804,2.3052,10.1662,13.5676,16.1228,418.8653,-34.1852
2019-08-30,50.4285,-0.1316,1.845,2.5329,8.6535,13.6066,15.8411,418.3142,-34.2718
2019-09-03,50.7192,0.5764,1.1763,3.1065,8.299,14.346,16.877,420.7254,-33.8929
2019-09-04,51.176,0.9006,2.3758,6.8123,8.0384,15.5466,17.9734,424.5145,-33.2975
2019-09-05,50.8604,-0.6167,0.7734,5.2053,6.2627,15.5828,17.3987,421.8966,-33.7089
2019-09-06,51.0265,0.3266,1.0526,4.3301,5.5915,15.8955,16.438,423.2744,-33.4924
2019-09-09,50.9102,-0.2279,0.9552,2.7661,5.3149,14.1437,15.8528,422.3098,-33.6439
2019-09-10,50.5946,-0.6199,-0.2456,2.6972,4.3241,13.3945,15.3676,419.692,-34.0553
2019-09-11,50.7773,0.3611,-0.779,3.7678,4.541,13.1595,15.381,421.2076,-33.8171
2019-09-12,50.985,0.4089,0.2449,3.0206,4.7374,13.7261,16.279,422.93,-33.5465
2019-09-13,50.6943,-0.5701,-0.651,4.075,4.0874,12.441,14.2915,420.5187,-33.9254
2019-09-16,50.2043,-0.9666,-1.3866,1.5455,3.3787,11.1916,13.3517,416.4541,-34.564
2019-09-17,50.4784,0.5459,-0.2298,0.9467,4.5106,11.8802,14.2827,418.7274,-34.2068
2019-09-18,50.5614,0.1646,-0.4252,0.1151,4.2556,12.5372,14.0542,419.4165,-34.0986
2019-09-19,50.5531,-0.0164,-0.847,1.197,3.3254,11.2129,14.5147,419.3476,-34.1094
2019-09-20,50.3927,-0.3173,-0.5949,0.6083,3.3325,11.001,14.3602,418.0169,-34.3185
2019-09-23,50.5932,0.3979,0.7747,0.4755,3.4793,11.2205,13.3832,419.6802,-34.0571
2019-09-24,50.8021,0.4128,0.6413,2.5994,3.9595,10.7366,13.6692,421.4127,-33.7849
2019-09-25,50.8355,0.0657,0.542,1.4082,5.5345,11.1889,15.5074,421.6898,-33.7414
2019-09-26,51.1195,0.5588,1.1204,2.2628,5.9233,11.2686,16.8429,424.046,-33.3711
2019-09-27,51.061,-0.1144,1.3263,1.171,5.875,10.4084,16.5794,423.5609,-33.4474
2019-09-30,51.3117,0.4908,1.4201,1.6174,5.7572,11.3274,17.3039,425.6399,-33.1207
2019-10-01,51.178,-0.2605,0.74,1.4862,4.5688,11.9583,16.8247,424.5311,-33.2949
2019-10-02,50.1504,-2.0078,-1.3476,-1.1214,1.2155,10.2471,14.564,416.0072,-34.6343
2019-10-03,50.5013,0.6997,-1.2093,-1.3183,2.3698,10.5976,14.7058,418.9179,-34.1769
2019-10-04,51.295,1.5715,0.4581,0.8544,3.8387,11.9518,17.7687,425.5014,-33.1425
2019-10-07,50.8773,-0.8144,-0.8466,-0.2925,3.6027,10.5826,17.0935,422.0363,-33.6869
2019-10-08,50.3927,-0.9524,-1.5344,-1.0165,1.9608,9.667,16.0869,418.0169,-34.3185
2019-10-09,50.777,0.7626,1.2494,0.3605,2.48,10.187,15.3745,421.2047,-33.8176
2019-10-10,50.8773,0.1974,0.7444,0.1967,2.3906,10.1878,15.8589,422.0363,-33.6869
2019-10-11,50.8271,-0.0985,-0.9121,-0.3096,2.0509,9.7267,17.1534,421.6206,-33.7523
2019-10-14,50.5765,-0.4931,-0.5911,-0.2324,1.5138,8.5482,19.5298,419.5416,-34.0789
2019-10-15,50.3593,-0.4295,-0.0663,0.3087,1.1959,8.0629,18.3575,417.7397,-34.362
2019-10-16,50.4094,0.0996,-0.7239,-0.1366,0.625,7.6374,17.756,418.1556,-34.2967
2019-10-17,50.6433,0.464,-0.4598,0.162,1.7328,8.0418,16.9926,420.0959,-33.9918
2019-10-18,50.7436,0.198,-0.1644,0.3768,2.5329,8.2176,16.6768,420.9276,-33.8611
2019-10-21,50.9107,0.3292,0.6607,1.0278,2.1335,8.9186,17.2142,422.3135,-33.6434
2019-10-22,50.9274,0.0328,1.1281,0.6605,2.8525,8.7243,14.6371,422.4522,-33.6216
2019-10-23,51.1613,0.4593,1.4915,0.7071,3.1864,9.92,16.0335,424.3925,-33.3167
2019-10-24,51.3367,0.3429,1.3692,0.986,2.3911,9.3097,15.9189,425.8478,-33.088
2019-10-25,51.036,-0.5858,0.5762,-0.1634,1.6062,8.536,14.7557,423.3531,-33.48
2019-10-28,50.9357,-0.1964,0.0493,-0.2454,1.1057,7.084,14.259,422.5215,-33.6107
2019-10-29,50.9357,0.0,0.0164,-0.7326,3.1982,8.4178,16.4877,422.5215,-33.6107
2019-10-30,51.1697,0.4592,0.0164,-0.0163,4.0398,8.954,15.6902,424.4619,-33.3058
2019-10-31,51.0945,-0.1469,-0.4719,1.8824,3.8694,7.979,13.2735,423.8382,-33.4038
2019-11-01,51.0861,-0.0164,0.0982,1.158,6.6247,8.1308,14.3255,423.7689,-33.4147
2019-11-04,50.5932,-0.9648,-0.6725,-1.3681,4.6526,8.1632,12.4254,419.6802,-34.0571
2019-11-05,50.7603,0.3302,-0.3444,-0.2299,3.7858,8.5395,13.3902,421.0662,-33.8394
2019-11-06,50.9691,0.4114,-0.3919,1.1439,2.8851,9.217,12.4488,422.7986,-33.5672
2019-11-07,50.7937,-0.3442,-0.5886,0.0329,3.1013,7.5307,11.3831,421.3434,-33.7958
2019-11-08,50.7603,-0.0658,-0.6378,-0.2299,3.733,8.4821,10.679,421.0662,-33.8394
2019-11-11,50.6851,-0.1481,0.1816,-0.2794,2.4147,7.8087,10.4563,420.4424,-33.9374
2019-11-12,50.8522,0.3297,0.181,0.5451,4.3991,7.3174,10.1768,421.8284,-33.7196
2019-11-13,51.2365,0.7557,0.5245,1.7419,3.6332,7.2887,11.5987,425.0163,-33.2187
2019-11-14,51.2198,-0.0326,0.8388,1.6076,2.4294,7.6065,11.8195,424.8777,-33.2405
2019-11-15,51.2365,0.0326,0.9381,1.1712,1.4518,7.9032,12.6149,425.0163,-33.2187
2019-11-18,51.5038,0.5218,1.6153,1.4982,3.1002,8.6926,13.3846,427.2339,-32.8702
2019-11-19,51.437,-0.1298,1.15,1.0338,2.6932,8.0628,12.9547,426.6794,-32.9574
2019-11-20,51.5539,0.2274,0.6196,1.2303,2.3834,8.3461,13.3936,427.6497,-32.8049
2019-11-21,51.295,-0.5023,0.1468,0.2613,3.5949,8.1954,14.7303,425.5014,-33.1425
2019-11-22,51.2114,-0.1629,-0.0489,-0.2441,2.1581,9.8138,15.4665,424.8084,-33.2514
2019-11-25,51.2699,0.1142,-0.4542,0.4583,2.5637,10.7416,15.1975,425.2934,-33.1751
2019-11-26,51.6876,0.8147,0.4873,1.4761,2.4124,11.1689,15.9878,428.7585,-32.6307
2019-11-27,51.8129,0.2424,0.5024,1.7221,2.6101,13.0416,15.2398,429.798,-32.4674
2019-11-29,51.7962,-0.0323,0.9772,1.2245,2.7121,11.6003,14.2531,429.6593,-32.4892
2019-12-02,51.9132,0.2258,1.3703,1.6024,2.3541,10.8484,14.3267,430.6296,-32.3367
2019-12-03,51.8296,-0.1609,1.0917,1.4554,1.2772,9.4183,13.4123,429.9365,-32.4456
2019-12-04,52.1722,0.6609,0.9375,3.1209,2.5791,9.0034,14.0605,432.7779,-31.9991
2019-12-05,52.1554,-0.0321,0.6611,2.7485,2.2125,7.9276,15.9806,432.6392,-32.0209
2019-12-06,52.356,0.3845,1.0807,2.7209,2.8398,8.3056,16.3005,434.3025,-31.7596
2019-12-09,52.3977,0.0798,0.9333,3.1579,3.5638,8.042,17.8822,434.6489,-31.7052
2019-12-10,52.2306,-0.3189,0.7737,2.8966,2.8621,7.533,17.5063,433.263,-31.9229
2019-12-11,52.3058,0.1439,0.2562,3.1976,2.5906,7.4507,16.7156,433.8866,-31.8249
2019-12-12,52.264,-0.0799,0.2082,2.7764,3.0965,7.3104,16.7706,433.5401,-31.8794
2019-12-13,52.4478,0.3517,0.1755,2.3643,4.4688,7.9985,16.4626,435.0647,-31.6398
2019-12-16,52.6316,0.3504,0.4464,2.7565,4.2658,8.9688,18.8864,436.5893,-31.4003
2019-12-17,52.5481,-0.1587,0.6078,2.5599,3.9292,8.3521,21.5069,435.8963,-31.5091
2019-12-18,52.4646,-0.159,0.3035,1.8654,3.781,7.2322,22.7664,435.2033,-31.618
2019-12-19,52.7486,0.5414,0.9271,2.55,4.6751,8.1634,24.6393,437.5596,-31.2478
2019-12-20,53.147,0.7553,1.333,3.0901,5.0477,8.7027,27.8631,440.8644,-30.7285
2019-12-23,52.9196,-0.4279,0.5471,3.1672,4.1682,8.2927,28.6505,438.9779,-31.025
2019-12-24,52.987,0.1273,0.8352,3.4671,4.2323,10.001,32.6473,439.5368,-30.9371
2019-12-26,53.0375,0.0954,1.0921,3.4476,3.752,9.8974,29.1689,439.956,-30.8713
2019-12-27,53.2733,0.4447,0.9948,3.0679,4.3326,10.4621,28.5117,441.9123,-30.5639
2019-12-30,52.9954,-0.5218,-0.2853,2.2822,3.2813,9.2275,27.8412,439.6066,-30.9262
2019-12-31,53.0459,0.0954,0.2387,2.4127,3.6498,8.3854,27.4339,440.0258,-30.8603
2020-01-02,52.6248,-0.7939,-0.6835,1.3708,4.9339,6.2093,27.1736,436.5325,-31.4092
2020-01-03,52.5406,-0.1601,-0.937,1.3717,4.038,6.5034,27.7036,435.8338,-31.519
2020-01-06,52.6501,0.2084,-1.1699,0.916,2.6418,6.5819,25.2986,436.7422,-31.3762
2020-01-07,52.2458,-0.7679,-1.4145,0.1732,2.6898,6.3895,24.5064,433.3885,-31.9032
2020-01-08,52.4395,0.3708,-1.1432,0.1596,4.0617,6.1021,23.8311,434.9954,-31.6507
2020-01-09,52.8101,0.7067,0.3521,0.787,4.004,6.5833,25.8759,438.0696,-31.1677
2020-01-10,52.7764,-0.0638,0.4489,1.0449,3.7328,6.2126,25.0625,437.7902,-31.2116
2020-01-13,53.1217,0.6543,0.8958,1.5599,4.5145,6.658,25.5151,440.6548,-30.7615
2020-01-14,53.1386,0.0317,1.7089,1.6733,5.0658,6.6563,26.1658,440.7945,-30.7395
2020-01-15,53.5176,0.7132,2.0559,2.0396,6.2715,7.5425,25.8168,443.9384,-30.2455
2020-01-16,53.6608,0.2676,1.6108,1.9554,6.4499,7.1152,26.8379,445.1262,-30.0589
2020-01-17,53.7534,0.1727,1.8513,2.2938,6.1412,7.9804,26.5175,445.8947,-29.9381
2020-01-21,53.9387,0.3447,1.538,2.8098,6.2966,8.989,25.453,447.4318,-29.6966
2020-01-22,53.9808,0.0781,1.585,2.336,6.0305,8.2927,26.7105,447.7812,-29.6417
2020-01-23,53.9303,-0.0936,0.7712,1.4738,5.8965,8.9172,25.0995,447.362,-29.7076
2020-01-24,53.5597,-0.6872,-0.1883,1.2096,4.688,8.0238,25.7946,444.2879,-30.1906
2020-01-27,53.3913,-0.3145,-0.6738,0.763,4.0021,6.4889,25.908,442.8905,-30.4102
2020-01-28,53.4586,0.1262,-0.8901,0.794,4.7469,6.4294,25.533,443.4494,-30.3224
2020-01-29,53.1891,-0.5042,-1.4667,-0.1581,4.4239,5.5786,24.6123,441.2136,-30.6737
2020-01-30,53.8208,1.1877,-0.203,1.5576,5.6641,9.0435,25.2504,446.4537,-29.8503
2020-01-31,53.2144,-1.1268,-0.6448,0.3176,3.996,8.1972,21.5892,441.4233,-30.6407
2020-02-03,53.2144,0.0,-0.3313,1.1204,4.149,8.1789,21.9776,441.4233,-30.6407
2020-02-04,53.5344,0.6015,0.1418,1.8917,4.7926,11.7347,21.9322,444.0783,-30.2236
2020-02-05,53.964,0.8024,1.4568,2.4956,6.6625,11.6251,22.8876,447.6414,-29.6637
2020-02-06,54.0566,0.1717,0.4382,3.4661,6.4939,10.5256,23.0757,448.41,-29.5429
2020-02-07,54.124,0.1247,1.7094,3.2123,6.1898,9.2534,23.3211,448.9689,-29.4551
2020-02-10,54.3514,0.4202,2.1368,2.9187,7.0043,10.3228,23.2637,450.8554,-29.1587
2020-02-11,54.1493,-0.3719,1.1485,2.6013,6.6765,10.6587,22.4865,449.1786,-29.4222
2020-02-12,54.124,-0.0467,0.2966,1.8868,6.7849,9.3634,21.4832,448.9689,-29.4551
2020-02-13,54.4441,0.5913,0.7167,2.4568,7.0634,11.7733,21.9772,451.6239,-29.0379
2020-02-14,54.5704,0.2321,0.8248,1.9673,6.507,10.3766,23.6454,452.6719,-28.8733
2020-02-18,54.3767,-0.355,0.0465,1.3342,6.1635,8.7426,22.0504,451.065,-29.1258
2020-02-19,54.3177,-0.1084,0.3111,1.0498,6.0138,7.5529,21.2932,450.5758,-29.2026
2020-02-20,54.3599,0.0775,0.4357,0.7808,5.5453,8.8174,21.6098,450.9252,-29.1477
2020-02-21,54.4525,0.1704,0.0155,0.8738,5.8625,8.7136,21.4607,451.6937,-29.027
2020-02-24,53.1975,-2.3047,-2.5158,-1.3587,3.1881,5.6475,19.2282,441.2835,-30.6627
2020-02-25,52.2374,-1.8049,-3.9343,-2.4689,1.8372,5.4981,17.725,433.3187,-31.9142
2020-02-26,51.9425,-0.5644,-4.3728,-2.7134,1.4277,3.6166,16.9958,430.8732,-32.2984
2020-02-27,49.8285,-4.07,-8.3359,-6.7906,-2.8115,-0.3199,12.4001,413.3365,-35.0539
2020-02-28,48.843,-1.9777,-10.3016,-8.171,-5.5034,-3.2238,9.65,405.162,-36.3383
2020-03-02,51.454,5.3458,-3.2774,-4.3975,-0.6927,1.8993,15.7246,426.821,-32.9351
2020-03-03,50.755,-1.3587,-2.8378,-4.6217,-2.0103,0.6473,14.342,421.0219,-33.8463
2020-03-04,53.2481,4.912,2.5134,0.0633,2.5714,4.986,20.0472,441.7027,-30.5968
2020-03-05,52.2458,-1.8823,4.8512,-2.4072,0.8029,2.0904,17.9619,433.3885,-31.9032
2020-03-06,51.8331,-0.7899,6.1218,-3.9488,-0.65,1.9124,17.7932,429.965,-32.4411
2020-03-09,49.5758,-4.3549,-3.6504,-8.2892,-4.9461,-2.8431,12.6004,411.2403,-35.3833
2020-03-10,50.9992,2.8712,0.4812,-5.7734,-2.5914,0.1748,14.3432,423.048,-33.528
2020-03-11,48.4977,-4.905,-8.9212,-10.7702,-7.4431,-4.1446,8.6947,402.2975,-36.7884
2020-03-12,43.941,-9.3956,-15.8955,-18.8521,-15.8712,-13.4633,-2.0755,364.499,-42.7276
2020-03-13,47.6807,8.5106,-8.0111,-11.9048,-8.8425,-6.4809,6.3556,395.5202,-37.8533
2020-03-16,44.4464,-6.7832,-10.3465,-18.3632,-14.958,-12.3247,-1.417,368.6912,-42.0689
2020-03-17,48.1945,8.4328,-5.4996,-11.6839,-8.1098,-4.0033,6.7402,399.782,-37.1837
2020-03-18,46.9563,-2.569,-3.1782,-13.6462,-10.7831,-6.9773,4.074,389.5116,-38.7974
2020-03-19,45.3897,-3.3363,3.2969,-16.4366,-13.6225,-10.2285,1.0263,376.5163,-40.8393
2020-03-20,42.4502,-6.4762,-10.9698,-21.9089,-19.0878,-16.0285,-6.6128,352.1325,-44.6707
2020-03-23,41.194,-2.9593,-7.3176,-24.3488,-21.9051,-18.2541,-9.2613,341.7117,-46.308
2020-03-24,43.2948,5.0998,-10.1665,-18.6151,-18.5377,-14.4257,-4.8239,359.1383,-43.5699
2020-03-25,43.1762,-0.274,-8.0504,-17.3462,-18.4118,-15.011,-5.8861,358.1544,-43.7245
2020-03-26,45.5396,5.4738,0.3301,-12.3271,-14.0552,-10.4178,-0.3945,377.7591,-40.644
2020-03-27,45.3278,-0.465,6.7787,-9.0324,-14.5364,-11.3298,-1.3379,376.0025,-40.9201
2020-03-30,47.0982,3.9058,14.3327,-3.5723,-11.5914,-7.761,1.8396,390.6884,-38.6125
2020-03-31,46.141,-2.0324,6.574,-10.3258,-12.9339,-10.077,0.1089,382.7481,-39.8601
2020-04-01,45.3617,-1.689,5.0618,-10.6261,-14.486,-11.3649,-0.7656,376.2836,-40.8759
2020-04-02,46.5222,2.5583,2.1577,-12.6312,-11.5965,-7.2347,2.271,385.9102,-39.3633
2020-04-03,46.8864,0.7829,3.4386,-10.258,-10.7615,-7.158,2.681,388.9317,-38.8885
2020-04-06,48.6314,3.7218,3.2554,-6.1768,-7.6327,-5.1926,6.1386,403.4068,-36.6141
2020-04-07,48.0723,-1.1496,4.1858,-3.0326,-7.9881,-5.5131,4.4861,398.7692,-37.3428
2020-04-08,48.7839,1.4802,7.5443,-4.3438,-6.9711,-3.1925,6.1658,404.6716,-36.4154
2020-04-09,49.2413,0.9377,5.8449,1.5334,-6.7577,-3.0243,6.8546,408.4661,-35.8192
2020-04-13,48.8771,-0.7397,4.2457,11.2334,-7.3884,-3.9314,5.8559,405.4446,-36.2939
2020-04-14,50.9525,4.2461,4.7727,6.8618,-4.0836,0.2466,9.9972,422.6602,-33.5889
2020-04-15,50.1477,-1.5794,4.3172,12.8274,-5.6284,-0.8478,7.628,415.9847,-34.6378
2020-04-16,50.4781,0.6588,3.4729,4.7384,-5.6794,0.2359,8.3178,418.7252,-34.2072
2020-04-17,51.2489,1.5271,4.0771,9.1417,-4.4946,1.6654,9.43,425.1195,-33.2025
2020-04-20,50.2409,-1.9669,2.7903,10.6878,-6.5345,-0.7946,7.1833,416.7577,-34.5163
2020-04-21,49.1736,-2.1244,-3.4913,15.8382,-8.8344,-3.094,4.8693,407.9039,-35.9075
2020-04-22,49.6479,0.9647,-0.9966,20.5224,-8.0267,-2.4803,6.2171,411.839,-35.2892
2020-04-23,49.2075,-0.8872,-2.5172,13.6568,-8.7573,-3.3772,5.0524,408.185,-35.8633
2020-04-24,49.7326,1.0673,-2.9587,15.1854,-7.1454,-2.7924,6.8505,412.5416,-35.1788
2020-04-27,49.8767,0.2896,-0.725,9.5238,-6.5827,-2.8441,6.2008,413.7363,-34.9911
2020-04-28,50.1562,0.5604,1.9983,10.6522,-6.1776,-1.7239,6.665,416.0551,-34.6267
2020-04-29,49.9444,-0.4222,0.5972,6.0432,-6.1003,-1.9462,4.9999,414.2983,-34.9028
2020-04-30,49.3515,-1.1872,0.2926,6.958,-8.3041,-3.1104,5.0456,409.3796,-35.6756
2020-05-01,48.8093,-1.0985,-1.8566,7.6004,-8.278,-4.6128,3.9282,404.8825,-36.3823
2020-05-04,48.7839,-0.0521,-2.1909,4.8616,-8.3257,-4.5222,3.096,404.6716,-36.4154
2020-05-05,48.8263,0.0868,-2.6516,4.1373,-8.7947,-4.4236,3.3475,405.023,-36.3602
2020-05-06,48.2926,-1.093,-3.3073,-0.6967,-10.5096,-4.5473,3.2447,400.5962,-37.0557
2020-05-07,48.1571,-0.2807,-2.4202,0.1762,-10.9137,-5.1285,2.973,399.4718,-37.2324
2020-05-08,49.2329,2.234,0.8677,0.9203,-9.037,-3.4065,5.4965,408.3958,-35.8302
2020-05-11,49.1651,-0.1376,0.7814,-0.1548,-9.5422,-3.2063,4.0829,407.8337,-35.9185
2020-05-12,48.75,-0.8442,-0.1561,-0.26,-9.9711,-3.9603,4.1859,404.3906,-36.4595
2020-05-13,48.3095,-0.9036,0.0351,-5.187,-10.7429,-4.6869,2.7558,400.7367,-37.0337
2020-05-14,48.1909,-0.2455,0.0704,-3.902,-11.4854,-5.2333,1.7012,399.7529,-37.1882
2020-05-15,48.6145,0.8789,-1.256,-3.6919,-10.9142,-5.1175,1.7982,403.2663,-36.6362
2020-05-18,49.3853,1.5857,0.448,-3.6363,-9.1792,-3.5815,3.7526,409.6607,-35.6315
2020-05-19,48.479,-1.8353,-0.556,-3.507,-10.7493,-5.382,2.0959,402.142,-36.8128
2020-05-20,49.055,1.1882,1.543,-0.2412,-9.7588,-4.7547,3.5246,406.9202,-36.0621
2020-05-21,48.5128,-1.1052,0.668,-2.2863,-10.908,-5.6849,1.9196,402.4231,-36.7687
2020-05-22,48.6823,0.3492,0.1394,-1.0673,-8.4878,-5.5703,2.3109,403.8285,-36.5479
2020-05-26,48.9449,0.5394,-0.8919,-1.584,-6.303,-4.5816,3.2384,406.0068,-36.2056
2020-05-27,49.6818,1.5057,2.4812,-0.3906,-4.3523,-2.9868,6.5338,412.1201,-35.245
2020-05-28,50.1223,0.8866,2.1758,-0.0676,0.5897,-2.2384,8.2629,415.7739,-34.6709
2020-05-29,50.1731,0.1014,3.4224,0.4579,2.7233,-2.9301,7.9116,416.1956,-34.6047
2020-06-01,50.5204,0.6922,3.7759,2.3687,-1.8144,-2.4945,10.2217,419.0766,-34.152
2020-06-02,50.656,0.2683,3.496,3.7834,-0.195,-2.2014,9.1435,420.2008,-33.9753
2020-06-03,50.7238,0.1338,2.0972,3.9764,-4.7407,-2.2912,8.3086,420.763,-33.887
2020-06-04,50.4781,-0.4843,0.7098,3.3831,-3.3834,-2.6077,6.565,418.7252,-34.2072
2020-06-05,51.1812,1.3928,2.0091,5.9814,-1.2577,-1.8995,6.9329,424.5574,-33.2908
2020-06-08,51.7318,1.0758,2.3977,7.4231,4.3489,-0.8123,7.0509,429.1248,-32.5731
2020-06-09,51.3082,-0.8187,1.2876,4.2154,0.6059,-2.0012,6.1382,425.6114,-33.1252
2020-06-10,51.1642,-0.2806,0.8684,4.0662,5.4983,-2.3541,5.4986,424.4169,-33.3129
2020-06-11,49.2244,-3.7914,-2.4837,0.9731,12.0238,-5.7557,1.3437,408.3256,-35.8412
2020-06-12,49.2329,0.0172,-3.8067,1.9113,3.2554,-5.875,1.138,408.3958,-35.8302
2020-06-15,49.8004,1.1528,-3.7334,3.3398,12.046,-4.7138,2.252,413.1038,-35.0905
2020-06-16,50.5797,1.5649,-1.4198,4.0425,4.9493,-3.5618,4.1518,419.5685,-34.0747
2020-06-17,50.5035,-0.1507,-1.2914,2.2641,7.5542,-4.0435,4.5627,418.936,-34.1741
2020-06-18,50.7661,0.52,3.132,4.7178,11.8449,-3.3912,4.6777,421.1143,-33.8318
2020-06-19,50.5035,-0.5173,2.5809,2.9529,18.9711,-3.7379,3.224,418.936,-34.1741
2020-06-22,50.3592,-0.2857,1.1221,3.806,22.249,-4.5298,3.2639,417.7392,-34.3621
2020-06-23,50.2824,-0.1526,-0.5879,3.2869,16.1397,-5.39,2.8436,417.1019,-34.4622
2020-06-24,49.4372,-1.6808,-2.1113,1.006,14.5012,-6.5805,1.1665,410.0912,-35.5638
2020-06-25,49.7873,0.708,-1.9282,0.2122,9.3275,-6.0387,3.3584,412.9946,-35.1076
2020-06-26,48.7714,-2.0405,-3.4297,-2.6953,7.5971,-8.0436,1.0577,404.5676,-36.4317
2020-06-29,49.6933,1.8904,-1.3223,-0.9563,5.5101,-6.72,3.0391,412.2156,-35.23
2020-06-30,50.0604,0.7387,-0.4414,-0.9105,8.4945,-5.5381,3.1783,415.2607,-34.7516
2020-07-01,50.1031,0.0853,1.3469,-1.0914,10.4525,-5.5476,2.3726,415.6148,-34.6959
2020-07-02,50.3592,0.5112,1.1488,-0.7186,8.2478,-4.3051,1.6368,417.7392,-34.3621
2020-07-06,50.6068,0.4916,3.7634,0.255,7.9349,-3.6805,2.5836,419.7929,-34.0394
2020-07-07,51.0678,0.9109,2.7658,-0.2215,5.0098,-3.0053,3.3788,423.6169,-33.4386
2020-07-08,50.9397,-0.2507,1.7565,-1.5311,5.9647,-2.4998,3.73,422.5547,-33.6055
2020-07-09,50.5385,-0.7877,0.869,-1.5002,3.5967,-3.6251,2.2558,419.2263,-34.1285
2020-07-10,51.469,1.8412,2.2038,0.5957,4.524,-2.5394,3.8767,426.9452,-32.9156
2020-07-13,51.3922,-0.1493,1.552,4.4039,5.1458,-2.6228,3.4269,426.3079,-33.0158
2020-07-14,52.1434,1.4618,2.1063,5.9119,2.3375,-1.8416,4.6938,432.5397,-32.0366
2020-07-15,52.1861,0.0819,2.4468,4.7905,4.0648,-1.7924,4.7446,432.8937,-31.9809
2020-07-16,52.2971,0.2127,3.4797,3.3954,3.6036,-2.2805,5.09,433.8143,-31.8363
2020-07-17,52.5788,0.5387,2.1563,4.1093,2.595,-2.0163,4.9554,436.1512,-31.4691
2020-07-20,52.0495,-1.0066,1.2791,2.5282,3.5999,-3.1698,4.5576,431.7607,-32.159
2020-07-21,52.502,0.8693,0.6876,3.9571,6.7687,-2.6636,6.0859,435.5138,-31.5693
2020-07-22,52.9203,0.7968,1.4068,5.0856,6.5911,-1.9647,6.1651,438.9838,-31.024
2020-07-23,53.1081,0.3549,1.5508,5.6197,7.927,-1.5245,7.2567,440.5418,-30.7792
2020-07-24,53.0398,-0.1286,0.8768,7.2872,6.6499,-0.9707,6.9752,439.9752,-30.8682
2020-07-27,53.3045,0.4989,2.411,7.0645,6.8725,-0.1626,6.3158,442.1705,-30.5233
2020-07-28,53.5008,0.3684,1.9024,9.6972,6.6684,0.0789,6.5133,443.7992,-30.2674
2020-07-29,53.5776,0.1436,1.2421,7.8165,7.2745,0.7305,6.3498,444.4365,-30.1673
2020-07-30,53.5776,0.0,0.8841,7.0259,8.5634,-0.4518,8.5509,444.4365,-30.1673
2020-07-31,53.5264,-0.0956,0.9174,6.8325,9.6643,0.5864,8.8316,444.0117,-30.234
2020-08-03,53.3813,-0.2711,0.1442,6.001,9.424,0.3137,8.5183,442.8078,-30.4232
2020-08-04,54.0472,1.2474,1.0212,6.7982,10.6928,0.9577,12.8049,448.3314,-29.5553
2020-08-05,53.9362,-0.2053,0.6692,5.6169,11.6863,-0.0515,11.5676,447.4109,-29.6999
2020-08-06,53.9277,-0.0158,0.6533,5.8656,11.9829,-0.2386,10.2619,447.34,-29.711
2020-08-07,54.2179,0.5382,1.2919,7.2804,10.1255,0.1735,9.4429,449.7477,-29.3327
2020-08-10,54.4996,0.5196,2.095,5.8882,10.8502,0.2726,10.6236,452.0846,-28.9655
2020-08-11,54.124,-0.6892,0.1422,5.3156,11.0235,-0.0467,10.607,448.9688,-29.4551
2020-08-12,54.824,1.2934,1.6461,5.1408,13.4849,1.2933,10.7779,454.7756,-28.5427
2020-08-13,54.7813,-0.0779,1.583,4.973,13.6756,0.6195,12.4657,454.4215,-28.5984
2020-08-14,54.7728,-0.0156,1.0235,4.7339,12.6677,0.3709,10.7859,454.3507,-28.6095
2020-08-17,55.0801,0.5611,1.0652,4.7573,11.5313,1.2936,10.1493,456.9,-28.2089
2020-08-18,55.3021,0.403,2.1766,6.2489,14.0744,1.8122,9.502,458.7412,-27.9196
2020-08-19,54.8667,-0.7873,0.0779,4.5041,11.8474,0.9324,9.832,455.1297,-28.4871
2020-08-20,54.7557,-0.2023,-0.0467,3.4683,12.8685,0.5569,9.319,454.2091,-28.6317
2020-08-21,54.8923,0.2495,0.2182,3.3596,12.7563,3.1858,9.0133,455.3421,-28.4537
2020-08-24,55.3619,0.8554,0.5115,4.3779,13.1107,5.9813,11.8083,459.2369,-27.8417
2020-08-25,55.2423,-0.2159,-0.108,3.6355,11.1923,6.3528,10.1992,458.2456,-27.9975
2020-08-26,55.3106,0.1236,0.8091,3.3828,10.3513,11.0021,10.647,458.812,-27.9085
2020-08-27,55.6521,0.6174,1.637,3.8719,10.9201,13.9408,10.2676,461.6447,-27.4634
2020-08-28,56.1472,0.8897,2.2862,4.7961,11.1377,9.1211,11.1937,465.7519,-26.818
2020-08-31,55.9851,-0.2889,1.1257,4.5933,10.5201,10.3046,11.0186,464.4065,-27.0294
2020-09-01,56.0448,0.1067,1.4526,4.9896,10.4903,5.2523,10.5001,464.9021,-26.9516
2020-09-02,57.0607,1.8126,3.1641,5.5757,13.0405,9.2159,11.4989,473.3291,-25.6275
2020-09-03,56.079,-1.7205,0.767,3.9728,9.5695,8.1915,10.2605,465.1855,-26.907
2020-09-04,55.9509,-0.2283,-0.3497,3.7518,8.1558,12.8594,9.6507,464.1233,-27.0739
2020-09-08,54.7728,-2.1056,-2.1653,1.0235,6.7525,7.3993,7.5871,454.3507,-28.6095
2020-09-09,55.5667,1.4495,-0.853,1.958,8.6047,14.576,9.8273,460.9365,-27.5747
2020-09-10,54.8838,-1.2291,-3.8151,1.4038,11.4971,24.9033,8.0872,455.2714,-28.4648
2020-09-11,55.1911,0.5599,-1.5832,0.6696,12.1022,15.7515,8.2497,457.8206,-28.0643
2020-09-14,55.5497,0.6497,-0.7171,1.4025,11.5446,24.9813,9.5777,460.7948,-27.5969
2020-09-15,55.4728,-0.1383,1.278,1.278,9.674,15.1021,10.4942,460.1576,-27.6971
2020-09-16,55.2253,-0.4463,-0.6145,0.2635,9.3494,17.6098,9.4039,458.1039,-28.0197
2020-09-17,54.8752,-0.6338,-0.0156,-0.7718,8.0943,20.898,8.5318,455.2005,-28.476
2020-09-18,54.3716,-0.9179,-1.4849,-0.9024,7.659,28.0832,7.5533,451.0224,-29.1324
2020-09-21,53.9568,-0.7629,-2.8675,-1.4591,7.1438,30.9822,7.0726,447.5817,-29.6731
2020-09-22,54.2745,0.5889,-2.1602,-1.1255,7.9394,25.3605,7.2763,450.2175,-29.2589
2020-09-23,53.4587,-1.5032,-3.1988,-3.4377,8.1345,23.8153,5.2294,443.4499,-30.3223
2020-09-24,53.8537,0.739,-1.8615,-2.5137,8.1677,18.2571,5.9373,446.7268,-29.8074
2020-09-25,54.1371,0.5262,-0.4312,-2.1217,11.0019,19.4348,5.903,449.0776,-29.438
2020-09-28,54.7469,1.1263,1.4643,-1.6266,10.1694,16.2398,7.2185,454.1355,-28.6433
2020-09-29,54.3862,-0.6588,0.2057,-3.1365,8.641,17.8695,5.9918,451.1435,-29.1134
2020-09-30,55.0474,1.2159,2.9719,-1.6748,9.8683,21.3523,7.5607,456.6288,-28.2515
2020-10-01,55.3566,0.5616,2.7906,-1.228,9.9234,18.9897,10.3811,459.1933,-27.8486
2020-10-02,55.0474,-0.5585,1.6815,-3.5283,8.7748,17.4059,9.002,456.6288,-28.2515
2020-10-05,55.4167,0.6708,1.2235,-1.181,8.516,13.9524,8.0353,459.6919,-27.7702
2020-10-06,55.056,-0.6508,1.2316,-1.5994,8.0807,14.5274,8.2134,456.7,-28.2403
2020-10-07,55.6486,1.0763,1.0921,1.5989,10.1113,14.0716,10.4298,461.6154,-27.468
2020-10-08,56.0178,0.6636,1.1945,0.8118,8.838,13.7618,10.3213,464.6785,-26.9867
2020-10-09,56.4558,0.7818,2.5585,2.8643,9.8529,15.5057,10.9648,468.3116,-26.4159
2020-10-12,57.1085,1.1561,3.0528,3.4741,9.5219,12.0819,12.3583,473.7255,-25.5652
2020-10-13,57.0655,-0.0752,3.65,2.7289,9.35,13.7949,12.8301,473.3694,-25.6211
2020-10-14,56.7736,-0.5117,2.0216,2.3448,8.5597,12.4717,12.737,470.9474,-26.0017
2020-10-15,56.8079,0.0605,1.4104,2.8658,8.0434,10.847,12.6931,471.2324,-25.9569
2020-10-16,56.8251,0.0302,0.6541,3.5532,9.175,13.1052,12.2065,471.3748,-25.9345
2020-10-19,56.0865,-1.2997,-1.7895,3.1542,6.8275,14.0583,10.5293,465.2484,-26.8972
2020-10-20,56.0264,-0.1072,-1.8209,3.8357,5.8694,12.8474,10.0485,464.7496,-26.9755
2020-10-21,56.078,0.092,-1.2252,3.3228,5.5921,13.9623,10.1136,465.1772,-26.9084
2020-10-22,56.0522,-0.046,-1.3303,4.8514,5.6794,12.707,9.5598,464.9634,-26.9419
2020-10-23,56.1552,0.1839,-1.1788,4.2736,5.3481,12.5882,9.3861,465.8183,-26.8076
2020-10-26,55.4339,-1.2846,-1.1637,2.3953,3.6131,10.5225,8.6172,459.8344,-27.7479
2020-10-27,55.2879,-0.2633,-1.3182,0.9882,3.1921,10.6988,8.5444,458.6234,-27.9381
2020-10-28,53.6734,-2.9202,-4.2879,-1.3106,0.1787,8.7575,5.3747,445.2308,-30.0425
2020-10-29,53.6562,-0.032,-4.2745,-2.5273,0.2425,9.9303,4.8594,445.0884,-30.0648
2020-10-30,53.4673,-0.3521,-4.7867,-3.413,0.1611,9.6003,4.644,443.5212,-30.3111
2020-11-02,54.3175,1.5901,-2.0139,-1.3261,0.5001,11.2464,6.3253,450.5736,-29.203
2020-11-03,55.2106,1.6443,-0.1398,-0.3719,2.3628,14.3252,9.1265,457.9822,-28.0389
2020-11-04,55.2364,0.0467,2.912,0.3275,2.4268,14.7004,8.818,458.1959,-28.0053
2020-11-05,55.64,0.7307,3.6972,-0.0155,2.6229,13.0139,9.164,461.5441,-27.4792
2020-11-06,55.8976,0.463,4.5455,-0.2146,2.5651,13.6937,10.0483,463.6812,-27.1434
2020-11-09,55.7688,-0.2304,2.672,-1.2169,3.039,14.3975,9.867,462.6127,-27.3113
2020-11-10,56.868,1.971,3.002,-0.421,3.7283,17.7159,12.1987,471.731,-25.8786
2020-11-11,57.3575,0.8608,3.8402,0.5117,4.7027,19.0214,12.7927,475.7915,-25.2406
2020-11-12,57.203,-0.2695,2.8091,0.7563,4.4368,17.6665,11.645,474.5093,-25.442
2020-11-13,57.993,1.3812,3.7486,2.0861,5.2885,17.4296,13.2239,481.063,-24.4123
2020-11-16,58.5255,0.9181,4.943,2.9923,5.8287,20.7234,14.2261,485.4796,-23.7183
2020-11-17,58.1133,-0.7043,2.1897,3.6136,5.9172,18.4656,12.8329,482.0604,-24.2556
2020-11-18,57.3146,-1.3744,-0.0749,2.2992,4.6732,18.1431,11.4268,475.4352,-25.2966
2020-11-19,57.4692,0.2697,0.4654,2.4809,4.6944,18.0495,11.4739,476.7176,-25.0951
2020-11-20,57.1085,-0.6276,-1.5253,1.8845,3.1549,16.6792,11.3335,473.7255,-25.5652
2020-11-23,57.1257,0.0301,-2.3917,1.7281,3.4092,14.983,11.5487,473.8682,-25.5428
2020-11-24,57.5121,0.6765,-1.0344,3.749,3.9802,14.7436,12.1752,477.0738,-25.0391
2020-11-25,57.4778,-0.0597,0.2847,3.9608,3.2805,14.5588,11.2022,476.7888,-25.0839
2020-11-27,57.4692,-0.0149,0.0,7.072,2.3544,13.7543,10.9167,476.7176,-25.0951
2020-11-30,57.4606,-0.0149,0.6166,7.0903,2.6356,13.433,10.9359,476.6463,-25.1062
2020-12-01,57.9673,0.8818,1.4732,8.4163,3.4302,14.2803,11.6619,480.8494,-24.4458
2020-12-02,57.4863,-0.8296,-0.0448,5.834,0.746,13.8838,10.9141,476.86,-25.0727
2020-12-03,57.6323,0.254,0.2689,4.3864,2.77,12.6046,10.4657,478.071,-24.8824
2020-12-04,58.0789,0.7749,1.061,5.1462,3.8033,12.2693,11.3573,481.7754,-24.3003
2020-12-07,57.8556,-0.3845,0.6875,3.9821,5.6284,12.7609,10.5044,479.9232,-24.5914
2020-12-08,58.1734,0.5492,0.3556,4.0713,4.691,13.6993,11.0227,482.5591,-24.1772
2020-12-09,57.9415,-0.3986,0.7918,3.8959,5.5712,17.7089,10.9339,480.6356,-24.4794
2020-12-10,57.6839,-0.4447,0.0894,1.4346,4.5166,17.1654,10.2819,478.4984,-24.8152
2020-12-11,57.8127,0.2233,-0.4584,0.7935,4.0739,16.0887,10.6165,479.5671,-24.6473
2020-12-14,57.5894,-0.3862,-0.4601,0.6756,3.8155,13.8586,9.8032,477.7149,-24.9383
2020-12-15,57.7268,0.2386,-0.7676,-0.459,4.5297,14.3026,9.6808,478.8547,-24.7593
2020-12-16,57.8384,0.1934,-0.1779,-1.1739,5.3999,13.9312,10.0676,479.7807,-24.6138
2020-12-17,58.2077,0.6385,0.9082,0.1625,7.0554,15.2548,10.9468,482.844,-24.1324
2020-12-18,58.3365,0.2213,0.9061,1.7831,8.1171,15.8408,10.5935,483.9125,-23.9645
2020-12-21,57.7078,-1.0777,0.2057,0.4153,6.3258,14.7675,8.5816,478.6974,-24.784
2020-12-22,57.3008,-0.7053,-0.7379,0.3369,7.1871,15.9062,8.2791,475.3213,-25.3144
2020-12-23,57.4913,0.3325,-0.6001,0.6401,6.7546,15.474,8.5009,476.9015,-25.0662
2020-12-24,57.7771,0.4971,-0.7397,0.4608,6.7237,18.4653,8.9364,479.2721,-24.6937
2020-12-28,58.2361,0.7943,-0.1722,1.3193,6.3734,17.1909,9.3156,483.0792,-24.0955
2020-12-29,58.0629,-0.2974,0.6152,1.0331,6.7604,15.9856,9.5622,481.6426,-24.3212
2020-12-30,58.0023,-0.1044,1.2241,0.9427,5.3678,15.7658,9.3435,481.1398,-24.4002
2020-12-31,58.4093,0.7017,1.5966,0.7625,5.5146,15.9853,10.9919,484.5159,-23.8697
2021-01-04,57.7771,-1.0823,0.0,0.5058,4.9588,14.1687,9.9667,479.2721,-24.6937
2021-01-05,57.7771,0.0,-0.7881,0.2512,4.2594,13.1381,9.738,479.2721,-24.6937
2021-01-06,57.8204,0.0749,-0.4176,-0.445,5.0211,13.5075,10.6701,479.6313,-24.6372
2021-01-07,57.6472,-0.2996,-0.6122,-0.3602,3.5915,14.0659,9.9309,478.1944,-24.863
2021-01-08,57.933,0.4957,-0.8154,-0.4132,3.4188,12.559,9.7006,480.5651,-24.4905
2021-01-11,57.4394,-0.852,-0.5845,-0.8666,1.7422,11.7668,8.8354,476.4706,-25.1339
2021-01-12,57.2489,-0.3317,-0.9143,-0.7541,0.2458,9.7911,7.7692,474.8902,-25.3822
2021-01-13,57.3355,0.1513,-0.8387,-0.8254,0.473,9.8673,7.898,475.6086,-25.2693
2021-01-14,57.0324,-0.5286,-1.0665,-0.9672,0.4559,9.0546,6.5676,473.0944,-25.6643
2021-01-15,56.8332,-0.3492,-1.8984,-1.548,0.0445,8.0915,5.912,471.4422,-25.924
2021-01-19,56.5821,-0.4419,-1.4925,-2.1722,-0.4276,8.7081,5.2623,469.3591,-26.2513
2021-01-20,56.686,0.1836,-0.9832,-2.6143,1.0688,7.9693,5.0933,470.221,-26.1158
2021-01-21,56.4955,-0.3361,-1.4651,-3.1559,0.8372,6.7558,4.6584,468.6406,-26.3642
2021-01-22,56.3483,-0.2606,-1.1995,-2.356,0.482,6.1011,4.4835,467.4195,-26.556
2021-01-25,56.9112,0.999,0.1372,-0.6801,1.5325,7.2989,6.2574,472.0888,-25.8224
2021-01-26,57.4221,0.8977,1.4845,-0.1205,2.2559,7.7247,7.5496,476.3269,-25.1564
2021-01-27,56.4522,-1.689,-0.4125,-2.2932,1.837,5.5165,5.5998,468.2815,-26.4206
2021-01-28,56.6687,0.3835,0.3066,-2.6914,2.4975,5.7693,6.5419,470.0775,-26.1384
2021-01-29,55.4996,-2.063,-1.5061,-4.4146,3.4025,3.5873,3.1193,460.3799,-27.6621
2021-02-01,55.5516,0.0936,-2.3889,-4.2252,3.5324,3.7835,4.3921,460.8109,-27.5944
2021-02-02,55.924,0.6703,-2.609,-4.255,4.5947,4.7632,5.0918,463.8998,-27.1091
2021-02-03,56.0106,0.1548,-0.7823,-3.0576,3.117,3.6327,4.6253,464.6181,-26.9962
2021-02-04,56.4176,0.7266,-0.4432,-2.3531,2.1861,4.6005,4.5467,467.9942,-26.4657
2021-02-05,56.9458,0.9363,2.6057,-1.5127,3.0948,5.5966,5.3447,472.376,-25.7772
2021-02-08,57.1623,0.3802,2.8995,-0.8412,2.736,5.4307,5.6135,474.172,-25.495
2021-02-09,57.1103,-0.0909,2.1214,-1.42,2.1695,4.7903,5.076,473.7409,-25.5628
2021-02-10,57.0497,-0.1062,1.8553,-0.6784,2.2968,5.4056,5.3563,473.238,-25.6418
2021-02-11,56.7986,-0.4402,0.6754,-0.7866,-0.1221,3.6016,4.9415,471.1548,-25.9691
2021-02-12,56.8852,0.1525,-0.1064,-0.7854,-0.8235,3.8404,4.4837,471.8733,-25.8562
2021-02-16,56.7813,-0.1827,-0.6666,-0.4403,-0.7372,3.6669,4.0514,471.0112,-25.9917
2021-02-17,56.9891,0.366,-0.2123,0.2743,-1.7311,3.4658,4.8042,472.7352,-25.7208
2021-02-18,56.9545,-0.0608,-0.167,0.6581,-2.6843,2.9879,4.8542,472.4479,-25.7659
2021-02-19,56.2357,-1.262,-0.991,-0.7944,-3.2309,2.4951,3.4508,466.4857,-26.7027
2021-02-22,56.2877,0.0924,-1.0504,-0.3679,-1.7917,2.7977,3.3702,466.9167,-26.635
2021-02-23,56.3656,0.1385,-0.7321,0.0307,-1.9203,2.6839,5.9553,467.5632,-26.5335
2021-02-24,56.331,-0.0614,-1.1548,-1.0195,-1.3615,1.7505,7.8366,467.276,-26.5786
2021-02-25,55.7161,-1.0915,-2.1743,-2.9709,-2.4675,0.8576,7.2649,462.1757,-27.38
2021-02-26,54.8155,-1.6164,-2.5254,-2.8992,-4.6887,-0.8951,10.0085,454.7051,-28.5538
2021-03-01,55.3697,1.011,-1.6308,-2.2922,-3.6675,-0.5074,13.3627,459.3023,-27.8314
2021-03-02,55.2745,-0.172,-1.9358,-0.4057,-3.8189,-1.5544,7.425,458.5123,-27.9556
2021-03-03,55.0147,-0.47,-2.3367,-0.9665,-4.2566,-1.7332,8.3928,456.3572,-28.2942
2021-03-04,54.8155,-0.362,-1.6164,-1.982,-5.4371,-2.1934,2.9437,454.7051,-28.5538
2021-03-05,56.0279,2.2117,2.2117,0.0309,-2.5371,-1.81,7.2391,464.7618,-26.9736
2021-03-08,56.2703,0.4328,1.6265,-0.2609,-2.3632,0.3413,8.5607,466.7731,-26.6576
2021-03-09,56.2184,-0.0923,1.7077,-1.2773,-3.2034,0.4781,13.3989,466.3421,-26.7253
2021-03-10,56.9545,1.3093,3.5259,-0.3636,-1.5576,3.9831,11.6771,472.4479,-25.7659
2021-03-11,56.8159,-0.2433,3.6493,-0.5155,-2.3335,2.2481,17.1518,471.2986,-25.9465
2021-03-12,57.2835,0.823,2.2411,0.4099,-1.1356,4.3724,30.3646,475.1776,-25.337
2021-03-15,57.5347,0.4384,2.2468,1.2959,-0.2587,4.2462,20.6666,477.2608,-25.0097
2021-03-16,57.6039,0.1204,2.4646,1.2635,-0.3611,3.6981,29.6032,477.8355,-24.9194
2021-03-17,57.5173,-0.1504,0.9883,1.2963,-0.1251,3.6856,19.3443,477.1171,-25.0323
2021-03-18,57.2835,-0.4065,0.823,0.5166,-0.7679,3.727,21.9932,475.1776,-25.337
2021-03-19,57.4827,0.3477,0.3477,0.9275,-0.6151,4.7516,26.6425,476.8297,-25.0774
2021-03-22,58.0895,1.0557,0.9644,3.2965,-0.203,6.8381,36.8416,481.8637,-24.2865
2021-03-23,58.3333,0.4196,1.2662,3.6343,-0.0055,8.1111,41.6064,483.8857,-23.9688
2021-03-24,58.1069,-0.388,1.0251,3.0894,0.6916,7.0611,34.2124,482.008,-24.2638
2021-03-25,58.6729,0.9739,2.4254,4.1574,2.3944,9.7536,35.8918,486.7024,-23.5262
2021-03-26,59.7089,1.7658,3.8729,7.1663,3.8572,10.8724,31.1144,495.2968,-22.1758
2021-03-29,60.3097,1.0061,3.8219,10.023,4.3833,11.4017,33.0524,500.2802,-21.3927
2021-03-30,59.6654,-1.0683,2.2836,7.7582,2.4544,8.9842,26.683,494.9357,-22.2325
2021-03-31,59.4739,-0.321,2.3524,7.5973,2.4301,9.3547,28.8959,493.3468,-22.4822
2021-04-01,59.1865,-0.4831,0.8755,7.5831,2.0417,7.5192,30.477,490.9634,-22.8567
2021-04-05,59.944,1.2798,0.3937,9.3559,2.6275,8.287,28.8504,497.2467,-21.8694
2021-04-06,60.1965,0.4212,-0.1877,7.4403,4.1874,9.3539,28.3879,499.3412,-21.5403
2021-04-07,60.0485,-0.2459,0.6421,6.7143,3.9312,8.3581,23.4767,498.1135,-21.7332
2021-04-08,60.1094,0.1015,1.0686,6.9213,3.9588,9.1787,25.0395,498.619,-21.6538
2021-04-09,60.005,-0.1738,1.3828,5.356,4.09,7.8284,23.0016,497.7524,-21.7899
2021-04-12,60.3271,0.5369,0.6391,6.18,4.1326,7.6927,22.5131,500.4247,-21.37
2021-04-13,60.005,-0.534,-0.3182,4.7508,4.4665,6.2866,22.7671,497.7524,-21.7899
2021-04-14,59.9527,-0.0871,-0.1595,4.2028,4.723,4.9804,17.6641,497.3191,-21.858
2021-04-15,60.4316,0.7987,0.5359,4.9087,5.4,5.8985,20.5071,501.2913,-21.2339
2021-04-16,60.7798,0.5763,1.2914,5.6722,6.5707,7.0566,20.4083,504.1801,-20.78
2021-04-19,60.5448,-0.3868,0.3608,5.6931,6.5306,6.578,18.1386,502.2301,-21.0864
2021-04-20,60.8756,0.5465,1.451,5.9025,7.5881,7.128,21.1674,504.9745,-20.6551
2021-04-21,61.1803,0.5006,2.0476,5.3207,7.9285,9.082,24.4171,507.5024,-20.2579
2021-04-22,60.7276,-0.74,0.4898,4.1045,7.4911,8.391,22.3164,503.7468,-20.848
2021-04-23,60.5709,-0.2581,-0.3438,4.2404,7.4938,8.0119,23.0929,502.4469,-21.0523
2021-04-26,59.8918,-1.1212,-1.0785,2.0775,5.2373,6.85,20.4275,496.8135,-21.9375
2021-04-27,59.8482,-0.0727,-1.6877,0.2333,4.2251,6.5764,19.9925,496.4523,-21.9942
2021-04-28,59.8918,0.0727,-2.1062,-0.693,6.0929,8.0418,19.4105,496.8135,-21.9375
2021-04-29,60.5274,1.0612,-0.3297,1.4447,6.8092,9.4767,21.1894,502.0859,-21.109
2021-04-30,60.5796,0.0863,0.0144,1.8592,9.1531,12.8671,22.7514,502.5191,-21.0409
2021-05-03,61.0759,0.8192,1.977,3.1921,9.9444,13.8281,25.1316,506.6357,-20.3941
2021-05-04,60.7624,-0.5132,1.5275,1.3653,8.6518,13.6441,24.5542,504.0356,-20.8027
2021-05-05,60.7189,-0.0716,1.381,0.8678,8.4062,11.7852,24.357,503.6746,-20.8594
2021-05-06,61.5025,1.2905,1.611,2.4213,9.013,11.3961,27.3538,510.1745,-19.8381
2021-05-07,61.5025,0.0,1.5234,2.3175,8.0018,11.3442,27.7123,510.1745,-19.8381
2021-05-10,61.9726,0.7645,1.4683,3.2792,8.4152,11.3815,25.8766,514.0746,-19.2253
2021-05-11,61.4328,-0.871,1.1033,1.8329,7.5687,9.9024,24.9521,509.5968,-19.9289
2021-05-12,60.6144,-1.3322,-0.1721,1.0157,6.2484,8.6888,24.3372,502.808,-20.9956
2021-05-13,61.4676,1.4076,-0.0566,2.5269,8.2204,8.0882,27.2371,509.8857,-19.8835
2021-05-14,61.7375,0.4391,0.3822,2.1611,8.5301,7.6363,28.1103,512.1245,-19.5317
2021-05-17,61.6505,-0.141,-0.5198,1.4325,8.5754,7.775,26.815,511.4023,-19.6452
2021-05-18,61.4589,-0.3107,0.0425,1.5099,7.8433,5.9764,24.4477,509.8133,-19.8948
2021-05-19,61.2587,-0.3258,1.0629,0.6293,7.5573,4.6702,26.3614,508.1522,-20.1558
2021-05-20,61.8246,0.9238,0.5807,1.0531,9.9384,6.3864,26.0313,512.8467,-19.4182
2021-05-21,61.8333,0.0141,0.1551,1.8208,9.8523,7.8841,27.4576,512.9189,-19.4069
2021-05-24,62.0162,0.2957,0.5932,2.3861,10.0248,7.912,27.3897,514.4357,-19.1685
2021-05-25,62.0336,0.0281,0.935,3.5761,10.1234,8.6241,26.7417,514.58,-19.1459
2021-05-26,61.903,-0.2105,1.0518,3.4333,11.1042,8.3628,24.5988,513.4968,-19.3161
2021-05-27,61.5199,-0.6189,-0.4929,2.7184,12.2308,6.9686,22.7396,510.319,-19.8154
2021-05-28,61.6505,0.2123,-0.2957,1.8555,11.3433,7.2597,22.8755,511.4023,-19.6452
2021-06-01,61.4415,-0.3389,-0.9266,1.4228,11.1571,6.9122,21.6172,509.6692,-19.9175
2021-06-02,61.6679,0.3684,-0.5895,0.9694,12.0935,7.3221,21.7386,511.5468,-19.6225
2021-06-03,62.051,0.6212,0.2391,2.1206,13.1996,7.0448,22.3312,514.7244,-19.1232
2021-06-04,62.2686,0.3508,1.2171,2.5523,11.1387,8.319,23.3578,516.5301,-18.8395
2021-06-07,62.1642,-0.1678,0.8332,1.0759,10.4741,7.8633,21.459,515.6633,-18.9756
2021-06-08,61.6418,-0.8403,0.3259,0.2265,9.647,6.1345,19.1565,511.33,-19.6565
2021-06-09,61.3457,-0.4802,-0.5224,-1.0115,7.7102,6.0325,19.5632,508.8745,-20.0423
2021-06-10,61.7288,0.6245,-0.5191,0.4818,8.6471,6.1118,20.6484,512.0522,-19.5431
2021-06-11,61.7637,0.0565,-0.811,1.896,7.821,6.5966,25.4737,512.3412,-19.4976
2021-06-14,61.7288,-0.0564,-0.7003,0.4249,7.2898,7.0123,25.3813,512.0522,-19.5431
2021-06-15,61.5808,-0.2397,-0.0988,-0.2538,6.9039,6.5179,23.6553,510.8246,-19.7359
2021-06-16,60.7624,-1.329,-0.9509,-1.4405,5.6419,5.5097,20.1319,504.0356,-20.8027
2021-06-17,60.9801,0.3582,-1.2129,-0.7791,6.4531,5.6357,20.7443,505.8413,-20.5189
2021-06-18,59.9005,-1.7705,-3.0167,-2.2172,4.2061,3.5651,17.993,496.8856,-21.9261
2021-06-21,60.5875,1.147,-1.8489,-2.001,4.3002,4.0884,19.9669,502.5847,-21.0306
2021-06-22,60.6751,0.1446,-1.4708,-1.8731,4.0146,4.0088,20.4846,503.3116,-20.9164
2021-06-23,60.2983,-0.621,-0.7638,-2.77,3.7713,4.4889,19.9193,500.1859,-21.4076
2021-06-24,60.5963,0.4941,-0.6294,-2.317,3.2782,5.7511,22.5721,502.6574,-21.0192
2021-06-25,61.0607,0.7665,1.937,-1.3606,2.264,6.2085,22.6433,506.5101,-20.4139
2021-06-28,61.1133,0.0861,0.8678,-0.6609,1.3325,5.7742,25.3057,506.9462,-20.3453
2021-06-29,60.8416,-0.4445,0.2744,-1.312,1.9714,4.4741,22.4342,504.6928,-20.6994
2021-06-30,61.3148,0.7778,1.6858,-0.2062,3.0954,5.6007,22.4816,508.6181,-20.0826
2021-07-01,61.1308,-0.3002,0.8821,-0.871,3.285,5.3938,22.0099,507.0914,-20.3225
2021-07-02,61.2798,0.2437,0.3588,-1.2428,2.2284,4.9145,21.6853,508.3273,-20.1283
2021-07-06,61.0257,-0.4147,-0.1434,-1.9962,1.3774,5.6225,20.5879,506.2192,-20.4596
2021-07-07,61.3499,0.5313,0.8354,-1.3099,2.1672,6.1837,20.1342,508.9088,-20.037
2021-07-08,61.122,-0.3714,-0.3144,-0.8431,1.6846,5.7101,19.9889,507.0188,-20.3339
2021-07-09,61.4726,0.5735,0.5591,0.2067,2.4458,6.6358,21.6351,509.9265,-19.877
2021-07-12,61.3762,-0.1568,0.1573,-0.5713,1.739,5.9434,19.2488,509.127,-20.0027
2021-07-13,61.3586,-0.0286,0.5457,-0.6558,2.256,6.8233,19.3929,508.9815,-20.0255
2021-07-14,61.9019,0.8855,0.8999,0.2805,3.2513,8.1278,18.7147,513.4883,-19.3174
2021-07-15,62.1561,0.4105,1.6918,0.9341,2.8537,8.4077,19.1046,515.5964,-18.9862
2021-07-16,62.2525,0.1551,1.2687,2.4523,2.4229,9.1528,19.0362,516.3959,-18.8605
2021-07-19,62.0685,-0.2956,1.1279,1.7848,2.5167,9.2116,18.0484,514.8696,-19.1004
2021-07-20,62.086,0.0282,1.1854,3.6486,1.9883,9.7272,19.2825,515.0148,-19.0775
2021-07-21,61.9282,-0.2541,0.0425,2.2129,1.2225,9.2479,17.9541,513.7064,-19.2831
2021-07-22,61.8231,-0.1698,-0.5357,1.892,1.8039,9.4301,16.823,512.8341,-19.4202
2021-07-23,62.5679,1.2048,0.5068,3.764,3.2971,11.0379,17.8124,519.0128,-18.4493
2021-07-26,62.6731,0.1681,0.9741,3.4273,4.6439,10.1244,18.1624,519.8851,-18.3123
2021-07-27,62.8045,0.2097,1.1574,2.8559,4.9397,9.3735,17.8223,520.9755,-18.141
2021-07-28,62.2525,-0.879,0.5235,1.864,3.9416,10.2747,16.358,516.3959,-18.8605
2021-07-29,62.5592,0.4927,1.1906,2.823,3.3568,10.3946,16.7636,518.9401,-18.4608
2021-07-30,62.6643,0.1681,0.154,2.2009,3.4413,12.9094,16.9598,519.8123,-18.3237
2021-08-02,62.4015,-0.4195,-0.4334,2.0786,2.1704,12.3306,16.5807,517.6317,-18.6664
2021-08-03,62.6819,0.4494,-0.1953,2.288,3.1589,12.0841,17.4229,519.9578,-18.3009
2021-08-04,61.8669,-1.3001,-0.6193,1.3785,1.8907,10.4558,14.4683,513.1976,-19.3631
2021-08-05,62.1649,0.4816,-0.6303,1.3284,1.077,10.1871,15.2563,515.6692,-18.9747
2021-08-06,62.1649,0.0,-0.797,1.7061,1.077,9.165,15.2745,515.6692,-18.9747
2021-08-09,62.3927,0.3665,-0.0141,1.4968,0.6778,9.1501,15.0776,517.559,-18.6778
2021-08-10,62.8396,0.7163,0.2516,2.3843,2.2899,10.0319,15.3028,521.2662,-18.0953
2021-08-11,63.0499,0.3347,1.9122,2.7564,4.018,10.5175,16.4916,523.0109,-17.8212
2021-08-12,63.0149,-0.0556,1.3673,1.7979,2.5171,10.9444,14.9402,522.7201,-17.8668
2021-08-13,63.5406,0.8344,2.2131,2.2276,2.9206,11.6998,15.9896,527.0815,-17.1815
2021-08-16,63.9087,0.5792,2.4298,2.6605,3.6629,12.5524,16.6796,530.1345,-16.7018
2021-08-17,63.9437,0.0549,1.7571,3.0213,4.043,12.2035,16.0922,530.4253,-16.6561
2021-08-18,63.1463,-1.2471,0.1529,1.7078,3.0814,10.8716,14.1843,523.8104,-17.6955
2021-08-19,63.6546,0.8049,1.0152,2.7876,2.9599,13.1924,16.0167,528.0266,-17.0331
2021-08-20,63.7597,0.1652,0.3448,3.1325,3.1155,13.2748,16.4439,528.8988,-16.896
2021-08-23,63.5581,-0.3161,-0.5485,1.5826,2.4864,12.7605,15.787,527.2268,-17.1587
2021-08-24,63.0762,-0.7583,-1.3567,0.6432,1.6808,11.9743,13.9344,523.2289,-17.7869
2021-08-25,62.971,-0.1667,-0.2775,0.2651,1.7254,13.0212,13.9905,522.3566,-17.924
2021-08-26,62.6819,-0.4592,-1.5281,0.6898,1.8888,14.3505,13.327,519.9578,-18.3009
2021-08-27,62.9009,0.3495,-1.3469,0.5463,2.0283,13.6017,13.0253,521.7751,-18.0153
2021-08-30,63.1814,0.4458,-0.5928,0.8251,2.8317,14.3047,12.528,524.1013,-17.6498
2021-08-31,63.3216,0.2219,0.389,1.4745,2.6816,15.0994,13.1044,525.2642,-17.4671
2021-09-01,63.6546,0.5259,1.0855,1.5518,2.5843,16.1251,13.578,528.0266,-17.0331
2021-09-02,63.8999,0.3854,1.9432,3.2861,2.6197,14.0502,11.9859,530.0618,-16.7133
2021-09-03,63.821,-0.1234,1.4628,2.6642,2.6653,13.4186,13.8057,529.4075,-16.8161
2021-09-07,63.085,-1.1533,-0.1526,1.4801,2.3413,12.2141,12.7506,523.3016,-17.7755
2021-09-08,63.6283,0.8612,0.4844,1.9803,3.7207,11.7178,16.1676,527.8084,-17.0673
2021-09-09,63.2602,-0.5784,-0.6195,0.6694,2.4808,11.3425,13.8455,524.7554,-17.547
2021-09-10,62.9886,-0.4294,-1.4262,-0.0973,1.9832,9.9593,14.7672,522.502,-17.9011
2021-09-13,63.1463,0.2504,-1.0572,0.2086,2.2963,9.7535,14.4139,523.8104,-17.6955
2021-09-14,62.8571,-0.4579,-0.3612,-1.0757,2.0725,9.1195,13.1548,521.4117,-18.0724
2021-09-15,63.085,0.3625,-0.8539,-1.2889,3.8223,9.6799,13.7223,523.3016,-17.7755
2021-09-16,62.8747,-0.3334,-0.6095,-1.6719,3.1069,9.7604,13.8513,521.5571,-18.0496
2021-09-17,62.5329,-0.5436,-0.7234,-0.9714,4.3947,8.7856,13.9547,518.7221,-18.495
2021-09-20,61.9086,-0.9983,-1.96,-2.7429,2.1805,6.5745,13.8621,513.5435,-19.3087
2021-09-21,61.8381,-0.114,-1.6212,-3.0139,1.9167,6.0082,14.6066,512.9583,-19.4007
2021-09-22,62.0144,0.2852,-1.697,-2.4289,2.846,6.7246,14.2606,514.4212,-19.1708
2021-09-23,62.2437,0.3697,-1.0036,-1.3199,2.7187,6.0859,16.4332,516.3229,-18.872
2021-09-24,62.2701,0.0425,-0.4202,-1.1131,1.9807,4.2895,15.6283,516.5425,-18.8375
2021-09-27,61.988,-0.4531,0.1282,-1.107,1.4312,2.7828,14.5018,514.2018,-19.2053
2021-09-28,61.2561,-1.1807,-0.9411,-2.615,0.6812,2.666,11.8897,508.1308,-20.1592
2021-09-29,61.8116,0.9069,-0.327,-2.168,0.8102,3.9307,13.6532,512.7388,-19.4352
2021-09-30,60.7006,-1.7975,-2.4791,-4.1392,-0.7038,2.5581,10.2696,503.5226,-20.8833
2021-10-01,60.8593,0.2615,-2.2657,-4.3913,-0.6861,1.5269,9.9405,504.8394,-20.6764
2021-10-04,60.6653,-0.3188,-2.1337,-5.062,-0.5905,0.7788,10.2055,503.2301,-20.9292
2021-10-05,60.9739,0.5087,-0.4606,-4.4611,-0.6128,1.5412,10.0281,505.7902,-20.527
2021-10-06,61.5647,0.9689,-0.3994,-2.4098,0.7242,2.4211,11.8219,510.6908,-19.757
2021-10-07,61.8381,0.444,1.8739,-2.8135,0.5946,3.0549,11.1224,512.9583,-19.4007
2021-10-08,61.7675,-0.1141,1.4923,-2.3596,0.6376,2.3877,10.264,512.3731,-19.4926
2021-10-11,61.7499,-0.0285,1.7878,-1.9665,0.6377,2.908,9.3774,512.227,-19.5156
2021-10-12,61.7763,0.0428,1.316,-2.1695,-0.2029,3.0417,8.1736,512.4462,-19.4811
2021-10-13,61.891,0.1856,0.5299,-1.5371,-0.4265,2.4149,8.4559,513.3971,-19.3317
2021-10-14,62.5876,1.1255,1.212,-0.7885,0.5383,2.9742,10.2407,519.1755,-18.4238
2021-10-15,62.4377,-0.2395,1.085,-0.695,0.5948,3.1265,9.9101,517.9321,-18.6192
2021-10-18,62.0673,-0.5932,0.514,-0.7445,-0.0301,1.9576,9.2252,514.86,-19.1019
2021-10-19,62.0938,0.0426,0.5139,0.2991,0.2673,1.493,10.7106,515.0795,-19.0674
2021-10-20,62.4553,0.5822,0.9118,0.9982,1.0226,2.845,11.4747,518.0785,-18.5962
2021-10-21,62.3759,-0.1271,-0.3381,0.583,-0.3069,2.9801,11.2308,517.4201,-18.6996
2021-10-22,62.8609,0.7775,0.6779,0.9917,0.2997,4.9575,12.1471,521.4431,-18.0675
2021-10-25,62.8168,-0.0702,1.2075,0.8779,0.0195,4.9602,11.8628,521.0772,-18.125
2021-10-26,63.0373,0.351,1.5195,1.6927,1.2607,5.252,13.7162,522.9059,-17.8376
2021-10-27,62.6669,-0.5875,0.3388,2.3031,0.1722,3.5348,13.3465,519.8338,-18.3204
2021-10-28,62.8874,0.3518,0.8199,1.7404,0.3559,3.8095,17.1667,521.6624,-18.033
2021-10-29,62.8256,-0.0981,-0.0561,3.5009,0.6798,2.8649,17.0892,521.1505,-18.1135
2021-11-01,62.9226,0.1544,0.1685,3.3903,0.3841,3.5552,17.6844,521.9551,-17.987
2021-11-02,63.3459,0.6726,0.4896,4.4186,2.3906,4.3264,16.6215,525.4659,-17.4354
2021-11-03,63.9367,0.9326,2.0262,4.859,2.8502,3.9579,15.8051,530.3666,-16.6654
2021-11-04,63.9984,0.0965,1.7667,3.953,2.9495,4.0582,15.8628,530.8787,-16.5849
2021-11-05,64.3687,0.5787,2.4561,4.0924,3.1671,3.8664,15.6879,533.9506,-16.1022
2021-11-08,63.8573,-0.7946,1.4854,3.3833,1.6195,3.9465,14.2397,529.7081,-16.7688
2021-11-09,64.0777,0.3453,1.1554,3.7698,1.6302,5.7137,14.8989,531.5369,-16.4815
2021-11-10,64.2717,0.3027,0.5241,4.0394,1.9946,4.5619,13.0191,533.1461,-16.2286
2021-11-11,64.2276,-0.0686,0.3582,3.7755,1.0812,4.0334,11.9777,532.7804,-16.2861
2021-11-12,64.2276,0.0,-0.2192,2.6205,0.4991,4.1803,12.2803,532.7804,-16.2861
2021-11-15,64.5363,0.4805,1.0633,3.3611,0.9266,5.0071,11.2828,535.3403,-15.8839
2021-11-16,64.1307,-0.6285,0.0826,3.3244,1.5588,4.6883,9.5774,531.9758,-16.4125
2021-11-17,63.9896,-0.22,-0.439,3.0531,0.5263,3.5018,10.1118,530.8054,-16.5964
2021-11-18,63.7603,-0.3583,-0.7277,2.0895,0.0009,3.1164,11.2462,528.9036,-16.8953
2021-11-19,63.5311,-0.3595,-1.0846,1.8519,-0.0426,2.4428,10.5481,527.0021,-17.194
2021-11-22,64.0336,0.7911,-0.7788,1.8656,1.5179,3.2242,12.1263,531.171,-16.539
2021-11-23,64.4569,0.661,0.5087,2.6109,2.3596,4.1257,12.8335,534.682,-15.9873
2021-11-24,64.2629,-0.301,0.4271,1.9443,2.5223,4.4587,11.738,533.0728,-16.2402
2021-11-26,63.4517,-1.2623,-0.484,1.2523,0.8756,2.9216,10.3935,526.3436,-17.2975
2021-11-29,63.6104,0.2502,0.1249,1.1498,0.6791,3.53,10.6861,527.6603,-17.0906
2021-11-30,61.9791,-2.5645,-3.2085,-1.3474,-2.12,0.5047,7.8638,514.1287,-19.2168
2021-12-01,61.6793,-0.4837,-4.3091,-1.9759,-3.103,-0.5989,6.4037,511.6417,-19.6075
2021-12-02,62.3318,1.0579,-3.0049,-1.6008,-2.454,0.1015,8.429,517.0543,-18.7571
2021-12-03,63.1078,1.2449,-0.542,-1.2964,-1.1176,1.518,9.5007,523.4909,-17.7457
2021-12-06,64.2188,1.7605,0.9565,0.3444,1.7974,4.1807,10.5717,532.7072,-16.2976
2021-12-07,64.3599,0.2197,3.8412,-0.0137,1.1499,4.9134,11.2423,533.8774,-16.1137
2021-12-08,64.1571,-0.3151,4.0172,0.4695,1.4178,3.9338,10.286,532.1952,-16.378
2021-12-09,64.3334,0.2749,3.2112,0.399,2.1351,4.1607,11.0317,533.658,-16.1482
2021-12-10,65.418,1.6859,3.6608,1.7835,3.5976,5.9765,13.4078,542.6548,-14.7346
2021-12-13,66.2733,1.3075,3.1992,3.1851,5.4349,7.62,14.6346,549.7497,-13.6198
2021-12-14,66.3174,0.0666,3.0416,3.2537,5.124,9.1422,15.1556,550.1156,-13.5623
2021-12-15,66.9876,1.0105,4.4118,3.7983,6.5414,9.8515,16.0424,555.6744,-12.6888
2021-12-16,67.4637,0.7108,4.8657,5.1973,7.8851,12.6264,16.6417,559.6241,-12.0682
2021-12-17,66.3086,-1.7122,1.3614,3.6241,7.1072,9.4427,13.9172,550.0422,-13.5738
2021-12-20,66.3281,0.0295,0.0827,4.0274,7.261,9.3169,13.6992,550.2044,-13.5483
2021-12-21,66.2394,-0.1339,-0.1177,4.2629,6.8128,9.8527,14.784,549.4679,-13.6641
2021-12-22,66.6566,0.6299,-0.494,4.0963,7.0898,10.0012,16.3275,552.9292,-13.1202
2021-12-23,66.8076,0.2264,-0.9726,3.6469,7.2867,9.4117,16.2046,554.1813,-12.9235
2021-12-27,67.5178,1.0631,1.8236,5.065,8.9208,10.4797,16.859,560.0727,-11.9977
2021-12-28,67.8996,0.5654,2.3692,7.0099,10.8454,11.6005,16.5936,563.2396,-11.5001
2021-12-29,68.2103,0.4576,2.9755,7.2313,10.3519,11.246,17.4765,565.8171,-11.0952
2021-12-30,67.9972,-0.3124,2.0112,9.7098,12.0207,11.2323,17.232,564.0496,-11.3729
2021-12-31,68.4589,0.679,2.4717,10.9916,12.4871,11.7153,17.2055,567.8792,-10.7711
2022-01-03,68.45,-0.013,1.3807,9.8155,12.8322,12.1659,18.4725,567.8056,-10.7827
2022-01-04,68.9117,0.6745,1.4906,9.1968,13.0182,12.3256,19.2715,571.6351,-10.181
2022-01-05,68.8495,-0.0902,0.9371,7.2108,11.8327,12.6427,19.0747,571.1196,-10.262
2022-01-06,68.6631,-0.2708,0.9793,6.6861,11.0369,11.6971,19.1091,569.5731,-10.505
2022-01-07,68.7341,0.1034,0.402,7.134,11.2787,11.9882,18.6441,570.1623,-10.4124
2022-01-10,68.1925,-0.7879,-0.3761,5.9986,10.4334,11.1376,18.7208,565.6698,-11.1183
2022-01-11,68.1126,-0.1172,-1.1595,4.1191,10.2568,10.0331,18.9764,565.007,-11.2224
2022-01-12,68.1393,0.0391,-1.0316,2.8155,10.0957,9.6261,18.8431,565.228,-11.1877
2022-01-13,68.2636,0.1824,-0.5818,2.9346,9.0689,9.656,19.6926,566.2591,-11.0257
2022-01-14,68.3878,0.1821,-0.5038,2.0904,9.5298,10.1813,20.3308,567.29,-10.8637
2022-01-18,67.4024,-1.441,-1.1587,-0.0909,8.5956,8.563,19.1232,559.1153,-12.1482
2022-01-19,67.8285,0.6323,-0.4171,2.2922,9.2357,9.5276,19.6566,562.6504,-11.5927
2022-01-20,67.3846,-0.6545,-1.1075,1.5928,7.8925,8.9959,19.2744,558.9681,-12.1713
2022-01-21,67.4379,0.0791,-1.2095,1.8094,8.1153,7.7835,19.6805,559.4101,-12.1019
2022-01-24,67.2159,-0.3291,-1.7136,0.8391,6.928,7.2485,18.1068,557.5689,-12.3912
2022-01-25,66.4702,-1.1095,-1.383,-0.505,5.8159,5.8366,15.7572,551.3827,-13.3632
2022-01-26,65.9641,-0.7613,-2.7487,-2.3011,4.6431,5.9623,16.8496,547.1849,-14.0228
2022-01-27,66.408,0.6729,-1.4493,-2.1967,5.9699,6.1524,17.1865,550.8672,-13.4442
2022-01-28,67.1893,1.1765,-0.3686,-1.4968,6.8407,7.221,21.0626,557.3479,-12.4259
2022-01-31,67.4468,0.3832,0.3434,-0.8095,7.3555,8.0853,21.4129,559.4837,-12.0903
2022-02-01,67.3846,-0.0922,1.3757,-1.5692,7.0912,7.5026,20.4933,558.9681,-12.1713
2022-02-02,68.1925,1.1989,3.3782,-0.3761,7.6511,10.2246,21.7494,565.6698,-11.1183
2022-02-03,68.2103,0.026,2.7139,-1.0178,6.6841,9.7248,20.9026,565.8171,-11.0952
2022-02-04,67.3757,-1.2235,0.2775,-2.1406,5.2773,8.3824,18.3156,558.8945,-12.1829
2022-02-07,67.5,0.1845,0.079,-1.6938,4.8647,8.1858,18.0849,559.9255,-12.0209
2022-02-08,67.7575,0.3814,0.5534,-1.4208,6.1077,7.8261,18.6432,562.0612,-11.6853
2022-02-09,67.7752,0.0262,-0.6119,-0.6119,5.7703,7.4946,18.8003,562.2084,-11.6622
2022-02-10,67.0472,-1.0741,-1.7051,-1.5641,4.3184,6.3991,18.0439,556.1695,-12.6111
2022-02-11,66.8076,-0.3575,-0.8433,-1.9544,4.0168,5.1415,17.4428,554.1813,-12.9235
2022-02-14,66.6211,-0.2791,-1.3021,-2.4061,3.7265,4.2442,17.3294,552.6346,-13.1665
2022-02-15,66.7365,0.1732,-1.5068,-2.4146,3.4093,4.3676,17.104,553.5919,-13.0161
2022-02-16,66.8608,0.1863,-1.3492,-0.8035,4.2572,5.8824,17.3935,554.623,-12.854
2022-02-17,67.3757,0.7702,0.49,-0.6675,5.2918,5.8459,19.8096,558.8945,-12.1829
2022-02-18,67.5,0.1845,1.0365,0.1713,5.8653,5.8663,19.9198,559.9255,-12.0209
2022-02-22,66.9762,-0.776,0.5331,-0.6846,5.4228,5.3779,18.8247,555.5804,-12.7036
2022-02-23,66.4347,-0.8086,-0.4523,-1.1623,3.7497,5.3245,17.9363,551.0881,-13.4095
2022-02-24,65.2894,-1.7239,-2.3503,-1.7764,1.2916,3.6816,17.1822,541.5877,-14.9022
2022-02-25,67.3935,3.2227,0.0264,2.1669,4.8716,7.5168,22.946,559.0417,-12.1597
2022-02-28,66.4968,-1.3305,-1.4863,0.1337,4.7992,5.7167,20.096,551.6036,-13.3285
2022-03-01,66.1062,-0.5875,-1.299,-1.612,3.9235,4.6292,19.5962,548.3632,-13.8376
2022-03-02,66.8076,1.061,0.5613,-0.9477,7.7904,5.5052,21.4359,554.1813,-12.9235
2022-03-03,67.3491,0.8106,3.1548,-0.0527,9.1923,5.8041,22.865,558.6735,-12.2176
2022-03-04,67.358,0.0132,-0.0527,-1.2238,8.0635,5.4117,20.2223,558.7472,-12.206
2022-03-07,66.1328,-1.8189,-0.5474,-3.0457,4.7934,3.6223,17.5269,548.5841,-13.8029
2022-03-08,64.3483,-2.6983,-2.6591,-4.4933,0.2017,2.0026,14.4614,533.7815,-16.1288
2022-03-09,64.7833,0.676,-3.0299,-4.0247,0.6579,1.8154,13.7459,537.39,-15.5618
2022-03-10,64.1708,-0.9456,-4.7192,-5.2935,0.0213,1.4394,12.9451,532.3086,-16.3602
2022-03-11,63.425,-1.1622,-5.839,-6.4186,-1.4121,0.6929,10.7212,526.1222,-17.3323
2022-03-14,63.7624,0.5319,-3.5844,-4.8994,-2.5309,0.9756,10.8243,528.9208,-16.8926
2022-03-15,65.1917,2.2417,1.3107,-2.4186,-1.632,3.7142,13.1724,540.7778,-15.0295
2022-03-16,65.2628,0.1089,0.7401,-2.0389,-1.5903,3.4522,13.4663,541.3669,-14.9369
2022-03-17,65.7155,0.6938,2.4073,-1.5299,-1.8989,4.5183,14.7198,545.1227,-14.3468
2022-03-18,65.8665,0.2297,3.8494,-1.4872,-2.3675,5.3309,14.5849,546.3749,-14.1501
2022-03-21,65.9512,0.1286,3.4328,-2.1143,-0.539,6.5299,13.5337,547.0775,-14.0396
2022-03-22,66.4417,0.7438,1.9174,-1.5679,0.1712,7.4447,13.9002,551.1465,-13.4003
2022-03-23,65.9066,-0.8054,0.9865,-1.597,-0.5023,6.2763,13.423,546.7077,-14.0978
2022-03-24,66.3704,0.7037,0.9965,-0.0968,-0.4294,6.6299,13.1194,550.5547,-13.4933
2022-03-25,66.9233,0.8331,1.6045,2.5026,0.1733,7.4726,12.0826,555.1414,-12.7726
2022-03-28,67.1998,0.4131,1.8932,-0.2875,-0.471,8.4077,11.4245,557.4346,-12.4123
2022-03-29,67.7973,0.8892,2.0402,1.9557,-0.1506,10.6784,13.6292,562.3913,-11.6334
2022-03-30,67.8419,0.0658,2.9364,2.6256,-0.5401,9.7559,14.0701,562.7611,-11.5753
2022-03-31,67.6813,-0.2366,1.9752,1.3079,-0.4645,11.5003,14.3526,561.4294,-11.7846
2022-04-01,68.3591,1.0015,2.1455,1.4997,-0.1457,12.3232,14.0383,567.0519,-10.9011
2022-04-04,68.1451,-0.3131,1.4068,1.1686,-0.4454,12.3296,13.2045,565.2765,-11.1801
2022-04-05,68.2075,0.0916,0.6051,3.1372,-1.0218,11.8635,13.5874,565.7944,-11.0987
2022-04-06,69.0726,1.2683,1.8141,7.3417,0.3241,12.1952,14.9115,572.9704,-9.9712
2022-04-07,69.9109,1.2137,3.2943,7.915,1.8174,13.0549,16.5086,579.9244,-8.8785
2022-04-08,70.2053,0.421,2.7006,9.4038,2.1404,13.6605,16.3743,582.3657,-8.4949
2022-04-11,69.9199,-0.4065,2.6043,10.2402,2.533,13.2307,16.5235,579.9983,-8.8669
2022-04-12,69.9377,0.0255,2.5366,9.6849,2.6795,13.2111,16.6547,580.1462,-8.8437
2022-04-13,70.3301,0.5611,1.8205,7.8819,3.2152,13.6355,16.3797,583.4014,-8.3322
2022-04-14,70.3123,-0.0254,0.5741,7.7372,3.0012,12.3423,15.6836,583.2535,-8.3554
2022-04-18,69.7326,-0.8245,-0.6733,6.1128,1.9663,11.6835,15.1753,578.4449,-9.111
2022-04-19,70.7939,1.5219,1.25,7.4808,5.0317,14.0598,16.2927,587.2483,-7.7278
2022-04-20,71.8551,1.4991,2.7417,8.952,5.9365,15.7204,17.4481,596.0519,-6.3445
2022-04-21,71.7927,-0.0869,2.0796,8.0537,6.5417,14.9505,18.2209,595.534,-6.4258
2022-04-22,70.669,-1.5652,0.5073,7.226,4.7912,13.2953,16.6716,586.2127,-7.8905
2022-04-25,70.9812,0.4417,1.7905,6.947,5.6017,12.9178,18.5157,588.802,-7.4836
2022-04-26,69.8842,-1.5454,-1.2849,4.4243,5.1362,11.2508,16.769,579.7026,-8.9134
2022-04-27,70.1428,0.3701,-2.383,4.3796,6.3348,11.272,17.1159,581.8478,-8.5763
2022-04-28,71.1774,1.4749,-0.8571,4.9855,7.1818,13.5804,17.5953,590.4295,-7.2279
2022-04-29,69.2421,-2.719,-2.0192,2.0639,3.0552,10.1049,14.2993,574.3759,-9.7503
2022-05-02,68.3324,-1.3138,-3.7316,0.9619,1.313,8.7651,11.8812,566.83,-10.936
2022-05-03,68.1362,-0.2871,-2.5013,-0.3262,1.1153,8.2856,12.1354,565.2024,-11.1917
2022-05-04,69.6701,2.2513,-0.6739,2.2379,2.1668,9.9837,14.7421,577.9268,-9.1924
2022-05-05,68.3502,-1.8945,-3.972,0.2092,0.2052,6.903,11.1341,566.9779,-10.9128
2022-05-06,68.4216,0.1044,-1.185,-0.9426,1.5522,6.9114,11.2501,567.5698,-10.8198
2022-05-09,68.3948,-0.0391,0.0914,-2.1686,1.3256,6.2548,10.363,567.3479,-10.8546
2022-05-10,67.9221,-0.6911,-0.3141,-3.252,0.243,6.3656,10.5633,563.427,-11.4707
2022-05-11,67.6278,-0.4333,-2.9314,-3.278,-0.2175,5.5403,11.5705,560.9857,-11.8543
2022-05-12,67.61,-0.0264,-1.083,-3.3282,0.8393,5.194,9.9928,560.8377,-11.8776
2022-05-13,68.6267,1.5037,0.2998,-2.422,2.7229,6.8491,11.1588,569.2712,-10.5524
2022-05-16,68.9388,0.4549,0.7954,-1.9533,3.479,7.3352,11.8221,571.8606,-10.1456
2022-05-17,68.4662,-0.6856,0.8009,-1.8161,2.5918,6.0895,11.4015,567.9397,-10.7616
2022-05-18,64.0605,-6.4348,-5.275,-9.5112,-4.1883,-0.1094,4.5738,531.3939,-16.5039
2022-05-19,62.919,-1.782,-6.9384,-12.4364,-6.6148,-1.6731,1.7701,521.9245,-17.9918
2022-05-20,63.0527,0.2126,-8.1221,-12.1739,-6.5886,-1.1097,1.9721,523.0342,-17.8175
2022-05-23,64.3548,2.0651,-6.6494,-8.9349,-3.9139,1.2966,3.7711,533.8353,-16.1203
2022-05-24,65.4072,1.6352,-4.4679,-7.8528,-1.5467,2.145,5.4383,542.5646,-14.7487
2022-05-25,65.425,0.0273,2.13,-6.3808,0.2077,1.502,5.6896,542.7127,-14.7255
2022-05-26,66.1207,1.0633,5.0886,-5.7342,-1.8887,2.8909,7.4785,548.4832,-13.8188
2022-05-27,66.8876,1.16,6.082,-6.0268,0.5877,5.415,8.4949,554.8453,-12.8191
2022-05-31,66.4149,-0.7067,3.2012,-4.0829,0.4671,4.4089,8.0945,550.9244,-13.4352
2022-06-01,65.5499,-1.3025,0.2182,-4.072,-1.8826,5.7612,6.295,543.7484,-14.5627
2022-06-02,66.5041,1.4558,1.6494,-2.3953,-1.2546,7.8224,7.1766,551.6642,-13.319
2022-06-03,65.8353,-1.0058,-0.4316,-5.5043,-2.2607,5.6206,5.7278,546.1158,-14.1908
2022-06-06,65.862,0.0406,-1.5333,-3.6404,-0.4095,4.3643,5.9485,546.3377,-14.1559
2022-06-07,66.2098,0.5281,-0.3088,-3.2325,2.8928,3.1003,7.4107,549.223,-13.7025
2022-06-08,65.3983,-1.2258,-0.2313,-4.3813,0.9492,1.6134,6.606,542.4908,-14.7603
2022-06-09,64.4172,-1.5001,-3.138,-5.1602,0.3841,0.4055,4.3552,534.3531,-16.039
2022-06-10,64.1408,-0.4292,-2.5738,-5.1563,1.1285,-0.2995,3.8487,532.0597,-16.3993
2022-06-13,62.7584,-2.1552,-4.7122,-7.1758,-1.5745,-4.0655,1.668,520.593,-18.2011
2022-06-14,62.0182,-1.1795,-6.3308,-9.6296,-4.868,-6.4206,0.7102,514.4527,-19.1659
2022-06-15,62.0806,0.1007,-5.0729,-9.9482,-4.8759,-6.3887,2.1695,514.9705,-19.0845
2022-06-16,61.608,-0.7614,-4.3611,-10.0169,-6.2505,-8.0307,1.0296,511.0496,-19.7006
2022-06-17,61.385,-0.3619,-4.2964,-4.1765,-6.8039,-9.0103,2.4783,509.2001,-19.9912
2022-06-21,63.023,2.6684,0.4216,0.1654,-4.4399,-4.955,4.0198,522.7879,-17.8562
2022-06-22,62.9781,-0.0713,1.5477,-0.1184,-5.213,-5.0507,3.7956,522.415,-17.9148
2022-06-23,64.2001,1.9404,3.4141,-0.2404,-2.5893,-3.0786,6.4708,532.5519,-16.322
2022-06-24,65.458,1.9594,6.2493,0.0778,-1.3746,-1.7981,8.0232,542.9868,-14.6824
2022-06-27,65.2783,-0.2745,6.3425,-0.2242,-2.458,-2.289,6.9073,541.4961,-14.9166
2022-06-28,64.4068,-1.3352,2.1956,-2.5921,-4.1563,-4.6077,5.3891,534.2662,-16.0526
2022-06-29,64.8111,0.6278,2.9106,-3.1045,-4.4046,-4.5486,6.5243,537.6203,-15.5256
2022-06-30,64.856,0.0693,1.0217,-2.3472,-4.4012,-4.9175,5.7754,537.9929,-15.4671
2022-07-01,65.7905,1.4409,0.5079,0.3671,-2.7937,-3.2453,7.6225,545.7447,-14.2491
2022-07-05,65.3682,-0.6419,0.1377,-1.708,-4.3753,-4.5146,6.6717,542.2415,-14.7995
2022-07-06,65.5569,0.2886,1.7857,-0.4228,-3.7981,-4.2266,7.4251,543.8066,-14.5536
2022-07-07,65.6198,0.0959,1.2477,-0.3678,-3.794,-4.777,6.9599,544.3283,-14.4716
2022-07-08,65.503,-0.178,0.9975,-1.0676,-5.168,-4.8607,7.1675,543.3595,-14.6238
2022-07-11,65.4131,-0.1372,-0.5736,0.0227,-6.4337,-4.7332,6.4102,542.6141,-14.741
2022-07-12,65.2244,-0.2885,-0.22,1.253,-7.0947,-5.1062,6.2699,541.0487,-14.9869
2022-07-13,65.2694,0.0689,-0.4386,1.7596,-6.6512,-4.2866,6.3735,541.4216,-14.9283
2022-07-14,65.3233,0.0826,-0.4519,4.0868,-6.5979,-4.0952,5.527,541.8687,-14.8581
2022-07-15,65.5389,0.3301,0.0549,5.6769,-6.8124,-3.8162,5.4425,543.6576,-14.577
2022-07-18,64.901,-0.9734,-0.783,4.543,-7.6961,-4.9259,4.2544,538.3656,-15.4085
2022-07-19,65.5838,1.0522,0.5511,6.4535,-5.9495,-4.1001,5.6637,544.0303,-14.5185
2022-07-20,65.1436,-0.6713,-0.1928,6.1229,-7.9813,-3.3512,4.9248,540.378,-15.0923
2022-07-21,65.3412,0.3034,0.0275,3.6783,-9.0653,-3.667,5.5112,542.0178,-14.8347
2022-07-22,65.7725,0.6601,0.3564,4.4372,-8.3855,-2.3924,6.3883,545.5954,-14.2725
2022-07-25,66.096,0.4918,1.8413,2.9531,-6.471,-1.9898,5.6388,548.2787,-13.8509
2022-07-26,65.9432,-0.2311,0.548,0.7412,-7.0975,-1.8935,5.2178,547.0115,-14.05
2022-07-27,66.3925,0.6813,1.9173,1.7068,-4.9964,-0.1168,5.7129,550.7384,-13.4644
2022-07-28,67.4528,1.597,3.2316,4.7293,-3.8351,2.2567,8.3536,559.5335,-12.0825
2022-07-29,66.9316,-0.7726,1.7623,3.2719,-5.965,0.7884,6.9893,555.2105,-12.7617
2022-08-01,67.7673,1.2485,2.5286,4.4888,-2.1299,0.8602,8.1433,562.1422,-11.6726
2022-08-02,67.2281,-0.7956,1.9485,2.1852,-1.616,-0.3242,7.7349,557.6701,-12.3753
2022-08-03,67.6684,0.6549,1.9218,3.5189,-0.6865,0.4212,7.9554,561.3223,-11.8014
2022-08-04,67.2192,-0.6639,-0.3464,2.5356,-3.518,-1.4274,8.6512,557.5955,-12.387
2022-08-05,67.0664,-0.2272,0.2014,2.2046,-1.8783,-1.677,7.8848,556.3285,-12.5861
2022-08-08,67.0305,-0.0536,-1.0872,2.332,-2.0331,-0.5125,7.827,556.0304,-12.6329
2022-08-09,66.9316,-0.1475,-0.4411,2.3214,-2.1393,-0.8421,7.2748,555.2105,-12.7617
2022-08-10,67.4258,0.7384,-0.3585,3.3752,-0.7307,-0.4895,7.2984,559.31,-12.1176
2022-08-11,67.2641,-0.2399,0.0669,3.0561,-0.5379,-0.7542,6.6839,557.9683,-12.3284
2022-08-12,67.8481,0.8683,1.1656,3.8652,0.3522,1.1945,7.6701,562.813,-11.5672
2022-08-15,68.522,0.9933,2.2252,4.5517,-0.1525,2.5663,7.8397,568.4032,-10.6888
2022-08-16,69.2948,1.1277,3.5307,6.77,0.5163,4.0132,8.4278,574.8131,-9.6816
2022-08-17,69.0971,-0.2852,2.4787,5.3569,0.9215,3.5372,8.0592,573.1735,-9.9393
2022-08-18,69.3307,0.3381,3.0724,6.4276,8.2269,3.6941,9.7938,575.1114,-9.6348
2022-08-19,69.1061,-0.324,1.8541,5.7618,9.8335,2.5682,8.5642,573.248,-9.9276
2022-08-22,68.4052,-1.0142,-0.1705,4.0027,8.4889,1.341,7.2859,567.4341,-10.8411
2022-08-23,68.1087,-0.4334,-1.7116,3.0452,5.8332,1.6909,7.1597,564.9747,-11.2275
2022-08-24,68.2794,0.2506,-1.1834,3.5428,4.3914,2.7768,8.2491,566.3908,-11.005
2022-08-25,68.5939,0.4606,-1.0627,3.3157,4.8436,5.0614,8.9293,568.9994,-10.5951
2022-08-26,66.8957,-2.4758,-3.1986,-0.8259,1.1722,-0.7387,6.7226,554.9124,-12.8086
2022-08-29,66.7879,-0.1612,-2.3643,-0.2148,-0.1491,0.4377,6.1795,554.0181,-12.9491
2022-08-30,66.096,-1.0359,-2.9552,-2.4662,-0.4802,-0.0154,4.6131,548.2787,-13.8509
2022-08-31,65.6917,-0.6118,-3.79,-2.2855,0.2163,-1.6703,3.743,544.9246,-14.3779
2022-09-01,66.0601,0.5608,-3.694,-2.3768,-0.6677,-1.914,3.779,547.9806,-13.8977
2022-09-02,65.1975,-1.3058,-2.5386,-3.0076,-0.9688,-3.2075,2.0306,540.8253,-15.022
2022-09-06,64.8291,-0.5651,-2.9329,-3.336,-1.5683,-1.9714,1.5795,537.7692,-15.5022
2022-09-07,65.9972,1.8018,-0.1495,-1.5416,-0.3212,2.5623,4.6163,547.4588,-13.9797
2022-09-08,65.8264,-0.2587,0.2052,-1.6512,0.6547,1.6101,3.4547,546.0427,-14.2022
2022-09-09,66.4734,0.9828,0.6257,-1.4126,3.192,3.5883,5.0793,551.4094,-13.359
2022-09-12,66.734,0.392,2.3567,-0.7881,4.043,5.2171,5.9461,553.5707,-13.0194
2022-09-13,64.5056,-3.3392,-0.4989,-4.9265,2.7839,1.1656,2.1526,535.0861,-15.9238
2022-09-14,64.4786,-0.0418,-2.3009,-5.9009,3.9673,-1.0939,2.5797,534.8625,-15.959
2022-09-15,63.9395,-0.8361,-2.8665,-7.7282,2.9943,-2.0275,1.3546,530.3905,-16.6616
2022-09-16,64.0923,0.2389,-3.5821,-7.2432,4.0325,-2.4701,1.9366,531.6575,-16.4625
2022-09-19,64.5182,0.6646,-3.3202,-6.9413,5.1042,-2.0469,3.1749,535.1909,-15.9073
2022-09-20,64.1655,-0.5467,-0.5272,-7.1493,1.8128,-2.7076,3.6455,532.265,-16.3671
2022-09-21,63.9214,-0.3805,-0.8643,-6.5549,1.4978,-3.7933,3.369,530.2397,-16.6853
2022-09-22,63.8309,-0.1415,-0.1699,-6.2809,-0.5751,-3.1494,2.9292,529.4894,-16.8032
2022-09-23,62.7456,-1.7002,-2.1011,-8.1046,-4.1437,-5.4614,0.8065,520.4869,-18.2177
2022-09-26,62.7909,0.0721,-2.6773,-8.46,-3.8106,-6.1749,0.8363,520.8621,-18.1588
2022-09-27,61.7056,-1.7284,-3.8337,-7.7585,-4.1939,-8.1758,-0.4555,511.8597,-19.5733
2022-09-28,62.4472,1.2018,-2.3062,-6.4992,-3.6473,-7.8913,1.9445,518.0114,-18.6067
2022-09-29,61.4162,-1.651,-3.7829,-7.0803,-5.3037,-9.4715,-0.6396,509.4592,-19.9505
2022-09-30,60.3491,-1.7376,-3.8195,-8.1328,-8.2709,-10.8335,-0.5791,500.6068,-21.3414
2022-10-03,61.3891,1.7234,-2.2324,-7.0708,-6.0872,-10.1962,0.8705,509.2341,-19.9858
2022-10-04,62.3206,1.5174,0.9966,-4.4125,-4.9366,-8.5472,2.7286,516.9612,-18.7717
2022-10-05,61.9589,-0.5805,-0.782,-4.4273,-5.579,-9.1613,1.6153,513.9604,-19.2432
2022-10-06,61.0545,-1.4597,-0.589,-7.4892,-6.7913,-11.6083,-0.8288,506.4583,-20.422
2022-10-07,60.1411,-1.4961,-0.3447,-8.6369,-8.0596,-13.9748,-2.7443,498.8814,-21.6125
2022-10-10,60.3581,0.3609,-1.6794,-9.1996,-7.4609,-14.0262,-2.2818,500.6818,-21.3296
2022-10-11,60.8555,0.8241,-2.3509,-8.8088,-6.7625,-12.9639,-1.4484,504.8079,-20.6813
2022-10-12,61.1811,0.535,-1.2553,-5.1538,-6.341,-12.5206,-0.9635,507.5087,-20.257
2022-10-13,62.194,1.6556,1.8664,-3.5433,-5.1037,-11.5685,0.4896,515.9108,-18.9368
2022-10-14,61.0726,-1.8031,1.5489,-4.4839,-5.8988,-13.141,-2.4206,506.6084,-20.3984
2022-10-17,61.7328,1.081,2.2775,-3.6814,-5.872,-11.4721,-1.129,512.0848,-19.5379
2022-10-18,62.5377,1.3039,2.7642,-3.0698,-4.0002,-11.6623,0.7578,518.7617,-18.4888
2022-10-19,62.2483,-0.4628,1.7443,-2.988,-4.7336,-13.3698,0.2488,516.361,-18.866
2022-10-20,61.3801,-1.3947,-1.3087,-3.9757,-6.6783,-14.5038,-1.7216,509.1591,-19.9976
2022-10-21,62.3206,1.5323,2.0435,-2.3661,-5.712,-11.8134,-0.0887,516.9612,-18.7717
2022-10-24,63.442,1.7994,2.7688,1.1098,-3.793,-10.6213,0.9244,526.2635,-17.3101
2022-10-25,64.274,1.3115,2.7765,2.3621,-3.1908,-8.0278,2.3198,533.1653,-16.2256
2022-10-26,64.6991,0.6613,3.9372,4.8512,-4.0824,-7.7609,2.6363,536.6913,-15.6716
2022-10-27,64.7534,0.0839,5.4958,3.693,-3.2545,-9.0253,3.3294,537.1414,-15.6009
2022-10-28,66.1732,2.1927,6.182,7.7455,-2.3522,-4.432,5.225,548.9195,-13.7502
2022-10-31,65.7844,-0.5877,3.6921,9.0065,-2.1476,-3.7289,4.7094,545.6937,-14.2571
2022-11-01,65.5764,-0.3162,2.0262,6.8209,-3.0916,-3.7569,4.2174,543.9683,-14.5282
2022-11-02,64.4369,-1.7377,-0.4054,3.3957,-4.1392,-7.5115,1.7223,534.5158,-16.0134
2022-11-03,64.2198,-0.3369,-0.824,3.6491,-4.2445,-6.043,0.4428,532.7152,-16.2963
2022-11-04,64.9795,1.1829,-1.804,6.4287,-3.0598,-5.0307,1.533,539.0168,-15.3062
2022-11-07,65.5583,0.8907,-0.3437,9.0075,-2.0519,-4.1473,1.848,543.8181,-14.5518
2022-11-08,65.7482,0.2897,0.262,8.9302,-2.4882,-3.2007,2.9612,545.3935,-14.3042
2022-11-09,65.0337,-1.0867,0.9263,6.8658,-3.3158,-3.8359,1.4919,539.4669,-15.2355
2022-11-10,66.5621,2.3502,3.6474,8.7953,-1.8954,-1.5499,3.5636,552.1454,-13.2433
2022-11-11,66.4898,-0.1087,2.3243,6.9071,-2.9659,-3.1138,3.5221,551.5452,-13.3377
2022-11-14,65.9653,-0.7889,0.6208,8.0113,-4.8049,-4.3134,2.7054,547.1942,-14.0213
2022-11-15,66.5169,0.8363,1.1692,7.7498,-3.7341,-2.847,3.0691,551.7704,-13.3023
2022-11-16,66.8425,0.4895,2.7813,6.8836,-3.5889,4.3428,4.2286,554.4711,-12.8779
2022-11-17,66.8244,-0.0271,0.394,7.3514,-3.3017,6.2071,4.4302,554.3209,-12.9015
2022-11-18,67.5389,1.0692,1.5778,10.0339,-1.2665,7.1149,5.9262,560.2475,-11.9703
2022-11-21,68.181,0.9507,3.3589,9.4036,0.1061,5.9454,7.3191,565.5739,-11.1334
2022-11-22,68.6784,0.7295,3.2495,8.2538,0.5843,5.0013,7.2536,569.7001,-10.485
2022-11-23,68.9135,0.3424,3.0983,7.2182,0.4659,5.3321,6.9141,571.6505,-10.1786
2022-11-25,68.9587,0.0656,3.1939,6.5837,3.0839,4.2923,7.3072,572.0255,-10.1197
2022-11-28,68.6964,-0.3803,1.714,6.0894,2.8576,2.7043,8.2658,569.8499,-10.4615
2022-11-29,68.4342,-0.3818,0.3714,3.4167,3.5376,3.0403,7.5833,567.6744,-10.8033
2022-11-30,69.8088,2.0087,1.646,6.1177,6.2674,6.4973,12.6328,579.0774,-9.0116
2022-12-01,69.4923,-0.4534,0.8399,5.9716,5.1957,4.4932,12.6671,576.4517,-9.4242
2022-12-02,69.8088,0.4555,1.2328,8.3368,7.0729,6.0357,11.9955,579.0774,-9.0116
2022-12-05,68.9316,-1.2566,0.3423,7.337,6.3282,4.6606,9.2284,571.8006,-10.155
2022-12-06,68.5065,-0.6166,0.1057,5.428,3.8022,3.4688,6.6767,568.2746,-10.709
2022-12-07,68.7959,0.4224,-1.451,4.9386,4.5111,5.1954,6.8926,570.6753,-10.3318
2022-12-08,69.1667,0.539,-0.4685,5.1995,4.0517,7.373,7.8084,573.7511,-9.8485
2022-12-09,68.6331,-0.7715,-1.6842,5.5347,2.8459,7.0039,6.6835,569.3248,-10.544
2022-12-12,69.3567,1.0542,0.6166,4.1984,7.5204,10.5137,6.0207,575.3266,-9.601
2022-12-13,69.2572,-0.1435,1.0957,4.1621,7.411,11.6723,4.5023,574.5012,-9.7307
2022-12-14,69.212,-0.0653,0.6047,4.9218,8.2459,11.4872,4.3646,574.1262,-9.7896
2022-12-15,68.0363,-1.6987,-1.6344,2.2842,6.1536,10.4342,1.5655,564.3737,-11.322
2022-12-16,67.7016,-0.4918,-1.3572,1.2853,4.9341,10.2902,0.3527,561.5978,-11.7581
2022-12-19,67.6588,-0.0632,-2.448,1.2487,5.4442,7.3557,2.0363,561.2428,-11.8139
2022-12-20,67.6042,-0.0808,-2.3867,0.0967,5.7615,7.3456,1.9238,560.7894,-11.8852
2022-12-21,68.2782,0.997,-1.3491,0.1426,6.9673,6.3522,3.078,566.3807,-11.0066
2022-12-22,68.1234,-0.2268,0.128,-0.8081,8.5707,4.0718,2.2004,565.0961,-11.2084
2022-12-23,68.4786,0.5215,1.1476,-0.6311,9.0582,4.9025,2.5013,568.0429,-10.7454
2022-12-27,68.8065,0.4789,1.6963,-0.2207,11.5077,6.8312,1.9087,570.7631,-10.318
2022-12-28,67.9503,-1.2444,0.512,-1.0861,8.8124,4.8436,0.0747,563.6606,-11.434
2022-12-29,68.2418,0.429,-0.0534,-0.2811,11.1136,5.2204,0.0462,566.0785,-11.0541
2022-12-30,67.9048,-0.4939,-0.3209,-2.7275,12.52,3.2136,-0.1359,563.2828,-11.4934
2023-01-03,67.6497,-0.3756,-1.2104,-2.6515,10.1983,3.4903,-1.182,561.1672,-11.8258
2023-01-04,67.9139,0.3904,-1.2974,-2.7145,8.975,3.5953,-0.7832,563.3582,-11.4815
2023-01-05,67.2307,-1.0059,-1.059,-2.4675,8.5087,2.455,-2.4393,557.6915,-12.3719
2023-01-06,69.0251,2.669,1.1479,0.757,13.055,5.3771,0.2551,572.5765,-10.0331
2023-01-09,68.3511,-0.9765,0.6573,-0.6466,13.6513,4.4914,-0.4544,566.9852,-10.9116
2023-01-10,68.26,-0.1333,0.9021,-1.3109,13.0917,4.6541,-0.6897,566.2296,-11.0303
2023-01-11,68.2964,0.0534,0.5633,-0.4906,12.2272,4.6378,0.1524,566.5317,-10.9829
2023-01-12,67.759,-0.7869,0.7858,-2.3035,10.7516,3.7288,-0.5192,562.0738,-11.6833
2023-01-13,68.0778,0.4705,-1.3724,-1.7028,9.4605,3.8739,-0.0902,564.7183,-11.2678
2023-01-17,68.1234,0.0669,-0.3332,-1.5728,11.545,4.9651,-0.2054,565.0961,-11.2084
2023-01-18,66.2652,-2.7277,-2.9224,-2.6031,7.342,1.0389,-3.1038,549.6822,-13.6304
2023-01-19,65.6367,-0.9484,-3.8944,-3.05,4.9555,0.7571,-2.6196,544.469,-14.4495
2023-01-20,66.1468,0.7771,-2.3793,-2.2348,6.2629,1.2329,-2.4794,548.7002,-13.7847
2023-01-23,66.3563,0.3167,-2.5288,-1.8459,8.1073,0.8876,-1.526,550.438,-13.5116
2023-01-24,66.6295,0.4118,-2.1928,-2.4146,6.9141,0.8072,-1.1987,552.7046,-13.1555
2023-01-25,66.7935,0.2461,0.7973,-1.9521,5.2827,1.2894,-0.6285,554.0646,-12.9418
2023-01-26,66.5567,-0.3546,1.4016,-2.8066,3.5514,0.2472,0.1301,552.1001,-13.2505
2023-01-27,66.3654,-0.2874,0.3305,-3.5478,2.5755,-1.612,0.6083,550.5137,-13.4997
2023-01-30,66.4474,0.1235,0.1373,-2.2118,2.6161,-0.7235,0.0592,551.1935,-13.3929
2023-01-31,67.167,1.0829,0.8066,-1.575,1.5017,-0.8858,-0.0332,557.1625,-12.455
2023-02-01,67.7044,0.8001,1.3637,-0.2951,2.9186,0.7084,0.3819,561.6205,-11.7546
2023-02-02,67.1214,-0.861,0.8485,-0.7809,2.3561,-0.8083,-0.3906,556.7849,-12.5144
2023-02-03,66.8573,-0.3936,0.7411,-1.5558,3.7563,-0.5384,-1.9581,554.5935,-12.8587
2023-02-06,66.9392,0.1226,0.7402,-0.4336,4.2346,-0.1896,-1.8634,555.2736,-12.7518
2023-02-07,66.6569,-0.4218,-0.7594,-3.431,2.5815,-0.5573,-1.0669,552.9314,-13.1198
2023-02-08,66.1468,-0.7652,-2.3005,-3.225,0.8977,-1.1726,-2.0048,548.7002,-13.7847
2023-02-09,65.8553,-0.4407,-1.8863,-3.5228,0.163,-2.3293,-2.8073,546.2823,-14.1646
2023-02-10,66.4656,0.9267,-0.5858,-2.6807,2.2018,-1.1871,-1.9323,551.3447,-13.3692
2023-02-13,67.2216,1.1374,0.4218,-0.7931,0.9908,-0.9234,0.2601,557.6159,-12.3838
2023-02-14,66.6113,-0.9079,-0.0684,-2.1542,0.1828,-2.7885,-0.2937,552.5535,-13.1792
2023-02-15,66.7389,0.1914,0.8951,-2.0324,1.1727,-3.6885,0.1767,553.6113,-13.013
2023-02-16,66.2561,-0.7234,0.6086,-0.0137,-0.3921,-4.1116,-0.7199,549.6067,-13.6422
2023-02-17,67.1123,1.2923,0.973,2.2481,0.4037,-3.1997,0.3762,556.7093,-12.5262
2023-02-21,66.8573,-0.38,-0.542,1.0741,0.0492,-3.2542,-0.7695,554.5935,-12.8587
2023-02-22,66.7571,-0.1498,0.2188,0.604,-1.1575,-2.4094,-1.1007,553.7625,-12.9893
2023-02-23,66.6751,-0.1228,-0.0955,0.0684,-2.2086,-2.1049,-0.4496,553.0824,-13.0961
2023-02-24,66.2288,-0.6694,-0.0412,-0.8455,-3.5668,-3.0033,-0.3099,549.3802,-13.6778
2023-02-27,66.1559,-0.11,-1.4251,-0.6022,-4.0015,-3.5543,1.3272,548.7757,-13.7728
2023-02-28,65.6094,-0.8261,-1.8665,-1.1392,-4.857,-1.9229,-2.6473,544.2421,-14.4852
2023-03-01,65.1267,-0.7358,-2.4423,-1.9876,-5.1965,-2.4873,-2.0605,540.2378,-15.1143
2023-03-02,66.0193,1.3706,-0.9836,-1.7087,-3.5288,-0.1161,-0.1315,547.6423,-13.9509
2023-03-03,66.0739,0.0828,-0.2338,-2.4082,-5.3502,0.5819,-1.0981,548.0957,-13.8797
2023-03-06,66.247,0.2619,0.1377,-1.3028,-4.67,0.283,-1.6364,549.5314,-13.6541
2023-03-07,65.5912,-0.99,-0.0277,-1.8937,-6.0417,0.6039,-2.623,544.0911,-14.5089
2023-03-08,65.7005,0.1666,0.8811,-1.8506,-4.6874,1.3442,-0.6537,544.9979,-14.3664
2023-03-09,65.0902,-0.9289,-1.4073,-2.3504,-4.9869,-1.3742,1.1529,539.9356,-15.1618
2023-03-10,64.7714,-0.4898,-1.9713,-2.0793,-5.85,-1.6028,-0.0184,537.2909,-15.5774
2023-03-13,65.0993,0.5063,-1.7324,-1.148,-5.8806,-2.0671,1.447,540.0111,-15.15
2023-03-14,65.6914,0.9095,0.1528,-1.1648,-4.2862,-1.5623,3.5734,544.9224,-14.3783
2023-03-15,66.1195,0.6517,0.6377,-1.6395,-4.6674,2.5019,3.6967,548.4735,-13.8203
2023-03-16,66.165,0.0689,1.6513,-0.67,-4.4647,2.6154,1.493,548.8513,-13.7609
2023-03-17,65.6823,-0.7296,1.4063,-1.5832,-5.0998,2.7256,0.6428,544.8467,-14.3902
2023-03-20,66.5929,1.3865,2.2944,0.5084,-2.1214,3.9016,1.3351,552.4008,-13.2032
2023-03-21,66.538,-0.0825,1.2888,-0.8557,-1.7188,3.1305,1.0195,551.9453,-13.2748
2023-03-22,65.9248,-0.9216,-0.2945,-1.3947,-2.5629,2.7418,-0.04,546.8585,-14.0741
2023-03-23,65.6685,-0.3887,-0.7504,-1.6306,-2.8632,2.7333,-1.1637,544.7329,-14.4081
2023-03-24,66.7851,1.7003,1.6791,0.165,-2.1868,4.6282,1.333,553.9951,-12.9527
2023-03-27,67.1421,0.5345,0.8246,1.379,-1.4405,7.0067,1.1627,556.9561,-12.4875
2023-03-28,67.261,0.1772,1.0866,1.6705,-1.778,7.1191,0.5047,557.943,-12.3324
2023-03-29,67.6363,0.5579,2.5962,3.0894,-1.7008,9.6112,0.6496,561.0558,-11.8433
2023-03-30,67.8285,0.2842,3.2892,4.1486,-0.1793,8.6173,0.046,562.6501,-11.5928
2023-03-31,68.3776,0.8096,2.3845,3.5722,0.1991,11.3348,0.7897,567.2053,-10.877
2023-04-03,68.7346,0.522,2.3719,4.0268,1.222,13.895,1.5562,570.1663,-10.4118
2023-04-04,68.5973,-0.1997,1.9867,3.5478,1.4007,11.7418,0.3484,569.0275,-10.5907
2023-04-05,68.9176,0.467,1.8945,5.0715,1.478,10.5856,1.1336,571.6848,-10.1732
2023-04-06,68.9726,0.0797,1.6867,4.9803,2.5908,11.3199,1.1216,572.1403,-10.1016
2023-04-10,68.9726,0.0,0.87,5.9646,-0.0762,12.9689,-0.1449,572.1403,-10.1016
2023-04-11,69.1739,0.2919,0.6391,6.797,1.2038,15.0194,-1.0543,573.8105,-9.8392
2023-04-12,68.8627,-0.4498,0.3869,5.781,0.883,14.0903,-1.9123,571.2293,-10.2448
2023-04-13,69.2471,0.5582,0.4781,5.4128,1.392,13.7894,-0.9621,574.4179,-9.7437
2023-04-14,68.8078,-0.6344,-0.2389,4.0659,1.5478,12.4658,-1.6155,570.7737,-10.3163
2023-04-17,69.2471,0.6385,0.3981,4.6582,1.7176,11.3405,-1.5399,574.4179,-9.7437
2023-04-18,69.4576,0.304,0.4102,5.7479,1.9586,13.7297,-1.2155,576.1641,-9.4694
2023-04-19,69.4119,-0.0659,0.7974,4.2331,4.7486,12.4393,-0.4599,575.7844,-9.529
2023-04-20,69.5766,0.2373,0.4758,4.5667,6.0026,11.2555,-1.7194,577.151,-9.3143
2023-04-21,70.08,0.7235,1.8489,6.3029,5.9461,12.5814,-2.4705,581.3266,-8.6582
2023-04-24,70.3637,0.4049,1.6125,7.1498,6.0392,14.6361,-1.9904,583.6802,-8.2884
2023-04-25,70.2722,-0.1301,1.1727,5.2213,5.467,12.7592,-0.5615,582.921,-8.4077
2023-04-26,69.7231,-0.7814,0.4483,3.8441,4.386,9.9004,-1.7724,578.3659,-9.1234
2023-04-27,70.501,1.1157,1.3286,4.817,5.9262,9.6881,0.8826,584.819,-8.1095
2023-04-28,70.8762,0.5323,1.1362,4.7902,6.7969,9.5475,1.0456,587.9317,-7.6204
2023-05-01,70.9312,0.0775,0.8065,4.5743,6.7479,9.5405,-0.3459,588.3874,-7.5488
2023-05-02,70.739,-0.271,0.6642,3.4534,5.3181,6.8997,2.1619,586.7931,-7.7993
2023-05-03,70.1624,-0.8151,0.6301,2.0772,3.6305,6.6551,2.6781,582.0101,-8.5508
2023-05-04,69.9885,-0.2479,-0.727,2.028,4.2714,6.7282,2.7185,580.5674,-8.7775
2023-05-05,70.6383,0.9285,-0.3357,2.4967,5.6554,9.624,1.3896,585.9578,-7.9305
2023-05-08,70.4278,-0.298,-0.7097,2.1099,5.2115,9.6668,3.0396,584.2116,-8.2049
2023-05-09,70.2081,-0.3119,-0.7504,1.7914,5.3276,8.0466,2.6111,582.3895,-8.4912
2023-05-10,70.0983,-0.1564,-0.0913,1.3363,5.9738,6.9252,2.4906,581.4785,-8.6343
2023-05-11,70.3088,0.3003,0.4577,2.0999,6.7625,6.9365,3.5138,583.2246,-8.36
2023-05-12,70.5834,0.3906,-0.0777,1.9297,6.1954,8.5335,4.3703,585.5025,-8.0021
2023-05-15,70.4095,-0.2464,-0.026,2.3277,4.7423,5.7801,4.1406,584.0599,-8.2287
2023-05-16,69.8146,-0.8449,-0.5605,0.8195,4.8089,5.0005,1.731,579.1251,-9.0041
2023-05-17,69.778,-0.0524,-0.457,0.4612,4.5537,5.7799,1.2172,578.8213,-9.0518
2023-05-18,69.4393,-0.4853,-1.2366,0.0396,4.8044,4.3935,1.4214,576.0123,-9.4932
2023-05-19,69.4851,0.0659,-1.556,-0.1315,3.5355,3.9535,8.4679,576.3919,-9.4336
2023-05-22,68.4326,-1.5148,-2.8077,-2.3508,2.3562,2.4065,8.763,567.661,-10.8054
2023-05-23,67.9292,-0.7356,-2.7006,-3.4599,1.7558,0.5779,7.7339,563.4852,-11.4616
2023-05-24,67.4899,-0.6467,-3.2791,-3.9594,1.222,-1.0136,4.8715,559.8411,-12.0342
2023-05-25,66.9773,-0.7594,-3.5456,-3.9381,1.1302,-2.4769,2.4006,555.5894,-12.7022
2023-05-26,67.2061,0.3417,-3.2798,-4.6735,1.5875,-2.4775,2.7224,557.4876,-12.4039
2023-05-30,66.4373,-1.1439,-2.9156,-6.2629,1.262,-3.6563,0.479,551.1103,-13.406
2023-05-31,66.5106,0.1102,-2.0884,-6.2323,2.1249,-3.182,-0.5637,551.7175,-13.3106
2023-06-01,66.4556,-0.0826,-1.5324,-6.0551,0.661,-2.8912,0.0613,551.262,-13.3821
2023-06-02,67.3709,1.3772,0.5876,-3.9786,1.9629,-3.4923,2.7781,558.8542,-12.1892
2023-06-05,67.1238,-0.3668,-0.1226,-4.0931,1.3235,-3.4084,0.9317,556.8042,-12.5113
2023-06-06,66.7851,-0.5045,0.5235,-5.4548,1.8203,-4.3314,1.4428,553.9951,-12.9527
2023-06-07,66.5655,-0.3289,0.0826,-5.4841,1.3166,-3.4326,1.0681,552.1731,-13.239
2023-06-08,67.0231,0.6875,0.8539,-4.5365,2.9695,-2.1654,1.2283,555.9692,-12.6425
2023-06-09,66.9133,-0.1639,-0.6793,-4.5437,3.3068,-2.7366,2.3166,555.058,-12.7857
2023-06-12,66.895,-0.0274,-0.3409,-4.8555,2.7583,-3.2845,3.8463,554.9062,-12.8096
2023-06-13,67.1695,0.4105,0.5756,-4.8366,2.2501,-2.1325,4.722,557.1838,-12.4517
2023-06-14,67.5814,0.6132,1.5262,-4.0166,2.211,-2.5596,7.6849,560.6002,-11.9149
2023-06-15,68.2587,1.0022,1.8435,-2.2287,3.1643,-1.4417,10.0623,566.2184,-11.0321
2023-06-16,68.341,0.1207,2.1338,-2.0593,4.0479,-1.2583,10.0843,566.9017,-10.9247
2023-06-20,67.8212,-0.7607,1.3846,-2.3303,1.8444,-0.3161,10.0851,562.5895,-11.6023
2023-06-21,68.0608,0.3534,1.327,-2.0497,2.2886,0.5306,10.8753,564.5774,-11.2899
2023-06-22,68.4572,0.5823,1.2959,0.0359,3.8413,1.1799,8.6225,567.865,-10.7734
2023-06-23,68.0055,-0.6597,-0.3708,0.1124,3.5588,0.5937,7.9829,564.1186,-11.362
2023-06-26,68.0977,0.1355,-0.3561,0.9006,1.9653,-0.2644,6.071,564.8831,-11.2419
2023-06-27,68.3005,0.2978,0.7067,1.9755,1.7253,0.26,4.3424,566.5653,-10.9776
2023-06-28,67.8396,-0.6748,-0.325,0.9426,0.8602,-0.9331,3.9236,562.7423,-11.5783
2023-06-29,67.7751,-0.0951,-0.9963,2.0135,0.2052,-1.499,5.2298,562.2071,-11.6624
2023-06-30,68.365,0.8704,0.5286,2.7882,0.791,0.6103,5.4835,567.1005,-10.8935
2023-07-03,68.8996,0.782,1.1776,3.6776,0.7634,0.964,6.2347,571.5352,-10.1967
2023-07-05,68.7798,-0.1739,0.7018,2.0912,0.0658,1.2886,4.5436,570.5412,-10.3529
2023-07-06,68.6047,-0.2546,1.1277,2.2062,0.0107,1.4116,4.9511,569.0885,-10.5811
2023-07-07,67.7106,-1.3033,-0.0952,1.3857,-1.7515,-0.2994,3.2852,561.6718,-11.7465
2023-07-10,67.6922,-0.0272,-0.9842,1.6926,-1.8564,0.6863,3.1582,561.5191,-11.7705
2023-07-11,67.7935,0.1498,-1.6054,1.1495,-1.7094,-1.7843,3.4969,562.36,-11.6384
2023-07-12,67.9502,0.2311,-1.2061,1.5497,-1.769,-0.5865,3.8786,563.6599,-11.4341
2023-07-13,68.236,0.4205,-0.5374,2.0046,-0.9102,-0.0352,4.6172,566.03,-11.0617
2023-07-14,68.4664,0.3377,1.1163,1.9307,-1.1274,0.2489,4.8982,567.9416,-10.7613
2023-07-17,68.2636,-0.2962,0.8442,1.0095,-0.7909,0.7447,4.5012,566.2595,-11.0257
2023-07-18,68.1899,-0.108,0.5847,-0.1008,-1.5268,0.1646,4.0449,565.6479,-11.1217
2023-07-19,68.8812,1.0138,1.37,0.7904,-0.8299,1.1124,6.1328,571.3822,-10.2207
2023-07-20,69.4711,0.8564,1.8101,2.4327,0.0853,4.838,5.9271,576.2756,-9.4519
2023-07-21,69.7107,0.345,1.8174,2.4242,0.1928,6.2069,7.011,578.2637,-9.1395
2023-07-24,69.978,0.3834,2.5115,2.2216,-0.1455,5.792,7.0963,580.4809,-8.7911
2023-07-25,69.9596,-0.0263,2.5953,2.8734,-0.5743,5.4303,6.366,580.3282,-8.8151
2023-07-26,70.0426,0.1186,1.6861,2.856,-0.3268,5.1224,5.9709,581.0161,-8.707
2023-07-27,69.425,-0.8817,-0.0663,1.6464,-0.4275,3.9397,5.2799,575.8933,-9.5119
2023-07-28,70.1439,1.0356,0.6214,3.3967,-0.5064,5.3898,5.6504,581.8572,-8.5748
2023-07-31,69.8214,-0.4599,-0.2239,3.0192,-1.4884,5.2074,3.5114,579.1812,-8.9953
2023-08-01,69.4434,-0.5413,-0.7379,1.5774,-2.0975,4.5089,3.7528,576.0462,-9.4879
2023-08-02,69.6923,0.3584,-0.5001,1.1505,-1.4796,3.7598,2.8407,578.1108,-9.1635
2023-08-03,69.4987,-0.2778,0.1062,1.0453,-0.9459,2.6503,3.3774,576.505,-9.4158
2023-08-04,68.8074,-0.9947,-1.9054,0.2956,-1.6875,2.5119,1.6832,570.7706,-10.3168
2023-08-07,69.3697,0.8172,-0.6469,2.4503,-1.7959,3.7579,3.1993,575.4347,-9.584
2023-08-08,68.8719,-0.7175,-0.8229,1.7429,-2.2091,2.8872,2.6922,571.3057,-10.2328
2023-08-09,68.9734,0.1472,-1.0316,1.7403,-1.7587,3.4752,2.8985,572.1469,-10.1006
2023-08-10,68.8351,-0.2004,-0.9549,1.3022,-1.802,4.0641,2.8439,571.0001,-10.2808
2023-08-11,68.9457,0.1607,0.2009,1.0401,-1.9387,4.6927,2.2541,571.9175,-10.1366
2023-08-14,68.6047,-0.4947,-1.1028,0.2019,-2.8034,3.2183,1.993,569.0885,-10.5811
2023-08-15,67.8673,-1.0749,-1.4588,-0.5806,-3.6106,0.9605,0.0282,562.9716,-11.5423
2023-08-16,67.7106,-0.2309,-1.8308,-0.7029,-3.0137,1.6502,-1.1843,561.6718,-11.7465
2023-08-17,67.0561,-0.9665,-2.5844,-2.6496,-3.9007,0.4754,-3.2306,556.2432,-12.5995
2023-08-18,67.305,0.3711,-2.3797,-3.1179,-3.0737,1.5831,-2.5936,558.3077,-12.2751
2023-08-21,66.8534,-0.671,-2.5527,-4.0989,-3.7875,-0.3859,-3.5733,554.5612,-12.8638
2023-08-22,66.4755,-0.5653,-2.0508,-5.0053,-2.8599,-0.5711,-3.8067,551.4264,-13.3563
2023-08-23,66.9179,0.6655,-1.1707,-4.3479,-1.4887,0.2409,-2.1743,555.0963,-12.7797
2023-08-24,66.3833,-0.7989,-1.0034,-5.2244,-1.6397,-0.4377,-2.5334,550.6616,-13.4765
2023-08-25,66.752,0.5554,-0.8217,-3.8502,-0.3365,0.79,-2.2371,553.7201,-12.9959
2023-08-28,67.0561,0.4557,0.3033,-4.4021,-0.2232,1.3608,-2.2419,556.2432,-12.5995
2023-08-29,67.2958,0.3574,1.234,-3.6172,1.2921,2.5704,0.5981,558.2312,-12.2871
2023-08-30,67.4064,0.1644,0.73,-2.9333,1.3469,3.5005,0.9261,559.1488,-12.1429
2023-08-31,67.0654,-0.5059,1.0275,-3.7693,0.9175,1.5845,1.4666,556.3198,-12.5874
2023-09-01,66.4939,-0.8521,-0.3866,-4.3236,-1.3018,0.6356,1.2212,551.5793,-13.3323
2023-09-05,65.9224,-0.8594,-1.6907,-4.1929,-1.7897,-0.49,-0.2084,546.8387,-14.0772
2023-09-06,65.8487,-0.1119,-2.1504,-5.0757,-1.4022,0.3926,0.9988,546.2271,-14.1733
2023-09-07,66.0054,0.238,-2.0785,-4.1622,-0.8414,0.4641,1.8145,547.5269,-13.969
2023-09-08,66.0883,0.1257,-1.4569,-4.1828,-1.3947,1.5334,0.1381,548.215,-13.8609
2023-09-11,66.6598,0.8647,0.2495,-3.1602,-0.3788,2.9155,1.266,552.9555,-13.1161
2023-09-12,66.0883,-0.8573,0.2517,-4.1444,-1.2058,1.5192,-0.5793,548.215,-13.8609
2023-09-13,66.2911,0.3068,0.6719,-3.3723,-1.3078,0.9129,-0.6636,549.897,-13.5966
2023-09-14,66.964,1.015,1.4523,-1.331,-0.9136,1.2772,3.8111,555.4787,-12.7196
2023-09-15,66.4109,-0.8259,0.4882,-1.9194,-2.7069,0.3717,2.9968,550.8912,-13.4404
2023-09-18,66.3877,-0.0349,-0.4081,-0.9968,-2.8582,1.0741,3.8289,550.6987,-13.4707
2023-09-19,66.23,-0.2376,0.2143,-1.5973,-2.3462,-0.545,3.3353,549.39,-13.6763
2023-09-20,66.2949,0.0981,0.0058,-0.8353,-2.5946,-0.3653,2.7538,549.9289,-13.5916
2023-09-21,65.4412,-1.2878,-2.274,-1.5559,-4.4056,-0.7336,1.9881,542.8469,-14.7044
2023-09-22,65.0886,-0.5389,-1.9912,-2.7337,-4.2893,-0.8832,1.826,539.9218,-15.164
2023-09-25,64.8566,-0.3564,-2.3064,-2.2998,-4.7595,-2.8877,1.6068,537.9973,-15.4664
2023-09-26,64.374,-0.744,-2.8023,-3.5624,-5.7488,-4.1227,2.5952,533.9945,-16.0953
2023-09-27,63.8451,-0.8217,-3.6954,-4.7886,-5.8882,-5.0787,1.6789,529.6068,-16.7848
2023-09-28,64.0399,0.3052,-2.1412,-4.8381,-5.5111,-5.3172,3.783,531.2233,-16.5308
2023-09-29,63.8543,-0.2898,-1.8962,-5.2696,-6.5979,-5.8591,2.2533,529.6837,-16.7727
2023-10-02,63.4182,-0.683,-2.2178,-5.4382,-7.9557,-7.253,3.2597,526.0658,-17.3411
2023-10-03,62.9635,-0.717,-2.1911,-5.3094,-8.4564,-8.3962,4.3322,522.2939,-17.9338
2023-10-04,63.4646,0.7959,-0.5959,-3.7284,-7.4923,-7.4824,3.3809,526.4507,-17.2807
2023-10-05,62.2118,-1.974,-2.8547,-5.5231,-8.121,-9.7302,-0.1746,516.0587,-18.9135
2023-10-06,61.8685,-0.5519,-3.11,-6.2675,-8.6032,-10.2999,-0.1459,513.2105,-19.361
2023-10-09,61.9242,0.09,-2.3559,-6.3009,-8.6577,-10.2191,1.4244,513.6725,-19.2885
2023-10-10,62.5552,1.019,-0.6485,-6.1576,-7.9397,-9.5682,4.0141,518.9069,-18.466
2023-10-11,62.1283,-0.6824,-2.1056,-5.992,-8.9508,-9.7795,2.9328,515.3658,-19.0224
2023-10-12,61.4509,-1.0904,-1.2232,-7.3015,-10.2467,-11.2586,0.9783,509.7465,-19.9053
2023-10-13,61.9891,0.8759,0.195,-7.4292,-9.1916,-9.9098,1.3207,514.2113,-19.2038
2023-10-16,62.6294,1.0329,1.1389,-5.6942,-8.1544,-9.5567,0.7001,519.5226,-18.3692
2023-10-17,62.8985,0.4297,0.5489,-5.2558,-8.6855,-9.4433,2.9898,521.755,-18.0185
2023-10-18,63.1305,0.3688,1.6132,-4.6798,-9.1269,-9.0494,2.2642,523.6795,-17.7161
2023-10-19,62.6665,-0.735,1.9783,-5.4731,-10.1049,-9.9316,0.206,519.8306,-18.3209
2023-10-20,62.4252,-0.385,0.7036,-4.6086,-10.7931,-10.9229,0.2843,517.8291,-18.6353
2023-10-23,62.3046,-0.1933,-0.5186,-4.2772,-10.942,-11.4535,1.5063,516.8284,-18.7926
2023-10-24,62.8336,0.849,-0.1033,-3.1192,-10.2923,-10.5855,0.8231,521.2162,-18.1031
2023-10-25,63.047,0.3397,-0.1323,-2.0614,-9.1869,-9.5751,-0.6227,522.9867,-17.8249
2023-10-26,62.6387,-0.6476,-0.0444,-1.8895,-10.6998,-11.152,-2.5444,519.5997,-18.3571
2023-10-27,61.785,-1.363,-1.0257,-3.5212,-11.5099,-12.827,-4.5042,512.5178,-19.4699
2023-10-30,62.75,1.562,0.7149,-1.7294,-9.6386,-11.5339,-3.0938,520.5234,-18.212
2023-10-31,62.9728,0.3549,0.2215,-0.7024,-9.6417,-10.9787,-4.8365,522.3709,-17.9217
2023-11-01,62.9078,-0.1032,-0.2208,-0.0884,-9.4835,-10.3397,-4.3727,521.8321,-18.0064
2023-11-02,63.7244,1.2981,1.7333,0.4094,-7.3873,-8.9501,-2.8241,528.6059,-16.942
2023-11-03,63.7987,0.1165,3.2592,2.5507,-8.0309,-9.6826,-0.9904,529.2219,-16.8452
2023-11-06,63.9007,0.16,1.8338,3.2848,-7.2181,-9.2677,-0.4968,530.0685,-16.7122
2023-11-07,64.0585,0.2469,1.7241,3.4467,-7.1257,-8.7591,-1.4173,531.3773,-16.5066
2023-11-08,63.8079,-0.3911,1.4309,2.0027,-7.3032,-8.9736,-2.6699,529.2988,-16.8331
2023-11-09,63.5481,-0.4072,-0.2767,2.2853,-7.8288,-9.6157,-3.3462,527.1435,-17.1718
2023-11-10,63.9935,0.7009,0.3054,4.1377,-6.7213,-9.3363,-1.5995,530.8383,-16.5912
2023-11-13,64.1977,0.319,0.4647,3.5628,-5.407,-8.8224,-3.5522,532.5318,-16.3252
2023-11-14,64.8566,1.0263,1.2458,3.5561,-4.215,-7.1017,-2.4563,537.9973,-15.4664
2023-11-15,65.3762,0.8013,2.4578,3.9392,-2.5052,-6.3082,-0.8929,542.3081,-14.789
2023-11-16,64.5689,-1.2349,1.6063,2.2784,-4.0653,-7.014,-2.9286,535.611,-15.8413
2023-11-17,64.4854,-0.1293,0.7686,2.9024,-3.5421,-7.1954,-3.5264,534.9183,-15.9502
2023-11-20,64.439,-0.072,0.3759,3.2258,-3.0635,-5.8358,-3.5697,534.5334,-16.0107
2023-11-21,64.6338,0.3024,-0.3434,3.7385,-3.4132,-4.8511,-4.3012,536.1498,-15.7567
2023-11-22,65.0978,0.7179,-0.4258,3.6036,-1.9364,-3.5443,-4.522,539.9989,-15.1519
2023-11-24,65.3391,0.3706,1.1929,3.6355,-2.1166,-2.4459,-4.8622,542.0001,-14.8374
2023-11-27,65.1535,-0.284,1.0361,4.0148,-2.8374,-3.0542,-5.4561,540.4606,-15.0793
2023-11-28,65.4505,0.4558,1.5697,5.9327,-2.7421,-1.4854,-5.0875,542.9238,-14.6923
2023-11-29,64.9215,-0.8081,0.4451,3.4605,-3.6864,-2.3891,-5.4951,538.5363,-15.3817
2023-11-30,65.5711,1.0006,0.727,4.1261,-2.228,-1.331,-4.1837,543.9247,-14.535
2023-12-01,65.8402,0.4104,0.7669,4.6614,-0.9831,-2.272,-5.685,546.1569,-14.1843
2023-12-04,65.9237,0.1269,1.1822,3.4513,0.002,-1.7878,-5.1352,546.8498,-14.0754
2023-12-05,65.4041,-0.7883,-0.0709,2.5164,-0.6752,-2.0679,-6.3098,542.539,-14.7528
2023-12-06,65.237,-0.2554,0.486,2.0912,-1.1641,-1.9957,-5.3598,541.1534,-14.9705
2023-12-07,65.5154,0.4268,-0.0849,2.2744,-0.8668,-2.2495,-4.3661,543.4629,-14.6076
2023-12-08,65.0607,-0.6941,-1.1839,1.9634,-2.3988,-2.7685,-5.4294,539.691,-15.2003
2023-12-11,65.6825,0.9556,-0.366,3.3586,-0.6141,-1.8125,-5.0375,544.8484,-14.3899
2023-12-12,65.8959,0.325,0.752,2.9728,-0.5961,-1.8961,-3.9882,546.6189,-14.1117
2023-12-13,67.093,1.8166,2.845,4.51,0.1927,-0.7227,-3.2638,556.549,-12.5514
2023-12-14,66.1093,-1.4661,0.9065,1.9316,-0.4541,-3.1488,-4.5451,548.3894,-13.8335
2023-12-15,66.1093,0.0,1.6117,1.1214,-0.4193,-3.2655,-4.4828,548.3894,-13.8335
2023-12-18,66.7975,1.0409,1.6976,3.4515,0.8569,-1.5094,-1.8208,554.0978,-12.9366
2023-12-19,66.9284,0.196,1.5669,3.7885,0.9556,-1.6638,-1.1421,555.1837,-12.7659
2023-12-20,65.6287,-1.9419,-2.1824,1.8464,0.2866,-4.1317,-3.0005,544.4028,-14.4599
2023-12-21,66.0869,0.6981,-0.034,2.2481,1.5338,-2.8213,-2.2444,548.2032,-13.8628
2023-12-22,66.5918,0.764,0.7298,2.2949,2.6755,-2.2114,-2.4699,552.3915,-13.2047
2023-12-26,66.8723,0.4212,0.112,2.3465,3.8809,-2.091,-1.8365,554.7183,-12.8391
2023-12-27,67.1809,0.4614,0.3772,3.1117,5.2248,-0.971,-1.8951,557.2779,-12.4369
2023-12-28,67.2089,0.0417,2.4077,2.6867,4.9484,-0.8354,-2.3219,557.5105,-12.4003
2023-12-29,67.3492,0.2087,1.91,3.7393,5.4731,-1.4859,-0.8847,558.6739,-12.2175
2024-01-02,68.1065,1.1245,2.2746,3.8667,7.3927,-1.1511,-0.1982,564.9564,-11.2304
2024-01-03,67.5736,-0.7825,1.0487,2.6327,7.3219,-1.7537,-0.4877,560.5355,-11.925
2024-01-04,67.4801,-0.1384,0.4454,2.3608,6.3271,-1.6392,-0.2508,559.7599,-12.0469
2024-01-05,67.3305,-0.2217,0.1809,2.9454,8.2278,-0.5614,-0.859,558.5189,-12.2419
2024-01-08,67.826,0.736,0.708,3.9686,9.6294,0.1978,0.8854,562.6296,-11.596
2024-01-09,68.0037,0.2619,-0.151,3.7979,9.8177,0.31,-1.4798,564.1033,-11.3644
2024-01-10,67.8634,-0.2063,0.4289,4.3078,8.4857,-0.1278,-0.7135,562.9398,-11.5473
2024-01-11,67.8541,-0.0138,0.5542,3.3062,9.2161,-0.5597,-0.5947,562.8622,-11.5595
2024-01-12,68.0691,0.3169,1.0971,3.298,10.77,-0.5803,-0.3328,564.6461,-11.2791
2024-01-16,67.6951,-0.5494,-0.193,0.8975,9.2049,-0.8328,-0.0943,561.5437,-11.7666
2024-01-17,67.6484,-0.0691,-0.5225,2.328,8.0137,-0.7941,-0.6308,561.1558,-11.8276
2024-01-18,67.5642,-0.1244,-0.4409,2.2007,7.4178,-1.9119,-0.8208,560.4579,-11.9372
2024-01-19,67.3679,-0.2906,-0.7165,0.8539,6.7121,-3.0275,1.664,558.8292,-12.1932
2024-01-22,67.0406,-0.4858,-1.511,0.1676,6.9799,-3.8303,2.1388,556.1143,-12.6197
2024-01-23,67.7699,1.0879,0.1105,3.2626,8.5617,-3.1554,2.4538,562.1643,-11.6691
2024-01-24,66.9378,-1.2279,-1.0504,1.2875,7.4363,-4.3194,0.8763,555.2613,-12.7538
2024-01-25,67.5829,0.9638,0.0277,1.4883,7.5586,-3.5116,1.4308,560.6129,-11.9129
2024-01-26,67.9102,0.4842,0.805,1.552,7.7136,-2.1819,1.6718,563.3276,-11.4863
2024-01-29,68.3029,0.5783,1.8829,1.6702,9.0427,-2.6247,2.6236,566.5853,-10.9745
2024-01-30,68.6862,0.5612,1.3521,2.1981,11.1698,-1.6258,3.497,569.7651,-10.4748
2024-01-31,68.1813,-0.7351,1.8578,1.2356,8.6554,-1.8174,2.6095,565.5769,-11.1329
2024-02-01,69.5745,2.0433,2.9469,2.1554,10.4835,-0.169,3.5844,577.1335,-9.317
2024-02-02,69.3501,-0.3225,2.1203,2.629,10.2408,-0.2139,2.4307,575.272,-9.6095
2024-02-05,68.92,-0.6202,0.9035,2.1338,8.1532,0.1636,2.6795,571.7042,-10.1701
2024-02-06,69.0789,0.2306,0.5718,2.5968,8.2765,-0.4192,3.323,573.0227,-9.963
2024-02-07,69.0135,-0.0947,1.2205,1.7508,8.0011,0.2055,3.0987,572.4798,-10.0483
2024-02-08,68.9948,-0.0271,-0.8332,1.4574,7.7059,0.0311,3.5074,572.3247,-10.0726
2024-02-09,68.359,-0.9215,-1.4291,0.7302,7.1324,-0.6917,3.3443,567.0505,-10.9014
2024-02-12,68.8452,0.7113,-0.1085,1.4607,8.3355,-0.1458,4.54,571.0837,-10.2676
2024-02-13,68.1065,-1.0729,-1.4077,0.0549,6.4272,-0.7261,2.4688,564.9564,-11.2304
2024-02-14,67.9756,-0.1922,-1.5038,0.4144,5.8849,0.1597,1.1217,563.8706,-11.401
2024-02-15,68.4151,0.6465,-0.8402,1.1334,5.4868,1.0405,2.7079,567.5159,-10.8282
2024-02-16,68.5179,0.1504,0.2325,1.4116,4.8056,2.18,2.6657,568.3692,-10.6942
2024-02-20,69.2379,1.0508,0.5704,2.7758,7.2311,2.8718,4.5004,574.3414,-9.7558
2024-02-21,69.4903,0.3646,2.0319,3.6541,7.7614,3.9444,3.5434,576.4355,-9.4267
2024-02-22,69.7054,0.3095,2.5447,2.856,8.1727,4.8589,4.26,578.2194,-9.1464
2024-02-23,69.9204,0.3085,2.2003,4.4559,8.1793,4.4869,4.7386,580.0032,-8.8662
2024-02-26,69.64,-0.4012,1.6375,3.0437,6.9774,4.9059,4.4467,577.6765,-9.2317
2024-02-27,69.6493,0.0134,0.5942,2.5609,6.5967,4.3404,5.1647,577.754,-9.2196
2024-02-28,69.7241,0.1074,0.3364,2.0808,7.0151,3.9787,5.3936,578.3745,-9.1221
2024-02-29,69.6119,-0.1609,-0.1342,1.3477,6.3581,3.4417,6.1005,577.4437,-9.2683
2024-03-01,69.6212,0.0134,-0.4279,2.1119,7.2391,3.2858,6.9013,577.5213,-9.2561
2024-03-04,69.6773,0.0806,0.0537,0.1478,6.2623,3.8947,5.5409,577.9867,-9.183
2024-03-05,69.8456,0.2415,0.2819,0.7146,6.0836,5.0407,5.7083,579.3828,-8.9636
2024-03-06,70.4347,0.8434,1.0192,2.1978,6.8427,6.8449,6.3213,584.2691,-8.1959
2024-03-07,70.8368,0.5708,1.7596,2.5447,8.3064,7.5751,7.9974,587.6044,-7.6718
2024-03-08,70.2758,-0.792,0.9401,1.829,7.7237,6.4698,6.9638,582.9506,-8.403
2024-03-11,70.6591,0.5455,1.409,2.4122,7.8511,6.9162,8.5557,586.1306,-7.9034
2024-03-12,71.0238,0.5161,1.6868,3.8982,9.1653,6.5466,9.653,589.1555,-7.4281
2024-03-13,71.2014,0.2501,1.0886,3.4225,8.4025,7.7368,9.3735,590.6292,-7.1965
2024-03-14,70.6498,-0.7748,-0.264,3.7342,7.2142,6.5751,7.548,586.0531,-7.9155
2024-03-15,70.6217,-0.0397,0.4923,3.8927,5.2595,5.4623,6.8092,585.8204,-7.9521
2024-03-18,71.0757,0.6429,0.5896,3.889,7.5124,7.0241,7.4219,589.5864,-7.3604
2024-03-19,71.3394,0.371,0.4444,4.1179,7.9113,7.4588,8.6129,591.774,-7.0166
2024-03-20,71.5561,0.3037,0.4981,3.3481,7.1239,8.0418,7.453,593.5711,-6.7343
2024-03-21,71.5938,0.0527,1.3362,3.0269,6.9707,7.9928,7.5983,593.8837,-6.6852
2024-03-22,71.2453,-0.4868,0.8829,2.2091,8.558,8.8692,8.0705,590.9928,-7.1394
2024-03-25,71.0474,-0.2777,-0.0398,1.6118,7.5061,9.1551,8.191,589.3519,-7.3972
2024-03-26,71.0851,0.053,-0.3565,2.0752,6.7476,9.6036,6.4386,589.6645,-7.3481
2024-03-27,71.8292,1.0468,0.3817,3.1299,7.4125,11.5811,6.9809,595.8369,-6.3783
2024-03-28,71.9234,0.1312,0.4605,3.1543,7.0594,12.6531,6.9318,596.6184,-6.2555
2024-04-01,71.3489,-0.7989,0.1454,2.4952,6.1598,11.4131,5.489,591.8523,-7.0043
2024-04-02,70.9815,-0.5149,-0.0928,1.9538,5.3933,11.1616,4.6485,588.8051,-7.4831
2024-04-03,70.1998,-1.1014,-1.2455,0.7498,3.0735,10.6934,2.6648,582.3201,-8.5021
2024-04-04,69.8983,-0.4294,-2.6882,0.0754,3.4403,11.0141,1.6931,579.8198,-8.895
2024-04-05,70.0114,0.1617,-2.6585,-0.601,3.7512,10.3156,2.0614,580.7574,-8.7476
2024-04-08,69.9078,-0.148,-2.0198,-1.3115,3.8278,12.3705,1.4367,579.8979,-8.8827
2024-04-09,70.2468,0.4851,-1.035,-0.0412,3.5692,13.5422,1.8475,582.7107,-8.4407
2024-04-10,69.9925,-0.3621,-0.2952,-0.9434,2.9246,13.0294,1.4788,580.601,-8.7722
2024-04-11,69.823,-0.2422,-0.1078,-1.6907,2.8875,11.6182,0.9383,579.1947,-8.9932
2024-04-12,69.1166,-1.0117,-1.2781,-2.9281,1.8606,11.2481,0.3686,573.3348,-9.9139
2024-04-15,68.834,-0.4088,-1.536,-2.5701,1.1237,12.0147,-0.5966,570.9909,-10.2822
2024-04-16,68.8623,0.0411,-1.971,-2.4914,1.7241,11.0877,0.0791,571.2253,-10.2454
2024-04-17,69.1166,0.3693,-1.2515,-2.7565,2.1703,10.358,-0.1886,573.3348,-9.9139
2024-04-18,69.4368,0.4633,-0.5531,-2.667,2.7716,10.395,-0.03,575.9913,-9.4965
2024-04-19,70.115,0.9767,1.4446,-2.0139,4.0778,11.0635,1.013,581.6169,-8.6126
2024-04-22,70.7837,0.9538,2.8325,-1.1315,5.5834,12.953,1.7349,587.1642,-7.741
2024-04-23,70.9815,0.2795,3.0776,-0.3702,4.739,13.7065,1.2864,588.8051,-7.4831
2024-04-24,71.5184,0.7564,3.4751,0.6629,6.8431,14.7883,1.641,593.2586,-6.7834
2024-04-25,71.3489,-0.237,2.7537,0.371,5.5724,13.5522,1.5321,591.8523,-7.0043
2024-04-26,71.1982,-0.2112,1.5448,-0.8786,4.8417,12.9287,2.1156,590.602,-7.2008
2024-04-29,71.4242,0.3175,0.9049,-0.6941,4.5698,14.0257,1.3095,592.4773,-6.9061
2024-04-30,71.1134,-0.4352,0.1858,-0.3301,3.5337,15.0982,0.3346,589.8988,-7.3113
2024-05-01,70.6613,-0.6357,-1.1985,-0.4512,3.6373,12.6075,-0.3805,586.1486,-7.9006
2024-05-02,71.2547,0.8398,-0.132,1.5027,2.4149,13.1516,0.729,591.0709,-7.1271
2024-05-03,71.4713,0.304,0.3836,2.2504,3.0587,13.6128,1.8656,592.8678,-6.8448
2024-05-06,71.509,0.0527,0.1187,2.1391,3.7565,12.216,2.1725,593.1804,-6.7957
2024-05-07,72.2908,1.0933,1.6556,3.4088,4.6495,13.3108,2.3394,599.6654,-5.7767
2024-05-08,72.0741,-0.2997,1.9995,2.6012,4.4348,12.7908,2.3376,597.8684,-6.0591
2024-05-09,72.6958,0.8625,2.0225,3.8622,5.3642,13.4834,3.5433,603.0252,-5.2488
2024-05-10,73.1102,0.5701,2.2931,4.708,6.9504,14.5786,4.2967,606.463,-4.7086
2024-05-13,72.903,-0.2834,1.9494,5.4783,5.8941,14.721,3.6897,604.7441,-4.9787
2024-05-14,72.7617,-0.1938,0.6515,5.7061,6.8352,13.7017,3.0862,603.5721,-5.1628
2024-05-15,72.8088,0.0647,1.0193,5.7311,7.1102,13.4134,3.4077,603.9627,-5.1015
2024-05-16,73.8449,1.423,1.5807,6.8411,7.9366,13.8588,5.7729,612.5573,-3.751
2024-05-17,73.6659,-0.2424,0.7601,6.0906,7.5133,12.68,5.5719,611.0727,-3.9843
2024-05-20,73.1573,-0.6904,0.3488,4.3391,5.6608,13.3012,5.3543,606.8536,-4.6472
2024-05-21,73.5906,0.5922,1.1391,3.9654,5.9004,14.1198,5.9084,610.4476,-4.0825
2024-05-22,73.2986,-0.3967,0.6727,3.2643,5.1548,13.7489,7.1107,608.0257,-4.4631
2024-05-23,72.432,-1.1822,-1.9133,1.2775,3.5921,12.0652,6.6288,600.8374,-5.5925
2024-05-24,72.6204,0.2601,-1.4193,1.7822,4.2798,11.5558,7.602,602.4,-5.347
2024-05-28,72.0553,-0.7782,-1.5064,1.2039,3.4544,10.279,7.5816,597.7122,-6.0836
2024-05-29,71.5372,-0.719,-2.7902,0.1583,2.6005,9.798,6.4445,593.4149,-6.7588
2024-05-30,71.7256,0.2633,-2.146,0.8609,3.0365,9.5877,7.9598,594.9775,-6.5133
2024-05-31,72.8465,1.5627,0.5722,3.0925,4.6325,12.2069,9.5262,604.2752,-5.0524
2024-06-03,72.8182,-0.0388,0.2724,2.1943,4.5077,11.0523,9.5742,604.0408,-5.0892
2024-06-04,73.4493,0.8667,1.9346,2.7676,5.1595,11.5569,9.0223,609.2757,-4.2667
2024-06-05,73.2892,-0.218,2.449,2.4895,4.0526,11.1726,9.1851,607.9474,-4.4754
2024-06-06,73.5152,0.3084,2.4951,1.6938,3.7812,12.4016,10.0772,609.8226,-4.1807
2024-06-07,73.1479,-0.4997,0.4138,1.4898,4.0869,12.1263,9.8886,606.7755,-4.6595
2024-06-10,73.0914,-0.0773,0.3751,0.5442,3.4423,11.5636,9.054,606.3067,-4.7332
2024-06-11,73.0537,-0.0516,-0.5386,-0.0773,2.8581,12.2854,9.1767,605.9941,-4.7823
2024-06-12,72.2531,-1.0959,-1.4137,-0.8915,1.477,10.0036,8.0098,599.3528,-5.8258
2024-06-13,72.3473,0.1304,-1.5887,-0.5696,2.4027,9.7902,7.7085,600.1342,-5.703
2024-06-14,72.4791,0.1823,-0.9143,-0.4528,2.6301,8.0279,7.2472,601.228,-5.5312
2024-06-17,73.1667,0.9487,0.1031,-0.9184,2.9419,10.6753,7.1904,606.9318,-4.635
2024-06-18,73.2609,0.1287,0.2836,-0.5498,2.6934,10.8178,7.199,607.713,-4.5122
2024-06-20,73.1008,-0.2185,1.1733,-0.0772,2.1587,9.4364,7.7846,606.3848,-4.7209
2024-06-21,73.1573,0.0773,1.1197,-0.5887,2.1839,9.3068,7.4881,606.8536,-4.6472
2024-06-24,73.9374,1.0663,2.012,0.8715,3.7787,12.6601,8.0054,613.3246,-3.6305
2024-06-25,73.4629,-0.6418,0.4048,1.4232,3.3998,11.1611,8.0249,609.3885,-4.2489
2024-06-26,73.3111,-0.2067,0.0685,0.951,3.1313,10.0902,7.6557,608.129,-4.4468
2024-06-27,72.9979,-0.4272,-0.1408,1.3081,1.627,9.1601,6.8775,605.5311,-4.855
2024-06-28,72.6752,-0.442,-0.659,1.5907,1.0453,8.1785,7.128,602.8546,-5.2756
2024-07-01,72.1628,-0.7051,-2.4002,0.6094,1.1407,7.3708,6.4738,598.6036,-5.9435
2024-07-02,72.6657,0.697,-1.0851,-0.2481,2.3727,7.894,6.2908,602.7758,-5.288
2024-07-03,72.5424,-0.1698,-1.0485,-0.3788,3.3371,6.5131,5.287,601.7525,-5.4488
2024-07-05,73.4344,1.2297,0.598,-0.0203,5.0589,8.6733,6.7675,609.1523,-4.286
2024-07-08,73.3205,-0.1551,0.888,0.0428,4.7266,8.6551,6.874,608.2076,-4.4345
2024-07-09,73.1307,-0.2589,1.3414,-0.523,4.6103,8.6146,8.0049,606.6332,-4.6819
2024-07-10,73.4534,0.4412,1.084,0.4177,4.5647,8.2968,8.511,609.3098,-4.2613
2024-07-11,73.1782,-0.3747,0.8765,0.1188,4.5515,7.6092,7.9427,607.0268,-4.62
2024-07-12,73.5008,0.4409,0.0905,0.6121,5.2674,8.307,8.1687,609.7033,-4.1995
2024-07-15,73.0738,-0.581,-0.3365,1.1359,5.7255,7.6926,7.0899,606.1609,-4.7561
2024-07-16,73.7761,0.961,0.8824,1.9749,7.1797,8.384,7.7551,611.9862,-3.8408
2024-07-17,74.7251,1.2863,1.7312,3.0987,8.5138,10.3847,9.4654,619.8585,-2.6038
2024-07-18,74.355,-0.4953,1.6081,1.624,7.5791,9.9139,9.041,616.7883,-3.0862
2024-07-19,74.1082,-0.3318,0.8264,1.1566,6.7276,9.6856,7.5885,614.7416,-3.4078
2024-07-22,74.1557,0.064,1.4805,1.443,5.7629,10.0757,6.7432,615.1352,-3.346
2024-07-23,73.8899,-0.3583,0.1544,1.0015,4.3883,10.2167,5.9951,612.931,-3.6923
2024-07-24,73.8235,-0.0899,-1.2065,-0.154,4.0038,8.9326,5.4953,612.3799,-3.7789
2024-07-25,73.7381,-0.1157,-0.8296,0.3746,3.1037,10.1592,5.4009,611.6714,-3.8902
2024-07-26,74.4878,1.0167,0.5122,1.6052,4.3994,10.217,6.3465,617.8905,-2.9131
2024-07-29,74.5163,0.0382,0.4863,2.0801,4.6604,9.7277,7.3335,618.1266,-2.876
2024-07-30,74.0133,-0.675,0.167,1.8412,3.625,8.3605,5.5163,613.9544,-3.5315
2024-07-31,73.8805,-0.1795,0.0771,2.3803,3.8911,7.5623,5.8136,612.8522,-3.7047
2024-08-01,74.5637,0.9248,1.1197,2.612,5.5228,9.3609,7.3734,618.5202,-2.8141
2024-08-02,75.2186,0.8782,0.981,3.6892,5.563,8.1123,7.9295,623.9521,-1.9606
2024-08-05,73.7381,-1.9682,-1.0443,0.4135,3.1716,6.3273,6.0999,611.6714,-3.8902
2024-08-06,74.2506,0.695,0.3205,1.2684,3.8339,7.7345,7.9107,615.9224,-3.2223
2024-08-07,74.3265,0.1022,0.6037,1.6351,2.816,7.5965,7.1455,616.5521,-3.1233
2024-08-08,75.0003,0.9066,0.5855,2.1059,4.0599,8.6748,8.8982,622.1415,-2.2451
2024-08-09,75.1142,0.1518,-0.1388,2.6456,3.3267,8.8693,8.9032,623.0862,-2.0967
2024-08-12,74.7346,-0.5054,1.3514,1.6785,2.2218,9.3266,8.5704,619.9372,-2.5915
2024-08-13,75.0762,0.4572,1.112,2.7403,2.981,9.0508,8.8918,622.7713,-2.1461
2024-08-14,75.4179,0.4551,1.4684,2.2254,3.6505,10.7352,9.9311,625.6053,-1.7008
2024-08-15,76.196,1.0318,1.5943,1.9685,4.6522,12.0932,12.2722,632.0605,-0.6866
2024-08-16,76.4048,0.274,1.7183,2.7569,3.4666,11.6784,12.8403,633.7924,-0.4144
2024-08-19,76.6611,0.3354,2.5778,3.4447,4.0658,11.8846,14.3237,635.9178,-0.0805
2024-08-20,77.0407,0.4952,2.6166,3.8905,5.3082,11.2695,14.465,639.0668,0.4143
2024-08-21,77.5626,0.6775,2.8438,4.9705,5.3975,11.6164,16.019,643.3965,1.0946
2024-08-22,77.4487,-0.1468,1.644,4.9106,5.6619,11.1086,16.5073,642.4517,0.9462
2024-08-23,77.667,0.2818,1.652,5.3282,7.2274,11.0791,16.0632,644.2624,1.2307
2024-08-26,78.2174,0.7087,2.0302,5.007,7.7072,12.3169,17.827,648.8283,1.9481
2024-08-27,78.4072,0.2427,1.7738,5.2216,8.8154,12.5743,17.4606,650.4028,2.1955
2024-08-28,78.0751,-0.4236,0.6607,5.4879,9.1391,11.9772,16.4324,647.6475,1.7626
2024-08-29,77.686,-0.4984,0.3063,5.1509,8.3099,11.5987,15.4396,644.4198,1.2554
2024-08-30,78.3029,0.7941,0.8187,5.0147,7.4902,12.4698,16.1653,649.5369,2.0594
2024-09-03,78.8533,0.7029,0.8129,4.8322,8.2878,13.1692,17.5768,654.1027,2.7769
2024-09-04,79.2234,0.4694,1.0409,7.4389,7.8613,13.4264,19.1439,657.1729,3.2593
2024-09-05,78.9197,-0.3833,1.0818,6.2884,7.6826,12.0466,19.7161,654.6538,2.8634
2024-09-06,78.7584,-0.2044,1.3804,5.9627,7.132,11.1829,19.6051,653.3154,2.6531
2024-09-09,79.3657,0.7712,1.3574,5.8206,8.5004,12.9347,20.2413,658.3537,3.4448
2024-09-10,79.3468,-0.0239,0.6258,5.6349,8.5583,12.2952,20.0617,658.1962,3.42
2024-09-11,78.6065,-0.9329,-0.7786,5.181,7.601,10.6764,17.922,652.056,2.4552
2024-09-12,79.0905,0.6157,0.2164,5.347,9.4632,11.08,19.674,656.0707,3.0861
2024-09-13,79.6504,0.7079,1.1327,5.6122,10.0946,12.7398,20.1526,660.7154,3.8159
2024-09-16,79.9636,0.3932,0.7533,4.9446,10.3264,13.2281,19.4129,663.3133,4.2241
2024-09-17,79.2044,-0.9495,-0.1794,3.6641,8.2519,11.4366,19.2641,657.0153,3.2345
2024-09-18,78.9007,-0.3834,0.3742,2.9215,7.6982,10.599,18.8483,654.4962,2.8387
2024-09-19,78.4357,-0.5893,-0.8279,1.8108,7.298,9.6143,18.4293,650.639,2.2326
2024-09-20,78.8153,0.484,-1.0485,1.6151,7.734,10.0869,18.8859,653.7879,2.7274
2024-09-23,79.2723,0.5798,-0.8646,2.3546,7.2154,11.2668,21.1352,657.5786,3.323
2024-09-24,79.0815,-0.2407,-0.1552,1.8212,7.6482,11.308,21.4983,655.9958,3.0743
2024-09-25,78.8811,-0.2534,-0.0248,0.8485,7.5979,10.9671,21.624,654.3338,2.8132
2024-09-26,79.0624,0.2298,0.799,0.8356,8.3078,10.07,22.8173,655.8376,3.0494
2024-09-27,79.2055,0.181,0.4951,1.4479,8.9856,10.1248,24.0589,657.0246,3.236
2024-09-30,79.1864,-0.0241,-0.1083,1.9314,9.7331,10.9849,23.6517,656.8664,3.2111
2024-10-01,78.9193,-0.3374,-0.2051,0.7873,8.606,11.1829,23.5927,654.6504,2.8629
2024-10-02,78.2515,-0.8462,-0.7982,-0.7632,7.87,11.4697,23.3896,649.1106,1.9925
2024-10-03,77.4691,-0.9998,-2.0152,-2.2143,5.4943,10.8312,23.0382,642.6211,0.9728
2024-10-04,77.7267,0.3325,-1.867,-1.5116,6.0095,11.0202,22.4726,644.7579,1.3085
2024-10-07,76.954,-0.9942,-2.8193,-2.2911,5.2279,10.0793,23.6967,638.3475,0.3013
2024-10-08,77.3356,0.4959,-2.0068,-2.558,5.2852,10.0912,25.0,641.5131,0.7987
2024-10-09,77.8031,0.6045,-0.573,-1.9455,6.32,11.1591,25.6425,645.3911,1.408
2024-10-10,77.4596,-0.4415,-0.0123,-1.4591,5.386,10.9371,23.8261,642.5419,0.9603
2024-10-11,77.8889,0.5543,0.2087,-1.5193,6.5894,12.6922,25.3679,646.1033,1.5199
2024-10-14,78.2038,0.4042,1.6241,-1.8163,6.0015,13.6121,27.2622,648.7148,1.9303
2024-10-15,78.6999,0.6344,1.7641,-1.5804,5.3192,14.2859,26.9576,652.8302,2.5769
2024-10-16,78.6426,-0.0727,1.0791,-0.7093,5.7665,13.7826,25.5682,652.3554,2.5023
2024-10-17,78.2896,-0.4489,1.0716,-0.7745,5.6423,12.7495,24.4697,649.4271,2.0422
2024-10-18,78.4614,0.2194,0.7349,0.0327,5.8063,11.9038,24.2844,650.8517,2.266
2024-10-21,77.8031,-0.839,-0.5124,-1.2843,5.2959,9.9166,24.1541,645.3911,1.408
2024-10-22,78.2419,0.5641,-0.5819,-1.2998,5.9851,10.2286,25.337,649.0316,1.98
2024-10-23,78.0893,-0.1951,-0.7036,-1.2547,5.9009,9.1877,25.3347,647.7652,1.7811
2024-10-24,77.9843,-0.1344,-0.39,-1.1369,4.6941,9.3,24.1125,646.8946,1.6443
2024-10-25,77.3356,-0.8319,-1.4348,-2.1842,3.7834,8.6202,22.6634,641.5131,0.7987
2024-10-28,77.4787,0.1851,-0.4169,-2.1802,4.6821,8.4768,23.6914,642.7002,0.9852
2024-10-29,76.7154,-0.9851,-1.951,-3.1205,3.8373,7.8776,24.1653,636.369,-0.0096
2024-10-30,76.5914,-0.1617,-1.9181,-2.9497,2.7194,8.3923,22.0579,635.3402,-0.1712
2024-10-31,76.4388,-0.1993,-1.9819,-2.3165,1.6222,7.2754,21.3839,634.0739,-0.3702
2024-11-01,76.4674,0.0374,-1.1226,-1.2931,3.7013,6.9903,21.5547,634.3114,-0.3329
2024-11-04,76.6773,0.2745,-1.0343,-1.3502,3.2683,7.2275,20.3264,636.0525,-0.0593
2024-11-05,77.1638,0.6345,0.5845,0.2727,3.8174,6.7409,20.949,640.0885,0.5748
2024-11-06,75.9045,-1.632,-0.8969,-1.8505,1.2056,5.3145,18.785,629.642,-1.0666
2024-11-07,76.1812,0.3645,-0.337,-2.0846,1.4205,4.7945,18.9244,631.9371,-0.706
2024-11-08,77.1066,1.2148,0.8359,-0.4557,3.1739,5.4662,20.8417,639.6137,0.5002
2024-11-11,76.8395,-0.3464,0.2115,-1.3474,2.3486,5.3996,20.9154,637.3978,0.1521
2024-11-12,76.9253,0.1117,-0.3091,-1.6347,1.9988,5.7222,20.208,638.11,0.264
2024-11-13,77.1543,0.2977,1.6466,-1.9639,1.2576,5.9684,20.1824,640.0095,0.5624
2024-11-14,76.9635,-0.2473,1.0269,-2.1352,0.7312,4.2232,18.6672,638.4266,0.3137
2024-11-15,76.2861,-0.8801,-1.0641,-2.5591,-0.4891,3.5569,16.6878,632.8077,-0.5692
2024-11-18,76.8204,0.7003,-0.0249,-2.0915,-0.2859,5.0071,18.9743,637.2394,0.1272
2024-11-19,76.9253,0.1366,0.0,-1.1282,-0.8217,4.5315,19.2911,638.11,0.264
2024-11-20,76.5342,-0.5085,-0.8038,-2.1827,-1.1809,4.4142,18.77,634.8653,-0.2459
2024-11-21,77.3642,1.0845,0.5207,-0.9285,-0.3899,6.8094,19.6961,641.7505,0.836
2024-11-22,78.0797,0.9249,2.3512,0.1223,-0.176,7.5176,19.9421,647.686,1.7686
2024-11-25,78.5091,0.5499,2.1982,1.5174,0.1299,8.9567,20.1563,651.2474,2.3282
2024-11-26,78.8334,0.4132,2.4805,1.7486,0.9713,10.1992,20.9965,653.9382,2.751
2024-11-27,78.9956,0.2057,3.2162,2.9723,1.6858,10.1359,20.6953,655.2836,2.9624
2024-11-29,79.3963,0.5072,2.6267,3.6622,1.3965,8.9913,22.2958,658.6074,3.4847
2024-12-02,79.3009,-0.1202,1.564,3.7444,0.5677,8.9026,20.9388,657.8161,3.3603
2024-12-03,78.8907,-0.5173,0.4861,3.169,-0.42,7.4083,19.8214,654.413,2.8256
2024-12-04,78.6712,-0.2782,-0.2058,2.6005,-0.3148,7.3436,19.3367,652.5927,2.5396
2024-12-05,78.9861,0.4002,-0.0121,2.3615,0.2891,7.4418,20.7663,655.2044,2.95
2024-12-06,78.5949,-0.4952,-1.0094,3.5445,-0.9712,7.4466,20.4759,651.9596,2.4401
2024-12-09,78.4709,-0.1578,-1.0467,3.0056,-1.1038,7.36,19.7747,650.9308,2.2785
2024-12-10,78.843,0.4742,-0.0605,2.2519,0.3008,7.9247,21.1837,654.0173,2.7634
2024-12-11,78.2419,-0.7623,-0.5457,1.8252,-1.0729,8.2887,19.1215,649.0316,1.98
2024-12-12,78.4709,0.2926,-0.6523,2.0092,-1.4809,8.4642,19.0831,650.9308,2.2785
2024-12-13,78.2705,-0.2553,-0.4127,1.4468,-2.1173,7.9905,16.6598,649.2689,2.0173
2024-12-16,77.8603,-0.5241,-0.7781,1.1653,-1.697,6.4149,17.775,645.8658,1.4826
2024-12-17,77.7267,-0.1715,-1.4158,1.8884,-1.4879,6.0958,17.573,644.7579,1.3085
2024-12-18,76.5437,-1.522,-2.1705,-0.3601,-2.4122,4.7098,14.5907,634.9445,-0.2334
2024-12-19,75.9999,-0.7105,-3.1489,-1.203,-3.5722,3.8856,13.554,630.4334,-0.9422
2024-12-20,76.267,0.3515,-2.5597,-0.349,-3.7911,3.1508,16.2098,632.6494,-0.594
2024-12-23,75.8652,-0.5269,-2.5624,-1.9376,-4.067,3.2701,14.7962,629.3162,-1.1178
2024-12-24,76.3651,0.6589,-1.7518,-2.196,-3.1897,4.1659,14.6764,633.4627,-0.4662
2024-12-26,76.6054,0.3147,0.0806,-2.4248,-3.1077,4.942,14.5548,635.4562,-0.153
2024-12-27,76.2305,-0.4894,0.3034,-3.3018,-3.756,4.892,13.4706,632.3464,-0.6416
2024-12-30,75.3365,-1.1728,-1.2201,-4.6321,-4.8619,4.398,12.093,624.9304,-1.8069
2024-12-31,75.5672,0.3062,-0.3928,-4.8228,-4.2475,3.9929,12.2021,626.8441,-1.5062
2025-01-02,75.3365,-0.3053,-1.3469,-4.9992,-3.7251,3.8517,10.6157,624.9304,-1.8069
2025-01-03,75.2981,-0.051,-1.7066,-4.5539,-2.8025,2.5378,11.4312,624.6115,-1.857
2025-01-06,74.5098,-1.0469,-2.2573,-5.2897,-4.1388,1.622,10.4175,618.0727,-2.8844
2025-01-07,74.2502,-0.3483,-1.4419,-5.9958,-3.5134,1.5308,10.2773,615.9197,-3.2227
2025-01-08,74.3848,0.1812,-1.5647,-5.3567,-3.8155,1.268,9.67,617.036,-3.0473
2025-01-10,73.3851,-1.344,-2.5903,-6.4811,-5.6784,0.2827,7.9134,608.7431,-4.3504
2025-01-13,73.51,0.1703,-2.3746,-6.764,-5.0989,0.0125,8.3206,609.7796,-4.1875
2025-01-14,73.5293,0.0261,-1.316,-6.0232,-5.5973,0.6233,8.3638,609.9391,-4.1624
2025-01-15,73.2793,-0.3399,-1.3076,-6.6159,-6.2969,-0.6733,7.6543,607.8659,-4.4882
2025-01-16,73.8273,0.7477,-0.7496,-5.6768,-6.1914,-1.2015,9.0585,612.411,-3.774
2025-01-17,74.2502,0.5729,1.1789,-4.6366,-5.5852,-0.1408,9.7591,615.9197,-3.2227
2025-01-21,74.5963,0.4661,1.4777,-4.0275,-4.7175,0.6586,10.408,618.7904,-2.7717
2025-01-22,74.231,-0.4897,0.9544,-3.0214,-5.3916,0.1016,10.1876,615.7602,-3.2478
2025-01-23,74.5002,0.3626,1.666,-1.9733,-4.2452,0.8259,11.127,617.9929,-2.897
2025-01-24,74.8847,0.5161,1.4323,-1.8125,-4.2908,1.4375,10.4984,621.1827,-2.3958
2025-01-27,76.913,2.7086,3.5862,1.3812,-1.5063,4.3057,14.9023,638.008,0.2479
2025-01-28,75.7114,-1.5623,1.4949,-0.856,-2.9146,1.6427,12.0275,628.0404,-1.3182
2025-01-29,75.8941,0.2412,2.2404,-0.9286,-1.864,1.8489,11.7565,629.5554,-1.0802
2025-01-30,76.6439,0.988,2.8774,0.5422,-1.0775,3.5542,12.2118,635.7753,-0.1029
2025-01-31,75.9229,-0.9407,1.3864,0.7784,-1.0331,2.7645,10.5359,629.7947,-1.0426
2025-02-03,76.2209,0.3925,-0.8999,0.8651,-0.4838,2.2225,11.7914,632.2666,-0.6542
2025-02-04,75.5768,-0.845,-0.1778,0.319,-1.1276,0.4763,8.6272,626.924,-1.4937
2025-02-05,76.0479,0.6233,0.2027,0.9958,-0.5486,3.1324,9.6579,630.8313,-0.8797
2025-02-06,76.3939,0.4551,-0.3261,2.5287,-0.3695,2.8867,10.8444,633.702,-0.4287
2025-02-07,76.2786,-0.151,0.4685,2.7317,-1.1473,2.6264,10.4223,632.745,-0.579
2025-02-10,76.7496,0.6175,0.6937,3.1791,1.1134,2.3324,11.2096,636.6524,0.0349
2025-02-11,77.4898,0.9644,2.5312,5.5934,1.7178,3.1627,12.3126,642.7925,0.9997
2025-02-12,77.4321,-0.0744,1.8203,5.3354,0.4222,3.6095,13.2728,642.314,0.9245
2025-02-13,78.2684,1.0801,2.4538,6.4453,1.8597,4.252,13.6876,649.2515,2.0146
2025-02-14,77.4898,-0.9948,1.5879,5.7458,0.7338,2.7473,13.7774,642.7925,0.9997
2025-02-18,77.7686,0.3598,1.3277,5.3386,0.7962,2.0638,14.4066,645.1049,1.3631
2025-02-19,78.3934,0.8035,1.1661,5.58,1.8579,2.6027,14.585,650.2881,2.1775
2025-02-20,78.0858,-0.3924,0.8442,4.6778,2.3591,1.8585,13.964,647.7364,1.7765
2025-02-21,78.999,1.1695,0.9334,6.4232,2.836,2.542,14.098,655.3118,2.9668
2025-02-24,79.2393,0.3042,2.2578,6.3613,3.0081,2.1618,14.0293,657.3052,3.28
2025-02-25,80.3641,1.4194,3.3375,7.3171,5.0042,3.7642,15.291,666.635,4.746
2025-02-26,78.826,-1.9139,0.5518,2.4872,1.8895,1.4922,12.7367,653.8764,2.7413
2025-02-27,78.8164,-0.0122,0.9356,4.1011,0.9435,0.7658,13.177,653.7967,2.7288
2025-02-28,79.8642,1.3294,1.0952,5.2312,1.7261,1.8582,14.6662,662.4884,4.0945
2025-03-03,80.2872,0.5296,1.3223,4.7535,1.844,2.8333,15.1498,665.997,4.6458
2025-03-04,78.9221,-1.7002,-1.7943,3.9504,-0.093,1.5912,13.3745,654.6738,2.8666
2025-03-05,79.249,0.4141,0.5366,3.9728,-0.1856,1.2083,13.8287,657.385,3.2926
2025-03-06,79.3932,0.182,0.7318,5.0496,0.1163,0.6847,13.944,658.5811,3.4805
2025-03-07,79.6527,0.3269,-0.2648,4.7402,0.9659,0.5419,14.041,660.7342,3.8188
2025-03-10,79.4797,-0.2172,-1.0057,4.0392,1.0276,0.7095,12.8416,659.2988,3.5933
2025-03-11,78.3165,-1.4635,-0.7674,2.6717,-0.8477,-0.561,10.5591,649.6501,2.0772
2025-03-12,76.615,-2.1726,-3.3236,-0.1754,-2.5191,-3.4659,9.0205,635.536,-0.1405
2025-03-13,76.2593,-0.4642,-3.9472,-1.5879,-2.8183,-3.891,7.9257,632.5855,-0.6041
2025-03-14,76.4324,0.2269,-4.043,-1.2911,-3.0575,-2.7659,7.6152,634.0209,-0.3785
2025-03-17,77.5475,1.4589,-2.431,-0.9212,-0.8876,-1.951,8.9128,643.2709,1.0749
2025-03-18,76.6631,-1.1405,-2.1112,-1.0669,-2.3038,-3.7506,8.5114,635.9346,-0.0778
2025-03-19,76.6631,0.0,0.0627,-1.4215,-2.0537,-4.1276,8.5545,635.9346,-0.0778
2025-03-20,76.2882,-0.489,0.0378,-2.6855,-2.0192,-3.6819,7.3337,632.8247,-0.5665
2025-03-21,76.2593,-0.0378,-0.2264,-2.339,-1.8879,-3.3477,6.8965,632.5855,-0.6041
2025-03-24,76.7309,0.6184,-1.0529,-2.871,0.2446,-2.1735,7.2319,636.4976,0.0106
2025-03-25,76.0351,-0.9068,-0.8191,-4.0437,0.0464,-3.5275,6.2036,630.7257,-0.8963
2025-03-26,77.2141,1.5506,0.7188,-3.9196,1.2418,-2.5963,8.3779,640.5057,0.6404
2025-03-27,78.0935,1.1389,2.3665,-0.9292,2.9372,-1.2493,9.9174,647.8005,1.7866
2025-03-28,77.707,-0.495,1.8983,-1.4076,1.7572,-1.4885,9.3154,644.594,1.2828
2025-03-31,78.9246,1.567,2.8589,-1.1764,3.0275,-0.1743,9.8782,654.6947,2.8699
2025-04-01,79.0406,0.1469,3.9527,-1.5526,3.6863,-0.2082,9.8955,655.6566,3.021
2025-04-02,78.8087,-0.2934,2.0651,-0.1437,4.6089,-0.4771,10.4554,653.7328,2.7187
2025-04-03,79.2629,0.5763,1.4973,0.0175,4.8906,0.4353,11.6669,657.5003,3.3107
2025-04-04,75.8225,-4.3404,-2.4251,-4.4974,0.6452,-3.104,8.0097,628.9622,-1.1734
2025-04-07,74.9431,-1.1598,-5.0447,-5.9126,-0.4714,-3.2607,7.2173,621.6673,-2.3196
2025-04-08,73.7835,-1.5474,-6.6512,-7.1669,-0.9748,-5.0733,5.3878,612.0477,-3.8311
2025-04-09,76.644,3.8769,-2.7468,-2.1356,3.2238,-0.4028,9.6358,635.776,-0.1028
2025-04-10,76.6826,0.0504,-3.2553,0.0882,3.0891,-0.8443,9.1617,636.0967,-0.0524
2025-04-11,77.649,1.2602,2.4089,1.8223,5.8103,-0.198,10.939,644.113,1.2072
2025-04-14,78.973,1.705,5.3772,3.3239,7.4315,1.9537,13.1045,655.0955,2.9328
2025-04-15,78.3061,-0.8444,6.1297,0.9783,6.4966,0.5357,13.2958,649.5642,2.0637
2025-04-16,77.4654,-1.0737,1.0718,1.0465,5.7125,-0.9442,12.5394,642.59,0.9679
2025-04-17,79.1179,2.1332,3.1758,3.2021,7.1663,0.5312,14.893,656.2979,3.1218
2025-04-21,78.3641,-0.9527,0.921,2.7212,5.5406,-0.3541,13.3797,650.0451,2.1393
2025-04-22,79.4755,1.4182,0.6363,4.2174,6.5408,1.5147,14.4573,659.2639,3.5878
2025-04-23,79.0213,-0.5715,0.9132,2.9849,6.4532,0.7136,12.7024,655.4962,2.9958
2025-04-24,78.3255,-0.8805,1.1103,3.0122,5.1346,0.6714,10.6547,649.7245,2.0889
2025-04-25,78.1225,-0.2591,-1.2581,1.1765,4.3237,-0.1526,10.0604,648.041,1.8244
2025-04-28,77.8616,-0.334,-0.6413,-0.297,1.2333,-0.2916,8.8693,645.8766,1.4843
2025-04-29,78.5091,0.8316,-1.216,1.0322,3.6952,0.6729,10.0355,651.2476,2.3282
2025-04-30,79.0792,0.7262,0.0734,0.1959,4.1969,2.2547,11.0692,655.9772,3.0714
2025-05-01,78.3931,-0.8676,0.0864,-0.8192,2.2823,1.1803,9.7571,650.2857,2.1771
2025-05-02,78.8183,0.5424,0.8907,0.0122,3.8136,2.7411,10.8347,653.8128,2.7313
2025-05-05,78.7507,-0.0858,1.1419,-0.6462,3.319,2.8192,11.4481,653.2517,2.6431
2025-05-06,78.6154,-0.1718,0.1354,3.6834,4.0205,2.8475,10.3301,652.1294,2.4668
2025-05-07,78.741,0.1598,-0.4277,5.0677,3.5414,2.9733,10.1715,653.1716,2.6305
2025-05-08,78.6444,-0.1227,0.3205,6.5881,2.9458,2.5654,9.9783,652.3699,2.5046
2025-05-09,78.1902,-0.5775,-0.7969,2.0174,2.5061,1.3301,8.1607,648.6023,1.9126
2025-05-12,78.3061,0.1483,-0.5645,2.1172,2.0281,3.1641,8.6467,649.5642,2.0637
2025-05-13,77.2528,-1.3452,-1.7332,-0.5103,-0.3059,1.4067,6.2686,640.8264,0.6908
2025-05-14,76.8372,-0.5379,-2.4178,-2.7044,-0.7683,-0.3493,5.0978,637.3793,0.1492
2025-05-15,78.4124,2.0501,-0.2949,0.1357,0.184,2.0471,7.5572,650.4459,2.2023
2025-05-16,79.3112,1.1462,1.4337,2.3827,2.3505,3.1015,9.0012,657.9011,3.3737
2025-05-19,79.5431,0.2924,1.5797,0.5374,2.2818,3.0961,9.2493,659.8251,3.676
2025-05-20,79.8234,0.3523,3.3275,1.8621,1.8241,3.7159,8.096,662.1498,4.0413
2025-05-21,78.8956,-1.1622,2.6789,-0.7296,1.0371,3.4207,7.0992,654.4542,2.8321
2025-05-22,78.5671,-0.4165,0.1972,-0.5748,-0.5468,2.2737,7.3947,651.7286,2.4038
2025-05-23,78.857,0.369,-0.5727,0.6786,-0.4825,2.5111,7.1564,654.1334,2.7817
2025-05-27,79.5721,0.9069,0.0364,1.8555,-0.9855,3.9694,8.5588,660.0655,3.7138
2025-05-28,79.0309,-0.6801,-0.9927,1.5018,0.26,2.1544,9.1105,655.5765,3.0084
2025-05-29,79.3498,0.4035,0.5757,1.0709,0.6768,1.6267,9.2666,658.2219,3.4241
2025-05-30,80.0456,0.8769,1.8819,1.2221,0.2272,1.9572,11.0892,663.9936,4.331
2025-06-02,80.094,0.0604,1.5686,2.1696,-0.2406,1.599,11.9612,664.3944,4.3939
2025-06-03,80.0167,-0.0965,0.5587,1.5204,1.3869,1.2925,11.5594,663.7532,4.2932
2025-06-04,79.4561,-0.7005,0.538,0.8958,0.2614,0.0753,9.0734,659.1036,3.5626
2025-06-05,78.6927,-0.9608,-0.8282,0.0983,-0.8823,-0.767,8.0673,652.7707,2.5676
2025-06-06,78.944,0.3193,-1.3763,0.2577,-0.8898,0.0675,7.4809,654.855,2.895
2025-06-09,78.8377,-0.1347,-1.5685,0.2458,-0.8078,0.2115,7.5707,653.9732,2.7565
2025-06-10,79.0116,0.2206,-1.2561,1.0505,0.8876,0.0323,7.4765,655.4161,2.9832
2025-06-11,78.741,-0.3425,-0.9,0.5554,2.7749,0.1859,7.6463,653.1716,2.6305
2025-06-12,79.2049,0.5891,0.6509,2.5269,3.8625,0.9354,8.3642,657.0194,3.2351
2025-06-13,78.2385,-1.2201,-0.8936,1.8237,2.363,-0.7667,7.0972,649.003,1.9755
2025-06-16,78.4898,0.3212,-0.4413,0.0986,1.2151,0.3167,8.6317,651.0873,2.303
2025-06-17,77.823,-0.8495,-1.5044,-1.8764,1.5129,-0.8257,7.5686,645.556,1.4339
2025-06-18,77.7263,-0.1242,-1.2887,-2.284,1.3869,-0.6953,7.2396,644.7543,1.308
2025-06-20,78.2965,0.7335,-1.1469,-1.9128,2.6325,0.5602,7.011,649.4839,2.0511
2025-06-23,79.2033,1.1582,1.2332,0.39,3.8605,1.8997,8.1113,657.0065,3.2331
2025-06-24,79.1352,-0.086,0.8223,0.7231,3.1334,3.3856,8.2549,656.4415,3.1443
2025-06-25,78.0746,-1.3402,0.3234,-0.9921,2.6823,2.7299,6.7216,647.6437,1.762
2025-06-26,78.0065,-0.0872,0.3605,-1.9675,1.0262,2.2808,5.5035,647.0787,1.6732
2025-06-27,78.3763,0.474,0.1019,-0.8284,0.362,3.3099,6.6882,650.1458,2.1551
2025-06-30,78.7849,0.5214,-0.5283,-0.7119,1.3872,3.1688,7.4666,653.5358,2.6878
2025-07-01,79.7677,1.2474,0.7992,-0.3473,1.0682,4.128,9.274,661.6878,3.9687
2025-07-02,80.0012,0.2928,2.4676,-0.1158,1.2153,4.9464,10.0804,663.625,4.2731
2025-07-03,79.9623,-0.0487,2.5072,-0.068,1.4638,6.1402,10.8082,663.3021,4.2223
2025-07-07,79.8942,-0.0852,1.9367,0.5513,0.7965,5.726,9.9475,662.7371,4.1335
2025-07-08,79.1547,-0.9256,0.4693,0.5871,4.3946,5.0682,9.1151,656.6028,3.1697
2025-07-09,78.639,-0.6515,-1.415,-0.3863,4.9315,4.4369,7.0873,652.325,2.4975
2025-07-10,78.9212,0.3588,-1.35,0.1059,6.9632,5.9205,7.6385,654.6658,2.8653
2025-07-11,78.6292,-0.3699,-1.6671,-0.4839,2.5903,5.8976,7.5187,652.2444,2.4849
2025-07-14,78.6973,0.0866,-1.498,-0.0555,2.6274,5.7976,7.1391,652.8093,2.5736
2025-07-15,77.9092,-1.0015,-1.5734,-1.6358,0.3351,6.1649,6.4651,646.2716,1.5464
2025-07-16,78.1817,0.3497,-0.5815,-0.0726,-1.002,6.3551,6.3684,648.5315,1.9015
2025-07-17,78.9212,0.9459,0.0,0.5496,0.7854,7.333,8.002,654.6658,2.8653
2025-07-18,78.7071,-0.2712,0.099,1.1361,1.6029,7.4069,6.6838,652.8901,2.5863
2025-07-21,78.6973,-0.0124,0.0,1.2493,-0.5316,6.5966,5.3159,652.8093,2.5736
2025-07-22,79.4174,0.915,1.9358,1.4316,1.3441,6.9591,6.8085,658.7822,3.5121
2025-07-23,79.4466,0.0367,1.6179,0.3071,-0.0364,6.502,7.2035,659.0243,3.5502
2025-07-24,79.1644,-0.3552,0.3082,0.0369,0.1811,6.646,6.7544,656.6836,3.1824
2025-07-25,79.3006,0.1721,0.7541,1.5703,1.245,6.4435,7.3226,657.8136,3.3599
2025-07-28,78.4833,-1.0307,-0.272,0.6112,0.4618,4.8055,6.3121,651.0337,2.2946
2025-07-29,78.999,0.6571,-0.5268,0.7945,1.4608,2.7121,7.1346,655.3115,2.9668
2025-07-30,78.2984,-0.8868,-1.4452,-0.6175,-0.2683,3.4169,5.1157,649.5002,2.0537
2025-07-31,77.627,-0.8575,-1.942,-2.6836,-1.8364,2.2834,4.1746,643.9309,1.1786
2025-08-01,77.9968,0.4763,-1.6442,-2.5055,-0.5056,1.7652,5.3821,646.998,1.6605
2025-08-04,78.3763,0.4865,-0.1364,-1.9835,-0.5609,3.2314,6.0853,650.1458,2.1551
2025-08-05,78.2984,-0.0993,-0.8868,-1.9973,-0.5743,2.7257,5.0087,649.5002,2.0537
2025-08-06,79.4174,1.4291,1.4291,0.3319,1.0202,5.0817,5.5822,658.7822,3.5121
2025-08-07,80.0207,0.7596,3.0835,1.757,1.6251,5.2241,8.5201,663.7863,4.2984
2025-08-08,80.2542,0.2918,2.8942,1.689,2.0469,5.0531,8.0856,665.7234,4.6028
2025-08-11,80.1861,-0.0849,2.3091,1.98,2.5526,5.1227,7.8836,665.1585,4.514
2025-08-12,80.4001,0.267,2.6842,2.1637,2.6741,4.7564,7.1997,666.9342,4.793
2025-08-13,80.4001,0.0,1.2374,3.1972,4.0741,3.7558,7.0372,666.9342,4.793
2025-08-14,79.6801,-0.8956,-0.4256,1.9166,3.6999,2.9032,6.6175,660.9614,3.8545
2025-08-15,79.8066,0.1588,-0.5577,1.1219,1.778,1.9652,6.3008,662.0107,4.0194
2025-08-18,79.6996,-0.1341,-0.6067,1.261,0.4897,2.8517,5.6773,661.1229,3.8799
2025-08-19,80.5169,1.0255,0.1452,2.3121,1.2242,3.534,5.6707,667.9027,4.9452
2025-08-20,80.9742,0.568,0.714,1.9603,1.4417,3.2921,5.9805,671.6963,5.5413
2025-08-21,80.2445,-0.9012,0.7083,1.0043,1.7096,2.7645,4.6743,665.6428,4.5901
2025-08-22,80.2445,0.0,0.5486,1.3643,2.135,1.5765,4.1586,665.6428,4.5901
2025-08-25,78.8725,-1.7097,-1.0377,-0.5399,0.0197,-0.4629,1.6888,654.2622,2.8019
2025-08-26,78.3568,-0.6538,-2.6828,-0.1612,-1.5273,-2.4977,1.1725,649.9844,2.1297
2025-08-27,78.5903,0.298,-2.944,-0.5173,-0.5575,-0.299,1.1888,651.9215,2.4341
2025-08-28,78.0941,-0.6314,-2.6798,-0.261,-1.5826,-0.9164,-0.1577,647.8052,1.7873
2025-08-29,78.6001,0.6479,-2.0492,1.2534,-1.8059,-1.5828,0.2459,652.0022,2.4468
2025-09-02,78.4736,-0.1609,-0.5058,0.6113,-2.0231,-2.2589,0.5104,650.953,2.2819
2025-09-03,78.4152,-0.0744,0.0745,0.0497,-2.0014,-0.6423,0.9387,650.4687,2.2058
2025-09-04,78.4638,0.062,-0.1609,0.2112,-1.2489,-0.9907,0.2056,650.8722,2.2693
2025-09-05,78.6876,0.2852,0.76,-0.9189,-0.0064,-0.8887,-0.2101,652.7286,2.5609
2025-09-08,78.3957,-0.371,-0.26,-2.0306,-0.6944,-1.5781,-1.0447,650.3073,2.1805
2025-09-09,78.5514,0.1986,0.0992,-2.1217,-0.3631,-1.1679,-0.4667,651.5987,2.3834
2025-09-10,77.7827,-0.9786,-0.8065,-2.9972,-1.5553,-0.6816,-1.2388,645.2223,1.3815
2025-09-11,78.4152,0.8131,-0.062,-2.4688,-0.4138,2.3496,-1.1977,650.4687,2.2058
2025-09-12,78.1525,-0.335,-0.6801,-2.7956,-1.3287,2.4825,-1.5051,648.2894,1.8634
2025-09-15,77.2573,-1.1454,-1.4522,-3.0407,-1.2541,1.0793,-1.7164,640.8639,0.6967
2025-09-16,77.6076,0.4534,-1.2015,-2.7554,-1.1239,0.0775,-1.875,643.7695,1.1532
2025-09-17,78.0746,0.6018,0.3753,-2.0388,0.3234,1.8412,-1.9784,647.6437,1.762
2025-09-18,77.3935,-0.8724,-1.3029,-3.8792,-0.4282,0.9528,-3.2141,641.9937,0.8742
2025-09-19,77.2378,-0.2012,-1.1703,-4.6143,-1.3521,1.2448,-2.4829,640.7024,0.6713
2025-09-22,76.3767,-1.1149,-1.1399,-4.82,-3.5688,0.1539,-3.199,633.5589,-0.4511
2025-09-23,76.7588,0.5003,-1.0937,-4.3438,-3.003,0.0363,-2.138,636.7284,0.0469
2025-09-24,76.9253,0.217,-1.4721,-2.4688,-1.4721,1.1708,-2.398,638.1099,0.264
2025-09-25,76.1905,-0.9552,-1.5544,-2.7646,-2.328,-1.3257,-3.8876,632.0149,-0.6937
2025-09-26,76.3767,0.2443,-1.1149,-2.8167,-2.5513,-2.1985,-3.4203,633.5589,-0.4511
2025-09-29,76.5236,0.1924,0.1924,-2.011,-2.8702,-1.5228,-2.9887,634.778,-0.2596
2025-09-30,76.7784,0.3329,0.0255,-2.3177,-3.7475,-2.7194,-2.8889,636.891,0.0724
2025-10-01,76.6608,-0.1531,-0.3439,-2.31,-4.1754,-3.0108,-3.2128,635.9158,-0.0808
2025-10-02,76.3571,-0.3962,0.2186,-2.6246,-4.5086,-3.1108,-3.573,633.3965,-0.4767
2025-10-03,76.4453,0.1155,0.0898,-2.5726,-4.3168,-3.5547,-3.1349,634.1279,-0.3617
2025-10-06,75.8868,-0.7305,-0.8322,-3.5594,-4.1284,0.0848,-3.0218,629.4956,-1.0896
2025-10-07,76.5922,0.9295,-0.2425,-2.3005,-2.6027,2.2005,-1.132,635.3469,-0.1702
2025-10-08,76.2101,-0.4988,-0.5879,-2.9806,-3.4351,3.2889,-1.9512,632.1774,-0.6682
2025-10-09,76.4551,0.3214,0.1283,-1.7069,-2.7651,-0.2464,-0.6483,634.2092,-0.349
2025-10-10,76.5138,0.0769,0.0897,-2.4247,-2.7746,-0.2201,-1.0625,634.6967,-0.2723
2025-10-13,76.2591,-0.3329,0.4906,-2.4226,-2.118,-1.7899,-1.9844,632.5837,-0.6044
2025-10-14,77.4837,1.6059,1.164,0.2931,-0.8927,-1.8857,0.0312,642.7421,0.9918
2025-10-15,77.6209,0.177,1.8511,0.0172,-1.6475,-0.8751,-0.3441,643.88,1.1706
2025-10-16,77.0821,-0.6942,0.8201,-1.2713,-2.0647,-0.4948,-1.4343,639.4102,0.4683
2025-10-17,78.1107,1.3345,2.0871,0.9267,-0.7454,-1.273,-0.7486,647.9433,1.809
2025-10-20,78.0422,-0.0878,2.3381,1.0414,-1.7316,-0.4108,-0.7635,647.3744,1.7197
2025-10-21,77.6797,-0.4645,0.2529,1.706,-2.224,-2.2595,-0.7791,644.3676,1.2472
2025-10-22,78.1205,0.5675,0.6437,1.7741,-1.3186,-1.1399,-0.4344,648.0245,1.8218
2025-10-23,77.7385,-0.4891,0.8516,1.0571,-1.9699,-0.7495,-0.083,644.8551,1.3238
2025-10-24,77.4837,-0.3277,-0.8027,1.6973,-1.2736,-0.8177,-0.9691,642.7421,0.9918
2025-10-27,77.6111,0.1644,-0.5524,1.6162,-1.7569,-0.3217,-0.6124,643.7986,1.1578
2025-10-28,76.8372,-0.9972,-1.0846,0.4097,-1.8663,-2.1296,-1.471,637.3786,0.149
2025-10-29,75.0247,-2.3588,-3.9629,-2.284,-3.3523,-5.1272,-2.9881,622.3441,-2.2133
2025-10-30,74.9463,-0.1045,-3.5917,-2.2364,-3.911,-4.3968,-3.2684,621.694,-2.3154
2025-10-31,74.7308,-0.2876,-3.5529,-2.1298,-4.6512,-5.186,-2.587,619.9061,-2.5963
2025-11-03,74.143,-0.7866,-4.4686,-3.0117,-5.3072,-5.851,-3.1967,615.03,-3.3625
2025-11-04,74.4467,0.4096,-3.1111,-1.8977,-6.259,-5.3026,-2.6061,617.5494,-2.9667
2025-11-05,74.3977,-0.0658,-0.8357,-2.8652,-7.0269,-5.5159,-2.7066,617.143,-3.0305
2025-11-06,74.0646,-0.4477,-1.1765,-2.8153,-7.7124,-5.8234,-3.4073,614.3799,-3.4647
2025-11-07,75.1521,1.4683,0.5637,-1.7043,-6.2779,-3.8855,-2.6071,623.4006,-2.0473
2025-11-10,74.8778,-0.365,0.991,-2.1383,-6.8686,-4.3782,-1.3527,621.1251,-2.4048
2025-11-11,75.8575,1.3084,1.895,-0.5267,-5.6501,-1.8062,-0.4249,629.2518,-1.1279
2025-11-12,75.7497,-0.1421,1.8172,-2.2379,-4.9327,-1.4154,-1.7598,628.3579,-1.2684
2025-11-13,75.7497,0.0,2.2751,-2.4107,-5.0834,-3.3958,-1.4183,628.3579,-1.2684
2025-11-14,75.6909,-0.0776,0.717,-1.8048,-5.0297,-4.5646,-1.6047,627.8703,-1.345
2025-11-17,75.2109,-0.6342,0.4448,-3.7125,-6.59,-5.4464,-2.5189,623.8881,-1.9707
2025-11-18,75.5341,0.4299,-0.4262,-3.2137,-6.7183,-5.3734,-1.8572,626.5699,-1.5493
2025-11-19,74.9561,-0.7652,-1.0476,-3.5061,-6.5903,-4.9933,-1.7434,621.7752,-2.3027
2025-11-20,75.495,0.7189,-0.3363,-3.3609,-5.9188,-3.9102,-1.7253,626.245,-1.6003
2025-11-21,76.3179,1.0901,0.8284,-1.8273,-3.2389,-3.2198,-0.7896,633.0714,-0.5277
2025-11-24,75.4362,-1.1553,0.2996,-2.6425,-3.7273,-5.1977,-1.4346,625.7573,-1.677
2025-11-25,76.4747,1.3766,1.2452,-1.4643,-2.692,-3.2345,-1.1498,634.3717,-0.3234
2025-11-26,77.3074,1.0889,3.1368,0.612,-1.0074,-2.574,-0.9892,641.2794,0.762
2025-11-28,77.7581,0.583,2.9977,3.6433,-1.0712,-2.8578,-0.9566,645.0177,1.3494
2025-12-01,77.6797,-0.1008,1.7843,3.6471,-1.0117,-3.0143,-1.4635,644.3676,1.2472
2025-12-02,77.1702,-0.6558,2.2987,3.2643,-1.5876,-3.5573,-2.3108,640.1416,0.5832
2025-12-03,77.229,0.0762,0.9864,4.1623,-1.5737,-2.8029,-2.7297,640.6293,0.6598
2025-12-04,76.8567,-0.4821,-0.5829,3.2373,-2.3268,-2.3331,-3.0822,637.541,0.1746
2025-12-05,76.8665,0.0128,-1.1465,3.3184,-1.9506,-2.6315,-2.5658,637.6224,0.1873
2025-12-08,76.2297,-0.8285,-1.8666,2.9233,-2.9556,-3.308,-3.1034,632.34,-0.6427
2025-12-09,76.4061,0.2313,-0.9902,1.6686,-1.7699,-3.2977,-3.2664,633.8027,-0.4128
2025-12-10,76.6314,0.2949,-0.7738,2.342,-2.2748,-2.6792,-2.4983,635.672,-0.1191
2025-12-11,77.1996,0.7415,0.4461,1.7693,-1.2192,-2.5317,-1.62,640.3854,0.6215
2025-12-12,77.807,0.7868,1.2235,2.716,0.7116,-0.5515,-1.3139,645.424,1.4132
2025-12-15,78.0226,0.277,2.3519,3.0005,0.5347,-0.5952,-0.2804,647.2119,1.6941
2025-12-16,77.6699,-0.452,1.6541,2.6145,-0.5184,-0.1967,-1.0208,644.2863,1.2344
2025-12-17,78.0324,0.4667,1.8282,3.7515,0.8255,0.3938,-0.3043,647.2932,1.7069
2025-12-18,77.5817,-0.5775,0.4949,2.7108,0.4452,-0.9129,-0.3578,643.5548,1.1195
2025-12-19,77.18,-0.5177,-0.8058,2.9669,1.0518,-2.5546,-0.7034,640.2229,0.596
2025-12-22,76.9104,-0.3493,-1.4254,1.8749,0.1976,-2.8114,0.4791,637.9865,0.2446
2025-12-23,76.5451,-0.4751,-1.4482,0.2976,-0.4943,-1.9591,0.7173,634.9556,-0.2317
2025-12-24,77.1475,0.787,-1.134,2.2685,1.2559,-1.1013,1.1544,639.9526,0.5535
2025-12-26,77.2561,0.1408,-0.4197,1.0218,1.1514,-1.4292,1.8333,640.8537,0.6951
2025-12-29,77.3055,0.0639,0.1625,-0.0025,1.0217,-1.8779,1.2314,641.2633,0.7594
2025-12-30,77.1771,-0.1661,0.3467,-0.7472,0.5193,-3.2477,0.7463,640.1983,0.5921
2025-12-31,76.7129,-0.6014,0.2193,-1.2445,0.068,-4.1103,0.6328,636.3481,-0.0129
2026-01-02,76.7228,0.0129,-0.5504,-0.5798,0.4789,-4.0513,1.8401,636.43,0.0
2026-01-05,76.387,-0.4376,-1.1249,-1.0903,-0.0762,-4.3897,1.0849,633.6448,-0.4376
2026-01-06,76.5055,0.1552,-1.0347,-0.4569,0.8153,-3.3468,1.5518,634.6279,-0.2832
2026-01-07,75.6661,-1.0972,-1.9578,-1.5617,-1.2091,-3.7804,0.4888,627.6647,-1.3773
2026-01-08,77.4635,2.3754,0.9784,1.6184,1.6446,-1.847,3.9641,642.574,0.9654
2026-01-09,78.2634,1.0326,2.008,2.4308,2.3652,-0.4653,5.4049,649.2094,2.008
2026-01-12,79.1818,1.1735,3.6587,3.3281,3.4869,0.6156,6.4489,656.828,3.2051
2026-01-13,80.1002,1.1599,4.6986,3.7573,5.0369,2.8123,9.1506,664.4464,4.4021
2026-01-14,81.2063,1.3808,7.3219,4.3688,4.8043,3.8687,10.4696,673.6214,5.8438
2026-01-15,81.3445,0.1702,5.0102,4.2577,4.7972,3.0706,10.6288,674.7682,6.0239
2026-01-16,81.0878,-0.3157,3.6088,4.4005,5.1967,3.0247,10.6557,672.6383,5.6893
2026-01-20,81.3347,0.3045,2.7189,4.232,4.1274,3.3512,10.1689,674.6863,6.0111
2026-01-21,81.4137,0.0971,1.6398,4.9393,4.3201,2.5137,9.6477,675.3417,6.1141
2026-01-22,81.2458,-0.2062,0.0486,5.2679,4.5908,2.2647,8.9139,673.949,5.8952
2026-01-23,81.8778,0.7779,0.6556,6.4587,4.8096,3.4276,10.3014,679.1919,6.719
2026-01-26,81.7494,-0.1568,0.816,6.7991,5.1596,3.088,9.7305,678.1269,6.5517
2026-01-27,82.1247,0.459,0.9713,6.4516,5.9896,4.6397,9.6682,681.2398,7.0408
2026-01-28,81.2952,-1.0101,-0.1456,5.2282,4.7468,2.9066,5.6975,674.3587,5.9596
2026-01-29,81.1075,-0.2308,-0.1702,4.9182,5.5577,3.5877,7.1272,672.8021,5.715
2026-01-30,82.4704,1.6803,0.7237,6.8586,9.9242,6.2392,8.6651,684.107,7.4913
2026-02-02,83.448,1.1855,2.0778,8.7796,11.3437,6.989,8.8776,692.217,8.7656
2026-02-03,84.801,1.6213,3.2588,10.529,13.4752,8.1972,11.6935,703.4399,10.529
2026-02-04,85.907,1.3043,5.673,12.4628,15.8667,9.7174,12.708,712.6149,11.9707
2026-02-05,85.8379,-0.0805,5.8322,12.1983,15.3011,8.0845,13.577,712.0414,11.8805
2026-02-06,86.8452,1.1735,5.3048,14.7742,16.731,8.5285,14.1981,720.3972,13.1935
2026-02-09,86.3415,-0.5799,3.4675,11.461,16.576,7.5851,13.0215,716.2193,12.537
2026-02-10,86.065,-0.3203,1.4906,9.9685,14.5212,7.3316,12.8299,713.9256,12.1766
2026-02-11,87.2995,1.4343,1.6209,10.2519,16.5893,8.5813,13.7458,724.1655,13.7856
2026-02-12,88.0994,0.9163,2.6346,9.9864,16.1381,9.5762,13.6916,730.801,14.8282
2026-02-13,88.3957,0.3363,1.7853,8.8532,16.6944,10.9382,14.1589,733.2585,15.2143
2026-02-17,87.102,-1.4635,0.8807,7.0778,14.9866,9.1413,11.2862,722.5271,13.5281
2026-02-18,86.9439,-0.1814,1.0212,7.222,14.8671,9.0896,12.2005,721.2163,13.3222
2026-02-19,86.5786,-0.4203,-0.8258,6.4473,15.1144,7.5284,11.3285,718.1854,12.8459
2026-02-20,86.7958,0.2509,-1.4797,6.6109,14.9094,7.1895,10.7182,719.9876,13.1291
2026-02-23,87.8624,1.2288,-0.6033,8.1439,17.2184,9.4934,12.5203,728.8349,14.5192
2026-02-24,88.6228,0.8655,1.746,8.2378,17.389,10.441,12.1821,735.1426,15.5104
2026-02-25,87.9019,-0.8135,1.1018,7.526,15.1786,11.4481,10.9321,729.1626,14.5707
2026-02-26,87.7537,-0.1685,1.3574,6.8543,16.3284,11.9925,9.1953,727.9338,14.3777
2026-02-27,88.8894,1.2942,2.4121,9.3416,16.2338,13.1048,12.7667,737.3545,15.8579
2026-03-02,87.6056,-1.4443,-0.2922,8.0117,13.3211,12.1796,11.1515,726.705,14.1846
2026-03-03,86.6477,-1.0935,-2.2287,5.0653,11.4324,10.2387,8.4938,718.7588,12.936
2026-03-04,86.0749,-0.661,-2.0784,3.1479,10.8075,9.6865,7.2088,714.0076,12.1895
2026-03-05,84.3467,-2.0078,-3.8825,-0.5357,9.2995,7.5642,6.8733,699.6717,9.9369
2026-03-06,84.7121,0.4332,-4.6995,-1.391,9.6894,7.9632,6.8936,702.7026,10.4132
2026-03-09,84.8997,0.2215,-3.0887,-1.0929,10.4649,7.8946,6.9358,704.2592,10.6578
2026-03-10,84.6528,-0.2908,-2.3023,-2.5245,10.1296,7.9814,6.2774,702.2111,10.336
2026-03-11,83.5369,-1.3183,-2.9486,-3.2483,9.5857,6.3468,5.1047,692.9542,8.8814
2026-03-12,83.2011,-0.4019,-1.3582,-3.3276,8.8933,6.9661,6.237,690.169,8.4438
2026-03-13,83.685,0.5816,-1.2124,-4.1403,9.2046,6.7204,9.228,694.183,9.0745
2026-03-16,83.9221,0.2832,-1.1516,-4.7416,8.7078,7.3825,10.0482,696.1492,9.3835
2026-03-17,83.6455,-0.3295,-1.1899,-5.3737,7.5038,8.2688,9.4373,693.8554,9.023
2026-03-18,81.6112,-2.4321,-2.3052,-6.3039,4.5994,5.1588,5.2403,676.98,6.3715
2026-03-19,80.9495,-0.8107,-2.7062,-6.8946,4.2225,3.6822,5.5913,671.4914,5.5091
2026-03-20,80.278,-0.8296,-4.0713,-7.2773,2.8778,3.727,4.7153,665.9209,4.6338
2026-03-23,80.6206,0.4268,-3.9339,-7.1146,3.917,4.3797,5.679,668.763,5.0804
2026-03-24,80.5511,-0.0862,-3.6995,-8.3213,4.3678,5.4655,5.6278,668.1864,4.9898
2026-03-25,80.9483,0.4932,-0.8122,-8.6597,5.2501,5.4581,5.4963,671.4816,5.5075
2026-03-26,80.5809,-0.4539,-0.4554,-8.3286,5.2725,4.7521,5.9785,668.4335,5.0286
2026-03-27,81.2165,0.7888,1.169,-7.4496,5.2743,6.5965,5.1834,673.7058,5.857
2026-03-30,81.3158,0.1223,0.8623,-8.5203,5.2549,6.4668,4.1261,674.5297,5.9865
2026-03-31,81.4151,0.1221,1.0726,-7.0663,5.3161,6.3921,4.7719,675.3535,6.1159
2026-04-01,80.8987,-0.6343,-0.0613,-6.6349,4.8222,5.3665,2.5012,671.0697,5.4428
2026-04-02,81.3257,0.5279,0.9243,-5.5175,6.013,6.0851,2.8911,674.6121,5.9994
2026-04-06,82.0904,0.9403,1.0761,-2.675,6.9961,7.5086,4.1642,680.9554,6.9961
2026-04-07,80.7001,-1.6937,-0.7572,-4.7361,5.6463,5.5658,1.8132,669.4221,5.1839
2026-04-08,82.2096,1.8705,0.9758,-3.1686,7.4557,8.3318,8.4237,681.9439,7.1514
2026-04-09,82.875,0.8094,2.4429,-2.1002,9.5272,8.2028,10.5838,687.4634,8.0187
2026-04-10,81.8024,-1.2942,0.5862,-2.0763,5.6013,7.338,10.8682,678.5663,6.6207
2026-04-13,80.9881,-0.9955,-1.3429,-2.6599,3.4814,5.929,5.6679,671.8112,5.5593
2026-04-14,80.9086,-0.0981,0.2584,-3.3177,2.1808,5.7437,5.511,671.1521,5.4558
2026-04-15,80.5014,-0.5033,-2.0778,-4.0759,0.5009,5.563,3.6735,667.7745,4.925
2026-04-16,80.8689,0.4564,-2.4206,-3.3195,-0.4155,4.3688,2.4007,670.8225,5.404
2026-04-17,81.8918,1.2649,0.1093,0.3438,0.6727,5.5022,4.579,679.3077,6.7372
2026-04-20,81.8223,-0.0849,1.03,1.0781,0.9058,6.1496,5.6243,678.731,6.6466
2026-04-21,81.2761,-0.6676,0.4542,1.2433,-0.0721,4.0523,2.7278,674.2001,5.9347
2026-04-22,81.5442,0.3299,1.2953,1.1456,0.1603,4.4874,4.0581,676.4244,6.2842
2026-04-23,82.9048,1.6685,2.5175,2.922,2.0419,6.7264,4.3149,687.7106,8.0575
2026-04-24,82.6565,-0.2995,0.9338,2.1102,0.951,5.8063,4.6003,685.6511,7.7339
2026-04-27,81.7726,-1.0693,-0.0607,1.4789,0.0284,5.1894,4.401,678.3192,6.5819
2026-04-28,82.5075,0.8987,1.5152,1.5896,0.4661,6.4837,5.613,684.4153,7.5398
2026-04-29,82.3486,-0.1926,0.9865,1.2702,1.2958,6.1042,5.7628,683.0972,7.3327
2026-04-30,83.729,1.6763,0.9942,2.8421,3.2321,8.9695,6.6488,694.548,9.1319
2026-05-01,83.59,-0.166,1.1294,3.3268,1.3576,11.4166,5.7041,693.3948,8.9507
2026-05-04,82.9643,-0.7485,1.4574,2.0149,-0.5796,10.6983,5.8311,688.2048,8.1352
2026-05-05,83.4808,0.6224,1.1796,1.6937,-1.5568,11.7086,5.9154,692.4886,8.8083
2026-05-06,83.6595,0.2141,1.5919,3.6672,-2.6162,12.8354,6.2334,693.9714,9.0413
2026-05-07,83.4013,-0.3086,-0.3914,1.4496,-2.8386,12.0282,6.0878,691.8295,8.7047
2026-05-08,83.5999,0.2382,0.0119,0.8748,-3.7368,12.369,6.1707,693.4772,8.9636
2026-05-11,82.7955,-0.9622,-0.2035,1.214,-4.107,11.7882,5.2784,686.8043,7.9151
2026-05-12,83.8581,1.2834,0.4521,3.5438,-2.5642,11.5846,7.2489,695.6191,9.3002
2026-05-13,84.1362,0.3316,0.5698,3.9892,-3.6235,12.3648,7.4452,697.9257,9.6626
2026-05-14,84.3944,0.3069,1.1908,4.8359,-4.2054,11.254,9.2445,700.0676,9.9991
2026-05-15,84.0568,-0.4001,0.5464,3.942,-4.9085,10.9665,9.3959,697.2666,9.559
2026-05-18,85.3081,1.4887,3.0347,4.1717,-2.0595,12.6184,8.7941,707.6465,11.19
2026-05-19,85.4968,0.2212,1.954,4.4908,-1.6645,12.9551,7.7991,709.2118,11.4359
2026-05-20,84.9307,-0.6621,0.9443,4.4966,-1.9033,12.9235,6.7732,704.516,10.6981
2026-05-21,84.0766,-1.0056,-0.3766,3.1056,-3.1329,11.3094,5.3283,697.4314,9.5849
2026-05-22,84.2157,0.1654,0.189,1.5812,-4.1505,12.3533,6.7431,698.5848,9.7662
2026-05-26,83.0537,-1.3797,-2.6426,0.4806,-6.284,10.0123,5.7106,688.9462,8.2517
2026-05-27,83.9972,1.136,-1.754,2.7204,-4.4421,10.0622,6.5184,696.7723,9.4814
2026-05-28,83.8482,-0.1773,-1.2745,1.6249,-4.4506,11.1512,5.3739,695.5367,9.2872
2026-05-29,82.3387,-1.8003,-2.0671,-0.0121,-7.3695,7.6679,4.1854,683.0149,7.3197
2026-06-01,81.4648,-1.0614,-3.2665,-2.7043,-7.0097,5.3777,2.6653,675.7654,6.1806
2026-06-02,81.2661,-0.2438,-2.1523,-2.7801,-6.2108,4.5115,1.5247,674.1178,5.9217
2026-06-03,81.5939,0.4033,-2.8612,-1.6519,-5.206,5.0389,1.8727,676.8363,6.3489
2026-06-04,81.4747,-0.1461,-2.8308,-2.403,-3.405,5.5779,1.8221,675.8477,6.1936
2026-06-05,82.865,1.7065,0.6392,-0.9497,-2.1804,7.2978,4.2903,687.381,8.0057
2026-06-08,82.4976,-0.4434,1.2678,-1.0836,-2.8294,7.3394,4.8351,684.3329,7.5268
2026-06-09,83.5205,1.2399,2.774,-0.095,-1.3376,8.6565,5.7972,692.8181,8.8601
2026-06-10,84.9009,1.6528,4.0531,2.5429,1.6328,11.3751,7.6908,704.269,10.6593
2026-06-11,84.6824,-0.2573,3.9371,0.9829,1.7804,10.8321,7.1772,702.4566,10.3745
2026-06-12,85.2286,0.645,2.8523,1.2984,1.8445,11.2189,8.2392,706.9875,11.0864
2026-06-15,84.891,-0.3962,2.9012,0.5884,1.1546,9.9629,7.179,704.1866,10.6464
2026-06-16,85.0002,0.1287,1.7717,1.1224,1.6196,9.2449,8.6424,705.0927,10.7887
2026-06-17,83.1034,-2.2316,-2.1172,-2.5844,1.8284,6.512,5.878,689.3581,8.3164
2026-06-18,82.726,-0.4541,-2.3103,-3.2408,2.1946,6.5097,6.3003,686.2277,7.8245
2026-06-22,82.18,-0.66,-3.577,-3.2388,2.3693,5.3153,5.73,681.6985,7.1129
2026-06-23,83.72,1.8739,-1.3794,-0.4242,3.8444,7.912,6.9269,694.4731,9.1201
2026-06-24,84.44,0.86,-0.6591,0.2664,4.8279,9.4065,6.6117,700.4457,10.0585
2026-06-25,83.94,-0.5921,1.0067,1.0671,3.6958,9.1399,6.0716,696.2981,9.4069
2026-06-26,84.71,0.9173,2.3983,0.8486,5.1242,10.6669,8.4988,702.6853,10.4105
2026-06-29,84.37,-0.4014,2.6649,0.6223,3.8829,9.362,8.1576,699.865,9.9673
2026-06-30,83.07,-1.5408,-0.7764,0.8882,2.1573,7.5255,5.9887,689.0812,8.2729
2026-07-01,83.3,0.2769,-1.3501,2.2528,2.3152,7.7544,5.7309,690.9892,8.5727
2026-07-02,84.99,2.0288,1.2509,4.5823,5.0573,10.1234,6.5469,705.008,10.7754
2026-07-06,84.1,-1.0472,-0.7201,3.0715,3.4113,9.6295,5.1234,697.6253,9.6154
2026-07-07,84.86,0.9037,0.5808,4.1551,3.3738,10.606,6.125,703.9296,10.606
2026-07-08,84.39,-0.5539,1.589,1.8403,4.5724,10.4769,5.6272,700.0309,9.9934
2026-07-09,83.2,-1.4101,-0.1201,0.8514,1.2047,8.7503,5.1107,690.1596,8.4423
2026-07-10,84.12,1.1058,-1.0236,0.7178,1.5023,11.1726,6.9699,697.7912,9.6415
2026-07-13,84.59,0.5587,0.5826,-0.3662,3.4077,9.1999,7.1829,701.6899,10.2541
2026-07-14,83.42,-1.3831,-1.6969,-1.4908,3.0028,6.5888,6.0928,691.9845,8.7291
2026-07-15,83.47,0.0599,-1.0902,-2.0634,3.1658,5.4156,6.0646,692.3993,8.7943
2026-07-16,85.81,2.8034,3.137,1.0826,6.5944,7.1283,10.141,711.81,11.8442
2026-07-17,85.19,-0.7225,1.272,0.2233,5.3434,4.9057,8.9642,706.6671,11.0361
2026-07-20,84.86,-0.3874,0.3192,2.1138,3.6246,4.3217,7.525,703.9296,10.606
2026-07-21,84.06,-0.9427,0.7672,1.6126,2.7349,3.6654,6.801,697.2934,9.5633
2026-07-22,84.38,0.3807,1.0902,2.677,3.819,3.7442,7.2209,699.9479,9.9803
2026-07-23,83.21,-1.3866,-3.0299,-0.6092,2.0428,2.2064,4.7755,690.2426,8.4554
2026-07-24,84.13,1.1056,-1.2443,-0.3671,1.4779,3.55,5.8951,697.8741,9.6545
2026-07-27,85.36,1.462,0.5892,1.6917,3.2708,4.2529,7.8262,708.0772,11.2577
2026-07-28,87.06,1.9916,3.5689,2.7742,6.466,6.4961,9.7848,722.179,13.4734
2026-07-29,87.36,0.3446,3.5316,3.5439,5.8813,6.3748,11.3103,724.6676,13.8645
2026-07-30,85.47,-2.1635,2.716,2.8891,3.7905,5.1354,8.1912,708.9897,11.401
2026-07-31,85.05,-0.4914,1.0936,2.1008,1.5777,4.8608,8.6229,705.5057,10.8536
2026-08-03,84.86,-0.2234,-0.5858,-0.153,1.5193,2.8976,9.3176,703.9296,10.606
2026-08-04,85.37,0.601,-1.9412,1.5101,2.8996,2.3032,9.4532,708.1602,11.2707
2026-08-05,85.33,-0.0469,-2.3237,0.5539,2.2152,0.6239,8.8722,707.8284,11.2186
2026-08-06,85.11,-0.2578,-0.4212,0.8532,1.7338,-0.9278,8.6995,706.0034,10.9318
2026-08-07,85.12,0.0118,0.0823,2.3077,2.0607,-0.8363,7.1806,706.0864,10.9449
2026-08-10,84.95,-0.1997,0.1061,0.9867,1.6149,-2.1823,6.1601,704.6762,10.7233
2026-08-11,84.69,-0.3061,-0.7965,0.1182,2.2881,-1.9128,5.5272,702.5195,10.3844
2026-08-12,85.08,0.4605,-0.293,1.9899,1.4571,-1.1445,6.1032,705.7546,10.8927
2026-08-13,86.0,1.0813,1.0457,3.031,2.2152,-1.4885,6.965,713.3861,12.0918
2026-08-14,86.09,0.1046,1.1396,0.3263,2.0091,-2.2808,7.0769,714.1327,12.2091
2026-08-17,84.68,-1.6378,-0.3178,-0.5987,0.7414,-4.2034,6.275,702.4365,10.3714
2026-08-18,85.58,1.0628,1.0509,0.8485,0.3187,-1.7473,7.2342,709.9022,11.5444
2026-08-19,86.54,1.1218,1.716,2.9503,1.2202,-0.4646,8.5828,717.8655,12.7957
2026-08-20,85.32,-1.4098,-0.7907,1.114,0.4584,-1.4537,5.9653,707.7454,11.2055
2026-08-21,85.99,0.7853,-0.1162,3.3409,2.2757,-0.9284,6.1943,713.3032,12.0788
2026-08-24,87.45,1.6979,3.2711,3.9463,3.8405,-0.4693,8.9795,725.4141,13.9818
2026-08-25,86.52,-1.0635,1.0984,1.3589,4.1735,-2.3727,7.8205,717.6996,12.7696
2026-08-26,86.27,-0.289,-0.312,-0.9074,2.7058,-1.8565,9.379,715.6258,12.4438
2026-08-27,85.08,-1.3794,-0.2813,-2.6099,1.4691,-3.0469,8.5802,705.7546,10.8927
2026-08-28,85.45,0.4349,-0.628,-0.0234,3.7787,-3.8693,8.7284,708.8238,11.375
2026-08-31,84.98,-0.55,-2.8245,-0.0823,4.3151,-2.9971,8.8175,704.9251,10.7624
2026-09-01,85.25,0.3177,-1.4679,0.4596,4.9023,-1.6131,8.4605,707.1647,11.1143
2026-09-02,85.53,0.3284,-0.8578,0.1874,4.8241,-0.6331,8.9921,709.4874,11.4792
2026-09-03,85.26,-0.3157,0.2116,-0.082,4.646,1.0828,8.7289,707.2477,11.1273
2026-09-04,84.58,-0.7976,-1.0181,-0.6227,2.0696,-0.1559,7.7949,701.607,10.241
2026-09-08,84.02,-0.6621,-1.1297,-1.2923,1.8454,-1.0362,6.7766,696.9616,9.5111
2026-09-09,83.05,-1.1545,-2.5806,-2.2366,-0.5633,-1.8934,5.9369,688.9154,8.2468
2026-09-10,83.09,0.0482,-2.8528,-1.8893,-2.133,-0.535,5.7778,689.2471,8.299
2026-09-11,83.38,0.349,-2.205,-1.9981,-1.538,0.215,7.196,691.6527,8.6769
2026-09-14,84.42,1.2473,-0.1892,-1.8372,-0.9488,0.8783,7.6577,700.2797,10.0325
2026-09-15,83.73,-0.8173,-0.3451,-2.7413,-1.3676,-0.2288,7.1367,694.5561,9.1331
2026-09-16,83.33,-0.4777,0.3371,-1.5942,-1.965,-0.3772,7.8603,691.238,8.6118
2026-09-17,83.49,0.192,0.4814,-2.4422,0.4652,2.3022,7.5797,692.5652,8.8203
2026-09-18,82.8,-0.8264,-0.6956,-4.3217,0.0895,2.286,6.0524,686.8416,7.921
