date,value,pct_1d,pct_1w,pct_1m,pct_3m,pct_6m,pct_1y,normalized,pct_ytd
2000-01-03,6.6083,,,,,,,100.0,-85.3244
2000-01-04,6.4839,-1.8824,,,,,,98.1176,-85.6007
2000-01-05,6.6549,2.6379,,,,,,100.7059,-85.2208
2000-01-06,6.9115,3.8551,,,,,,104.5882,-84.6511
2000-01-07,6.9853,1.0686,,,,,,105.7059,-84.487
2000-01-10,6.927,-0.8348,4.8234,,,,,104.8234,-84.6165
2000-01-11,6.9348,0.1123,6.9544,,,,,104.9411,-84.5993
2000-01-12,6.9037,-0.4484,3.7383,,,,,104.4706,-84.6683
2000-01-13,7.0242,1.7455,1.631,,,,,106.2941,-84.4007
2000-01-14,6.9814,-0.6088,-0.0557,,,,,105.647,-84.4957
2000-01-18,7.067,1.225,2.0203,,,,,106.9412,-84.3057
2000-01-19,7.0436,-0.3301,1.5695,,,,,106.5882,-84.3576
2000-01-20,7.0436,0.0,2.027,,,,,106.5882,-84.3576
2000-01-21,7.238,2.7594,3.0437,,,,,109.5294,-83.9259
2000-01-24,6.9814,-3.5446,0.0,,,,,105.647,-84.4957
2000-01-25,6.9659,-0.2227,-1.4302,,,,,105.4117,-84.5302
2000-01-26,6.857,-1.5625,-2.649,,,,,103.7646,-84.7719
2000-01-27,6.7171,-2.0408,-4.6357,,,,,101.647,-85.0827
2000-01-28,6.6394,-1.1575,-8.2707,,,,,100.4705,-85.2554
2000-01-31,6.7948,2.342,-2.6726,,,,,102.8234,-84.9101
2000-02-01,6.7793,-0.2288,-2.6786,,,,,102.5882,-84.9446
2000-02-02,6.8221,0.6307,-0.5102,3.2352,,,,103.2352,-84.8496
2000-02-03,6.7404,-1.1966,0.3472,3.9568,,,,101.9999,-85.0309
2000-02-04,6.5461,-2.8835,-1.4051,-1.6356,,,,99.0587,-85.4625
2000-02-07,6.6199,1.1283,-2.5744,-4.2183,,,,100.1764,-85.2985
2000-02-08,6.5616,-0.8807,-3.211,-6.0657,,,,99.2941,-85.428
2000-02-09,6.3439,-3.3175,-7.0085,-8.4174,,,,96.0,-85.9114
2000-02-10,6.4761,2.0833,-3.9215,-6.6143,,,,98.0,-85.6179
2000-02-11,6.3984,-1.2005,-2.2565,-7.3198,,,,96.8235,-85.7906
2000-02-14,6.4994,1.5796,-1.8203,-7.471,,,,98.3529,-85.5661
2000-02-15,6.7715,4.1867,3.1991,-3.0066,,,,102.4706,-84.9618
2000-02-16,6.8026,0.4592,7.2303,-3.7405,,,,102.9411,-84.8928
2000-02-17,6.7948,-0.1143,4.9219,-3.532,,,,102.8234,-84.9101
2000-02-18,6.5966,-2.9176,3.0984,-6.3466,,,,99.8235,-85.3503
2000-02-22,6.5383,-0.8839,0.5981,-9.667,,,,98.9412,-85.4798
2000-02-23,6.3672,-2.616,-5.9702,-8.7973,,,,96.3529,-85.8596
2000-02-24,6.2973,-1.0989,-7.4285,-9.5982,,,,95.2941,-86.015
2000-02-25,6.1729,-1.9753,-9.1533,-9.9773,,,,93.4117,-86.2913
2000-02-28,6.3595,3.0227,-3.5946,-5.3241,,,,96.2353,-85.8769
2000-02-29,6.5072,2.3227,-0.4757,-1.9906,,,,98.4705,-85.5489
2000-03-01,6.6705,2.509,4.762,-1.8306,,,,100.9412,-85.1863
2000-03-02,6.7948,1.8647,7.9012,0.2293,,,,102.8234,-84.9101
2000-03-03,6.686,-1.6018,8.3124,-1.9943,,,,101.1764,-85.1518
2000-03-06,6.6471,-0.5814,4.5233,-1.384,,,,100.5882,-85.2381
2000-03-07,7.1058,6.9005,9.1996,8.5511,,,,107.5294,-84.2194
2000-03-08,6.9892,-1.6411,4.7785,5.5784,,,,105.7646,-84.4784
2000-03-09,6.997,0.1112,2.9748,6.635,,,,105.8823,-84.4612
2000-03-10,6.9037,-1.3333,3.2558,8.8235,,,,104.4706,-84.6683
2000-03-13,6.8026,-1.464,2.3391,5.042,,,,102.9411,-84.8928
2000-03-14,6.8881,1.2571,-3.0635,7.6549,,,,104.2352,-84.7029
2000-03-15,6.857,-0.4514,-1.891,5.5024,,,,103.7646,-84.7719
2000-03-16,7.1525,4.3084,2.2223,5.6257,,,,108.2353,-84.1158
2000-03-17,6.9346,-3.0458,0.4481,1.9405,,,,104.9387,-84.5996
2000-03-20,6.8254,-1.5749,0.3351,0.4499,,,,103.286,-84.8422
2000-03-21,7.0438,3.2,2.2602,6.7796,,,,106.5911,-84.3571
2000-03-22,6.9892,-0.7752,1.9276,6.8967,,,,105.7648,-84.4784
2000-03-23,6.9814,-0.1116,-2.3915,9.6458,,,,105.6469,-84.4957
2000-03-24,6.997,0.2234,0.8998,11.1117,,,,105.8829,-84.4611
2000-03-27,7.0204,0.3344,2.8571,13.7298,,,,106.237,-84.4091
2000-03-28,6.9892,-0.4444,-0.7752,9.9024,,,,105.7648,-84.4784
2000-03-29,7.3558,5.2456,5.2456,13.0418,,,,111.3128,-83.6642
2000-03-30,7.3558,0.0,5.3631,10.275,,,,111.3128,-83.6642
2000-03-31,7.3168,-0.5303,4.5708,7.6822,,,,110.7226,-83.7508
2000-04-03,7.4416,1.7057,6.0,11.3018,12.6112,,,112.6112,-83.4736
2000-04-04,7.348,-1.2578,5.134,10.5445,13.3281,,,111.1948,-83.6815
2000-04-05,7.1296,-2.9724,-3.0753,0.335,7.1334,,,107.8896,-84.1666
2000-04-06,7.3168,2.6258,-0.5303,4.6877,5.8653,,,110.7226,-83.7508
2000-04-07,7.2037,-1.5458,-1.5458,2.9549,3.1268,,,109.011,-84.002
2000-04-10,7.0984,-1.4619,-4.6121,2.8208,2.4747,,,107.4174,-84.2359
2000-04-11,7.2232,1.7583,-1.6985,6.1832,4.1595,,,109.3062,-83.9587
2000-04-12,7.2856,0.8639,2.1882,5.7708,5.5325,,,110.2504,-83.8201
2000-04-13,7.27,-0.2142,-0.6397,6.0229,3.5,,,110.0143,-83.8547
2000-04-14,7.114,-2.1459,-1.2453,-0.5375,1.8993,,,107.6535,-84.2012
2000-04-17,6.9424,-2.4123,-2.1978,0.1124,-1.7623,,,105.0566,-84.5823
2000-04-18,6.9775,0.5056,-3.4018,2.2286,-0.9385,,,105.5878,-84.5044
2000-04-19,7.1296,2.18,-2.1413,1.2182,1.221,,,107.8896,-84.1666
2000-04-20,7.1413,0.1641,-1.7704,2.1764,-1.3354,,,108.0667,-84.1406
2000-04-24,7.2193,1.0923,1.4802,3.4078,3.4077,,,109.2471,-83.9673
2000-04-25,7.231,0.1621,4.1573,3.3445,3.8064,,,109.4241,-83.9414
2000-04-26,7.3246,1.2945,4.9749,4.3334,6.8193,,,110.8407,-83.7335
2000-04-27,7.426,1.3845,4.1575,6.25,10.5543,,,112.3752,-83.5083
2000-04-28,7.2076,-2.9412,0.9285,-2.0149,8.5593,,,109.07,-83.9933
2000-05-01,7.3246,1.6234,1.4587,-0.4242,7.7971,,,110.8407,-83.7335
2000-05-02,7.4299,1.4377,2.7508,1.5459,9.5976,,,112.4342,-83.4996
2000-05-03,7.2388,-2.5722,-1.1715,-2.7253,6.1093,,,109.5422,-83.924
2000-05-04,7.426,2.5862,0.0,1.0616,10.1718,,,112.3752,-83.5083
2000-05-05,7.5041,1.0504,4.1126,5.2516,14.6346,,,113.5556,-83.335
2000-05-08,7.5977,1.2474,3.7274,3.838,14.7697,,,114.9721,-83.1272
2000-05-09,7.6016,0.0513,2.3097,5.5225,15.8489,,,115.0311,-83.1185
2000-05-10,7.625,0.3078,5.334,7.4176,20.1929,,,115.3852,-83.0665
2000-05-11,7.8629,3.1202,5.8823,8.8552,21.4138,,,118.9855,-82.5382
2000-05-12,7.8902,0.3472,5.1455,8.2976,23.3158,,,119.3986,-82.4775
2000-05-15,8.054,2.0761,6.0061,10.7833,23.9185,,,121.8775,-82.1138
2000-05-16,7.898,-1.937,3.8994,11.0197,16.6351,,,119.5167,-82.4602
2000-05-17,7.937,0.4939,4.0921,14.3259,16.6754,,,120.1069,-82.3736
2000-05-18,7.9253,-0.1475,0.7936,13.583,16.6366,,,119.9298,-82.3996
2000-05-19,7.9409,0.1969,0.6426,11.3786,20.3784,,,120.1659,-82.3649
2000-05-22,7.8746,-0.835,-2.2276,10.2676,20.4378,,,119.1625,-82.5122
2000-05-23,7.8434,-0.3962,-0.6913,8.644,23.1831,,,118.6904,-82.5815
2000-05-24,7.8512,0.0995,-1.0811,8.5761,24.6756,,,118.8085,-82.5642
2000-05-25,7.7069,-1.8381,-2.7559,5.2183,24.8501,,,116.6247,-82.8846
2000-05-26,7.7108,0.0506,-2.8979,3.834,21.2484,,,116.6837,-82.876
2000-05-30,7.82,1.4163,-0.6934,8.4957,20.1743,,,118.3363,-82.6334
2000-05-31,8.054,2.9925,2.6852,9.9574,20.7411,,,121.8775,-82.1138
2000-06-01,7.9799,-0.9201,1.6393,7.4015,17.4402,,,120.7561,-82.2783
2000-06-02,7.7069,-3.4213,0.0,6.4655,15.2686,,,116.6247,-82.8846
2000-06-05,7.5977,-1.4169,-1.4668,2.311,14.2998,,,114.9721,-83.1272
2000-06-06,7.8941,3.9014,0.9477,5.1975,11.0931,,,119.4577,-82.4689
2000-06-07,7.7927,-1.2846,-3.2445,2.5667,11.4958,,,117.9231,-82.6941
2000-06-08,7.8317,0.5005,-1.8573,3.0272,11.9293,,,118.5133,-82.6075
2000-06-09,7.781,-0.6473,0.9616,2.0461,12.7074,,,117.7461,-82.7201
2000-06-12,7.9565,2.2556,4.7227,1.1905,16.962,,,120.4019,-82.3303
2000-06-13,7.9565,0.0,0.7904,0.8403,15.5098,,,120.4019,-82.3303
2000-06-14,7.9448,-0.147,1.952,-1.3559,15.8631,,,120.225,-82.3563
2000-06-15,7.8317,-1.4237,0.0,-0.8395,9.496,,,118.5133,-82.6075
2000-06-16,7.9636,1.6846,2.3472,0.3354,14.8383,,,120.5098,-82.3145
2000-06-19,7.897,-0.8366,-0.7477,-0.357,15.6997,,,119.5016,-82.4624
2000-06-20,7.8539,-0.546,-1.2896,-1.0958,11.5001,,,118.8492,-82.5582
2000-06-21,7.995,1.7964,0.6315,1.5287,14.3898,,,120.9842,-82.2448
2000-06-22,7.7833,-2.647,-0.6172,-0.7656,11.4863,,,117.7818,-82.7148
2000-06-23,7.8813,1.2588,-1.0335,0.3837,12.638,,,119.2644,-82.4972
2000-06-26,7.8186,-0.7956,-0.9926,1.4498,11.3694,,,118.3155,-82.6365
2000-06-27,7.7637,-0.7017,-1.1476,0.687,11.0816,,,117.4853,-82.7583
2000-06-28,7.6971,-0.8582,-3.7255,-1.5712,4.6393,,,116.477,-82.9063
2000-06-29,7.7128,0.2037,-0.9064,-4.2364,4.8524,,,116.7142,-82.8715
2000-06-30,7.6109,-1.3212,-3.4312,-4.6241,4.0187,,,115.1722,-83.0978
2000-07-03,7.6579,0.618,-2.0552,-0.6351,2.9062,15.8839,,115.8839,-82.9933
2000-07-05,7.3405,-4.1453,-5.4518,-3.3852,-0.1031,13.2112,,111.0802,-83.6983
2000-07-06,7.4149,1.0144,-3.666,-6.0697,4.0016,11.4204,,112.207,-83.533
2000-07-07,7.4502,0.4757,-3.4045,-4.3948,1.8227,7.7948,,112.7407,-83.4546
2000-07-10,7.4855,0.4735,-1.6477,-4.4204,3.911,7.1601,,113.2745,-83.3763
2000-07-11,7.752,3.5602,1.2283,-0.3727,9.2069,11.9095,,117.3073,-82.7845
2000-07-12,7.6501,-1.3146,4.2178,-3.851,5.9092,10.3145,,115.7652,-83.0108
2000-07-13,7.5325,-1.5368,1.5856,-5.3286,3.3884,9.1084,,113.9861,-83.2719
2000-07-14,7.5247,-0.1041,0.9995,-5.2879,3.5024,7.125,,113.8675,-83.2893
2000-07-17,7.4267,-1.3021,-0.7854,-5.1711,4.395,6.3777,,112.3849,-83.5069
2000-07-18,7.4933,0.8971,-3.3368,-5.9056,7.9352,6.0331,,113.393,-83.3589
2000-07-19,7.4737,-0.2614,-2.3052,-5.3598,7.1114,6.1061,,113.0966,-83.4024
2000-07-20,7.3993,-0.9964,-1.769,-5.7884,3.7817,5.0489,,111.9697,-83.5678
2000-07-21,7.2582,-1.9068,-3.5417,-9.2157,1.6361,0.2788,,109.8347,-83.8811
2000-07-24,7.1837,-1.0259,-3.2718,-7.7039,-0.4935,2.8973,,108.7079,-84.0465
2000-07-25,7.1171,-0.9275,-5.0209,-9.6967,-1.576,2.1705,,107.6997,-84.1944
2000-07-26,7.1759,0.826,-3.9854,-8.2206,-2.0312,4.6496,,108.5893,-84.0639
2000-07-27,7.4228,3.4407,0.3178,-4.3918,-0.0442,10.5055,,112.3256,-83.5156
2000-07-28,7.3679,-0.7393,1.5118,-4.2771,2.2235,10.9731,,111.4952,-83.6374
2000-07-31,7.3209,-0.6382,1.9095,-5.0813,-0.0514,7.7416,,110.7836,-83.7418
2000-08-01,7.458,1.8736,4.7907,-2.0082,0.3781,10.012,,112.8593,-83.4372
2000-08-02,7.5991,1.8918,5.8984,-0.7676,4.9773,11.3906,,114.9944,-83.1239
2000-08-03,7.4933,-1.3925,0.9503,2.0822,0.9058,11.1697,,113.393,-83.3589
2000-08-04,7.5247,0.4184,2.1277,1.4799,0.2747,14.9495,,113.8675,-83.2893
2000-08-07,7.6226,1.3021,4.122,2.3146,0.3288,15.1471,,115.3502,-83.0717
2000-08-08,7.6383,0.2057,2.4173,2.0419,0.4836,16.4092,,115.5874,-83.0369
2000-08-09,7.7755,1.7958,2.3208,0.3033,1.9742,22.5658,,117.6631,-82.7322
2000-08-10,7.846,0.9073,4.7072,2.5616,-0.2142,21.1537,,118.7307,-82.5756
2000-08-11,7.8382,-0.0999,4.1667,4.0583,-0.6588,22.5033,,118.612,-82.593
2000-08-14,7.9479,1.4,4.2673,5.625,-1.3168,22.2868,,120.2726,-82.3493
2000-08-15,7.9166,-0.3945,3.6429,6.5963,0.2355,16.9098,,119.7981,-82.4189
2000-08-16,8.0263,1.3861,3.2258,7.113,1.1255,17.9885,,121.4587,-82.1752
2000-08-17,8.2144,2.3438,4.6953,9.9108,3.6485,20.8921,,124.3054,-81.7574
2000-08-18,8.1204,-1.1451,3.6,9.7457,2.2603,23.0993,,122.882,-81.9663
2000-08-21,8.1517,0.3861,2.5641,12.311,3.5195,24.6766,,123.3565,-81.8967
2000-08-22,8.1282,-0.2884,2.6733,13.1479,3.6315,27.6565,,123.0007,-81.9489
2000-08-23,8.3398,2.6037,3.9063,17.1807,6.2241,32.4355,,126.2032,-81.4789
2000-08-24,8.1596,-2.1617,-0.668,13.7083,5.8739,32.1837,,123.4751,-81.8793
2000-08-25,8.1831,0.2883,0.7723,10.243,6.1254,28.6754,,123.8311,-81.8271
2000-08-28,8.2144,0.3831,0.7693,11.4895,5.0442,26.2362,,124.3054,-81.7574
2000-08-29,8.2223,0.0954,1.1572,12.3126,2.0894,23.2639,,124.424,-81.74
2000-08-30,8.1517,-0.858,-2.2557,9.3011,2.1534,19.9692,,123.3565,-81.8967
2000-08-31,8.1204,-0.3846,-0.4803,6.8591,5.3654,21.4532,,122.882,-81.9663
2000-09-01,8.2027,1.0135,0.2394,9.4666,7.9631,23.4016,,124.1275,-81.7836
2000-09-05,8.2027,0.0,-0.1432,9.0104,3.9091,15.4359,,124.1275,-81.7836
2000-09-06,8.3829,2.1978,1.9542,9.9743,7.5748,19.9414,,126.8556,-81.3832
2000-09-07,8.3438,-0.4675,2.3558,9.2355,6.5387,19.2481,,126.2625,-81.4702
2000-09-08,8.2458,-1.1743,1.5444,6.0484,5.9737,19.4402,,124.7799,-81.6878
2000-09-11,8.5084,3.1843,3.7267,8.4415,6.9362,25.0747,,128.7533,-81.1047
2000-09-12,8.4966,-0.1381,3.5834,8.4,6.7885,23.3513,,128.5755,-81.1308
2000-09-13,8.3555,-1.6606,-0.3273,5.1282,5.1698,21.8531,,126.4404,-81.4441
2000-09-14,8.332,-0.2814,-0.1409,5.2476,6.3886,16.4912,,126.0846,-81.4963
2000-09-15,8.5491,2.6053,3.6782,6.5132,7.3519,23.2811,,129.3696,-81.0143
2000-09-18,8.5648,0.1842,0.6637,4.2656,8.4569,25.4844,,129.6078,-80.9793
2000-09-19,8.3365,-2.6654,-1.8839,2.6621,6.1456,18.3524,,126.1532,-81.4863
2000-09-20,8.1712,-1.983,-2.2057,0.2392,2.2047,16.9118,,123.6515,-81.8534
2000-09-21,8.1082,-0.7707,-2.6855,-0.2456,4.1745,16.1403,,122.6986,-81.9933
2000-09-22,8.0571,-0.631,-5.755,-3.3905,2.2302,15.1501,,121.9243,-82.1069
2000-09-25,7.9351,-1.5144,-7.3529,-2.7514,1.4895,13.0283,,120.0778,-82.3779
2000-09-26,8.124,2.3809,-2.5496,-0.7222,4.6402,16.2359,,122.9368,-81.9583
2000-09-27,8.2775,1.8896,1.3006,0.7678,7.5404,12.5295,,125.2598,-81.6174
2000-09-28,8.246,-0.3805,1.699,0.2887,6.9135,12.1014,,124.7832,-81.6873
2000-09-29,8.2539,0.0955,2.4426,1.2532,8.4484,12.8066,,124.9024,-81.6698
2000-10-02,8.4231,2.0505,6.1508,3.7284,9.9924,13.189,,127.4635,-81.294
2000-10-03,8.4192,-0.0467,3.6338,2.6397,14.6956,14.5773,,127.404,-81.3027
2000-10-04,8.1712,-2.9453,-1.2839,-0.3834,10.1995,14.6093,,123.6515,-81.8534
2000-10-05,8.1594,-0.1445,-1.0501,-2.6665,9.5194,11.5156,,123.4729,-81.8796
2000-10-06,8.124,-0.4342,-1.5737,-2.634,8.53,12.7746,,122.9368,-81.9583
2000-10-09,8.2499,1.5505,-2.056,0.0505,6.4238,16.2221,,124.8429,-81.6786
2000-10-10,8.4349,2.2423,0.187,-0.8629,10.2596,16.775,,127.6422,-81.2677
2000-10-11,8.5137,0.9333,4.1908,0.2007,13.0256,16.8554,,128.8336,-81.0929
2000-10-12,8.6435,1.5256,5.9333,3.4472,14.8695,18.8927,,130.799,-80.8045
2000-10-13,8.3129,-3.8251,2.3256,-0.2291,11.933,16.8524,,125.7958,-81.5387
2000-10-16,8.2342,-0.9469,-0.1909,-3.6832,9.8873,18.6071,,124.6046,-81.7135
2000-10-17,8.2381,0.0478,-2.3332,-3.8143,10.228,18.0668,,124.6641,-81.7048
2000-10-18,8.1279,-1.3378,-4.5308,-2.5024,9.8479,14.0021,,122.9964,-81.9495
2000-10-19,8.1673,0.4843,-5.5099,-0.0481,12.5255,14.3665,,123.592,-81.8621
2000-10-20,8.3287,1.9759,0.1894,2.7185,15.9383,15.3661,,126.0341,-81.5038
2000-10-23,8.1948,-1.6068,-0.478,1.7098,15.1433,13.3287,,124.0089,-81.801
2000-10-24,8.0571,-1.681,-2.1978,1.5377,12.2802,9.9996,,121.9243,-82.1069
2000-10-25,7.8603,-2.4425,-3.2929,-3.246,5.8942,5.8474,,118.9462,-82.5439
2000-10-26,7.8957,0.4505,-3.3254,-4.6126,7.1635,9.5462,,119.4821,-82.4653
2000-10-27,7.8406,-0.6979,-5.8601,-4.9165,7.0991,7.044,,118.6483,-82.5877
2000-10-30,7.9744,1.7068,-2.6897,-3.3858,6.9238,7.328,,120.6734,-82.2905
2000-10-31,8.0295,0.691,-0.342,-4.6729,5.6637,10.9228,,121.5073,-82.1681
2000-11-01,8.2893,3.2353,5.4581,-1.5428,10.6227,11.6246,,125.4384,-81.5912
2000-11-02,7.998,-3.5138,1.2961,-2.1195,6.2909,6.5828,,121.0308,-82.238
2000-11-03,7.9665,-0.3937,1.6064,-2.3638,4.5116,4.8553,,120.5543,-82.3079
2000-11-06,7.998,0.3952,0.2962,-1.5504,4.7093,5.2157,,121.0308,-82.238
2000-11-07,8.061,0.7874,0.3922,-2.2901,3.6721,5.7188,,121.9838,-82.0982
2000-11-08,8.1397,0.9766,-1.8043,-3.4997,3.7433,3.5211,,123.1751,-81.9233
2000-11-09,8.0531,-1.0639,0.689,-5.4092,2.7423,2.0654,,121.8646,-82.1156
2000-11-10,8.0768,0.2933,1.3834,-6.5573,1.6209,0.2828,,122.2221,-82.0632
2000-11-13,8.0138,-0.7798,0.1968,-3.5985,1.2278,1.4662,,121.269,-82.2031
2000-11-14,8.061,0.5894,0.0,-2.1033,0.4323,1.5627,,121.9838,-82.0982
2000-11-15,8.2185,1.9532,0.9672,-0.2388,0.0491,3.6993,,124.3664,-81.7485
2000-11-16,8.2499,0.3831,2.4439,1.5012,1.5957,3.892,,124.8429,-81.6786
2000-11-17,8.183,-0.8111,1.3158,0.1927,0.3841,3.9171,,123.8303,-81.8272
2000-11-20,8.1437,-0.481,1.6208,-2.2212,0.1902,3.8286,,123.2346,-81.9146
2000-11-21,8.3287,2.2717,3.3203,1.6331,-0.134,6.0817,,126.0341,-81.5038
2000-11-22,8.1948,-1.6068,-0.2874,1.7098,0.4323,6.3316,,124.0089,-81.801
2000-11-24,8.3129,1.4409,0.7633,5.7585,1.5866,7.8092,,125.7958,-81.5387
2000-11-27,8.246,-0.8049,0.7696,4.4367,0.3844,5.448,,124.7832,-81.6873
2000-11-28,8.2381,-0.0954,1.16,5.0703,0.193,2.2865,,124.6641,-81.7048
2000-11-29,7.876,-4.3957,-5.4348,-1.234,-3.3822,-1.3016,,119.1843,-82.509
2000-11-30,7.6084,-3.3982,-7.1566,-5.2451,-6.3051,-1.278,,115.1342,-83.1034
2000-12-01,7.7776,2.2245,-6.4394,-6.1728,-5.1819,2.3685,,117.6953,-82.7275
2000-12-04,7.9114,1.7207,-4.0573,-1.0826,-3.5504,0.22,,119.7205,-82.4303
2000-12-05,7.7461,-2.0896,-5.9723,-2.7668,-7.5966,-0.5972,,117.2188,-82.7974
2000-12-06,7.6831,-0.8131,-2.4488,-3.937,-7.9175,-1.8964,,116.2658,-82.9373
2000-12-07,7.8091,1.6394,2.6384,-3.125,-5.2957,0.3616,,118.1718,-82.6576
2000-12-08,7.8052,-0.0504,0.3543,-4.1102,-8.2646,-1.9016,,118.1123,-82.6663
2000-12-11,7.8288,0.3026,-1.0448,-2.7859,-7.8598,-1.6048,,118.4697,-82.6139
2000-12-12,7.9193,1.1563,2.2357,-1.9494,-5.2205,-0.3206,,119.8395,-82.4128
2000-12-13,7.9351,0.1988,3.2788,-0.9823,-4.7641,1.3201,,120.0778,-82.3779
2000-12-14,7.691,-3.0754,-1.5121,-4.5898,-10.0368,-3.4228,,116.385,-82.9198
2000-12-15,7.7811,1.1716,-0.308,-5.3213,-9.1502,-1.4671,,117.7485,-82.7197
2000-12-18,8.0219,3.0949,2.4673,-2.7636,-3.7736,2.1401,,121.3927,-82.1849
2000-12-19,8.1601,1.7224,3.0407,-0.28,-0.1359,2.0658,,123.4835,-81.8781
2000-12-20,7.9193,-2.9512,-0.1986,-2.7552,-2.3303,1.7469,,119.8393,-82.4129
2000-12-21,7.9785,0.7478,3.7381,-4.2041,-0.975,1.2335,,120.7355,-82.2813
2000-12-22,8.0851,1.3359,3.9066,-1.339,1.891,3.4086,,122.3485,-82.0446
2000-12-26,8.4246,4.1993,5.0197,1.3438,3.7006,8.5125,,127.4862,-81.2906
2000-12-27,8.4167,-0.0938,3.1447,2.0703,1.682,9.3492,,127.3667,-81.3082
2000-12-28,8.5549,1.6416,8.026,3.8451,3.746,10.9184,,129.4576,-81.0013
2000-12-29,8.3851,-1.9843,5.0965,6.4643,1.5903,10.1731,,126.8888,-81.3783
2001-01-02,8.4049,0.2354,3.9551,10.469,-0.2166,9.7542,27.1875,127.1875,-81.3345
2001-01-03,8.1483,-3.0532,-3.2803,4.7657,-3.2179,11.0048,25.6698,123.3043,-81.9044
2001-01-04,7.8956,-3.1007,-6.1913,-0.2001,-3.3729,6.4827,18.6434,119.4809,-82.4655
2001-01-05,8.0654,2.15,-5.7221,4.1213,-1.1526,8.2571,16.6956,122.0498,-82.0885
2001-01-08,8.0377,-0.3427,-4.1431,4.6151,-1.0617,7.3778,15.0661,121.6316,-82.1498
2001-01-09,7.8759,-2.0137,-6.294,0.8551,-4.5341,1.5984,13.6982,119.1823,-82.5093
2001-01-10,7.9272,0.6516,-2.7131,1.5634,-6.0195,3.6225,14.3107,119.9588,-82.3953
2001-01-11,8.014,1.0956,1.5,2.3664,-5.8683,6.3929,16.0836,121.2732,-82.2024
2001-01-12,7.9627,-0.6404,-1.2727,0.5482,-7.8766,5.8217,13.3614,120.4965,-82.3164
2001-01-16,7.9588,-0.0496,-0.9823,0.2989,-4.2601,7.1646,13.9992,120.4368,-82.3252
2001-01-17,7.9193,-0.4961,0.5513,2.968,-3.8243,5.6849,12.0609,119.8393,-82.4129
2001-01-18,7.7693,-1.8942,-1.992,-0.1522,-5.6912,3.9548,10.3024,117.5693,-82.746
2001-01-19,7.7338,-0.4574,-3.4976,-3.5926,-4.8496,4.5207,9.7979,117.0316,-82.8249
2001-01-22,7.8167,1.072,-1.8344,-4.209,-4.2931,7.6947,7.9949,118.2861,-82.6408
2001-01-23,7.939,1.5656,-0.248,0.2493,-4.6781,10.5146,13.7165,120.1381,-82.369
2001-01-24,7.9311,-0.0994,0.1497,-0.5937,-3.2177,11.4383,13.857,120.0187,-82.3866
2001-01-25,8.168,2.9865,5.132,1.0254,1.3769,13.8261,19.1186,123.603,-81.8605
2001-01-26,8.0298,-1.6916,3.8285,-4.6861,2.1572,8.1785,19.5432,121.5121,-82.1674
2001-01-29,7.9638,-0.8221,1.8828,-5.3809,0.863,8.0883,19.9489,120.5132,-82.314
2001-01-30,8.0321,0.8566,1.1716,-6.1117,2.4419,9.7144,18.208,121.5456,-82.1625
2001-01-31,8.118,1.0695,2.3554,-3.1864,1.8,8.8484,19.7463,122.8455,-81.9717
2001-02-01,8.0144,-1.2761,-1.8811,-4.6463,-0.1888,5.4642,17.4773,121.2779,-82.2017
2001-02-02,8.1483,1.6708,1.4749,0.0,-1.7013,8.7406,20.8866,123.3043,-81.9044
2001-02-05,8.3125,2.0156,4.3782,5.28,3.9319,10.4701,26.9848,125.7896,-81.5396
2001-02-06,8.3656,0.6383,4.1522,3.7219,5.0086,9.7462,26.3695,126.5924,-81.4218
2001-02-07,8.3883,0.2719,3.3302,4.3615,4.8796,9.8187,27.839,126.9366,-81.3713
2001-02-08,8.4338,0.5422,5.2333,7.0837,4.6244,8.4663,32.9425,127.6248,-81.2703
2001-02-09,8.5702,1.6177,5.1784,8.1116,5.2887,9.2299,32.3362,129.6894,-80.9673
2001-02-12,8.4565,-1.3267,1.7325,5.5212,5.009,7.8886,32.1671,127.9689,-81.2198
2001-02-13,8.4388,-0.2091,0.8759,5.9792,4.4829,6.1765,29.8399,127.7012,-81.2591
2001-02-14,8.3782,-0.7186,-0.1205,5.2699,4.5474,5.8311,23.7269,126.7836,-81.3938
2001-02-15,8.2695,-1.2968,-1.9473,4.4228,2.587,3.0305,21.5642,125.1395,-81.635
2001-02-16,8.3428,0.886,-2.6533,7.3821,1.5132,1.563,22.7817,126.2483,-81.4723
2001-02-20,8.2948,-0.5755,-1.9122,7.2547,0.5439,2.1483,25.7438,125.5218,-81.5789
2001-02-21,8.2392,-0.6701,-2.3653,5.4061,0.6868,1.0735,26.015,124.6807,-81.7024
2001-02-22,8.1988,-0.4906,-2.1412,3.272,0.6771,0.8686,28.7653,124.069,-81.7921
2001-02-23,8.0952,-1.2635,-2.1081,2.0687,-2.8029,-2.9332,28.551,122.5015,-82.0222
2001-02-26,8.1836,1.0923,-1.908,0.1914,-0.1366,0.2952,32.5739,123.8395,-81.8258
2001-02-27,8.1331,-0.6174,-1.9494,1.2861,-2.1629,-0.6106,27.8896,123.0749,-81.938
2001-02-28,8.0194,-1.398,-2.6679,0.698,-2.7479,-2.374,23.2393,121.3544,-82.1905
2001-03-01,8.1104,1.1343,-1.0786,0.9752,-1.5508,-1.3608,21.5865,122.7309,-81.9885
2001-03-02,8.2948,2.2741,2.4656,2.1786,5.3174,1.7554,22.0751,125.5218,-81.5789
2001-03-05,8.3403,0.5483,1.9142,4.0668,9.62,2.7084,24.7426,126.2101,-81.4779
2001-03-06,8.3833,0.515,3.0755,2.8838,7.7869,2.2015,26.1183,126.8601,-81.3825
2001-03-07,8.5626,2.1398,6.7738,3.0091,8.231,4.3884,20.5017,129.5747,-80.9841
2001-03-08,8.6485,1.0032,6.6355,3.3827,11.6498,3.1682,23.7414,130.8746,-80.7934
2001-03-09,8.6081,-0.4674,3.7771,2.6205,12.0389,3.1683,23.0262,130.2629,-80.8831
2001-03-12,8.3226,-3.3167,-0.212,-1.3182,6.5757,0.9317,20.5531,125.9425,-81.5172
2001-03-13,8.2241,-1.184,-1.8988,-4.039,5.3669,-3.3413,20.8956,124.4513,-81.736
2001-03-14,8.1003,-1.5053,-5.3998,-4.2127,3.4678,-4.6646,17.5974,122.5779,-82.011
2001-03-15,8.1053,0.0624,-6.281,-3.9521,2.3488,-2.9943,18.2044,122.6544,-81.9997
2001-03-16,7.9702,-1.6665,-7.4101,-4.8692,0.4434,-4.3418,11.4335,120.6103,-82.2997
2001-03-19,8.0716,1.2719,-3.0158,-2.3935,4.9485,-5.585,16.3959,122.1443,-82.0746
2001-03-20,8.1426,0.8791,-0.9909,-2.4002,4.6451,-4.93,19.2979,123.2181,-81.917
2001-03-21,7.9094,-2.8634,-2.3561,-4.6462,-1.4027,-5.1234,12.2888,119.6899,-82.4348
2001-03-22,7.6763,-2.9477,-5.2935,-6.8327,-5.9294,-6.0572,9.8302,116.1617,-82.9526
2001-03-23,7.7371,0.7924,-2.9253,-5.6314,-2.3007,-4.5774,10.8241,117.0821,-82.8175
2001-03-26,7.8385,1.3101,-2.8886,-3.1717,-1.7554,-2.7133,12.0257,118.6161,-82.5924
2001-03-27,7.8815,0.5496,-3.2057,-3.6915,-2.5177,-0.6744,12.266,119.268,-82.4967
2001-03-28,7.7675,-1.447,-1.7943,-4.4954,-7.8,-4.388,11.1355,117.5423,-82.75
2001-03-29,7.6028,-2.1207,-0.9574,-5.1954,-9.6706,-8.1513,3.3569,115.0496,-83.1158
2001-03-30,7.7802,2.3334,0.5569,-4.0713,-9.0558,-5.6491,5.7687,117.7341,-82.7218
2001-04-02,7.6357,-1.8567,-2.5864,-7.9458,-8.9375,-7.4893,4.3582,115.5481,-83.0426
2001-04-03,7.4254,-2.7548,-5.7878,-10.9698,-11.654,-11.8453,-0.2186,112.3651,-83.5098
2001-04-04,7.5572,1.7747,-2.708,-9.8541,-7.2544,-10.2389,2.8459,114.3592,-83.2171
2001-04-05,7.7548,2.6158,2.0001,-9.434,-1.783,-5.0957,8.7692,117.3506,-82.7781
2001-04-06,7.765,0.1306,-0.1955,-10.2164,-3.7246,-4.8343,6.1246,117.5039,-82.7556
2001-04-09,7.9474,2.3499,4.0823,-7.675,-1.1234,-2.1732,10.3238,120.2652,-82.3504
2001-04-10,8.0843,1.7219,8.8737,-2.8636,2.6461,-2.008,13.8884,122.336,-82.0465
2001-04-11,7.9398,-1.7868,5.0638,-3.4561,0.1595,-5.8696,9.9207,120.1501,-82.3673
2001-04-12,8.0235,1.0533,3.464,-0.9482,0.1175,-5.7578,10.1271,121.4156,-82.1815
2001-04-16,8.1806,1.9583,5.3525,0.9286,2.736,-5.3561,12.5247,123.7933,-81.8326
2001-04-17,8.2237,0.5267,3.4758,3.1797,3.3283,-1.0735,15.598,124.4453,-81.7369
2001-04-18,8.1806,-0.5239,1.1912,1.35,3.2994,-0.6511,17.8349,123.7933,-81.8326
2001-04-19,8.0387,-1.7348,1.2448,-1.2761,3.4673,-2.4212,15.2081,121.6458,-82.1478
2001-04-20,8.1248,1.0719,1.2635,2.7236,5.0569,-0.038,13.9588,122.9497,-81.9564
2001-04-23,8.3402,2.6512,1.9517,8.6497,6.6984,2.1177,16.7884,126.2094,-81.478
2001-04-24,8.3555,0.1823,1.6024,7.9921,5.2451,0.3216,15.7372,126.4395,-81.4443
2001-04-25,8.4746,1.4255,3.5935,8.1151,6.8516,3.4134,17.197,128.2418,-81.1798
2001-04-26,8.6418,1.9738,7.5032,9.6463,5.8008,7.2576,17.9829,130.773,-80.8083
2001-04-27,8.5835,-0.6745,5.6456,10.5058,6.8955,9.2014,15.5869,129.891,-80.9377
2001-04-30,8.5835,0.0,2.9171,12.9,7.7815,8.7116,19.0895,129.891,-80.9377
2001-05-01,8.5278,-0.6496,2.0625,9.609,6.1719,8.7645,16.4259,129.0472,-81.0616
2001-05-02,8.1958,-3.893,-3.2894,7.3349,0.9588,2.7761,10.3076,124.0234,-81.7988
2001-05-03,8.1552,-0.4948,-5.6305,9.8293,1.7578,1.5658,12.6596,123.4098,-81.8889
2001-05-04,8.2845,1.5849,-3.4839,9.6244,1.6718,-0.058,11.5599,125.3657,-81.6018
2001-05-07,8.3073,0.2754,-3.2181,7.1242,-0.0625,3.8669,10.7043,125.7109,-81.5512
2001-05-08,8.2997,-0.0915,-2.6745,6.8865,-0.7873,4.1819,9.2402,125.5958,-81.5681
2001-05-09,8.4467,1.7709,3.0612,6.2819,0.696,5.6095,11.1178,127.82,-81.2417
2001-05-10,8.3859,-0.7201,2.8279,3.7304,-0.5682,4.0299,9.9791,126.8997,-81.3767
2001-05-11,8.3048,-0.9671,0.2447,4.5962,-3.0974,2.0275,5.62,125.6724,-81.5568
2001-05-14,8.434,1.5564,1.5253,5.1169,-0.2661,4.7296,6.8927,127.6284,-81.2698
2001-05-15,8.51,0.9014,2.5343,4.0273,0.8439,5.3646,5.6626,128.7789,-81.1009
2001-05-16,8.581,0.8338,1.5902,4.3451,2.4206,7.0781,8.6481,129.8526,-80.9434
2001-05-17,8.6089,0.3249,2.6594,5.2355,4.1034,6.7965,8.4654,130.2745,-80.8815
2001-05-18,8.7888,2.0901,5.8285,9.3317,5.3458,6.9399,10.896,132.9973,-80.4819
2001-05-21,8.7685,-0.2307,3.9663,7.9226,5.7111,6.286,10.4227,132.6905,-80.5269
2001-05-22,8.6798,-1.0116,1.9952,4.0717,5.3476,6.0712,10.2261,131.3482,-80.7239
2001-05-23,8.5481,-1.5182,-0.3839,2.3051,4.2598,4.9657,8.9844,129.3541,-81.0165
2001-05-24,8.5329,-0.1779,-0.8831,0.6879,5.4061,2.4516,8.6824,129.124,-81.0503
2001-05-25,8.4594,-0.8613,-3.7485,-2.1114,3.3692,3.228,9.764,128.0119,-81.2135
2001-05-29,8.4467,-0.1499,-3.6705,-1.5944,3.8555,1.6092,9.5441,127.82,-81.2417
2001-05-30,8.4137,-0.39,-3.0656,-1.9781,4.9172,2.0342,7.593,127.3216,-81.3148
2001-05-31,8.5024,1.0542,-0.5337,-0.2972,4.8341,3.2083,5.5681,128.6637,-81.1178
2001-06-01,8.4644,-0.447,-0.8018,3.2777,2.0449,7.471,6.0722,128.0886,-81.2022
2001-06-04,8.5785,1.3473,1.408,5.1896,2.8557,12.7504,11.3095,129.8143,-80.949
2001-06-05,8.6038,0.2954,1.8602,3.8544,2.631,10.6228,13.2429,130.1978,-80.8927
2001-06-06,8.3859,-2.5332,-0.3314,0.9456,-2.0645,5.9966,6.2298,126.8997,-81.3767
2001-06-07,8.287,-1.1786,-2.5335,-0.1527,-4.18,6.9829,6.3439,125.4041,-81.5962
2001-06-08,8.3098,0.2752,-1.8264,-1.6201,-3.4651,8.1567,6.1056,125.7492,-81.5456
2001-06-11,8.3326,0.2744,-2.8656,-0.6347,0.1205,6.7042,7.09,126.0943,-81.4949
2001-06-12,8.396,0.7604,-2.4153,1.0986,2.0906,7.5698,5.5242,127.0531,-81.3542
2001-06-13,8.3555,-0.483,-0.3626,-0.9315,3.1503,6.7273,5.0145,126.4395,-81.4443
2001-06-14,8.1857,-2.0321,-1.2232,-3.8118,0.9911,3.3633,3.0319,123.8701,-81.8213
2001-06-15,8.247,0.7496,-0.7559,-3.8921,3.4726,3.9315,5.3035,124.7986,-81.6851
2001-06-18,8.1554,-1.1115,-2.1276,-5.2681,1.0375,6.0373,2.4079,123.4115,-81.8886
2001-06-19,8.1477,-0.0936,-2.9571,-7.2944,0.0632,4.7113,3.1751,123.296,-81.9056
2001-06-20,7.995,-1.875,-4.3146,-8.8223,1.0814,-0.3365,1.7963,120.9842,-82.2449
2001-06-21,7.8753,-1.4968,-3.7917,-9.2692,2.5925,-3.4906,-1.4969,119.1733,-82.5106
2001-06-22,8.0281,1.9399,-2.6552,-6.0833,3.7605,1.3733,3.1442,121.485,-82.1714
2001-06-25,7.9338,-1.1735,-2.7162,-7.02,1.2168,-0.56,0.6666,120.0594,-82.3806
2001-06-26,7.9822,0.6098,-2.0313,-5.6404,1.2773,-1.2726,2.0927,120.7915,-82.2731
2001-06-27,7.7913,-2.3923,-2.5477,-7.7595,0.3059,-7.518,0.3546,117.9018,-82.6972
2001-06-28,7.6258,-2.1242,-3.1684,-9.3655,0.3023,-9.3975,-0.9269,115.3973,-83.0648
2001-06-29,7.7276,1.3356,-3.7424,-9.1131,-0.6757,-9.6704,0.1922,116.9385,-82.8386
2001-07-02,7.7072,-0.2636,-2.8562,-8.9456,0.9365,-8.0846,1.266,116.6303,-82.8838
2001-07-03,7.697,-0.1322,-3.5726,-10.2748,3.6587,-8.4217,0.511,116.4761,-82.9064
2001-07-05,7.7658,0.8932,-0.3268,-9.74,2.7608,-4.6939,5.7943,117.5165,-82.7538
2001-07-06,7.7378,-0.3607,1.4691,-7.7282,-0.2199,-1.9989,4.3542,117.0926,-82.816
2001-07-09,7.6283,-1.4149,-1.2851,-7.9489,-1.76,-5.4191,2.3906,115.4358,-83.0591
2001-07-10,7.6385,0.1335,-0.892,-8.079,-3.8874,-4.9672,2.0441,115.5899,-83.0365
2001-07-11,7.5366,-1.3333,-2.084,-9.5528,-6.7742,-4.3073,-2.7778,114.0488,-83.2627
2001-07-12,7.5265,-0.1352,-3.082,-10.3567,-5.2064,-5.0553,-1.6159,113.8946,-83.2853
2001-07-13,7.5545,0.3722,-2.3692,-9.5864,-5.8453,-5.7347,0.2916,114.3185,-83.2231
2001-07-16,7.4297,-1.6515,-2.6035,-9.2351,-9.1789,-6.694,-1.262,112.4305,-83.5002
2001-07-17,7.3966,-0.4455,-3.1667,-10.3119,-10.0572,-7.0636,-0.4051,111.9296,-83.5737
2001-07-18,7.3177,-1.0671,-2.9055,-10.2717,-10.5484,-7.597,-2.344,110.7351,-83.749
2001-07-19,7.3941,1.0439,-1.7591,-9.25,-8.0189,-4.8297,-1.0659,111.8911,-83.5793
2001-07-20,7.5519,2.1349,-0.0338,-5.5414,-7.0515,-2.3512,2.0632,114.2799,-83.2287
2001-07-23,7.4653,-1.1463,0.4798,-5.2053,-10.4901,-4.4944,2.8544,112.9699,-83.421
2001-07-24,7.198,-3.5812,-2.685,-10.3394,-13.8527,-9.3341,0.199,108.9242,-84.0147
2001-07-25,7.5315,4.6339,2.9228,-5.0706,-11.1275,-5.0384,5.8236,113.9717,-83.274
2001-07-26,7.6843,2.0284,3.9256,-3.7321,-11.0799,-5.9218,7.0855,116.2835,-82.9347
2001-07-27,7.72,0.4639,2.2252,-0.9151,-10.0608,-3.8591,4.0038,116.8229,-82.8555
2001-07-30,7.7276,0.099,3.513,1.3356,-9.9718,-2.9662,4.8821,116.9385,-82.8386
2001-07-31,7.6385,-1.1533,6.1196,-1.1533,-10.4282,-4.8999,4.3384,115.5899,-83.0365
2001-08-01,7.6105,-0.3666,1.048,-1.2554,-7.1416,-6.2513,2.044,115.1661,-83.0987
2001-08-02,7.6054,-0.0669,-1.0272,-1.1909,-6.7424,-5.1031,0.0823,115.089,-83.11
2001-08-03,7.4908,-1.5065,-2.9683,-3.541,-9.5803,-8.0687,-0.0333,113.3552,-83.3644
2001-08-06,7.4806,-0.136,-3.1961,-3.3235,-9.9513,-10.0076,-0.5853,113.201,-83.3871
2001-08-07,7.4806,0.0,-2.0667,-1.9359,-9.8688,-10.5784,-1.8631,113.201,-83.3871
2001-08-08,7.3279,-2.0422,-3.7136,-4.0667,-13.2458,-12.642,-4.0646,110.8893,-83.7263
2001-08-09,7.3711,0.5907,-3.08,-2.196,-12.1004,-12.5998,-5.2003,111.5443,-83.6302
2001-08-10,7.3788,0.1036,-1.4956,-1.9621,-11.1501,-13.9021,-5.9553,111.6599,-83.6133
2001-08-13,7.4144,0.4831,-0.8849,-1.8537,-12.0891,-12.323,-5.4065,112.1993,-83.5341
2001-08-14,7.4552,0.5494,-0.3403,0.3427,-12.3957,-11.6565,-6.1999,112.8158,-83.4436
2001-08-15,7.5672,1.5027,3.2662,2.3064,-11.8145,-9.6799,-4.4133,114.5111,-83.1948
2001-08-16,7.5239,-0.572,2.0725,2.8184,-12.6029,-9.0167,-6.2594,113.8561,-83.2909
2001-08-17,7.4679,-0.7445,1.2078,0.9986,-15.0295,-10.4872,-9.0881,113.0085,-83.4153
2001-08-20,7.4144,-0.716,0.0,-1.8206,-15.4428,-10.6137,-8.6935,112.1993,-83.5341
2001-08-21,7.4093,-0.0687,-0.6147,-0.7503,-14.6374,-10.0725,-9.1071,112.1223,-83.5454
2001-08-22,7.4144,0.0687,-2.0188,3.0068,-13.2619,-9.567,-8.7816,112.1993,-83.5341
2001-08-23,7.4806,0.8928,-0.5753,-0.6762,-12.3315,-7.5921,-10.3026,113.201,-83.3871
2001-08-24,7.5417,0.817,0.9888,-1.8555,-10.8475,-7.8438,-7.5718,114.1258,-83.2514
2001-08-27,7.5315,-0.1351,1.5797,-2.4406,-10.8343,-7.3965,-7.962,113.9717,-83.274
2001-08-28,7.4526,-1.048,0.5841,-3.5586,-11.4233,-7.0679,-9.2741,112.7772,-83.4493
2001-08-29,7.4221,-0.41,0.103,-2.8333,-12.7067,-8.4868,-9.7322,112.3149,-83.5171
2001-08-30,7.3151,-1.4408,-2.2124,-3.8809,-13.5781,-11.8109,-10.2628,110.6966,-83.7546
2001-08-31,7.3151,0.0,-3.0048,-3.8166,-14.7269,-12.2918,-9.9164,110.6966,-83.7546
2001-09-04,7.3584,0.5918,-2.2988,-1.7675,-14.475,-12.2248,-10.2925,111.3517,-83.6585
2001-09-05,7.3839,0.3461,-0.9223,-1.2933,-11.9485,-13.7663,-9.982,111.737,-83.6019
2001-09-06,7.3329,-0.6897,-1.2007,-1.9741,-11.5129,-15.2117,-12.5254,110.9664,-83.715
2001-09-07,7.3279,-0.0695,0.1741,0.0,-11.8171,-14.8727,-12.1756,110.8893,-83.7263
2001-09-10,7.3508,0.3127,0.4873,-0.2764,-11.7834,-11.6771,-10.8542,111.236,-83.6755
2001-09-17,7.2005,-2.0436,-2.1454,-2.4155,-14.2384,-12.4455,-15.3709,108.9628,-84.0091
2001-09-18,6.8517,-4.8444,-7.207,-7.5893,-17.997,-15.4137,-19.3593,103.6842,-84.7837
2001-09-19,6.6047,-3.6046,-9.9306,-11.4071,-19.3132,-18.5135,-20.9535,99.9468,-85.3322
2001-09-20,6.4189,-2.8142,-12.4044,-15.175,-22.1673,-19.4645,-22.9612,97.1341,-85.745
2001-09-21,6.4217,0.0438,-12.6392,-14.6496,-21.258,-20.4411,-24.8844,97.1767,-85.7387
2001-09-24,6.2527,-2.6316,-13.1635,-16.2723,-23.2583,-23.2098,-26.9956,94.6194,-86.114
2001-09-25,6.1836,-1.1056,-9.7516,-16.6008,-22.6566,-21.8202,-25.8257,93.5733,-86.2676
2001-09-26,6.14,-0.704,-7.036,-17.1311,-22.0341,-20.0128,-24.8578,92.9145,-86.3642
2001-09-27,6.3833,3.9617,-0.5545,-13.9072,-20.4877,-17.4977,-21.2741,96.5955,-85.824
2001-09-28,6.6112,3.57,2.9506,-11.6228,-16.6713,-15.6573,-17.9458,100.044,-85.318
2001-10-01,6.519,-1.3943,4.2588,-13.5612,-18.3311,-17.2879,-17.8457,98.6491,-85.5227
2001-10-02,6.6624,2.1995,7.7432,-11.5404,-14.4891,-14.2276,-17.9913,100.8189,-85.2042
2001-10-03,6.7546,1.3836,10.0083,-9.3667,-11.4245,-11.1568,-18.3986,102.2137,-84.9995
2001-10-04,6.9133,2.3504,8.3033,-6.8546,-10.5375,-11.142,-16.1617,104.6161,-84.647
2001-10-05,6.9645,0.7407,5.3447,-4.7929,-9.6367,-8.7904,-15.6213,105.391,-84.5332
2001-10-08,6.9773,0.1838,7.0306,-4.6179,-9.3508,-6.0342,-17.1648,105.5847,-84.5048
2001-10-09,6.9901,0.1835,4.9193,-5.0051,-9.9884,-7.5034,-16.974,105.7784,-84.4764
2001-10-10,7.2999,4.4323,8.0744,-1.1368,-5.6586,-5.866,-10.6628,110.4669,-83.7883
2001-10-11,7.2974,-0.0351,5.5555,-0.4851,-4.3381,-6.0218,-10.5649,110.4281,-83.794
2001-10-12,7.2487,-0.6667,4.0808,-1.0798,-5.1026,-8.7916,-10.7737,109.6919,-83.9021
2001-10-15,7.1156,-1.8368,1.9817,-3.1995,-5.5868,-11.9826,-13.7499,107.6771,-84.1978
2001-10-16,7.2001,1.1874,3.0037,-0.0065,-4.3364,-9.3171,-14.6398,108.9557,-84.0101
2001-10-17,7.1642,-0.4977,-1.8589,4.5611,-5.1655,-10.7089,-15.8501,108.4133,-84.0897
2001-10-18,6.8749,-4.0387,-5.7895,4.0903,-7.4674,-15.9608,-20.462,104.0349,-84.7323
2001-10-19,6.9005,0.3724,-4.804,7.5033,-6.7071,-16.0898,-16.9906,104.4223,-84.6754
2001-10-22,6.985,1.2245,-1.8352,8.772,-4.5461,-14.6149,-15.1709,105.701,-84.4878
2001-10-23,6.9594,-0.3666,-3.3428,11.3022,-5.8785,-13.4261,-15.5222,105.3135,-84.5446
2001-10-24,6.8621,-1.3981,-4.2174,10.9731,-9.1344,-15.5418,-15.5739,103.8411,-84.7607
2001-10-25,7.0362,2.5373,2.3463,14.5955,-5.7484,-15.6355,-13.8489,106.4759,-84.374
2001-10-26,7.1719,1.9287,3.9333,12.3546,-0.3624,-14.1648,-13.8888,108.5295,-84.0727
2001-10-29,7.1053,-0.9282,1.7229,7.4749,-5.6589,-16.1568,-13.2949,107.5221,-84.2205
2001-10-30,6.8672,-3.3514,-1.3245,5.3417,-10.6334,-20.5351,-14.7679,103.9186,-84.7493
2001-10-31,6.8775,0.1492,0.2239,3.2283,-10.9133,-19.8762,-12.5036,104.0736,-84.7266
2001-11-01,6.9824,1.5264,-0.7642,3.3738,-9.643,-18.6532,-11.5665,105.6622,-84.4934
2001-11-02,6.793,-2.7136,-5.2839,-1.7408,-11.0693,-20.3431,-13.3616,102.795,-84.9142
2001-11-05,6.752,-0.6031,-4.973,-3.0515,-11.2803,-17.6164,-15.3293,102.175,-85.0052
2001-11-06,6.711,-0.6068,-2.2744,-3.8165,-11.7596,-17.7091,-16.4206,101.555,-85.0962
2001-11-07,6.7392,0.4197,-2.0105,-3.5897,-10.0339,-18.6529,-18.7001,101.9813,-85.0336
2001-11-08,6.8698,1.9377,-1.6135,-5.8927,-8.1657,-17.3044,-14.1067,103.9573,-84.7436
2001-11-09,7.0029,1.9381,3.0908,-4.0351,-6.3859,-15.6245,-12.0959,105.9722,-84.448
2001-11-12,6.985,-0.2559,3.4509,-3.6383,-4.6788,-17.3048,-12.666,105.701,-84.4878
2001-11-13,7.0413,0.8064,4.9218,-1.0436,-4.4744,-16.0334,-12.6496,106.5534,-84.3627
2001-11-14,6.6982,-4.8727,-0.6079,-6.9701,-9.2231,-19.3448,-17.7096,101.3613,-85.1246
2001-11-15,6.3602,-5.0458,-7.417,-11.2224,-14.218,-24.5883,-21.0216,96.2468,-85.8752
2001-11-16,6.478,1.8518,-7.4954,-5.7728,-13.1069,-23.878,-19.7943,98.0291,-85.6136
2001-11-19,6.4627,-0.2372,-7.478,-6.3451,-14.5964,-24.6864,-19.3556,97.7966,-85.6478
2001-11-20,6.7008,3.6847,-4.8363,-4.0689,-10.9401,-22.1642,-16.8741,101.4001,-85.1189
2001-11-21,6.6137,-1.2992,-1.2614,-4.9669,-11.4378,-24.7483,-19.5259,100.0827,-85.3123
2001-11-23,6.6752,0.9291,4.9517,-2.7239,-9.9703,-23.8735,-19.0882,101.0127,-85.1758
2001-11-26,6.5651,-1.6494,1.3439,-6.6958,-11.3945,-24.364,-19.772,99.3465,-85.4203
2001-11-27,6.5702,0.078,1.6641,-8.3899,-11.3862,-23.1381,-19.3213,99.424,-85.4089
2001-11-28,6.4166,-2.3383,-4.2415,-9.6937,-14.2241,-24.8016,-22.958,97.0992,-85.7501
2001-11-29,6.5267,1.7159,-1.3163,-4.959,-13.4593,-22.8467,-20.3563,98.7653,-85.5056
2001-11-30,6.4934,-0.51,-2.7234,-5.5845,-13.7842,-23.125,-21.888,98.2616,-85.5795
2001-12-03,6.5804,1.3407,0.234,-5.7572,-11.7029,-21.7894,-20.1984,99.579,-85.3862
2001-12-04,6.6726,1.4007,1.5588,-1.7716,-10.0975,-21.5211,-19.0033,100.9739,-85.1815
2001-12-05,6.8109,2.0722,6.1452,0.8722,-6.8931,-19.5352,-13.5237,103.0662,-84.8744
2001-12-06,6.6086,-2.9699,1.2554,-1.5261,-9.6583,-22.9628,-13.1402,100.0052,-85.3236
2001-12-07,6.6521,0.6587,2.4448,-1.2917,-9.5982,-22.6838,-14.4707,100.6639,-85.227
2001-12-10,6.56,-1.3857,-0.3113,-4.5098,-11.1584,-21.7736,-17.0827,99.269,-85.4317
2001-12-11,6.4524,-1.6393,-3.3,-7.861,-12.0078,-22.1383,-16.7014,97.6417,-85.6705
2001-12-12,6.4678,0.238,-5.0376,-7.4047,-11.7371,-22.1672,-15.8186,97.8741,-85.6364
2001-12-13,6.3628,-1.6231,-3.7195,-9.6363,-13.4403,-23.64,-18.5207,96.2856,-85.8695
2001-12-14,6.4268,1.006,-3.3873,-4.0519,-10.7455,-23.4539,-17.6596,97.2542,-85.7274
2001-12-17,6.4114,-0.239,-2.2638,0.8052,-6.4257,-23.2663,-18.1042,97.0217,-85.7615
2001-12-18,6.4959,1.3179,0.6746,0.2767,-1.6473,-20.6424,-17.9733,98.3004,-85.5738
2001-12-19,6.6445,2.2862,2.7316,2.8131,3.5143,-19.4321,-16.2646,100.5477,-85.244
2001-12-20,6.6137,-0.4624,3.9437,-1.2992,2.9905,-18.9033,-14.0072,100.0827,-85.3123
2001-12-21,6.659,0.6841,3.6124,0.6841,6.4976,-18.2719,-14.4215,100.7674,-85.2118
2001-12-24,6.7695,1.6603,5.5851,1.4135,9.4762,-15.3274,-15.6123,102.4405,-84.9663
2001-12-26,6.8878,1.747,6.0323,4.9157,12.1785,-12.539,-15.5919,104.2301,-84.7036
2001-12-27,6.9109,0.3359,4.0106,5.1861,8.2662,-13.9151,-12.7329,104.5803,-84.6522
2001-12-28,6.9418,0.4464,4.9603,8.1854,5.001,-12.504,-12.994,105.0472,-84.5837
2001-12-31,6.8647,-1.1111,3.0888,5.1786,5.3026,-14.0006,-15.095,103.88,-84.755
2002-01-02,6.8132,-0.749,0.6456,4.9259,2.2645,-12.5528,-19.127,103.1019,-84.8692
2002-01-03,6.7721,-0.6038,-1.6797,2.9126,0.2598,-11.1943,-19.5399,102.4793,-84.9606
2002-01-04,6.803,0.4556,-1.5625,1.9534,-1.5962,-11.9655,-20.4788,102.9462,-84.892
2002-01-07,6.8004,-0.0378,-2.037,-0.1541,-2.3566,-11.7662,-18.8995,102.9074,-84.8977
2002-01-08,6.7413,-0.8696,-1.7978,2.0071,-3.3833,-12.4177,-19.7937,102.0124,-85.0291
2002-01-09,6.749,0.1144,-0.9435,1.4555,-3.4499,-13.0938,-17.1731,102.1291,-85.0119
2002-01-10,6.6975,-0.7619,-1.101,2.0974,-8.2521,-13.4437,-15.1739,101.3511,-85.1261
2002-01-11,6.569,-1.9194,-3.4392,1.8066,-9.9815,-13.8866,-18.5531,99.4057,-85.4116
2002-01-14,6.4893,-1.2133,-4.5747,0.3326,-10.4768,-15.0448,-19.2647,98.1996,-85.5886
2002-01-15,6.5947,1.6244,-2.1739,3.6446,-7.3203,-12.4982,-16.2671,99.7948,-85.3545
2002-01-16,6.4584,-2.0662,-4.3047,0.4921,-10.3004,-14.1901,-18.5281,97.7328,-85.6571
2002-01-17,6.4559,-0.0398,-3.6084,0.6928,-9.8876,-14.5424,-19.4431,97.6939,-85.6628
2002-01-18,6.4019,-0.8363,-2.544,-1.4482,-6.8804,-13.834,-19.602,96.8768,-85.7828
2002-01-22,6.3556,-0.7229,-2.0602,-4.3474,-7.8966,-14.0741,-20.1435,96.1765,-85.8855
2002-01-23,6.5356,2.8317,-0.8967,-1.1818,-6.4342,-10.6878,-17.4729,98.9,-85.4858
2002-01-24,6.6256,1.3769,2.5876,-0.5019,-4.797,-10.3935,-14.7212,100.2617,-85.286
2002-01-25,6.6975,1.0865,3.7435,-1.0635,-2.398,-11.3133,-13.3985,101.3511,-85.1261
2002-01-28,6.5947,-1.5355,3.012,-4.2553,-6.2748,-11.6625,-15.6327,99.7948,-85.3545
2002-01-29,6.4147,-2.729,0.9304,-7.18,-10.5576,-10.8817,-19.2002,97.0714,-85.7542
2002-01-30,6.4662,0.8016,-1.0621,-6.8518,-8.9959,-14.1458,-18.4714,97.8495,-85.64
2002-01-31,6.6204,2.3857,-0.0776,-3.5581,-3.5939,-13.8451,-18.9471,100.1839,-85.2974
2002-02-01,6.6564,0.5437,-0.6142,-2.3019,-3.2141,-13.7767,-17.1041,100.7286,-85.2175
2002-02-04,6.479,-2.6651,-1.7543,-4.328,-7.2099,-16.1576,-18.6446,98.044,-85.6115
2002-02-05,6.4353,-0.6747,0.3206,-5.4044,-5.2652,-15.7517,-19.8798,97.3826,-85.7085
2002-02-06,6.479,0.6792,0.1988,-4.7259,-4.043,-14.8673,-20.1892,98.044,-85.6115
2002-02-07,6.4044,-1.1508,-3.2621,-4.9962,-4.5683,-15.7907,-20.0879,96.9157,-85.777
2002-02-08,6.4764,1.1241,-2.7037,-4.038,-3.8989,-13.5416,-20.5177,98.0051,-85.6172
2002-02-11,6.5613,1.31,1.2698,-2.0345,-4.4906,-12.2896,-21.0674,99.289,-85.4287
2002-02-12,6.5304,-0.4703,1.4782,-0.5871,-6.7471,-12.7021,-21.9368,98.8221,-85.4973
2002-02-13,6.569,0.5906,1.3889,1.2282,-5.9557,-10.3559,-21.6887,99.4057,-85.4116
2002-02-14,6.623,0.8219,3.4123,0.4289,-5.9412,-10.1498,-21.4708,100.2228,-85.2917
2002-02-15,6.6281,0.0777,2.3422,2.6274,-1.0464,-10.1731,-22.6609,100.3006,-85.2803
2002-02-19,6.569,-0.8922,0.1175,1.7523,3.2821,-11.4025,-22.3204,99.4057,-85.4116
2002-02-20,6.5484,-0.3131,0.2756,2.2892,1.0868,-12.1626,-22.4013,99.0945,-85.4573
2002-02-21,6.6256,1.1779,0.8611,4.2476,2.5206,-12.4437,-20.9191,100.2617,-85.286
2002-02-22,6.8081,2.7551,2.795,4.1699,1.6015,-9.5138,-17.6727,103.024,-84.8806
2002-02-25,6.9058,1.4351,4.1893,4.2298,4.4161,-7.5268,-17.2246,104.5025,-84.6636
2002-02-26,6.8698,-0.5213,4.5793,2.572,2.9156,-7.3454,-17.1795,103.9578,-84.7436
2002-02-27,6.8647,-0.0748,4.8292,4.0936,4.5633,-7.3512,-16.6832,103.88,-84.755
2002-02-28,6.8467,-0.2622,3.3372,6.7334,4.2078,-7.6576,-16.492,103.6076,-84.795
2002-03-01,6.9444,1.427,2.0015,7.3956,8.2255,-7.1686,-14.2165,105.0861,-84.578
2002-03-04,7.0961,2.1844,2.755,7.1845,8.7239,-5.9095,-13.2898,107.3815,-84.2411
2002-03-05,7.0986,0.0362,3.3308,6.6435,9.3208,-5.7482,-12.7195,107.4204,-84.2354
2002-03-06,7.2349,1.9196,5.3932,11.6666,9.9453,-2.9215,-9.7829,109.4824,-83.9328
2002-03-07,7.2889,0.7463,6.4589,13.2641,9.2357,-1.7944,-10.1289,110.2995,-83.8129
2002-03-08,7.2555,-0.4585,4.4798,11.9841,6.5274,-0.8156,-12.5302,109.7938,-83.8871
2002-03-11,7.3326,1.063,3.3333,14.4922,10.9551,0.2388,-12.0824,110.9609,-83.7158
2002-03-12,7.3969,0.8766,4.2014,14.2119,11.1953,0.5226,-11.7662,111.9336,-83.5731
2002-03-13,7.348,-0.6603,1.5637,11.9906,12.0132,-0.4856,-14.1851,111.1944,-83.6816
2002-03-14,7.3454,-0.0351,0.776,12.4803,13.8401,0.1704,-15.0672,111.1554,-83.6873
2002-03-15,7.3986,0.7235,1.9727,12.6289,14.3914,0.9652,-14.051,111.9596,-83.5693
2002-03-18,7.4553,0.7671,1.6741,12.5677,17.1707,1.4226,-10.4206,112.8185,-83.4432
2002-03-19,7.5456,1.211,2.0112,13.8425,17.4086,4.7925,-8.2494,114.1848,-83.2427
2002-03-20,7.4657,-1.0598,1.601,13.65,16.4426,8.9603,-7.8345,112.9746,-83.4203
2002-03-21,7.5069,0.5529,2.1985,14.6372,15.5634,13.6597,-7.3827,113.5992,-83.3286
2002-03-22,7.3315,-2.3368,-0.9065,10.6551,10.3403,14.218,-8.014,110.9447,-83.7182
2002-03-25,7.2644,-0.9149,-2.5606,6.7029,9.8388,13.1235,-10.0002,109.9296,-83.8672
2002-03-26,7.3238,0.8168,-2.9401,6.0525,9.9835,17.1298,-10.0558,110.8276,-83.7354
2002-03-27,7.494,2.3248,0.3801,9.0866,10.7024,21.1928,-5.2517,113.4041,-83.3573
2002-03-28,7.4528,-0.5508,-0.7217,8.567,8.2023,21.3797,-2.9117,112.7794,-83.449
2002-04-01,7.5044,0.6923,2.3575,9.606,8.5866,17.5626,-3.0081,113.5602,-83.3344
2002-04-02,7.5972,1.2376,4.581,9.4013,9.4418,14.915,-3.0776,114.9655,-83.1281
2002-04-03,7.4321,-2.1731,1.4794,4.736,8.2664,14.0073,-5.7022,112.4672,-83.4948
2002-04-04,7.298,-1.805,-2.6162,2.8083,7.1146,9.5402,-6.0447,110.4371,-83.7927
2002-04-05,7.2154,-1.1311,-3.1844,-0.2689,6.5464,6.8232,-5.0948,109.188,-83.976
2002-04-08,7.3264,1.5374,-2.3719,0.5142,7.6937,5.9747,-5.833,110.8666,-83.7297
2002-04-09,7.2206,-1.4437,-4.9576,-0.4806,6.179,3.6768,-5.4368,109.266,-83.9646
2002-04-10,7.3031,1.1433,-1.7356,-0.4017,8.3351,4.6697,-1.6463,110.5152,-83.7812
2002-04-11,7.2283,-1.0244,-0.9544,-2.2785,7.1028,3.4078,-4.3513,109.3832,-83.9474
2002-04-12,6.991,-3.2834,-3.1105,-4.8588,4.3815,-4.2322,-9.8499,105.7917,-84.4744
2002-04-15,7.1277,1.9557,-2.7113,-2.9641,8.5055,-2.325,-8.2067,107.8607,-84.1708
2002-04-16,7.2619,1.882,0.5716,-1.8479,11.9053,0.1812,-8.6264,109.8906,-83.8729
2002-04-17,7.3522,1.2434,0.6712,-1.3841,11.4858,3.3247,-9.0562,111.257,-83.6724
2002-04-18,7.3883,0.4912,2.2127,-2.0855,14.3971,2.6137,-6.9469,111.8035,-83.5922
2002-04-19,7.4218,0.4539,6.1623,-0.5875,14.9621,3.5951,-7.4988,112.3109,-83.5177
2002-04-22,7.3496,-0.9732,3.1126,-2.0962,14.8034,6.9045,-10.1584,111.2179,-83.6781
2002-04-23,7.3315,-0.2457,0.9591,0.0,15.3552,6.2461,-10.8487,110.9447,-83.7182
2002-04-24,7.1999,-1.7945,-2.0702,-0.8878,10.1656,3.0773,-11.9874,108.9537,-84.0104
2002-04-25,7.2515,0.7166,-1.8506,-0.9863,9.4481,4.1979,-9.7918,109.7345,-83.8958
2002-04-26,7.1716,-1.1028,-3.3715,-4.303,7.0776,4.51,-11.7327,108.5243,-84.0734
2002-04-29,7.1251,-0.6475,-3.0537,-4.396,8.0433,1.2639,-14.5692,107.8216,-84.1765
2002-04-30,7.1845,0.8328,-2.0056,-4.2626,11.9996,0.1751,-14.0146,108.7195,-84.0448
2002-05-01,7.2283,0.6104,0.3942,-4.8557,11.7871,1.7309,-14.7056,109.3832,-83.9474
2002-05-02,7.2825,0.7495,0.4269,-2.0132,10.0007,6.0473,-15.7296,110.2029,-83.8271
2002-05-03,7.3083,0.3542,1.9064,0.1414,9.7934,6.2645,-14.8568,110.5933,-83.7698
2002-05-06,7.0581,-3.4239,-0.9413,-2.181,8.9374,1.0831,-17.7721,106.8067,-84.3255
2002-05-07,7.0245,-0.4751,-2.2262,-4.1198,9.1562,3.4089,-17.6277,106.2992,-84.4
2002-05-08,7.1716,2.0933,-0.7852,-0.6788,10.6894,6.2141,-12.4969,108.5243,-84.0734
2002-05-09,7.1071,-0.8993,-2.4088,-2.6845,10.9711,5.9016,-12.8526,107.5484,-84.2166
2002-05-10,7.1019,-0.0726,-2.8238,-1.7487,9.6579,5.3824,-14.2745,107.4703,-84.2281
2002-05-13,7.2386,1.9252,2.5585,3.5425,10.3237,5.3695,-12.8641,109.5393,-83.9245
2002-05-14,7.2593,0.2851,3.3419,1.8458,11.1609,3.6608,-12.5356,109.8516,-83.8786
2002-05-15,7.138,-1.6702,-0.4676,-1.7051,8.6626,2.191,-15.493,108.0168,-84.1479
2002-05-16,7.2206,1.1565,1.5971,-1.7895,9.0231,2.5458,-13.8957,109.266,-83.9646
2002-05-17,7.1613,-0.8218,0.8354,-3.0727,8.0433,6.9127,-13.7694,108.3681,-84.0963
2002-05-20,7.1122,-0.6843,-1.7462,-4.1709,8.2699,11.8235,-15.672,107.6265,-84.2052
2002-05-21,7.1174,0.0725,-1.9545,-3.159,8.6887,9.87,-16.3647,107.7045,-84.1937
2002-05-22,7.2361,1.6673,1.3733,-1.3019,9.2145,11.9673,-15.6734,109.5003,-83.9302
2002-05-23,7.298,0.8556,1.0718,1.3615,7.1955,8.9122,-15.2273,110.4371,-83.7927
2002-05-24,7.218,-1.0958,0.7925,-0.4625,4.5209,9.1367,-17.8728,109.227,-83.9703
2002-05-28,7.1613,-0.7863,0.6891,-0.1439,4.2424,7.2817,-18.3302,108.3681,-84.0963
2002-05-29,7.0942,-0.9365,-0.3262,-0.4344,3.3435,8.0594,-18.2682,107.3532,-84.2453
2002-05-30,6.9575,-1.9273,-3.8502,-3.1598,1.6183,5.8942,-18.6077,105.2842,-84.5489
2002-05-31,7.0581,1.446,-3.2874,-2.3555,1.6373,9.9974,-17.2836,106.8067,-84.3255
2002-06-03,6.8362,-3.1432,-5.2894,-6.1282,-3.6617,4.7427,-19.1876,103.4495,-84.8182
2002-06-04,6.8362,0.0,-4.5388,-6.4595,-3.6966,5.2796,-19.0663,103.4495,-84.8182
2002-06-05,6.8104,-0.3774,-4.0,-3.5088,-5.867,3.4948,-19.0561,103.0591,-84.8755
2002-06-06,6.7382,-1.0606,-3.1517,-4.0764,-7.5553,0.9826,-20.75,101.966,-85.0359
2002-06-07,6.8078,1.0338,-3.5453,-5.0719,-6.1694,-0.0447,-19.5712,103.0201,-84.8812
2002-06-10,6.6814,-1.8568,-2.2642,-5.9892,-8.8804,1.1019,-22.114,101.1072,-85.1619
2002-06-11,6.5808,-1.5058,-3.7359,-7.3375,-11.0323,-1.0721,-23.5127,99.5847,-85.3854
2002-06-12,6.6737,1.4112,-2.0075,-7.8047,-9.177,1.7338,-20.4173,100.9901,-85.1791
2002-06-13,6.6659,-0.116,-1.072,-8.1734,-9.2506,3.3093,-19.5617,100.8729,-85.1963
2002-06-14,6.6582,-0.1161,-2.1979,-6.7221,-10.007,2.9443,-19.8755,100.7559,-85.2135
2002-06-17,6.8311,2.5959,2.2394,-5.3948,-8.3737,7.3591,-18.0206,103.3714,-84.8296
2002-06-18,6.7975,-0.4909,3.2929,-5.0792,-9.9145,5.7681,-19.0387,102.8639,-84.9041
2002-06-19,6.7304,-0.9868,0.8504,-5.3682,-9.848,4.9753,-19.4485,101.8489,-85.0531
2002-06-20,6.7175,-0.1916,0.774,-5.618,-10.5154,3.4114,-17.9352,101.6537,-85.0817
2002-06-21,6.675,-0.6336,0.2519,-7.754,-8.9549,0.4594,-19.0619,101.0097,-85.1762
2002-06-24,6.7347,0.8942,-1.4109,-7.7186,-7.2926,1.8287,-17.4203,101.9129,-85.0437
2002-06-25,6.7061,-0.4239,-1.3445,-7.0917,-8.4335,0.708,-17.6933,101.4809,-85.1071
2002-06-26,6.7087,0.0387,-0.3227,-6.3192,-10.4792,-0.8984,-16.088,101.5202,-85.1013
2002-06-27,6.7425,0.5029,0.3709,-4.9579,-9.5307,-2.1101,-14.3845,102.0307,-85.0264
2002-06-28,6.7996,0.8468,1.8663,-2.2695,-9.3919,-1.6117,-15.3025,102.8948,-84.8996
2002-07-01,6.7347,-0.9542,0.0,-4.5819,-11.3535,-2.9836,-15.1146,101.9129,-85.0437
2002-07-02,6.6023,-1.9653,-1.5479,-3.4215,-11.1652,-3.8217,-17.2872,99.91,-85.3376
2002-07-03,6.6438,0.629,-0.967,-2.814,-8.9632,-2.4863,-14.727,100.5384,-85.2454
2002-07-05,6.7996,2.3437,0.8468,-0.1594,-5.7637,0.4054,-10.8344,102.8948,-84.8996
2002-07-08,6.7165,-1.2214,-1.2214,-0.3217,-8.3241,-1.2708,-13.0843,101.638,-85.084
2002-07-09,6.6335,-1.2365,-1.5029,-2.5615,-8.1313,-2.4547,-13.9321,100.3813,-85.2685
2002-07-10,6.3506,-4.2645,-3.8129,-4.9518,-13.0432,-5.7953,-17.4934,96.1005,-85.8967
2002-07-11,6.2286,-1.9207,-6.2501,-5.3523,-13.8307,-7.7103,-19.7945,94.2547,-86.1676
2002-07-12,6.117,-1.7916,-10.0382,-8.3415,-12.5017,-8.6679,-20.9463,92.566,-86.4154
2002-07-15,5.9821,-2.2062,-10.935,-10.2595,-16.0734,-8.935,-21.5808,90.5238,-86.7151
2002-07-16,5.8912,-1.5184,-11.1893,-11.5195,-18.8745,-9.2163,-22.8745,89.1493,-86.9168
2002-07-17,5.9561,1.1013,-6.2117,-12.8085,-18.9884,-9.6836,-20.9715,90.1311,-86.7727
2002-07-18,5.9172,-0.6536,-4.9999,-12.951,-19.9112,-8.3808,-21.3817,89.542,-86.8592
2002-07-19,5.5538,-6.1404,-9.2066,-17.4819,-25.1686,-13.9723,-26.4827,84.0438,-87.6661
2002-07-22,5.2139,-6.1215,-12.8417,-22.3845,-29.059,-18.5573,-29.8241,78.8991,-88.4211
2002-07-23,5.1386,-1.4435,-12.7753,-23.0171,-29.9109,-19.1485,-30.5276,77.7602,-88.5882
2002-07-24,5.4786,6.6161,-8.0174,-18.6513,-23.9082,-16.173,-25.1323,82.9049,-87.8332
2002-07-25,5.4552,-0.4263,-7.807,-18.6532,-24.7716,-17.664,-26.2216,82.5514,-87.8851
2002-07-26,5.5279,1.332,-0.4673,-17.6016,-22.9195,-17.4641,-26.8016,83.651,-87.7237
2002-07-29,5.8471,5.7747,12.1453,-13.2794,-17.937,-11.3364,-21.6768,88.4816,-87.0148
2002-07-30,5.7563,-1.5535,12.0202,-15.3435,-19.8791,-10.2649,-20.0297,87.1071,-87.2165
2002-07-31,5.8575,1.7584,6.9162,-13.025,-18.9649,-9.4132,-22.2274,88.6387,-86.9917
2002-08-01,5.5123,-5.8928,1.0466,-16.5094,-24.3074,-16.7377,-28.2654,83.4154,-87.7583
2002-08-02,5.45,-1.1299,-1.4084,-17.9688,-25.4268,-18.1236,-29.4035,82.4729,-87.8966
2002-08-05,5.2476,-3.7143,-10.253,-22.8244,-25.651,-19.0062,-32.0928,79.4096,-88.3462
2002-08-06,5.437,3.6103,-5.5455,-19.0494,-22.5991,-15.5121,-28.8203,82.2765,-87.9254
2002-08-07,5.5149,1.432,-5.8485,-16.8623,-23.1004,-14.8804,-27.5354,83.4547,-87.7525
2002-08-08,5.7485,4.2353,4.2844,-9.481,-19.1162,-10.2424,-24.4157,86.9893,-87.2338
2002-08-09,5.8523,1.8059,7.3809,-6.0416,-17.5957,-9.6372,-21.8738,88.5602,-87.0033
2002-08-12,5.8393,-0.2217,11.2759,-4.5397,-19.3314,-11.0035,-21.9408,88.3638,-87.0321
2002-08-13,5.7511,-1.5111,5.7756,-3.8612,-20.7763,-11.9342,-23.1204,87.0285,-87.228
2002-08-14,5.9769,3.926,8.3764,1.4537,-16.2674,-9.014,-18.4364,90.4453,-86.7266
2002-08-15,6.1456,2.8224,6.9075,3.1809,-14.8884,-7.2087,-16.6268,92.998,-86.352
2002-08-16,6.0469,-1.6047,3.326,2.193,-15.5604,-8.7686,-18.0496,91.5056,-86.571
2002-08-19,6.0962,0.8154,4.4,9.7664,-14.2852,-7.1967,-17.7786,92.2518,-86.4615
2002-08-20,5.9431,-2.5117,3.3394,13.9871,-16.4986,-9.2434,-20.2817,89.9348,-86.8015
2002-08-21,5.9561,0.2183,-0.3474,15.9091,-17.6887,-10.1042,-21.2905,90.1311,-86.7727
2002-08-22,6.1248,2.8323,-0.3378,11.7954,-16.0755,-10.0367,-18.5956,92.6838,-86.3981
2002-08-23,6.0262,-1.6102,-0.3434,10.4662,-16.512,-12.7376,-19.3057,91.1914,-86.6171
2002-08-26,6.1066,1.3351,0.1703,10.4695,-14.7269,-11.1092,-17.6386,92.4089,-86.4384
2002-08-27,6.104,-0.0425,2.7074,4.3942,-13.9573,-11.0804,-17.617,92.3696,-86.4442
2002-08-28,5.9587,-2.381,0.0436,3.5167,-14.3553,-12.9694,-19.6338,90.1703,-86.767
2002-08-29,5.9068,-0.8711,-3.5593,0.8418,-16.3115,-14.9412,-21.0388,89.3849,-86.8822
2002-08-30,5.9457,0.659,-1.3351,7.8625,-13.0262,-16.2109,-21.1625,89.974,-86.7958
2002-09-03,5.7096,-3.972,-6.5023,4.7619,-16.4808,-19.5682,-24.1915,86.4002,-87.3203
2002-09-04,5.6966,-0.2273,-6.6752,8.5559,-16.355,-21.2624,-23.5628,86.2038,-87.3491
2002-09-05,5.707,0.1822,-4.2247,4.9642,-15.3042,-21.7033,-23.1082,86.3609,-87.326
2002-09-06,5.8004,1.6371,-1.8014,5.1764,-14.7984,-20.0549,-20.7069,87.7747,-87.1185
2002-09-09,5.7926,-0.1343,-2.5753,0.7675,-13.303,-21.002,-20.8134,87.6569,-87.1358
2002-09-10,5.9172,2.1506,3.6364,1.1087,-10.0846,-20.0043,-19.5863,89.542,-86.8592
2002-09-11,5.886,-0.5264,3.3257,0.8,-11.8025,-19.8964,-20.2854,89.0707,-86.9283
2002-09-12,5.7407,-2.4691,0.5912,-0.1805,-13.8803,-21.8469,-21.7137,86.8714,-87.2511
2002-09-13,5.803,1.085,0.0448,-2.9092,-12.8448,-21.5663,-20.8093,87.814,-87.1128
2002-09-16,5.8445,0.7155,0.8961,-4.8987,-14.4421,-21.6065,-20.4913,88.4424,-87.0206
2002-09-17,5.6551,-3.2416,-4.4298,-6.4807,-16.8071,-25.0553,-21.4636,85.5754,-87.4413
2002-09-18,5.6706,0.2753,-3.6597,-6.9817,-15.7467,-24.044,-17.2381,85.811,-87.4067
2002-09-19,5.5097,-2.8375,-4.0235,-7.2926,-17.9802,-26.605,-16.5794,83.3762,-87.7641
2002-09-20,5.5502,0.7341,-4.3567,-6.8155,-16.8513,-24.2972,-13.5338,83.9882,-87.6742
2002-09-23,5.5188,-0.5642,-5.572,-9.8933,-18.0532,-24.0293,-14.0593,83.5143,-87.7438
2002-09-24,5.3597,-2.8841,-5.2232,-11.06,-20.0779,-26.8181,-14.2822,81.1057,-88.0973
2002-09-25,5.5058,2.7264,-2.9065,-9.8388,-17.9307,-26.5309,-10.9607,83.3169,-87.7727
2002-09-26,5.738,4.218,4.144,-5.9959,-14.897,-23.0079,-6.5472,86.8312,-87.257
2002-09-27,5.6311,-1.8645,1.4575,-5.4985,-17.185,-24.9629,-11.7844,85.2123,-87.4946
2002-09-30,5.5215,-1.9463,0.0473,-6.5235,-18.0145,-27.3227,-16.4829,83.5539,-87.738
2002-10-01,5.6963,3.1663,6.2804,-4.1951,-13.7229,-23.3559,-12.6201,86.1994,-87.3497
2002-10-02,5.6337,-1.0994,2.3222,-1.3292,-15.2048,-22.8052,-15.4407,85.2518,-87.4888
2002-10-03,5.6702,0.6485,-1.1823,-0.4631,-16.6094,-21.4157,-16.0538,85.8046,-87.4077
2002-10-04,5.5736,-1.7027,-1.0195,-2.3359,-17.0157,-23.9234,-19.378,84.3436,-87.6221
2002-10-07,5.5032,-1.2641,-0.3308,-5.1236,-17.0389,-23.7847,-20.9824,83.2774,-87.7785
2002-10-08,5.4432,-1.0906,-4.4434,-6.0322,-14.2884,-25.468,-21.9875,82.3693,-87.9118
2002-10-09,5.3362,-1.9654,-5.2801,-9.8185,-14.3275,-26.1766,-23.6609,80.7503,-88.1494
2002-10-10,5.4614,2.3471,-3.6816,-7.2135,-10.7171,-21.8789,-25.1851,82.6456,-87.8713
2002-10-11,5.5528,1.6723,-0.3745,-3.2735,-7.1761,-22.0961,-23.9073,84.0277,-87.6684
2002-10-14,5.7067,2.7725,3.6985,-1.6587,-3.1317,-21.4151,-21.2727,86.3574,-87.3265
2002-10-15,5.8789,3.0178,8.0058,0.5893,-1.2954,-20.0378,-17.3793,88.9635,-86.9441
2002-10-16,5.7876,-1.5535,8.4596,2.3442,-2.1895,-21.6648,-19.6173,87.5815,-87.1469
2002-10-17,5.9103,2.119,8.2179,4.2259,6.4176,-20.3663,-17.5034,89.4374,-86.8745
2002-10-18,5.905,-0.0883,6.344,7.175,13.2566,-19.6547,-14.1073,89.3584,-86.8861
2002-10-21,5.9337,0.486,3.978,6.9111,15.4739,-19.0653,-14.01,89.7927,-86.8224
2002-10-22,5.7667,-2.8144,-1.9086,4.4918,5.2599,-19.9058,-17.4411,87.2656,-87.1933
2002-10-23,5.8607,1.6289,1.2624,9.3476,7.4325,-19.1803,-15.7876,88.6871,-86.9846
2002-10-24,5.7641,-1.6473,-2.4724,4.6919,4.2738,-19.6253,-16.0004,87.2261,-87.199
2002-10-25,5.6754,-1.5392,-3.8886,-1.0914,-2.9362,-20.3466,-19.3399,85.8836,-87.3961
2002-10-28,5.665,-0.1839,-4.5294,0.6024,-1.5859,-21.1497,-21.0117,85.7256,-87.4193
2002-10-29,5.5006,-2.9019,-4.6154,-0.3781,-6.093,-23.9024,-22.5853,83.2379,-87.7843
2002-10-30,5.6832,3.3207,-3.0275,-0.229,3.1009,-21.9603,-17.241,86.002,-87.3787
2002-10-31,5.6232,-1.056,-2.4446,-0.1852,3.178,-23.0569,-18.2369,85.0938,-87.512
2002-11-01,5.772,2.645,1.7011,1.7947,9.9924,-18.2218,-17.336,87.3446,-87.1817
2002-11-04,5.6754,-1.6727,0.1842,1.8258,4.3841,-19.2058,-16.4516,85.8836,-87.3961
2002-11-05,5.7928,2.0689,5.3131,5.2631,5.0395,-19.2251,-14.2056,87.6605,-87.1353
2002-11-06,5.845,0.9009,2.8466,7.3825,1.6795,-17.7578,-12.9042,88.4502,-87.0194
2002-11-07,5.7354,-1.875,1.9953,7.4816,-1.9969,-19.2412,-14.8944,86.7917,-87.2628
2002-11-08,5.7015,-0.5914,-1.2206,4.3956,-2.36,-21.2352,-17.0059,86.2784,-87.3381
2002-11-11,5.6311,-1.2357,-0.7816,1.4098,-2.0869,-22.4296,-19.5899,85.2123,-87.4946
2002-11-12,5.6128,-0.3244,-3.1081,-1.6461,-6.0914,-21.3679,-19.6451,84.9359,-87.5352
2002-11-13,5.4875,-2.2315,-6.116,-6.6578,-10.7072,-24.0015,-22.0667,83.0406,-87.8133
2002-11-14,5.665,3.2335,-1.2284,-2.119,-6.3166,-20.8941,-15.4257,85.7256,-87.4193
2002-11-15,5.7093,0.783,0.1373,-3.3995,-6.3467,-19.7253,-10.234,86.3969,-87.3207
2002-11-18,5.7146,0.0914,1.4828,-3.2259,-3.846,-19.7101,-11.7856,86.4758,-87.3092
2002-11-19,5.7146,0.0,1.8131,-3.6939,-4.0555,-21.0268,-11.5758,86.4758,-87.3092
2002-11-20,5.8268,1.9635,6.1816,1.0407,-4.866,-20.1593,-13.0437,88.1738,-87.06
2002-11-21,5.8711,0.7613,3.6389,0.1782,-2.573,-18.6601,-11.2284,88.8451,-86.9615
2002-11-22,5.7459,-2.1333,0.6399,-0.3169,-5.9076,-19.7645,-13.922,86.9497,-87.2396
2002-11-25,5.7928,0.8174,1.3699,2.0689,-5.0982,-18.3439,-11.7629,87.6605,-87.1353
2002-11-26,5.6832,-1.8919,-0.5479,0.3224,-4.6227,-18.3144,-13.4997,86.002,-87.3787
2002-11-27,5.785,1.7906,-0.7165,5.1708,-2.0617,-18.0369,-9.8427,87.542,-87.1527
2002-11-29,5.8555,1.2179,-0.2666,3.0303,-1.518,-14.3464,-10.2841,88.6082,-86.9962
2002-12-02,5.8737,0.3119,2.2253,4.4548,2.8754,-14.0792,-9.5429,88.8846,-86.9557
2002-12-03,5.9311,0.9773,2.3874,2.7577,4.1175,-12.9109,-9.8673,89.7533,-86.8282
2002-12-04,5.8789,-0.8799,3.4435,3.5862,3.0137,-12.7518,-11.8945,88.9635,-86.9441
2002-12-05,5.9181,0.6658,2.3004,2.1622,2.0292,-13.0695,-13.1084,89.5559,-86.8571
2002-12-06,5.9755,0.97,2.0499,2.2321,3.1574,-10.5657,-9.5802,90.4245,-86.7297
2002-12-09,5.8711,-1.7467,-0.0445,2.3658,-0.7783,-10.7844,-11.7409,88.8451,-86.9615
2002-12-10,5.9624,1.5555,0.5279,4.5766,1.2982,-10.6575,-9.1085,90.2271,-86.7586
2002-12-11,5.9311,-0.5251,0.8877,5.329,3.3173,-11.0235,-8.079,89.7533,-86.8282
2002-12-12,5.9833,0.8799,1.1022,6.6016,3.1077,-10.1362,-7.4904,90.543,-86.7123
2002-12-13,5.9677,-0.2617,-0.1311,8.7493,2.1072,-12.6392,-6.2102,90.306,-86.7471
2002-12-16,6.0694,1.7054,3.3779,7.1396,7.3277,-10.711,-5.5607,91.8461,-86.521
2002-12-17,6.0068,-1.0319,0.744,5.2102,5.9285,-10.7517,-6.3113,90.8984,-86.6601
2002-12-18,5.9572,-0.8254,0.44,4.2466,8.1222,-11.3184,-8.2932,90.1481,-86.7702
2002-12-19,5.8972,-1.0075,-1.4392,3.1963,6.2529,-11.6521,-11.2462,89.2399,-86.9035
2002-12-20,6.0168,2.0281,0.8236,3.2617,9.023,-10.6592,-9.0255,91.0498,-86.6379
2002-12-23,6.043,0.4359,-0.4349,2.9283,12.7501,-9.8877,-9.2497,91.4467,-86.5797
2002-12-24,6.0142,-0.4774,0.123,4.6699,9.2337,-10.3526,-11.158,91.0102,-86.6437
2002-12-26,5.946,-1.1339,-0.1885,2.644,3.6242,-11.8127,-13.6735,89.9782,-86.7952
2002-12-27,5.8175,-2.1615,-1.352,2.3619,3.3106,-14.4433,-15.8222,88.0333,-87.0806
2002-12-30,5.8463,0.496,-2.8334,1.06,5.8838,-13.1906,-15.7807,88.47,-87.0165
2002-12-31,5.8568,0.1795,-3.0816,0.0232,2.8182,-11.2914,-14.6816,88.6287,-86.9932
2003-01-02,5.9801,2.1048,-0.567,1.8108,6.1493,-9.9905,-12.2284,90.4942,-86.7194
2003-01-03,5.9696,-0.1755,0.3969,0.6486,5.2803,-12.2061,-11.8502,90.3354,-86.7428
2003-01-06,6.0194,0.8348,3.4716,2.3897,7.9981,-10.3785,-11.5174,91.0895,-86.6321
2003-01-07,5.8227,-3.268,-0.4038,-1.6115,5.8062,-12.222,-14.3767,88.1127,-87.0689
2003-01-08,5.7676,-0.9459,-1.5226,-3.4784,5.9609,-9.1792,-14.4426,87.2792,-87.1913
2003-01-09,5.8411,1.2733,-2.3246,-0.5116,9.4615,-6.2216,-13.4522,88.3905,-87.0282
2003-01-10,5.7939,-0.8082,-2.9437,-2.8272,6.0868,-5.2826,-13.4926,87.6761,-87.133
2003-01-13,5.7729,-0.3622,-4.0959,-2.6681,3.964,-3.4966,-12.1192,87.3586,-87.1796
2003-01-14,5.7965,0.4089,-0.4504,-3.1225,1.573,-1.6079,-10.676,87.7158,-87.1272
2003-01-15,5.8149,0.3167,0.8185,-2.5606,-1.0902,-2.3715,-11.8254,87.9936,-87.0864
2003-01-16,5.8726,0.9923,0.5388,-3.2438,1.4676,-0.7541,-9.0716,88.8668,-86.9583
2003-01-17,5.828,-0.7592,0.5885,-2.9772,-1.3923,4.9359,-9.726,88.1921,-87.0573
2003-01-21,5.6916,-2.3403,-1.4084,-4.4592,-3.6149,9.1625,-11.0951,86.1282,-87.3602
2003-01-22,5.6758,-0.2765,-2.0815,-3.7538,-4.3463,10.4551,-10.6954,85.8901,-87.3951
2003-01-23,5.6916,0.2773,-2.12,-5.4054,-1.3034,3.888,-12.9138,86.1282,-87.3602
2003-01-24,5.5919,-1.7512,-4.7789,-7.4653,-4.5859,2.5057,-15.6009,84.6199,-87.5815
2003-01-27,5.4162,-3.1425,-7.0657,-9.9433,-6.0365,-2.0207,-19.1318,81.9607,-87.9718
2003-01-28,5.508,1.6949,-3.2258,-7.3666,-2.9501,-5.7998,-16.4787,83.3499,-87.7679
2003-01-29,5.6863,3.2381,0.1849,-2.2543,0.377,-1.2149,-11.3551,86.0488,-87.3718
2003-01-30,5.5972,-1.5683,-1.659,-4.262,1.7557,-4.4443,-13.4392,84.6994,-87.5699
2003-01-31,5.7099,2.015,2.1107,-2.5079,0.4697,3.5852,-13.7526,86.406,-87.3194
2003-02-03,5.7545,0.7809,6.2469,-3.772,2.335,5.5871,-13.5491,87.0808,-87.2204
2003-02-04,5.7939,0.6837,5.1905,-2.9437,0.3796,10.41,-10.5747,87.6761,-87.133
2003-02-05,5.7519,-0.7243,1.1531,-4.4445,1.3478,5.7909,-10.6194,87.0411,-87.2262
2003-02-06,5.7283,-0.4104,2.343,-1.6216,-1.1141,3.8693,-11.5868,86.6839,-87.2786
2003-02-07,5.6758,-0.9157,-0.5971,-1.5917,-2.8944,-1.2636,-11.3765,85.8901,-87.3951
2003-02-10,5.7493,1.294,-0.0911,-1.5716,0.2416,-1.7601,-11.2277,87.0014,-87.232
2003-02-11,5.7126,-0.6388,-1.4034,-1.4034,0.1939,-2.1707,-12.9353,86.4457,-87.3136
2003-02-12,5.6129,-1.7447,-2.4168,-2.7714,-0.3225,-2.4027,-14.0501,84.9375,-87.5349
2003-02-13,5.5867,-0.4673,-2.4725,-3.6199,-0.4654,-6.5285,-14.954,84.5406,-87.5932
2003-02-14,5.6313,0.7981,-0.7856,-3.1574,2.6189,-8.3687,-14.9741,85.2153,-87.4941
2003-02-18,5.7231,1.6302,-0.4562,-2.5457,1.0252,-5.3561,-13.6551,86.6045,-87.2903
2003-02-19,5.7178,-0.0917,0.0918,-1.8902,0.1484,-6.2077,-12.9577,86.5251,-87.3019
2003-02-20,5.7047,-0.2293,1.6355,0.2304,-0.1725,-4.0119,-12.8845,86.3267,-87.331
2003-02-21,5.8306,2.2069,4.3662,2.7264,2.0306,-2.1072,-11.9985,88.2318,-87.0515
2003-02-24,5.8804,0.8547,4.4248,3.318,0.921,-3.9898,-13.6261,88.9859,-86.9408
2003-02-25,5.8489,-0.5353,2.1998,4.5966,-0.3776,-2.9409,-15.3038,88.5096,-87.0107
2003-02-26,5.8647,0.2691,2.5689,8.2809,2.0679,-3.9619,-14.6309,88.7478,-86.9757
2003-02-27,5.8306,-0.5814,2.2069,5.8571,0.6518,-4.4797,-15.0637,88.2318,-87.0515
2003-02-28,5.8778,0.8097,0.8097,3.3672,3.4234,-1.3575,-14.1508,88.9462,-86.9466
2003-03-03,5.8988,0.3569,0.3122,5.3889,1.9667,-0.1356,-15.0566,89.2637,-86.9
2003-03-04,5.8699,-0.4891,0.3588,2.8021,0.2471,-1.2746,-17.2789,88.8272,-86.9641
2003-03-05,5.9224,0.8937,0.9839,2.9171,0.8285,3.7277,-16.5699,89.621,-86.8476
2003-03-06,5.9276,0.0885,1.6644,2.3087,-0.059,4.0561,-18.0687,89.7003,-86.8359
2003-03-07,5.9276,0.0,0.8478,3.0552,0.8282,3.8668,-18.6757,89.7003,-86.8359
2003-03-10,5.8673,-1.0177,-0.5335,2.4268,-0.858,1.1538,-19.1325,88.7875,-86.9699
2003-03-11,5.8096,-0.9835,-1.0277,2.3568,-2.7761,0.2937,-20.77,87.9143,-87.0981
2003-03-12,5.7178,-1.5802,-3.4544,-0.5475,-2.6113,-3.3693,-22.6996,86.5251,-87.3019
2003-03-13,5.7414,0.4128,-3.1416,0.505,-3.7071,-2.4569,-21.8645,86.8823,-87.2495
2003-03-14,5.7178,-0.4111,-3.5398,1.8691,-3.5967,-0.3987,-22.1585,86.5251,-87.3019
2003-03-17,5.7912,1.2844,-1.2964,3.662,-3.2101,-0.2022,-21.7249,87.6364,-87.1388
2003-03-18,5.9014,1.9022,1.5801,4.7974,-1.1102,0.9736,-20.8432,89.3035,-86.8942
2003-03-19,5.9093,0.1333,3.3487,3.2539,-2.6388,4.4955,-21.6861,89.4225,-86.8767
2003-03-20,5.967,0.9765,3.9288,4.3579,-0.663,5.2263,-20.0743,90.2958,-86.7486
2003-03-21,5.9008,-1.1091,3.2004,3.4376,-0.9472,7.0981,-21.3953,89.2943,-86.8955
2003-03-24,5.8138,-1.4746,0.3892,-0.2881,-1.4145,4.7499,-20.7014,87.9776,-87.0888
2003-03-25,5.8665,0.907,-0.5911,-0.2364,-2.4978,6.2998,-19.2433,88.7755,-86.9717
2003-03-26,5.8797,0.2247,-0.5004,0.5258,-2.7029,9.7026,-19.7176,88.975,-86.9424
2003-03-27,5.9272,0.8072,-0.6673,1.0653,-1.447,7.653,-20.9083,89.6932,-86.837
2003-03-28,5.9799,0.8897,1.3405,2.5608,0.5702,4.215,-19.7626,90.4912,-86.7199
2003-03-31,5.885,-1.5873,1.2245,0.1221,1.1604,4.5094,-21.5791,89.0549,-86.9307
2003-04-01,5.9957,1.8817,2.2023,1.6433,2.5553,8.5894,-21.0802,90.7306,-86.6847
2003-04-02,5.9825,-0.2199,1.7489,1.9182,2.1464,5.0251,-19.5044,90.5311,-86.714
2003-04-03,5.8718,-1.851,-0.9342,-0.8543,-1.811,4.227,-19.5422,88.8553,-86.96
2003-04-04,5.9034,0.5388,-1.2787,-0.4083,-1.1084,4.1135,-18.1832,89.3341,-86.8897
2003-04-07,5.8586,-0.7592,-0.448,-1.1644,-2.6717,5.1127,-20.0338,88.6559,-86.9892
2003-04-08,5.7874,-1.2152,-3.4741,-1.3616,-0.6062,5.1648,-19.8483,87.5786,-87.1473
2003-04-09,5.7848,-0.0455,-3.3054,-0.4273,0.2972,6.2759,-20.7904,87.5387,-87.1532
2003-04-10,5.8639,1.3673,-0.1347,2.5548,0.3904,9.8888,-18.8764,88.7356,-86.9775
2003-04-11,5.8296,-0.5845,-1.2505,1.5362,0.6168,6.7412,-16.6126,88.217,-87.0536
2003-04-14,5.8586,0.4975,0.0,2.4626,1.485,5.5079,-17.8052,88.6559,-86.9892
2003-04-15,5.8428,-0.27,0.9568,0.8901,0.7988,2.3843,-19.5414,88.4165,-87.0244
2003-04-16,5.7637,-1.3538,-0.3646,-2.3336,-0.8798,-1.9604,-21.6054,87.2195,-87.2
2003-04-17,5.8797,2.0128,0.2698,-0.5004,0.1217,1.5911,-20.4184,88.975,-86.9424
2003-04-21,5.8771,-0.0448,0.8141,-1.5068,0.8425,-0.5615,-20.8134,88.9352,-86.9482
2003-04-22,5.9588,1.3907,1.7102,0.983,4.6951,0.9105,-18.9231,90.172,-86.7667
2003-04-23,5.9588,0.0,1.9856,2.4943,4.9854,0.4224,-18.7234,90.172,-86.7667
2003-04-24,5.9377,-0.354,3.0193,1.2135,4.3245,2.9648,-17.5312,89.8528,-86.8136
2003-04-25,5.8639,-1.2434,-0.2691,-0.2691,4.8637,0.0547,-19.1361,88.7356,-86.9775
2003-04-28,5.8903,0.4497,0.2243,-0.6227,8.7529,2.188,-17.8666,89.1347,-86.919
2003-04-29,5.8085,-1.3877,-2.5222,-2.866,5.4563,2.3452,-18.4786,87.8977,-87.1005
2003-04-30,5.8349,0.454,-2.0796,-0.8512,2.6124,2.9993,-18.7848,88.2968,-87.0419
2003-05-01,5.8639,0.497,-1.2434,-2.1988,4.7654,6.6048,-18.8764,88.7356,-86.9775
2003-05-02,5.9562,1.5738,1.5738,-0.4407,4.3123,4.8023,-18.2126,90.1321,-86.7726
2003-05-05,5.9931,0.6198,1.7457,2.0656,4.1455,6.5773,-17.9962,90.6907,-86.6906
2003-05-06,5.9852,-0.132,3.0413,1.3845,3.3017,3.6939,-15.201,90.571,-86.7082
2003-05-07,6.0247,0.6608,3.2535,2.8353,4.743,6.1547,-14.2331,91.1695,-86.6203
2003-05-08,6.0326,0.1313,2.8777,4.2369,5.3128,4.1395,-15.8814,91.2892,-86.6028
2003-05-09,6.0722,0.6556,1.9477,4.9681,6.9829,3.8863,-14.5616,91.8877,-86.5149
2003-05-12,6.1012,0.4777,1.8038,4.0468,6.1207,6.3771,-14.0911,92.3266,-86.4505
2003-05-13,6.1697,1.1236,3.0837,5.8344,8.003,8.2124,-14.7668,93.3639,-86.2983
2003-05-14,6.1961,0.4274,2.8447,5.7606,10.3905,10.0345,-14.6458,93.763,-86.2397
2003-05-15,6.1987,0.0425,2.7535,6.0921,10.956,10.4396,-13.1591,93.8028,-86.2339
2003-05-16,6.2198,0.3403,2.4317,7.9141,10.452,13.3447,-13.8597,94.1221,-86.187
2003-05-19,6.1566,-1.0174,0.9076,4.7086,7.5746,8.6775,-14.0296,93.1645,-86.3276
2003-05-20,6.1328,-0.3855,-0.5983,4.3517,7.2583,7.4175,-13.7709,92.8054,-86.3803
2003-05-21,6.3147,2.9664,1.9148,5.9734,10.6939,10.5029,-11.2773,95.5584,-85.9762
2003-05-22,6.3016,-0.2088,1.6588,5.7522,8.0777,10.2723,-12.9145,95.3589,-86.0055
2003-05-23,6.3596,0.9205,2.2467,7.1048,8.1482,9.1443,-12.8584,96.2367,-85.8767
2003-05-27,6.4861,1.99,5.3532,10.6115,10.894,10.4752,-10.1396,98.1518,-85.5956
2003-05-28,6.4097,-1.1788,4.5142,8.8183,9.2926,11.5527,-10.4951,96.9948,-85.7654
2003-05-29,6.349,-0.9462,0.5428,9.3055,8.8916,9.6014,-10.5038,96.0771,-85.9001
2003-05-30,6.4545,1.6612,2.4268,10.6191,9.8114,13.5706,-7.2292,97.6731,-85.6659
2003-06-02,6.4888,0.531,2.0315,10.6565,10.0019,12.1653,-8.0659,98.1917,-85.5898
2003-06-03,6.5362,0.7314,0.7724,9.7388,11.351,11.6262,-4.3882,98.9099,-85.4844
2003-06-04,6.5784,0.6454,2.6326,9.7668,11.077,11.9973,-3.7711,99.5483,-85.3907
2003-06-05,6.5441,-0.521,3.0732,9.3393,10.4005,10.3354,-3.9098,99.0296,-85.4668
2003-06-06,6.531,-0.2014,1.1847,8.4027,10.1781,11.0906,-3.0754,98.8302,-85.4961
2003-06-09,6.5204,-0.1615,0.4876,8.0857,11.1311,10.1776,-4.222,98.6705,-85.5195
2003-06-10,6.56,0.6065,0.363,8.033,12.9157,9.7811,-1.818,99.269,-85.4317
2003-06-11,6.7498,2.8939,2.6052,10.6309,18.0487,14.9661,2.5677,102.1417,-85.0101
2003-06-12,6.6892,-0.8984,2.2159,8.4188,16.5071,12.1882,0.2317,101.2241,-85.1448
2003-06-13,6.5784,-1.6555,0.7267,6.1702,15.0514,10.9133,-1.3132,99.5483,-85.3907
2003-06-16,6.5705,-0.1203,0.7683,5.9974,13.4558,9.8137,-1.3173,99.4286,-85.4083
2003-06-17,6.5072,-0.963,-0.8038,4.6206,10.2657,9.0415,-4.7405,98.4711,-85.5488
2003-06-18,6.4677,-0.6078,-4.1797,5.0535,9.4496,6.5614,-4.8524,97.8726,-85.6366
2003-06-19,6.502,0.53,-2.7986,6.0189,8.9655,8.2431,-3.3949,98.3912,-85.5605
2003-06-20,6.4776,-0.3749,-1.5328,2.5786,9.7746,8.7348,-3.5723,98.0224,-85.6146
2003-06-23,6.459,-0.2863,-1.6965,2.4988,11.0985,9.5269,-3.2352,97.7417,-85.6558
2003-06-24,6.4537,-0.082,-0.822,1.4806,10.0096,7.2617,-4.1715,97.6616,-85.6676
2003-06-25,6.4643,0.1642,-0.0517,-0.3361,9.9432,6.9715,-3.6055,97.8219,-85.6441
2003-06-26,6.4352,-0.4508,-1.0268,0.3981,8.5711,7.0001,-4.0773,97.3809,-85.7088
2003-06-27,6.4113,-0.3705,-1.0225,0.9816,7.215,7.8263,-4.9109,97.0202,-85.7617
2003-06-30,6.3716,-0.6199,-1.3535,-1.2842,8.269,9.5253,-6.2938,96.4188,-85.85
2003-07-01,6.3663,-0.0831,-1.3547,-1.8873,6.1809,8.8941,-5.4697,96.3386,-85.8617
2003-07-02,6.3584,-0.1249,-1.6393,-2.7213,6.2821,8.5633,-3.695,96.2183,-85.8794
2003-07-03,6.3478,-0.1667,-1.3586,-3.5062,8.106,6.1483,-4.4565,96.058,-85.9029
2003-07-07,6.3054,-0.6678,-1.6529,-3.6485,6.8086,5.6248,-7.2679,95.4165,-85.9971
2003-07-08,6.2948,-0.1681,-1.2058,-3.6163,7.4448,4.5742,-6.279,95.2562,-86.0206
2003-07-09,6.3584,1.0101,-0.1249,-2.4853,9.8651,9.1991,-4.1471,96.2183,-85.8794
2003-07-10,6.263,-1.5,-1.5,-4.5271,8.2665,8.5883,-1.3793,94.775,-86.0912
2003-07-11,6.2815,0.2961,-1.0434,-6.9375,7.1224,7.5405,0.8498,95.0557,-86.05
2003-07-14,6.2259,-0.8857,-1.2605,-6.9256,6.7978,7.4566,1.7801,94.2138,-86.1736
2003-07-15,6.1729,-0.851,-1.936,-6.1642,5.3647,6.9293,3.1905,93.412,-86.2912
2003-07-16,6.1146,-0.9443,-3.8334,-6.9383,4.6524,5.4883,3.7921,92.5299,-86.4207
2003-07-17,6.1544,0.65,-1.7343,-5.4226,6.7781,5.8387,3.3288,93.1313,-86.3324
2003-07-18,6.2948,2.2815,0.2109,-2.6733,7.0594,7.1898,6.3815,95.2562,-86.0206
2003-07-21,6.2603,-0.5472,0.5532,-3.7161,6.5213,7.4188,12.7209,94.7349,-86.0971
2003-07-22,6.2444,-0.2539,1.1588,-3.5992,4.7935,9.7137,19.7662,94.4944,-86.1324
2003-07-23,6.21,-0.5516,1.5598,-3.8557,4.2154,9.411,20.85,93.9732,-86.2089
2003-07-24,6.1517,-0.9385,-0.0431,-4.6798,3.6041,8.0845,12.2868,93.0912,-86.3383
2003-07-25,6.2073,0.9043,-1.389,-3.9755,5.8573,11.0058,13.7873,93.9331,-86.2148
2003-07-28,6.1809,-0.4268,-1.2696,-3.9523,4.9336,14.1183,11.8123,93.5322,-86.2736
2003-07-29,6.0934,-1.4144,-2.4183,-4.9587,4.9051,10.6291,4.2129,92.2092,-86.4677
2003-07-30,6.1014,0.1304,-1.7491,-4.2412,4.5672,7.2989,5.9953,92.3294,-86.4501
2003-07-31,6.1464,0.7382,-0.0862,-3.4541,4.8181,9.8131,4.9327,93.011,-86.3501
2003-08-01,6.1305,-0.2586,-1.2377,-3.5833,2.9272,7.3658,11.2151,92.7705,-86.3854
2003-08-04,6.0669,-1.0372,-1.8431,-4.424,1.2323,5.429,11.3194,91.8083,-86.5266
2003-08-05,6.0404,-0.4367,-0.8696,-4.2017,0.9235,4.2557,15.1087,91.4074,-86.5854
2003-08-06,6.1464,1.7544,0.7382,-2.357,2.0199,6.8587,13.0468,93.011,-86.3501
2003-08-07,6.3001,2.5,2.5,-0.9167,4.4333,9.9816,14.2371,95.3363,-86.0088
2003-08-08,6.3186,0.2944,3.0682,0.8883,4.0585,11.3248,9.9181,95.6169,-85.9677
2003-08-11,6.3478,0.4613,4.6288,1.0544,4.0415,10.4096,8.4663,96.058,-85.9029
2003-08-12,6.3928,0.7095,5.8334,2.6809,3.6155,11.9078,9.4787,96.7395,-85.8029
2003-08-13,6.3875,-0.0829,3.9224,3.4764,3.089,13.8005,11.0662,96.6593,-85.8147
2003-08-14,6.4113,0.3733,1.7662,4.8527,3.4299,14.7616,7.2695,97.0202,-85.7617
2003-08-15,6.4325,0.3306,1.803,4.52,3.4198,14.2293,4.6699,97.3409,-85.7146
2003-08-18,6.4325,0.0,1.3356,2.1886,4.4828,12.397,6.3769,97.3409,-85.7146
2003-08-19,6.4034,-0.4531,0.1657,2.2852,4.4119,11.9905,5.0384,96.8998,-85.7794
2003-08-20,6.4325,0.4552,0.7051,3.0123,1.8654,12.7587,8.235,97.3409,-85.7146
2003-08-21,6.4935,0.9472,1.281,4.5649,3.0454,11.3691,9.0223,98.2629,-85.5793
2003-08-22,6.3928,-1.5504,-0.6178,3.9191,0.5225,8.7133,4.3758,96.7395,-85.8029
2003-08-25,6.3928,0.0,-0.6178,2.9877,-1.4389,9.2983,6.084,96.7395,-85.8029
2003-08-26,6.3981,0.0829,-0.0827,3.5148,-0.1805,9.0953,4.7731,96.8197,-85.7911
2003-08-27,6.4246,0.4141,-0.1236,5.4348,1.1902,10.1877,5.2517,97.2206,-85.7323
2003-08-28,6.5306,1.6494,0.5712,7.0343,1.1786,11.1055,9.5972,98.8242,-85.497
2003-08-29,6.5385,0.1217,2.2793,6.3794,0.7666,10.8452,10.6949,98.9445,-85.4793
2003-09-02,6.5809,0.6483,2.9424,7.3466,0.6835,12.1121,10.6831,99.586,-85.3852
2003-09-03,6.5835,0.0402,2.8985,8.5152,0.0781,11.1637,15.3076,99.626,-85.3793
2003-09-04,6.5729,-0.161,2.3092,8.8157,0.4403,10.8866,15.3843,99.4656,-85.4028
2003-09-05,6.5438,-0.4433,0.2028,6.4655,0.1968,10.395,14.6638,99.0247,-85.4675
2003-09-08,6.6339,1.3766,1.4587,5.2986,1.7404,13.0653,14.3699,100.3878,-85.2675
2003-09-09,6.5624,-1.0783,-0.2818,3.8575,0.0366,12.957,13.2887,99.3053,-85.4264
2003-09-10,6.4935,-1.0497,-1.3682,2.2955,-3.7975,13.5658,9.7395,98.2629,-85.5793
2003-09-11,6.4802,-0.204,-1.4107,1.3676,-3.1234,12.8682,10.0951,98.0625,-85.6087
2003-09-12,6.4882,0.1226,-0.8502,1.5761,-1.3718,13.4732,13.0208,98.1828,-85.5911
2003-09-15,6.4458,-0.6534,-2.8355,0.5371,-1.8982,11.3022,11.0771,97.5413,-85.6852
2003-09-16,6.4564,0.1645,-1.6149,0.3707,-0.7813,9.4042,10.4693,97.7017,-85.6617
2003-09-17,6.3716,-1.3131,-1.8768,-0.9473,-1.4854,7.8238,12.6711,96.4188,-85.85
2003-09-18,6.3981,0.4158,-1.2673,-0.0827,-1.5972,7.2251,12.829,96.8197,-85.7911
2003-09-19,6.4569,0.9197,-0.4814,0.3793,-0.3186,9.4249,17.1919,97.7101,-85.6605
2003-09-22,6.4197,-0.5773,-0.4052,-1.1366,-0.6095,10.4214,15.6663,97.146,-85.7432
2003-09-23,6.4569,0.5807,0.0086,1.0033,0.0497,10.0642,16.998,97.7101,-85.6605
2003-09-24,6.4889,0.4949,1.8408,1.5032,0.38,10.361,21.0688,98.1937,-85.5895
2003-09-25,6.4303,-0.9027,0.5036,0.5036,-0.0756,8.489,16.7917,97.3073,-85.7196
2003-09-26,6.3717,-0.911,-1.3196,-0.8227,-0.6178,6.5527,11.0439,96.4208,-85.8497
2003-09-29,6.4037,0.5014,-0.2489,-1.9428,0.5036,8.8142,13.721,96.9043,-85.7787
2003-09-30,6.4037,0.0,-0.8247,-2.062,0.5872,6.8044,15.9782,96.9043,-85.7787
2003-10-01,6.4969,1.4553,0.1231,-1.2767,2.1786,8.5975,14.0547,98.3145,-85.5718
2003-10-02,6.5395,0.6557,1.6976,-0.6693,3.0203,11.3711,16.0788,98.9592,-85.4772
2003-10-03,6.5768,0.57,3.2177,0.058,4.3041,11.4057,15.9883,99.5233,-85.3944
2003-10-06,6.6167,0.6073,3.3264,1.1139,5.1142,12.9397,18.7141,100.1277,-85.3057
2003-10-07,6.6487,0.4829,3.8254,0.2226,4.5656,14.8811,20.8145,100.6112,-85.2347
2003-10-08,6.6034,-0.6808,1.6394,0.6253,5.4352,14.1511,21.3151,99.9263,-85.3352
2003-10-09,6.5821,-0.3226,0.6515,1.3647,4.7849,12.248,23.348,99.6039,-85.3825
2003-10-10,6.63,0.7281,0.8098,2.3115,6.491,13.7301,21.3968,100.3292,-85.2761
2003-10-13,6.6566,0.4016,0.6036,2.5965,7.8364,13.6215,19.8796,100.7321,-85.217
2003-10-14,6.63,-0.4,-0.2803,2.8582,8.4289,13.4734,16.179,100.3292,-85.2761
2003-10-15,6.5342,-1.4458,-1.0484,1.2047,6.1712,13.3676,11.1451,98.8787,-85.489
2003-10-16,6.6034,1.0595,0.3236,3.6378,4.9027,12.3083,14.0953,99.9263,-85.3352
2003-10-17,6.5581,-0.6855,-1.0844,2.5011,4.7568,11.5883,10.9618,99.2413,-85.4358
2003-10-20,6.5555,-0.0406,-1.52,1.5258,4.9808,10.0131,11.0147,99.201,-85.4417
2003-10-21,6.5768,0.3249,-0.8033,2.4471,5.9061,10.3705,10.8367,99.5233,-85.3944
2003-10-22,6.4889,-1.336,-0.6927,0.4949,5.4812,9.2828,12.5228,98.1937,-85.5895
2003-10-23,6.4782,-0.1642,-1.8953,-0.1642,4.3641,10.477,10.5375,98.0324,-85.6132
2003-10-24,6.4756,-0.0411,-1.2586,0.7039,4.7684,9.9372,12.3427,97.9922,-85.6191
2003-10-27,6.449,-0.4112,-1.6247,1.2118,5.8346,11.0259,13.6297,97.5892,-85.6782
2003-10-28,6.4676,0.2891,-1.6599,0.9979,6.0023,10.8436,14.1681,97.8713,-85.6368
2003-10-29,6.4543,-0.2059,-0.5335,0.79,5.0089,10.0684,17.3381,97.6698,-85.6664
2003-10-30,6.3664,-1.3614,-1.7262,-2.0082,3.8479,6.8877,12.0208,96.3402,-85.8615
2003-10-31,6.4649,1.5475,-0.1644,-1.14,6.5601,7.8733,14.9684,97.831,-85.6427
2003-11-03,6.425,-0.6178,-0.3715,-2.3076,6.3663,7.3486,11.3139,97.2267,-85.7314
2003-11-04,6.4037,-0.3316,-0.9881,-3.2193,4.1858,6.2903,12.8322,96.9043,-85.7787
2003-11-05,6.4223,0.2911,-0.495,-3.4041,1.9406,6.4599,10.8668,97.1864,-85.7373
2003-11-06,6.4303,0.1244,1.0038,-2.621,1.7678,5.8981,10.0136,97.3073,-85.7196
2003-11-07,6.4463,0.2484,-0.2883,-2.0631,1.5522,5.6565,12.3943,97.549,-85.6841
2003-11-10,6.4356,-0.1652,0.1657,-2.9317,0.6702,4.3099,12.8762,97.3878,-85.7078
2003-11-11,6.433,-0.0413,0.4574,-3.36,0.712,3.823,14.2412,97.3476,-85.7137
2003-11-12,6.4703,0.5794,0.7463,-2.4097,0.9188,4.3802,15.2771,97.9116,-85.6309
2003-11-13,6.5288,0.9054,1.532,-0.0815,1.497,4.968,18.9757,98.7981,-85.5008
2003-11-14,6.5421,0.2039,1.487,-0.9275,1.7039,6.2632,15.4841,98.9995,-85.4712
2003-11-17,6.4756,-1.0175,0.6206,-1.2586,1.1273,5.5889,13.421,97.9922,-85.6191
2003-11-18,6.4303,-0.6989,-0.0414,-1.909,-0.0345,1.8302,12.5254,97.3073,-85.7196
2003-11-19,6.4463,0.2484,-0.3704,-1.9838,-0.7266,2.2967,12.8049,97.549,-85.6841
2003-11-20,6.4303,-0.2478,-1.5089,-0.9027,0.5869,1.1125,10.3585,97.3073,-85.7196
2003-11-21,6.3824,-0.7454,-2.442,-1.4796,-0.1628,-1.5994,8.7083,96.582,-85.826
2003-11-24,6.417,0.5423,-0.9046,-0.9046,0.2954,0.1144,11.6804,97.1058,-85.7492
2003-11-25,6.4543,0.5809,0.3726,0.0826,0.4621,1.6578,11.4184,97.6698,-85.6664
2003-11-26,6.5155,0.9489,1.074,0.7411,-0.2303,0.9456,14.6445,98.5966,-85.5304
2003-11-28,6.5155,0.0,1.325,0.9489,-0.3516,0.4123,12.6278,98.5966,-85.5304
2003-12-01,6.5821,1.0217,3.1289,3.3878,0.0181,0.7016,12.4094,99.6039,-85.3825
2003-12-02,6.6274,0.6876,3.278,2.5123,0.6653,0.7439,12.8304,100.2888,-85.282
2003-12-03,6.5901,-0.5624,2.104,2.5694,0.2606,0.702,11.11,99.7248,-85.3648
2003-12-04,6.7498,2.4242,3.5962,5.4054,3.1484,3.3514,14.8137,102.1424,-85.01
2003-12-05,6.7978,0.7101,4.3318,5.8458,2.4702,4.2536,14.8642,102.8676,-84.9036
2003-12-08,6.8723,1.0967,4.4093,6.8736,4.7233,4.7616,15.0084,103.9958,-84.738
2003-12-09,6.8776,0.0775,3.7767,6.6915,5.9163,1.8941,17.1437,104.0764,-84.7262
2003-12-10,6.883,0.0774,4.4444,6.9508,6.2149,2.8975,15.4388,104.157,-84.7143
2003-12-11,6.9176,0.5029,2.4852,7.533,6.6183,5.1558,16.6317,104.6808,-84.6375
2003-12-12,6.9948,1.1163,2.8985,8.107,8.5174,6.4576,16.905,105.8493,-84.466
2003-12-15,6.9069,-1.2562,0.5037,5.7912,6.9783,6.1425,15.7394,104.5196,-84.6611
2003-12-16,7.0108,1.5035,1.9357,7.1632,10.0315,8.3971,15.5095,106.091,-84.4305
2003-12-17,7.0773,0.9495,2.824,9.2928,10.6163,8.8495,17.8221,107.0984,-84.2827
2003-12-18,7.2664,2.6711,5.0423,13.002,12.5361,12.1775,21.9761,109.9591,-83.8628
2003-12-19,7.2536,-0.1766,3.6992,12.5228,12.9896,12.3009,22.9998,109.7649,-83.8914
2003-12-22,7.2616,0.1106,5.1346,12.9271,12.4615,12.5174,20.6881,109.8863,-83.8735
2003-12-23,7.2108,-0.6998,2.8526,12.979,11.1246,11.5469,19.3234,109.1173,-83.9864
2003-12-24,7.2883,1.0756,2.981,13.5783,13.3431,13.2573,21.1854,110.291,-83.8141
2003-12-26,7.3177,0.4037,0.7068,13.3782,14.8469,14.1374,23.0701,110.7363,-83.7488
2003-12-29,7.4033,1.1696,2.0649,13.6261,15.6104,16.1926,27.2603,112.0315,-83.5587
2003-12-30,7.4194,0.2167,2.1731,13.8723,15.861,16.5413,26.9067,112.2743,-83.5231
2003-12-31,7.3686,-0.685,2.1884,11.9486,13.4169,15.8878,25.8116,111.5052,-83.6359
2004-01-02,7.3659,-0.0363,1.0642,11.1438,12.6372,16.0391,23.1735,111.4648,-83.6419
2004-01-05,7.5076,1.9245,2.595,13.9234,14.1541,19.0673,25.7646,113.6099,-83.3271
2004-01-06,7.4996,-0.1068,1.3006,11.1082,13.3438,19.1404,24.5901,113.4886,-83.3449
2004-01-07,7.4221,-1.0343,0.036,9.1837,11.6324,16.729,27.4671,112.3147,-83.5172
2004-01-08,7.4434,0.2883,1.0163,8.3106,12.7216,18.8483,29.0553,112.6385,-83.4696
2004-01-09,7.4809,0.5031,1.5614,8.7712,13.6553,19.0936,28.0739,113.2052,-83.3865
2004-01-12,7.5023,0.286,-0.0712,8.9979,13.1565,20.5015,29.4867,113.529,-83.339
2004-01-13,7.505,0.0357,0.0713,8.4912,12.744,21.5791,30.0037,113.5694,-83.333
2004-01-14,7.4862,-0.2495,0.8649,7.0258,12.9144,22.4319,29.1513,113.2861,-83.3746
2004-01-15,7.3605,-1.6791,-1.1139,6.5674,12.647,19.5987,26.5817,111.3839,-83.6538
2004-01-16,7.4301,0.9448,-0.6793,5.9809,12.5191,18.0356,26.5221,112.4362,-83.4993
2004-01-20,7.6173,2.5198,1.533,7.6294,16.1506,21.6757,30.7025,115.2693,-83.0835
2004-01-21,7.6628,0.5969,2.1026,5.455,16.8913,22.7134,34.6334,115.9574,-82.9826
2004-01-22,7.6253,-0.4886,1.8578,5.1254,15.9434,22.7912,34.347,115.3907,-83.0657
2004-01-23,7.6922,0.8769,4.5058,5.93,18.5439,25.0415,35.1504,116.4026,-82.9172
2004-01-26,7.7377,0.5911,4.1396,7.3071,19.4407,24.6533,38.3724,117.0906,-82.8163
2004-01-27,7.7216,-0.2074,1.3694,5.945,19.242,24.9279,42.5656,116.8478,-82.8519
2004-01-28,7.612,-1.4202,-0.6632,4.0204,18.0339,24.9207,38.1986,115.1884,-83.0954
2004-01-29,7.6066,-0.0703,-0.2455,2.7456,17.611,24.6703,33.7699,115.1074,-83.1073
2004-01-30,7.5344,-0.9493,-2.0514,1.5501,16.7348,22.5819,34.611,114.0147,-83.2677
2004-02-02,7.5772,0.5679,-2.074,2.8312,19.0181,23.5977,32.7016,114.6622,-83.1726
2004-02-03,7.5478,-0.3883,-2.2515,2.4691,16.7492,24.4081,31.1622,114.217,-83.238
2004-02-04,7.4943,-0.7087,-1.546,-0.1781,16.6424,24.0683,29.3483,113.4076,-83.3568
2004-02-05,7.4274,-0.8922,-2.3558,-0.9629,15.9863,20.8413,29.1295,112.3957,-83.5053
2004-02-06,7.4782,0.6841,-0.7455,0.7568,16.4409,18.7005,30.5487,113.1646,-83.3924
2004-02-09,7.5692,1.216,-0.1059,1.6888,17.7104,19.7913,33.3574,114.5408,-83.1905
2004-02-10,7.6708,1.3428,1.6301,2.5384,18.9954,20.8425,33.4217,116.0788,-82.9647
2004-02-11,7.7751,1.3598,3.7473,3.6364,20.8131,21.6228,36.1054,117.6573,-82.7331
2004-02-12,7.7992,0.3096,5.0053,3.9202,21.2373,22.1005,38.951,118.0215,-82.6796
2004-02-13,7.7805,-0.24,4.0416,3.93,20.2495,21.3544,39.2683,117.7383,-82.7212
2004-02-17,7.8473,0.8594,3.675,6.6134,20.1948,21.9941,39.353,118.7501,-82.5727
2004-02-18,7.7644,-1.0566,1.2203,4.4996,18.6828,20.7051,35.6689,117.4954,-82.7569
2004-02-19,7.7564,-0.1033,-0.2407,1.8259,19.779,21.1292,35.6532,117.374,-82.7747
2004-02-20,7.7537,-0.0345,-0.5829,1.1868,20.5804,20.5388,35.918,117.3335,-82.7806
2004-02-23,7.8152,0.7933,0.4469,2.4904,21.2359,20.355,34.0383,118.2644,-82.644
2004-02-24,7.8286,0.1711,-0.2386,1.7733,21.745,22.4595,33.1298,118.4667,-82.6143
2004-02-25,7.866,0.4783,1.309,1.6592,23.2459,23.0452,34.4864,119.0334,-82.5311
2004-02-26,7.8928,0.3401,1.7586,2.2169,22.998,23.3614,34.5815,119.4382,-82.4717
2004-02-27,7.9302,0.4744,2.2766,4.1813,22.8678,23.4355,36.0108,120.0048,-82.3886
2004-03-01,8.0827,1.9224,3.4223,6.2588,24.0527,23.767,37.512,122.3118,-82.05
2004-03-02,8.0131,-0.8604,2.3574,6.3542,22.9854,22.553,35.844,121.2594,-82.2045
2004-03-03,8.0024,-0.1335,1.7342,5.6125,21.5791,21.6011,36.3295,121.0976,-82.2282
2004-03-04,7.9784,-0.3008,1.0844,5.7052,20.3856,21.1865,34.7155,120.7333,-82.2817
2004-03-05,8.0479,0.8716,1.484,7.3875,22.1217,22.4399,35.7694,121.7856,-82.1272
2004-03-08,8.0827,0.432,0.0,8.8224,19.7464,23.5165,36.356,122.3118,-82.05
2004-03-09,8.0292,-0.6618,0.2003,7.3677,18.1152,21.0329,36.8462,121.5023,-82.1688
2004-03-10,7.8901,-1.7322,-1.4038,4.2403,14.81,20.2328,35.8114,119.3976,-82.4777
2004-03-11,7.7136,-2.2372,-3.3188,0.5579,12.1545,18.7899,34.9047,116.7264,-82.8697
2004-03-12,7.8259,1.4563,-2.7584,0.6536,13.6998,20.7662,36.3066,118.4263,-82.6202
2004-03-15,7.842,0.205,-2.9781,0.5487,13.3629,20.8655,37.15,118.6691,-82.5846
2004-03-16,7.8393,-0.0341,-2.3651,0.7563,12.0732,21.6189,35.3645,118.6287,-82.5905
2004-03-17,7.949,1.3988,0.7458,1.2951,15.0866,23.1177,34.6959,120.2881,-82.347
2004-03-18,8.0292,1.0094,4.0915,3.4103,14.5264,26.0152,35.8744,121.5023,-82.1688
2004-03-19,7.8645,-2.0506,0.4935,1.3944,11.1227,22.9199,31.801,119.0107,-82.5345
2004-03-22,7.7893,-0.9562,-0.6711,0.4595,7.1968,20.6351,32.0048,117.8727,-82.7015
2004-03-23,7.7356,-0.6898,-1.3226,-1.0187,6.6458,20.4986,33.0563,117.0597,-82.8208
2004-03-24,7.5718,-2.118,-4.745,-3.2806,4.2717,17.2656,29.0675,114.5804,-83.1847
2004-03-25,7.5422,-0.3902,-6.0649,-4.1166,4.5968,16.2328,28.2756,114.1333,-83.2503
2004-03-26,7.6282,1.1396,-3.0055,-3.3526,4.663,18.6282,28.6986,115.4339,-83.0594
2004-03-29,7.6685,0.5282,-1.5518,-3.3009,4.7927,20.3512,28.2374,116.0436,-82.9699
2004-03-30,7.8081,1.8213,0.9375,-3.3968,5.4678,21.9318,32.679,118.1571,-82.6597
2004-03-31,7.8807,0.9288,4.0794,-1.6534,6.2172,23.0643,31.4381,119.2546,-82.4987
2004-04-01,7.7893,-1.1588,3.2764,-2.663,5.7105,19.8935,30.2014,117.8727,-82.7015
2004-04-02,7.8243,0.4482,2.5705,-1.9318,6.2228,19.6463,33.2515,118.401,-82.6239
2004-04-05,7.8645,0.5149,2.5569,-2.2785,4.7538,19.5807,33.2198,119.0107,-82.5345
2004-04-06,7.8645,0.0,0.7224,-2.6989,4.8658,18.8589,34.239,119.0107,-82.5345
2004-04-07,7.8645,0.0,-0.2045,-2.0506,5.9618,18.2877,35.8902,119.0107,-82.5345
2004-04-08,7.9344,0.888,1.862,0.5611,6.5954,20.1561,37.1594,120.0675,-82.3794
2004-04-12,8.0848,1.8957,3.3299,4.8123,8.0725,22.8301,37.8744,122.3436,-82.0453
2004-04-13,8.015,-0.8638,1.9125,2.4154,6.8334,20.8889,37.487,121.2868,-82.2004
2004-04-14,8.0311,0.2011,2.1175,2.4114,7.0101,20.6475,37.0815,121.5308,-82.1646
2004-04-15,8.1385,1.3378,3.4836,3.8169,8.7129,22.7525,39.2915,123.1566,-81.926
2004-04-16,8.203,0.7921,3.3852,3.1957,11.4453,25.5398,42.3215,124.1321,-81.7829
2004-04-19,8.1842,-0.2292,1.2292,1.9302,10.1492,23.9389,39.1936,123.8475,-81.8246
2004-04-20,8.0176,-2.0348,0.0335,1.9467,5.2556,22.2551,36.4224,121.3275,-82.1945
2004-04-21,7.9908,-0.335,-0.5017,2.5862,4.2807,21.895,34.1005,120.9211,-82.2541
2004-04-22,8.1493,1.9831,0.132,5.3473,6.8709,23.9098,36.7599,123.3191,-81.9022
2004-04-23,8.0848,-0.791,-1.4407,6.7754,5.1039,24.5942,36.16,122.3436,-82.0453
2004-04-26,8.1305,0.5648,-0.6563,7.7991,5.0764,25.504,38.6531,123.0347,-81.9439
2004-04-27,8.2997,2.0812,3.5176,8.8028,7.4862,28.1687,40.9051,125.5953,-81.5681
2004-04-28,8.1815,-1.424,2.3865,6.69,7.4821,26.8653,40.8533,123.8069,-81.8306
2004-04-29,7.9854,-2.3965,-2.0105,2.2704,4.98,23.468,36.8564,120.8398,-82.266
2004-04-30,8.015,0.37,-0.8638,1.7041,6.3783,24.1804,36.6834,121.2868,-82.2004
2004-05-03,8.2003,2.3124,0.8589,5.2758,8.2235,28.8055,37.6773,124.0914,-81.7888
2004-05-04,8.2057,0.0655,-1.1327,4.8747,8.7165,26.9257,36.9189,124.1727,-81.7769
2004-05-05,8.2325,0.3273,0.6238,4.679,9.8509,28.1327,37.5487,124.5792,-81.7173
2004-05-06,8.1922,-0.4894,2.59,4.1667,10.2973,27.9298,35.977,123.9695,-81.8067
2004-05-07,7.9935,-2.4262,-0.2681,1.6393,6.89,24.4637,32.5039,120.9617,-82.2482
2004-05-10,7.7625,-2.8898,-5.339,-2.1666,2.554,20.7167,27.8367,117.4662,-82.7611
2004-05-11,7.8968,1.7301,-3.7643,-2.3256,2.946,22.5009,29.4302,119.4984,-82.4629
2004-05-12,7.9451,0.6123,-3.491,-0.8713,2.1867,23.455,28.7758,120.2301,-82.3555
2004-05-13,7.9236,-0.2705,-3.2787,-1.3378,1.5958,23.172,27.8809,119.9049,-82.4032
2004-05-14,8.0176,1.1864,0.3024,-1.4852,3.0485,23.9153,29.3431,121.3275,-82.1945
2004-05-17,8.0176,0.0,3.2872,-2.2593,2.1704,22.8035,28.9044,121.3275,-82.1945
2004-05-18,7.8995,-1.474,0.034,-3.4788,1.7394,20.7471,28.3097,119.5391,-82.4569
2004-05-19,7.8645,-0.442,-1.0142,-1.9095,1.3944,21.4492,28.2369,119.0107,-82.5345
2004-05-20,7.8565,-0.1025,-0.8475,-1.6807,1.3255,22.1787,24.4148,118.8887,-82.5524
2004-05-21,7.8189,-0.4786,-2.479,-4.054,0.0468,21.2926,24.0784,118.3197,-82.6359
2004-05-24,7.9962,2.2673,-0.268,-1.0963,2.1404,24.3508,25.7341,121.0024,-82.2422
2004-05-25,8.1305,1.6795,2.9242,0.0,3.3615,27.3888,25.3514,123.0347,-81.9439
2004-05-26,8.0633,-0.8259,2.5273,-2.8479,2.1604,25.6552,25.799,122.0185,-82.0931
2004-05-27,7.9505,-1.3991,1.1966,-2.8234,0.2555,23.1817,25.2238,120.3113,-82.3436
2004-05-28,7.9908,0.5068,2.1986,0.0673,-1.137,22.6422,23.8019,120.9211,-82.2541
2004-06-01,8.1009,1.3781,1.31,1.0724,1.0952,24.3323,24.845,122.5875,-82.0096
2004-06-02,8.0848,-0.1989,-0.5617,-1.4085,1.029,22.8301,23.692,122.3436,-82.0453
2004-06-03,8.0123,-0.897,-0.6329,-2.3568,0.4248,20.897,21.7964,121.2463,-82.2064
2004-06-04,7.972,-0.5029,0.2703,-3.1648,-0.9435,20.9694,21.8186,120.6365,-82.2959
2004-06-07,8.1197,1.8531,1.6134,-0.8852,0.4581,20.2949,24.3265,122.8721,-81.9678
2004-06-08,8.0848,-0.4301,-0.1989,1.1425,0.6925,18.9331,23.9921,122.3436,-82.0453
2004-06-09,8.0203,-0.7973,-0.7973,3.3218,1.6504,16.7049,22.2619,121.3682,-82.1885
2004-06-10,8.1224,1.2726,1.3745,2.8572,5.2999,18.0985,20.3355,122.9127,-81.9618
2004-06-14,8.0606,-0.7606,1.1118,1.4536,2.9989,17.1096,20.5028,121.9778,-82.099
2004-06-15,8.1761,1.4329,0.6946,3.1864,4.261,18.1932,24.287,123.7256,-81.8425
2004-06-16,8.3346,1.9383,3.0897,3.9531,6.3181,19.1541,26.8486,126.1237,-81.4906
2004-06-17,8.3964,0.7412,4.6886,4.7237,5.6286,21.5644,29.0314,127.0586,-81.3534
2004-06-18,8.419,0.2698,3.6519,6.5772,4.8551,20.0868,30.1707,127.4014,-81.3031
2004-06-21,8.4001,-0.2242,4.2122,6.8103,6.8103,18.6906,29.1941,127.1157,-81.345
2004-06-22,8.4568,0.6741,3.4327,7.6407,8.5685,16.382,30.5545,127.9727,-81.2193
2004-06-23,8.5997,1.69,3.1808,9.9862,11.1702,18.5583,33.1421,130.1354,-80.9019
2004-06-24,8.5485,-0.5957,1.8114,6.9071,12.8991,17.7218,32.4575,129.3601,-81.0156
2004-06-25,8.4999,-0.5678,0.9609,4.5442,12.6977,17.8782,31.4895,128.6256,-81.1234
2004-06-28,8.3786,-1.4277,-0.2569,3.9099,9.8371,14.9588,30.1992,126.7892,-81.3929
2004-06-29,8.4244,0.5472,-0.3826,5.9609,9.8579,15.123,31.3985,127.483,-81.2911
2004-06-30,8.4891,0.7682,-1.2857,6.2365,8.7216,14.6663,33.2337,128.4623,-81.1474
2004-07-01,8.4999,0.1271,-0.5678,4.9255,7.858,14.5637,33.5141,128.6256,-81.1234
2004-07-02,8.5323,0.3807,0.3807,5.5349,9.5379,15.793,34.1899,129.1153,-81.0516
2004-07-06,8.5538,0.2528,2.0921,6.7594,9.3248,16.1279,34.7538,129.4417,-81.0037
2004-07-07,8.6051,0.599,2.1446,7.9416,9.4162,14.6177,36.4722,130.217,-80.8899
2004-07-08,8.5619,-0.5014,0.8577,5.4464,8.8677,14.165,36.0166,129.5642,-80.9857
2004-07-09,8.6105,0.5669,1.3008,6.5022,9.4849,16.0122,35.4199,130.2987,-80.8779
2004-07-12,8.5619,-0.5637,0.3477,6.753,7.9094,15.0265,36.7071,129.5642,-80.9857
2004-07-13,8.5404,-0.2519,-0.1576,5.1459,5.635,14.1624,35.9601,129.2378,-81.0336
2004-07-14,8.6428,1.1998,0.4388,7.2231,7.8339,15.2027,38.8209,130.7884,-80.806
2004-07-15,8.6995,0.6552,1.6063,6.4011,8.3227,15.9162,40.9299,131.6454,-80.6803
2004-07-16,8.8046,1.2089,2.2549,5.6398,8.1849,17.6109,43.9932,133.2368,-80.4467
2004-07-19,8.775,-0.3368,2.4882,4.5093,6.9732,19.2165,42.5815,132.788,-80.5126
2004-07-20,8.748,-0.3074,2.4313,3.9077,6.8894,17.7377,38.9725,132.3798,-80.5725
2004-07-21,8.5916,-1.7879,-0.5928,2.2793,7.1587,12.7906,37.2387,130.013,-80.9198
2004-07-22,8.6186,0.3139,-0.9299,1.9133,7.8564,12.4734,38.0199,130.4212,-80.8599
2004-07-23,8.5862,-0.3755,-2.4808,-0.1568,5.3619,12.6012,38.2644,129.9314,-80.9318
2004-07-26,8.5107,-0.8794,-3.0117,-0.4417,5.2681,10.6408,38.3469,128.7888,-81.0995
2004-07-27,8.597,1.0139,-1.7262,1.1421,5.7382,11.1059,38.4972,130.0946,-80.9078
2004-07-28,8.6563,0.6901,0.7533,3.3151,4.2973,12.1052,40.0507,130.9925,-80.7761
2004-07-29,8.7183,0.7165,1.1577,3.4891,6.562,14.535,43.0779,131.931,-80.6383
2004-07-30,8.7507,0.3711,1.9158,3.0813,9.5837,15.0409,43.4219,132.4206,-80.5665
2004-08-02,8.7399,-0.1232,2.6933,2.8236,9.0452,16.0004,42.1955,132.2575,-80.5904
2004-08-03,8.8451,1.2033,2.8858,3.6662,7.8632,16.7333,44.2796,133.8489,-80.3569
2004-08-04,8.6401,-2.3171,-0.1869,1.0088,5.2949,14.473,42.4136,130.7476,-80.812
2004-08-05,8.5107,-1.4981,-2.3817,-1.0968,3.3791,13.5628,40.8954,128.7888,-81.0995
2004-08-06,8.3408,-1.9962,-4.6841,-2.5827,1.8137,12.2978,35.7022,126.218,-81.4768
2004-08-09,8.4756,1.6165,-3.0238,-1.566,6.0322,13.3378,34.5325,128.2583,-81.1773
2004-08-10,8.4433,-0.3818,-4.5427,-1.3859,8.7706,11.5486,33.6255,127.7686,-81.2492
2004-08-11,8.4001,-0.511,-2.7778,-1.642,6.3744,9.5081,32.3323,127.1157,-81.345
2004-08-12,8.2923,-1.2841,-2.5665,-4.0561,4.3694,6.6517,29.7127,125.4834,-81.5846
2004-08-13,8.3947,1.2357,0.6466,-3.5028,5.9457,7.6364,31.4246,127.0341,-81.357
2004-08-16,8.446,0.6103,-0.35,-4.0735,5.3425,8.5538,31.7349,127.8094,-81.2432
2004-08-17,8.2518,-2.2988,-2.2676,-5.9619,2.9209,5.1547,28.2825,124.8713,-81.6744
2004-08-18,8.3597,1.3072,-0.4815,-4.4389,5.8262,7.6669,29.9594,126.5036,-81.4348
2004-08-19,8.3867,0.3226,1.1382,-2.3854,6.6389,8.1259,30.9721,126.9117,-81.375
2004-08-20,8.473,1.0289,0.9316,-1.6896,7.8467,9.2761,31.7201,128.2175,-81.1833
2004-08-23,8.3678,-1.2413,-0.9259,-2.544,7.0202,7.0702,28.8644,126.626,-81.4169
2004-08-24,8.3462,-0.2577,1.1438,-1.9328,4.3778,6.6118,30.5564,126.2996,-81.4648
2004-08-25,8.4001,0.6462,0.4839,-2.2898,3.317,6.79,31.4,127.1157,-81.345
2004-08-26,8.4595,0.7062,0.8681,-2.2742,4.9132,7.1797,32.2184,128.0134,-81.2133
2004-08-27,8.5134,0.6375,0.4773,-2.3508,7.0802,7.3537,32.5126,128.8296,-81.0935
2004-08-30,8.4756,-0.4434,1.2891,-3.1433,6.0678,4.8618,29.7843,128.2583,-81.1773
2004-08-31,8.6159,1.6545,3.231,-1.4193,6.357,7.5218,31.7712,130.3803,-80.8659
2004-09-01,8.7669,1.7527,4.366,-0.8841,8.4368,9.5526,33.2171,132.6655,-80.5305
2004-09-02,8.837,0.7997,4.4629,2.2784,10.2933,10.7619,34.2285,133.7265,-80.3748
2004-09-03,8.8559,0.2136,4.0228,4.0558,11.0876,10.0395,34.7322,134.0122,-80.3329
2004-09-07,8.8451,-0.1218,4.3589,6.0459,8.9336,9.4326,35.1673,133.8489,-80.3569
2004-09-08,8.8532,0.0915,2.7543,4.4543,9.5042,10.2624,33.4538,133.9714,-80.3389
2004-09-09,8.9799,1.4316,2.43,6.3558,11.9645,13.8124,36.8399,135.8893,-80.0574
2004-09-10,8.9314,-0.5405,1.068,6.3242,9.96,15.7877,37.544,135.1548,-80.1652
2004-09-13,8.9934,0.6945,1.553,8.4553,11.5722,14.9182,38.7823,136.0934,-80.0275
2004-09-14,9.0339,0.4497,2.1341,7.6132,10.4909,15.1988,39.2357,136.7055,-79.9377
2004-09-15,9.0042,-0.3283,1.7058,6.6092,8.0341,14.8598,39.6912,136.2566,-80.0035
2004-09-16,9.0312,0.2995,0.5706,9.4444,7.5604,13.6145,39.8796,136.6647,-79.9436
2004-09-17,9.1836,1.6878,2.8238,9.8556,9.0815,14.3775,44.133,138.9713,-79.6051
2004-09-20,9.1863,0.0295,2.1448,9.5346,9.3588,16.8065,43.5785,139.0123,-79.5991
2004-09-21,9.4137,2.4757,4.2049,11.1032,11.3158,20.8539,45.7922,142.4538,-79.0941
2004-09-22,9.3542,-0.6327,3.8867,11.7878,8.7732,20.9233,45.711,141.5524,-79.2263
2004-09-23,9.2675,-0.9262,2.6171,11.0386,8.4116,22.3956,43.528,140.2414,-79.4188
2004-09-24,9.3731,1.1394,2.0637,11.5828,10.2729,24.2751,44.4484,141.8392,-79.1843
2004-09-27,9.3677,-0.0578,1.9747,10.7363,11.8055,22.8039,45.6801,141.7573,-79.1963
2004-09-28,9.5274,1.7052,1.2079,11.911,13.0931,24.2417,49.5263,144.1745,-78.8415
2004-09-29,9.4002,-1.3356,0.492,10.9082,10.732,20.3896,46.7932,142.2489,-79.1241
2004-09-30,9.457,0.6048,2.045,9.7629,11.2603,20.0032,47.681,143.1093,-78.9979
2004-10-01,9.5924,1.4314,2.3396,9.4163,12.4249,23.1479,47.6463,145.1578,-78.6972
2004-10-04,9.5816,-0.1129,2.2832,8.4257,12.0148,22.46,46.5189,144.9939,-78.7213
2004-10-05,9.6845,1.0737,1.6482,9.3563,12.5435,23.1408,47.2527,146.5508,-78.4928
2004-10-06,9.8632,1.8452,4.9251,11.51,15.1976,25.413,49.0645,149.2549,-78.096
2004-10-07,9.7873,-0.7686,3.4927,10.5517,13.6678,24.449,47.2079,148.1077,-78.2643
2004-10-08,9.7982,0.1107,2.1451,9.112,14.4387,23.4901,48.3809,148.2715,-78.2403
2004-10-11,9.7142,-0.8566,1.3846,8.7653,13.745,20.1546,47.586,147.0015,-78.4267
2004-10-12,9.6032,-1.1427,-0.8386,6.7809,11.1121,19.8166,44.8449,145.3217,-78.6732
2004-10-13,9.4029,-2.0863,-4.6665,4.085,8.0858,17.0814,41.2558,142.2899,-79.1181
2004-10-14,9.4787,0.8062,-3.1535,5.2698,7.6557,16.4673,42.9664,143.4371,-78.9498
2004-10-15,9.5193,0.4285,-2.8461,5.4052,8.4824,16.0471,45.6853,144.0516,-78.8596
2004-10-18,9.3921,-1.3368,-3.3166,2.2701,7.3623,14.7588,42.2308,142.126,-79.1422
2004-10-19,9.365,-0.2883,-2.481,1.9452,9.0016,16.8048,42.7998,141.7163,-79.2023
2004-10-20,9.5707,2.1972,1.7852,1.6681,11.048,19.7723,45.9965,144.83,-78.7453
2004-10-21,9.6249,0.5658,1.5424,2.8943,12.0972,18.1077,46.3471,145.6494,-78.6251
2004-10-22,9.6059,-0.1969,0.9101,3.6518,12.869,18.815,48.0367,145.3627,-78.6672
2004-10-25,9.6141,0.0846,2.3638,2.5707,11.8306,18.2476,48.4055,145.4856,-78.6491
2004-10-26,9.7197,1.0983,3.7872,3.7572,12.2839,17.109,50.0971,147.0834,-78.4146
2004-10-27,9.5518,-1.727,-0.198,0.2558,9.5598,16.749,48.114,144.5433,-78.7874
2004-10-28,9.3839,-1.7574,-2.5035,-0.1728,7.2364,17.5136,45.0916,142.0031,-79.1602
2004-10-29,9.5139,1.3849,-0.9583,0.6012,8.8556,18.7018,47.4044,143.9697,-78.8716
2004-11-01,9.457,-0.5976,-1.6334,-1.4112,6.9185,15.3257,48.5458,143.1093,-78.9979
2004-11-02,9.3163,-1.4887,-4.1504,-2.7692,7.8252,13.5345,44.1044,140.9788,-79.3105
2004-11-03,9.5031,2.0052,-0.5102,-1.8731,11.6601,15.4332,47.9077,143.8058,-78.8957
2004-11-04,9.6168,1.1966,2.4812,-2.498,15.2978,17.389,50.1755,145.5265,-78.6431
2004-11-05,9.6736,0.5913,1.679,-1.1618,14.1345,21.0193,50.625,146.387,-78.5168
2004-11-08,9.5139,-1.6513,0.6012,-2.9013,12.68,22.5627,47.9537,143.9697,-78.8716
2004-11-09,9.4273,-0.9106,1.1915,-2.9543,12.2274,19.3812,46.2431,142.6587,-79.064
2004-11-10,9.5383,1.1775,0.3704,-0.6766,15.0259,20.0518,48.2099,144.3384,-78.8175
2004-11-11,9.5193,-0.1987,-1.0135,1.2381,13.3961,20.1382,47.9766,144.0516,-78.8596
2004-11-12,9.7197,2.1046,0.4758,2.5421,15.0803,21.2284,50.2206,147.0834,-78.4146
2004-11-15,9.5085,-2.1727,-0.0569,-0.1138,15.2288,18.5945,45.6382,143.8877,-78.8836
2004-11-16,9.5085,0.0,0.8615,1.2395,13.742,20.3688,45.3418,143.8877,-78.8836
2004-11-17,9.6574,1.5661,1.2489,3.1223,15.1518,22.7966,49.1355,146.1411,-78.5529
2004-11-18,9.7332,0.7849,2.2468,1.6973,14.8737,23.8875,51.3641,147.2882,-78.3846
2004-11-19,9.8496,1.1962,1.3371,2.3348,17.7089,25.9722,52.795,149.05,-78.126
2004-11-22,10.0066,1.5943,5.2392,4.1714,19.8945,25.1432,55.6166,151.4263,-77.7773
2004-11-23,10.0689,0.6223,5.8941,4.7311,19.866,23.842,57.7609,152.3686,-77.639
2004-11-24,10.1528,0.8336,5.1304,4.4568,20.0176,25.9143,58.2179,153.6387,-77.4526
2004-11-26,10.1962,0.4267,4.7567,6.746,19.7661,28.2458,57.9753,154.2942,-77.3564
2004-11-29,10.142,-0.5311,2.9687,8.0785,19.6607,26.9215,55.6593,153.4748,-77.4767
2004-11-30,10.1556,0.1334,1.4881,6.7444,17.8702,25.3632,55.867,153.6796,-77.4466
2004-12-01,9.9119,-2.3993,-1.5595,4.8097,13.0605,22.5992,50.5888,149.9924,-77.9877
2004-12-02,9.6493,-2.6496,-4.96,3.5745,9.1916,20.4311,45.5976,146.0182,-78.571
2004-12-03,9.744,0.9821,-4.4344,2.5357,10.0289,22.2285,47.8591,147.4522,-78.3605
2004-12-06,9.7494,0.0555,-3.8708,1.3795,10.2243,20.0713,44.4397,147.5341,-78.3485
2004-12-07,9.5464,-2.0828,-5.9984,-1.3155,7.8299,18.0783,40.4341,144.4613,-78.7995
2004-12-08,9.6114,0.6807,-3.032,1.0245,7.0317,19.8375,39.8562,145.4446,-78.6551
2004-12-09,9.6926,0.8451,0.4489,2.8145,8.5228,19.3316,40.9289,146.6737,-78.4748
2004-12-10,9.6249,-0.6983,-1.2226,0.9083,7.0217,19.4065,39.8364,145.6494,-78.6251
2004-12-13,9.7955,1.7722,0.4721,2.901,8.4306,19.8059,41.6025,148.2306,-78.2463
2004-12-14,9.8252,0.3041,2.9212,1.0864,9.1186,17.8853,40.4651,148.6813,-78.1801
2004-12-15,9.8983,0.744,2.9859,4.1002,9.6021,17.8885,43.3104,149.7874,-78.0178
2004-12-16,9.7982,-1.012,1.0894,3.0467,6.6922,16.3814,39.7588,148.2715,-78.2403
2004-12-17,9.7957,-0.0249,1.7749,1.4325,6.6341,16.6139,38.4097,148.2346,-78.2457
2004-12-20,9.9153,1.2205,1.2232,1.8709,5.3281,17.2468,36.4542,150.0438,-77.9802
2004-12-21,9.9995,0.8495,1.7737,1.5219,6.8992,16.2777,37.8569,151.3184,-77.7931
2004-12-22,9.8637,-1.3587,-0.3504,-1.4289,6.4326,15.3853,35.8336,149.2625,-78.0948
2004-12-23,9.9207,0.5785,1.2507,-1.4718,5.8424,16.7155,37.5822,150.126,-77.9681
2004-12-27,9.7468,-1.7529,-0.4993,-3.9991,4.0472,16.3304,33.732,147.4945,-78.3543
2004-12-28,9.8147,0.6969,-1.014,-3.7408,3.0157,16.5037,34.1226,148.5224,-78.2035
2004-12-29,9.8881,0.7475,-1.1141,-2.5035,5.1906,16.4797,33.563,149.6326,-78.0405
2004-12-30,9.8446,-0.4396,-0.1928,-3.0615,4.0986,15.8204,32.6882,148.9747,-78.1371
2004-12-31,9.8691,0.2484,-0.5204,-0.4317,2.8845,15.6678,33.9352,149.3448,-78.0828
2005-01-03,9.505,-3.6894,-2.4812,-1.4953,-0.7994,11.1194,29.0406,143.8348,-78.8914
2005-01-04,9.4561,-0.5146,-3.6545,-2.9552,-2.3583,9.8894,25.9526,143.0947,-79.0
2005-01-05,9.4153,-0.431,-4.7815,-3.4271,-4.5406,9.967,25.5438,142.4779,-79.0905
2005-01-06,9.5784,1.7316,-2.7049,0.3349,-2.1353,11.2406,29.0526,144.9451,-78.7285
2005-01-07,9.5023,-0.7944,-3.717,-1.1351,-3.02,10.9826,27.6594,143.7937,-78.8974
2005-01-10,9.5729,0.7435,0.7147,-1.2347,-1.4549,12.0902,27.9648,144.8628,-78.7405
2005-01-11,9.5865,0.142,1.3793,-0.3989,-0.1743,10.9184,27.781,145.0684,-78.7103
2005-01-12,9.755,1.7573,3.6075,-0.4134,3.7444,12.1329,29.9802,147.6178,-78.3362
2005-01-13,9.8202,0.6686,2.5248,-0.0515,3.6027,11.5343,31.1765,148.6047,-78.1914
2005-01-14,9.9071,0.8854,4.2608,0.0888,4.0741,12.9021,34.598,149.9205,-77.9983
2005-01-18,10.005,0.9874,4.5132,2.1104,6.5257,14.3684,34.6548,151.4007,-77.781
2005-01-19,9.9696,-0.3531,3.9965,1.7753,6.4565,16.0393,30.8814,150.8661,-77.8595
2005-01-20,9.8691,-1.0084,1.1699,-0.4659,3.1173,14.5096,28.7928,149.3448,-78.0828
2005-01-21,9.8908,0.2203,0.7194,-1.0869,2.763,15.1944,29.7104,149.6737,-78.0345
2005-01-24,9.9778,0.8792,0.7131,1.1571,3.871,17.2381,29.7133,150.9896,-77.8414
2005-01-25,10.0185,0.4085,0.1358,0.9861,4.2071,16.5354,29.4778,151.6063,-77.7509
2005-01-26,10.1164,0.9764,1.4718,3.7914,4.0815,16.8668,31.0137,153.0866,-77.5336
2005-01-27,10.206,0.8864,3.4141,3.9868,6.8494,17.0639,34.0791,154.4436,-77.3345
2005-01-28,10.0838,-1.1981,1.9506,1.9786,7.4576,15.2337,32.5659,152.5932,-77.606
2005-01-31,10.2033,1.1857,2.2603,3.6434,7.2465,16.7439,35.4233,154.4025,-77.3405
2005-02-01,10.3772,1.7044,3.5801,5.1486,9.7302,17.3218,36.9536,157.034,-76.9543
2005-02-02,10.5212,1.3878,4.0022,10.6918,12.9343,21.7716,39.3955,159.2134,-76.6345
2005-02-03,10.5729,0.4907,3.5942,11.8103,11.2574,24.2302,41.0793,159.9946,-76.5198
2005-02-04,10.6109,0.3598,5.2277,12.6984,10.3375,27.2167,42.8616,160.5703,-76.4354
2005-02-07,10.5403,-0.6658,3.3023,10.0425,8.9586,24.3594,40.9462,159.5012,-76.5922
2005-02-08,10.6163,0.7218,2.3043,11.7243,11.5878,25.7371,40.258,160.6526,-76.4233
2005-02-09,10.5973,-0.1792,0.7231,10.7011,12.4115,26.1565,38.1516,160.3647,-76.4655
2005-02-10,10.8881,2.7436,2.9813,13.5771,14.1515,31.3038,40.0377,164.7645,-75.8198
2005-02-11,10.9832,0.8734,3.5083,12.5905,15.3778,30.8339,40.8248,166.2036,-75.6086
2005-02-14,10.9968,0.1237,4.331,11.9811,13.1393,30.2011,41.3383,166.4092,-75.5785
2005-02-15,11.0212,0.2224,3.8137,11.2452,15.9094,33.561,40.4456,166.7793,-75.5241
2005-02-16,11.331,2.8106,6.9231,13.2537,19.1672,35.5431,45.935,171.4669,-74.8362
2005-02-17,11.1788,-1.343,2.6703,12.1286,15.754,33.2928,44.124,169.1642,-75.1742
2005-02-18,11.4261,2.212,4.0326,15.7764,17.393,34.8536,47.3628,172.906,-74.625
2005-02-22,11.3446,-0.7134,3.1629,14.6978,15.1778,35.5745,45.1599,171.6725,-74.806
2005-02-23,11.4886,1.2694,4.2406,15.1415,14.8095,37.6503,46.7515,173.8517,-74.4862
2005-02-24,11.7141,1.9631,3.3812,16.9243,16.3393,39.4513,48.9201,177.2646,-73.9854
2005-02-25,12.0021,2.4589,7.3651,18.6409,18.2146,41.8783,52.0647,181.6233,-73.3457
2005-02-28,11.9152,-0.7245,4.2806,16.7465,16.8595,39.9581,50.2503,180.3075,-73.5388
2005-03-01,11.6842,-1.9384,2.994,15.8717,15.2061,37.8565,44.5588,176.8124,-74.0517
2005-03-02,11.8554,1.4651,3.1931,16.1918,16.7383,37.5997,47.9497,179.4029,-73.6716
2005-03-03,12.0511,1.6502,2.8764,16.1299,21.5818,37.4611,50.5921,182.3635,-73.2371
2005-03-04,12.2059,1.2852,1.698,16.0124,26.4961,38.1231,52.9878,184.7073,-72.8931
2005-03-07,12.1217,-0.6901,1.7332,14.6492,24.4014,36.8775,50.6193,183.4326,-73.0802
2005-03-08,12.1081,-0.1121,3.6279,14.1101,24.193,36.8909,49.8033,183.227,-73.1104
2005-03-09,11.7739,-2.7603,-0.6876,11.704,23.3336,32.9906,46.6387,178.1693,-73.8526
2005-03-10,11.5348,-2.031,-4.2841,8.6511,20.0119,28.4507,46.1928,174.5508,-74.3836
2005-03-11,11.6299,0.8245,-4.7195,9.7436,19.9874,30.2136,50.7714,175.99,-74.1724
2005-03-14,11.7141,0.7242,-3.3625,7.5866,21.7063,30.2522,49.6834,177.2646,-73.9854
2005-03-15,11.5511,-1.3918,-4.6006,5.1707,17.9227,27.8643,47.2982,174.7975,-74.3474
2005-03-16,11.5891,0.3294,-1.5693,5.3867,17.9525,28.7081,47.8338,175.3732,-74.2629
2005-03-17,11.7902,1.735,2.2144,6.9773,19.1128,30.5502,48.3239,178.416,-73.8164
2005-03-18,11.9358,1.2348,2.6303,5.3376,21.8164,29.9686,48.6549,180.619,-73.4931
2005-03-21,11.8322,-0.868,1.0079,5.8447,20.7892,28.8025,50.4498,179.0513,-73.7232
2005-03-22,11.6904,-1.1982,1.2062,2.3134,17.9029,24.1848,50.0822,176.906,-74.038
2005-03-23,11.4669,-1.9123,-1.055,1.0779,14.6741,22.5857,48.2347,173.523,-74.5345
2005-03-24,11.4587,-0.0713,-2.8118,-0.2603,16.1706,23.6434,51.3342,173.3992,-74.5526
2005-03-28,11.4723,0.119,-3.883,-2.0641,15.6399,22.396,52.1078,173.6056,-74.5224
2005-03-29,11.2869,-1.616,-4.6083,-5.9591,15.8011,20.4877,47.9637,170.8002,-74.9341
2005-03-30,11.456,1.4976,-2.0056,-3.8542,16.7218,20.2418,49.3905,173.358,-74.5587
2005-03-31,11.6877,2.0229,1.9258,0.0297,18.1994,24.3347,49.6861,176.8648,-74.044
2005-04-01,11.9767,2.4726,4.5206,1.0228,21.6568,26.643,51.9756,181.2379,-73.4023
2005-04-04,11.8731,-0.865,3.4933,-1.4769,20.3056,23.7758,52.4273,179.6702,-73.6323
2005-04-05,11.7231,-1.2629,3.8647,-3.9555,23.3367,22.3507,49.8307,177.4011,-73.9653
2005-04-06,11.9085,1.5814,3.9505,-1.7587,25.9352,22.9652,51.4204,180.2065,-73.5536
2005-04-07,11.8622,-0.3892,1.4929,-2.0312,25.9881,20.2675,50.8311,179.5052,-73.6566
2005-04-08,11.6468,-1.8157,-2.7544,-1.0795,21.595,18.9986,48.0925,176.246,-74.1349
2005-04-11,11.734,0.7491,-1.171,1.7275,23.4868,19.7574,47.8886,177.5662,-73.9411
2005-04-12,11.5486,-1.5799,-1.4883,-0.6985,20.6388,18.8837,42.8442,174.7608,-74.3528
2005-04-13,11.2651,-2.4551,-5.4029,-3.8329,17.5102,17.3054,40.5512,170.4702,-74.9825
2005-04-14,11.2597,-0.0485,-5.0793,-2.5229,15.4248,19.7468,40.2012,170.3876,-74.9946
2005-04-15,10.8316,-3.8015,-6.9991,-6.5363,10.2996,14.2733,33.091,163.9103,-75.9452
2005-04-18,11.0279,1.8123,-6.0177,-6.4653,11.3129,15.8479,34.4381,166.8808,-75.5093
2005-04-19,11.2869,2.3486,-2.2663,-5.4362,12.8133,20.1752,37.9116,170.8002,-74.9341
2005-04-20,11.0552,-2.0532,-1.8636,-6.5668,10.8886,18.048,37.8857,167.2933,-75.4487
2005-04-21,11.4369,3.4526,1.5739,-2.1688,15.8857,19.4981,43.1257,173.0692,-74.6011
2005-04-22,11.4614,0.2145,5.8142,-0.0476,15.879,19.0808,40.6436,173.4405,-74.5466
2005-04-25,11.6223,1.4034,5.3894,1.4276,16.4813,20.9902,43.7546,175.8746,-74.1894
2005-04-26,11.4314,-1.642,1.2802,-0.3565,14.1026,18.903,40.6,172.9868,-74.6132
2005-04-27,11.137,-2.5758,0.7398,-1.3286,10.0886,14.5819,34.1857,168.531,-75.2671
2005-04-28,10.9134,-2.0073,-4.5769,-4.7358,6.931,14.2551,33.3917,165.1481,-75.7635
2005-04-29,11.0552,1.299,-3.5443,-5.4118,9.6335,17.8096,38.4423,167.2933,-75.4487
2005-05-02,11.2542,1.8003,-3.1668,-6.0323,10.2994,18.2923,40.4151,170.305,-75.0067
2005-05-03,10.9898,-2.3498,-3.8636,-7.4398,5.9026,16.2071,34.0167,166.3032,-75.594
2005-05-04,11.1179,1.166,-0.1713,-5.1628,5.6709,19.3387,35.4905,168.2423,-75.3095
2005-05-05,11.2378,1.0789,2.9728,-5.6319,6.2895,18.255,36.5056,170.0575,-75.0431
2005-05-06,11.2051,-0.2911,1.3564,-5.5389,5.6002,16.5166,36.7776,169.5625,-75.1157
2005-05-09,11.3551,1.3381,0.8963,-2.5048,7.7305,17.3817,42.0544,171.8315,-74.7827
2005-05-10,11.1642,-1.6806,1.5877,-4.856,5.1608,17.3466,43.8232,168.9436,-75.2065
2005-05-11,11.2324,0.6105,1.0299,-2.7384,5.9928,19.1481,42.2404,169.9751,-75.0552
2005-05-12,10.7417,-4.3689,-4.4153,-4.6467,-1.3447,12.6166,35.1982,162.5489,-76.145
2005-05-13,10.5781,-1.5229,-5.5961,-6.0533,-3.6883,11.1223,33.5004,160.0735,-76.5083
2005-05-16,10.5317,-0.4381,-7.2509,-2.7687,-4.2287,8.355,31.3571,159.3722,-76.6112
2005-05-17,10.7198,1.7862,-3.9805,-2.7936,-2.7344,12.7399,33.7033,162.2189,-76.1934
2005-05-18,10.698,-0.2035,-4.7573,-5.2174,-5.586,12.5105,35.4275,161.8888,-76.2419
2005-05-19,10.8916,1.8094,1.3959,-1.4796,-2.5692,12.78,38.49,164.818,-75.812
2005-05-20,10.8098,-0.7509,2.1907,-5.4827,-5.3935,11.0614,37.5911,163.5804,-75.9936
2005-05-23,10.9898,1.6645,4.3489,-4.1151,-3.1276,11.5754,40.5541,166.3032,-75.594
2005-05-24,11.0361,0.4218,2.9502,-5.0434,-3.9385,10.2878,38.0176,167.0046,-75.4911
2005-05-25,11.2051,1.5316,4.7401,-1.9795,-4.345,11.2844,37.8168,169.5625,-75.1157
2005-05-26,11.2624,0.5109,3.4043,1.1261,-6.1636,10.9283,39.6746,170.4288,-74.9886
2005-05-27,11.4505,1.6703,5.9269,4.9213,-3.9,12.302,44.0226,173.2755,-74.5708
2005-05-31,11.3633,-0.7619,3.3987,2.7867,-2.747,12.0414,42.2046,171.9553,-74.7645
2005-06-01,11.5786,1.8954,4.916,2.8828,-2.3346,14.0129,42.9302,175.2146,-74.2862
2005-06-02,11.5568,-0.1884,3.1387,5.1601,-4.1011,16.5956,42.9453,174.8845,-74.3347
2005-06-03,11.6223,0.5661,3.1954,4.5365,-4.782,20.4471,45.0557,175.8746,-74.1894
2005-06-06,11.6577,0.3049,1.8095,3.736,-3.8279,19.6394,46.2334,176.4109,-74.1107
2005-06-07,11.5459,-0.9588,1.6075,3.0414,-4.6431,18.4265,42.1963,174.7195,-74.3589
2005-06-08,11.5786,0.2834,0.0,1.9689,-1.6584,21.2883,43.2151,175.2146,-74.2862
2005-06-09,11.914,2.8962,3.0904,6.7156,3.2875,23.9572,48.5473,180.2891,-73.5415
2005-06-10,11.9003,-0.1145,2.3927,5.9465,2.3255,22.7778,46.5126,180.0827,-73.5718
2005-06-13,11.9467,0.3895,2.479,11.2183,1.9855,24.1228,48.2106,180.7841,-73.4689
2005-06-14,12.0203,0.6162,4.1086,13.634,4.0621,22.7129,47.0173,181.898,-73.3054
2005-06-15,12.1648,1.2021,5.0623,15.5061,4.9673,23.8115,45.9555,184.0846,-72.9845
2005-06-16,12.3365,1.4119,3.5469,15.0814,4.6339,24.6324,46.9272,186.6837,-72.6031
2005-06-17,12.5365,1.6206,5.3455,17.1848,5.0327,27.947,48.9066,189.709,-72.1591
2005-06-20,12.5501,0.109,5.0512,15.2277,6.0679,28.1185,49.4039,189.9159,-72.1287
2005-06-21,12.2849,-2.1137,2.201,13.6454,5.085,23.8982,45.2666,185.9016,-72.7178
2005-06-22,12.356,0.5788,1.5716,12.4318,7.7538,23.5656,43.6793,186.9776,-72.5599
2005-06-23,12.3669,0.0885,0.2461,12.0586,7.9261,25.3784,44.6682,187.143,-72.5357
2005-06-24,12.2903,-0.6192,-1.9634,9.6848,7.1304,23.8855,44.5935,185.9843,-72.7057
2005-06-27,12.479,1.5354,-0.5666,10.8028,10.5619,28.0318,48.94,188.8398,-72.2866
2005-06-28,12.2466,-1.8628,-0.3116,6.9523,6.9014,24.7773,45.3702,185.3222,-72.8029
2005-06-29,12.2356,-0.0893,-0.9739,7.6772,4.6882,23.7409,44.1331,185.1567,-72.8272
2005-06-30,12.1563,-0.6482,-1.7028,4.9892,1.4999,23.4816,43.0169,183.9564,-73.0033
2005-07-01,12.4271,2.2272,1.1126,7.5301,4.6659,25.919,45.6478,188.0535,-72.402
2005-07-05,12.799,2.993,2.5641,10.125,9.1774,34.6558,49.6286,193.6819,-71.576
2005-07-06,12.5693,-1.7948,2.6351,7.8196,5.5487,32.9229,46.0681,190.2056,-72.0862
2005-07-07,12.7306,1.2837,4.0456,10.2609,7.3213,35.2121,48.6887,192.6473,-71.7279
2005-07-08,12.6459,-0.666,4.027,9.2172,8.578,32.0255,46.8659,191.3644,-71.9161
2005-07-11,12.7388,0.7353,2.5089,6.9236,8.5632,34.0612,48.7846,192.7715,-71.7096
2005-07-12,12.8537,0.9016,0.4274,8.0113,11.3005,34.2716,50.5053,194.5096,-71.4546
2005-07-13,12.7799,-0.5745,1.6754,6.9742,13.4464,33.3111,47.8666,193.3923,-71.6185
2005-07-14,12.4736,-2.3967,-2.0193,3.7709,10.7811,27.8689,43.3831,188.7572,-72.2988
2005-07-15,12.4079,-0.5263,-1.8815,1.9987,14.5528,26.3512,40.9249,187.7638,-72.4445
2005-07-18,12.356,-0.4187,-3.0056,0.1575,12.0426,24.7179,40.8091,186.9776,-72.5599
2005-07-19,12.6212,2.1469,-1.8086,0.6762,11.8218,26.1499,44.2756,190.9918,-71.9708
2005-07-20,12.6349,0.1084,-1.1342,0.6756,14.2896,26.7341,47.0613,191.1989,-71.9404
2005-07-21,12.5119,-0.974,0.3069,1.8477,9.3993,26.7781,45.1732,189.3365,-72.2137
2005-07-22,12.9604,3.5847,4.4523,4.8915,13.0783,31.0341,50.944,196.1236,-71.2177
2005-07-25,13.0807,0.9285,5.8654,5.7719,12.5487,31.0982,53.6971,197.9447,-70.9504
2005-07-26,13.0506,-0.23,3.402,6.1861,14.1645,30.2646,51.8044,197.4894,-71.0173
2005-07-27,13.1163,0.5029,3.8095,5.1063,17.7722,29.6538,51.5222,198.4826,-70.8715
2005-07-28,13.1545,0.292,5.1366,7.414,20.5355,28.8898,50.8835,199.0621,-70.7865
2005-07-29,13.0178,-1.0395,0.4432,6.3925,17.753,29.0967,48.7629,196.9928,-71.0901
2005-08-01,13.1545,1.0504,0.5645,8.2116,16.8856,28.9242,50.511,199.0621,-70.7865
2005-08-02,13.3733,1.6632,2.4728,7.6145,21.6891,28.872,51.195,202.3729,-70.3006
2005-08-03,13.3077,-0.4909,1.4595,3.9744,19.6961,26.484,54.0216,201.3795,-70.4464
2005-08-04,13.335,0.2055,1.3721,6.0923,18.6619,26.1252,56.6855,201.7934,-70.3856
2005-08-05,13.2339,-0.7588,1.6596,3.9527,18.1053,24.7193,58.6638,200.2622,-70.6103
2005-08-08,13.4253,1.4466,2.0582,6.1635,18.2316,27.3715,58.3984,203.1591,-70.1852
2005-08-09,13.3952,-0.224,0.1636,5.1524,19.9832,26.1754,58.6493,202.704,-70.252
2005-08-10,13.614,1.6333,2.3017,5.9149,21.2029,28.4663,62.0686,206.0146,-69.7661
2005-08-11,13.7453,0.9643,3.0763,7.554,27.9622,26.2415,65.7599,208.0012,-69.4746
2005-08-12,13.7206,-0.1791,3.6784,9.9977,29.7083,24.9242,63.4432,207.6286,-69.5293
2005-08-15,13.5866,-0.9766,1.2019,9.4997,29.0067,23.5514,60.8652,205.6009,-69.8269
2005-08-16,13.2885,-2.194,-0.7963,7.5476,23.9621,20.5724,61.0377,201.0899,-70.4889
2005-08-17,12.9822,-2.305,-4.6404,2.8603,21.3516,14.573,55.2957,196.4547,-71.1691
2005-08-18,12.9549,-0.2106,-5.7501,2.5325,18.9439,15.888,54.4703,196.0409,-71.2298
2005-08-19,13.1764,1.7099,-3.9665,5.3115,21.893,15.3188,55.5115,199.3931,-70.7379
2005-08-22,13.2092,0.2491,-2.7778,1.9203,20.1959,16.4366,57.8584,199.8897,-70.665
2005-08-23,13.1846,-0.1864,-0.7821,0.7944,19.468,14.7628,57.9713,199.5172,-70.7197
2005-08-24,13.3104,0.9542,2.5279,1.9908,18.7886,13.6273,58.4548,201.4209,-70.4403
2005-08-25,13.2749,-0.2671,2.4699,1.2094,17.8691,10.6042,56.9233,200.883,-70.5192
2005-08-26,13.1245,-1.1331,-0.3944,-0.2288,14.619,10.1489,54.1623,198.6067,-70.8533
2005-08-29,13.2311,0.8127,0.1657,1.6386,16.4377,13.2392,56.1075,200.2208,-70.6164
2005-08-30,13.4772,1.8602,2.2195,2.4531,16.3975,13.6801,56.4234,203.9454,-70.0698
2005-08-31,13.8492,2.7598,4.0477,3.5582,19.8355,14.9209,57.9715,209.5738,-69.2438
2005-09-01,14.2102,2.6066,7.0457,6.7818,22.267,16.4202,60.8032,215.0366,-68.4421
2005-09-02,13.934,-1.9438,6.168,4.4914,19.5259,14.9506,57.3415,210.8568,-69.0555
2005-09-06,14.0324,0.7066,6.0562,6.0343,21.5357,15.8927,58.6465,212.3466,-68.8369
2005-09-07,14.0543,0.1558,4.2816,4.6852,21.3812,19.3682,58.7485,212.6776,-68.7883
2005-09-08,14.0734,0.1363,1.6193,5.0632,18.1255,22.0088,56.7212,212.9674,-68.7458
2005-09-09,14.4399,2.604,1.6166,6.0667,21.3403,24.1621,61.6761,218.513,-67.9319
2005-09-12,14.1445,-2.0455,1.5112,2.9049,18.3972,20.748,57.2768,214.0434,-68.5879
2005-09-13,14.0242,-0.8507,-0.0585,2.2125,16.6711,21.4105,55.2407,212.2225,-68.8551
2005-09-14,14.1992,1.248,1.0314,4.5089,16.7241,22.5222,57.6959,214.8711,-68.4664
2005-09-15,14.1992,0.0,0.8939,6.8533,15.099,20.4327,57.225,214.8711,-68.4664
2005-09-16,14.3386,0.9812,-0.7018,10.4476,14.3749,20.131,56.1326,216.9794,-68.157
2005-09-19,14.7171,2.6397,4.0476,13.6023,17.2661,24.3816,60.2067,222.707,-67.3164
2005-09-20,14.5772,-0.9504,3.9429,10.6309,18.6597,24.6935,54.8504,220.5903,-67.6271
2005-09-21,14.7829,1.4111,4.1104,11.9133,19.6416,28.9184,58.0355,223.7031,-67.1703
2005-09-22,14.6732,-0.7422,3.3377,11.2901,18.6487,28.0529,58.3291,222.0428,-67.4139
2005-09-23,14.4154,-1.757,0.5355,8.3013,17.2903,25.6535,53.7949,218.1414,-67.9865
2005-09-26,14.6787,1.8265,-0.2609,10.5748,17.6266,30.0501,56.6945,222.1259,-67.4017
2005-09-27,14.6896,0.0747,0.7714,11.9257,19.9489,28.2271,54.1826,222.2919,-67.3773
2005-09-28,14.8103,0.8214,0.1854,11.9354,21.0423,26.7171,57.5533,224.1179,-67.1094
2005-09-29,14.9529,0.963,1.9066,10.9494,23.0054,24.8504,58.1143,226.2762,-66.7926
2005-09-30,14.7198,-1.5591,2.1119,6.2864,18.4495,23.9763,53.4527,222.7485,-67.3103
2005-10-03,14.6814,-0.2609,0.0187,3.3161,14.7074,25.2345,53.2253,222.1674,-67.3956
2005-10-04,14.1521,-3.6055,-3.6595,1.5653,12.5925,18.8399,46.1318,214.1572,-68.5712
2005-10-05,13.609,-3.8372,-8.1111,-3.0173,6.8998,14.7263,37.9785,205.9396,-69.7771
2005-10-06,13.2854,-2.3781,-11.1519,-5.4709,5.0572,14.0691,35.7405,201.0421,-70.4959
2005-10-07,13.5843,2.2502,-7.7139,-3.4754,6.6371,15.7686,38.6415,205.566,-69.832
2005-10-10,13.3786,-1.5142,-8.8736,-7.3496,4.0839,15.8459,37.7219,202.4532,-70.2888
2005-10-11,13.6995,2.3986,-3.1976,-3.1461,7.1962,21.6103,42.6554,207.3093,-69.5761
2005-10-12,13.4362,-1.9219,-1.2696,-4.1926,7.7177,19.3308,42.8948,203.3249,-70.1609
2005-10-13,13.0715,-2.7149,-1.6102,-7.9425,5.3477,20.6787,37.9036,197.8049,-70.971
2005-10-14,13.258,1.4268,-2.4026,-6.6291,7.3001,20.2218,39.2744,200.6271,-70.5568
2005-10-17,13.4225,1.2412,0.328,-6.3887,6.3487,18.921,42.9136,203.1173,-70.1913
2005-10-18,12.7999,-4.6383,-6.5666,-13.0265,1.3061,15.7823,36.6788,193.6961,-71.574
2005-10-19,13.0879,2.2498,-2.5924,-10.2164,4.6042,14.4362,36.7492,198.0539,-70.9344
2005-10-20,12.4928,-4.5473,-4.4272,-15.4917,-3.6079,8.9986,29.7964,189.0477,-72.2561
2005-10-21,12.6217,1.0318,-4.7994,-13.9813,-3.5092,8.5991,31.3944,190.9983,-71.9699
2005-10-24,13.0715,3.5637,-2.6155,-9.3227,0.1597,14.3468,35.9619,197.8049,-70.971
2005-10-25,13.343,2.0772,4.2426,-9.0994,1.7287,19.8081,37.2784,201.9137,-70.368
2005-10-26,13.2634,-0.5961,1.3411,-9.7088,0.8279,21.5334,38.8581,200.7101,-70.5446
2005-10-27,12.8877,-2.8329,3.1613,-12.9815,-0.9994,16.5762,37.3379,195.0241,-71.3791
2005-10-28,13.2388,2.724,4.8892,-11.4637,0.6402,17.634,39.1519,200.3366,-70.5994
2005-10-31,13.3896,1.1394,2.4339,-9.0367,0.1217,21.8373,41.5836,202.6193,-70.2644
2005-11-01,13.4719,0.6145,0.9661,-8.2384,1.234,21.1731,44.6064,203.8644,-70.0817
2005-11-02,13.7352,1.9544,3.5567,-2.9457,3.0007,22.2226,44.5343,207.8487,-69.497
2005-11-03,13.9957,1.8969,8.5976,2.8415,5.7571,24.9047,45.5346,211.7915,-68.9184
2005-11-04,13.5761,-2.9982,2.5482,2.1883,1.1234,19.5599,40.3414,205.4415,-69.8503
2005-11-07,13.3402,-1.7374,-0.3687,-1.7969,-0.4103,19.4909,40.2186,201.8722,-70.3741
2005-11-08,13.4527,0.8429,-0.1425,0.5535,-1.1848,19.7669,42.6999,203.5738,-70.1243
2005-11-09,13.3293,-0.9174,-2.9553,-2.7027,-3.0264,24.0896,39.7454,201.7063,-70.3984
2005-11-10,12.9151,-3.107,-7.7209,-3.8784,-5.8708,22.0934,35.673,195.4392,-71.3181
2005-11-11,13.0194,0.807,-4.1009,-0.3986,-4.1753,23.6203,33.9487,197.0164,-71.0867
2005-11-14,13.0879,0.5266,-1.8915,-1.2826,-1.5098,22.0906,37.6448,198.0539,-70.9344
2005-11-15,13.1099,0.1676,-2.5484,-2.3294,0.983,22.5445,37.8755,198.3859,-70.8857
2005-11-16,13.45,2.5942,0.9053,5.0782,3.8214,23.4892,39.2711,203.5324,-70.1304
2005-11-17,13.4445,-0.0408,4.0985,2.7242,2.0343,24.3727,38.1301,203.4493,-70.1426
2005-11-18,13.45,0.0408,3.3073,7.6619,1.8223,22.3863,36.553,203.5324,-70.1304
2005-11-21,13.7846,2.4878,5.3228,9.2134,4.5503,24.9042,37.7541,208.5958,-69.3873
2005-11-22,14.004,1.5917,6.8201,7.1339,5.2105,24.9781,39.0812,211.916,-68.9001
2005-11-23,13.9519,-0.3721,3.7316,4.5632,5.0997,23.8801,37.4181,211.1274,-69.0158
2005-11-25,13.9875,0.2556,4.0392,5.4591,6.576,22.1563,37.184,211.6671,-68.9366
2005-11-28,13.5158,-3.3726,0.4894,4.8734,2.1514,18.9427,33.2651,204.5284,-69.9842
2005-11-29,13.5377,0.1624,-1.7907,2.2582,0.4487,16.9198,33.3036,204.8605,-69.9355
2005-11-30,13.5898,0.3849,-2.9573,1.4953,-1.8727,17.5914,37.1064,205.6491,-69.8198
2005-12-01,14.0204,3.1685,0.4915,4.0716,-1.3354,20.6343,45.3004,212.1651,-68.8635
2005-12-02,14.0341,0.0978,0.3333,2.1765,0.7188,20.3851,44.028,212.3725,-68.8331
2005-12-05,14.1329,0.7036,4.5658,0.9798,0.7158,22.4057,44.9608,213.8667,-68.6138
2005-12-06,14.1932,0.4269,4.8419,4.5455,0.9884,22.581,48.6764,214.7797,-68.4798
2005-12-07,14.1411,-0.3671,4.0565,6.0033,0.4808,18.6934,47.129,213.9913,-68.5955
2005-12-08,14.3907,1.7649,2.6408,6.9725,-0.3409,20.9267,48.471,217.768,-68.0413
2005-12-09,14.2124,-1.2388,1.2703,6.6255,0.4798,18.9653,47.663,215.0703,-68.4372
2005-12-12,14.3962,1.2929,1.863,11.4674,2.6522,19.7655,46.9676,217.851,-68.0291
2005-12-13,14.3358,-0.4192,1.0048,10.1116,0.9619,17.8468,45.908,216.9379,-68.1631
2005-12-14,14.5086,1.2053,2.5989,10.855,2.1788,17.6068,46.5762,219.5527,-67.7793
2005-12-15,14.3934,-0.794,0.0191,9.7908,0.3826,14.8124,46.8991,217.8095,-68.0352
2005-12-16,14.0434,-2.4321,-1.1894,4.412,-4.5776,11.8981,43.3621,212.5122,-68.8126
2005-12-19,13.9279,-0.8223,-3.2528,3.5956,-4.4542,13.3743,40.4687,210.7646,-69.069
2005-12-20,14.1176,1.3622,-1.5222,4.964,-4.5003,14.2574,41.1829,213.6357,-68.6477
2005-12-21,14.1479,0.2143,-2.4864,2.6356,-3.58,14.4011,43.4343,214.0936,-68.5805
2005-12-22,14.1314,-0.1166,-1.8207,0.9097,-1.9701,14.9796,42.443,213.8439,-68.6171
2005-12-23,14.0929,-0.2724,0.3525,1.0107,-3.9908,12.9324,44.5894,213.2613,-68.7026
2005-12-27,13.6776,-2.9463,-1.7967,-2.2153,-6.8891,11.6854,39.3581,206.9779,-69.6248
2005-12-28,13.8839,1.5078,-1.6556,2.7235,-6.2553,13.4708,40.4098,210.0987,-69.1668
2005-12-29,13.7766,-0.7724,-2.6239,1.7648,-7.8666,13.329,39.9405,208.476,-69.4049
2005-12-30,13.8344,0.4192,-2.1016,1.7995,-6.0151,11.3246,40.1789,209.3498,-69.2767
2006-01-03,14.4916,4.7505,2.8293,3.3606,-1.2929,13.2244,52.4631,219.2951,-67.8172
2006-01-04,14.5328,0.2846,6.2525,3.5535,2.6905,15.6219,53.6879,219.9192,-67.7256
2006-01-05,14.3486,-1.2677,3.3472,1.5264,5.4344,12.7092,52.3964,217.1312,-68.1347
2006-01-06,14.7006,2.453,6.7065,3.5747,10.6522,16.2481,53.4771,222.4575,-67.353
2006-01-09,14.6841,-0.1122,6.1419,3.8397,8.0957,15.2701,54.5324,222.2079,-67.3897
2006-01-10,14.8436,1.0862,2.4289,3.1472,10.9498,15.4809,55.0581,224.6215,-67.0355
2006-01-11,14.9068,0.426,2.5733,4.8859,8.8125,16.6429,55.4979,225.5784,-66.895
2006-01-12,14.7996,-0.7194,3.143,2.8022,10.1467,18.6475,51.7132,223.9556,-67.1332
2006-01-13,14.9756,1.1891,1.8706,4.4625,14.5668,20.6935,52.4977,226.6187,-66.7424
2006-01-17,15.3055,2.2035,4.2322,5.4928,15.4441,23.8716,54.49,231.6122,-66.0095
2006-01-18,15.179,-0.8265,2.26,5.4582,13.0863,20.2659,51.7152,229.698,-66.2905
2006-01-19,15.443,1.7392,3.5971,9.9667,20.6492,22.225,54.9007,233.6928,-65.7042
2006-01-20,15.5118,0.4452,4.8123,11.3721,18.5198,23.9766,57.1753,234.7331,-65.5515
2006-01-23,15.6823,1.0991,4.7191,11.083,25.5307,21.0017,58.5535,237.313,-65.1729
2006-01-24,15.5888,-0.5962,1.8505,10.1846,23.508,19.1738,56.2347,235.8982,-65.3805
2006-01-25,15.2615,-2.0991,0.5435,7.9976,16.7546,16.9411,52.3329,230.9463,-66.1073
2006-01-26,15.311,0.3243,-0.8547,8.6439,14.7497,16.7333,51.3492,231.6954,-65.9973
2006-01-27,15.5778,1.7421,0.4255,13.8923,17.4489,18.4213,52.6329,235.7318,-65.405
2006-01-30,15.9352,2.2947,1.6132,14.7752,23.6469,22.4112,58.0288,241.1412,-64.6111
2006-01-31,15.8555,-0.5004,1.7111,15.0898,19.7657,20.5325,55.3956,239.9346,-64.7882
2006-02-01,15.4788,-2.376,1.4235,11.8863,15.6029,15.7436,49.1612,234.2338,-65.6248
2006-02-02,15.3248,-0.9949,0.0898,5.7495,13.7538,15.1574,45.6558,231.9035,-65.9668
2006-02-03,15.1846,-0.9151,-2.5243,4.4844,10.5522,13.8696,43.6182,229.7813,-66.2782
2006-02-06,15.4815,1.9558,-2.8472,7.8958,10.6161,16.9843,45.902,234.2754,-65.6187
2006-02-07,14.8353,-4.1741,-6.4343,0.9166,9.2752,10.5028,40.7491,224.4966,-67.0538
2006-02-08,14.8381,0.0185,-4.1393,1.0487,11.2279,10.7715,39.7663,224.5382,-67.0477
2006-02-09,14.4998,-2.2794,-5.3831,-2.3157,7.784,6.507,36.8256,219.42,-67.7988
2006-02-10,14.4476,-0.3604,-4.8533,-3.0806,8.3899,5.1096,32.692,218.6293,-67.9149
2006-02-13,14.3899,-0.3997,-7.0515,-2.7685,11.4185,4.8774,31.0173,217.7554,-68.0431
2006-02-14,14.2276,-1.1275,-4.0964,-4.9945,9.2804,4.7176,29.38,215.3003,-68.4034
2006-02-15,14.1506,-0.5412,-4.6331,-7.5458,8.1196,6.4873,28.3943,214.1351,-68.5744
2006-02-16,14.4751,2.293,-0.1708,-4.6377,10.4137,11.4991,27.7479,219.0453,-67.8538
2006-02-17,14.5768,0.7029,0.8945,-5.609,8.3784,12.5199,30.397,220.585,-67.6278
2006-02-21,14.8628,1.9619,3.2868,-4.1837,10.5497,12.7986,30.078,224.9126,-66.9927
2006-02-22,14.5851,-1.8686,2.5126,-6.9963,8.4397,10.4159,28.5645,220.7099,-67.6095
2006-02-23,14.5686,-0.1131,2.9538,-6.5443,5.6877,10.4969,26.8093,220.4602,-67.6462
2006-02-24,14.7473,1.2269,1.8807,-3.3693,5.3082,10.7953,25.8937,223.1649,-67.2492
2006-02-27,14.4916,-1.7341,-0.5848,-5.352,3.8686,9.1656,20.7417,219.2951,-67.8172
2006-02-28,14.3926,-0.6831,-3.1637,-7.6081,2.8961,9.6625,20.792,217.797,-68.037
2006-03-01,14.6373,1.7005,0.3583,-8.1449,8.2982,10.6282,25.2744,221.5006,-67.4935
2006-03-02,14.8821,1.6719,2.1517,-6.1394,9.9304,10.4236,25.5297,225.2039,-66.95
2006-03-03,14.8848,0.0185,0.9323,-3.8373,9.5291,7.4779,23.5146,225.2455,-66.9439
2006-03-06,14.3679,-3.4731,-0.8539,-6.2444,2.478,1.1095,17.712,217.4226,-68.092
2006-03-07,14.1561,-1.4737,-1.6431,-6.7729,0.8692,1.5943,16.7832,214.2184,-68.5622
2006-03-08,14.1561,0.0,-3.2877,-8.5613,0.1645,0.8815,16.9142,214.2184,-68.5622
2006-03-09,14.0544,-0.7187,-5.5617,-5.2641,-0.9782,0.0006,19.3689,212.6788,-68.7881
2006-03-10,14.1314,0.5478,-5.0619,-4.7628,-0.0689,0.4116,22.511,213.8439,-68.6171
2006-03-13,14.4091,1.9653,0.287,-0.6259,0.128,-0.2134,23.8972,218.0467,-68.0004
2006-03-14,14.6758,1.8512,3.6713,1.5797,3.2607,3.7561,25.2834,222.083,-67.408
2006-03-15,14.7528,0.5247,4.2152,2.5224,2.4775,5.1954,27.7182,223.2482,-67.237
2006-03-16,14.9866,1.5843,6.6327,5.3344,4.5392,5.5448,29.3157,226.7852,-66.7179
2006-03-17,14.7965,-1.268,4.707,4.5646,1.9845,4.2065,25.4986,223.9096,-67.1399
2006-03-20,14.4683,-2.2181,0.4111,-0.0466,0.5204,0.905,21.2182,218.9431,-67.8688
2006-03-21,14.4435,-0.1716,-1.583,-0.9146,2.8494,-1.8587,22.0698,218.5675,-67.9239
2006-03-22,14.54,0.6683,-1.4423,-2.1717,4.3952,-0.2548,24.3758,220.0282,-67.7096
2006-03-23,14.7552,1.4796,-1.544,1.1661,4.5161,-0.1875,28.6767,223.2836,-67.2318
2006-03-24,14.8545,0.6729,0.3914,1.9622,4.9943,1.2355,29.635,224.786,-67.0113
2006-03-27,14.9317,0.5199,3.2025,1.2501,5.6634,3.5817,30.154,225.9547,-66.8398
2006-03-28,15.0475,0.7757,4.1818,3.8361,6.7739,2.5128,33.3181,227.7075,-66.5826
2006-03-29,15.224,1.173,4.7041,5.7768,11.3059,3.6379,32.8918,230.3786,-66.1906
2006-03-30,15.2158,-0.0543,3.1215,3.9516,9.593,2.7376,30.1861,230.2534,-66.2089
2006-03-31,15.0034,-1.3957,1.0026,0.8152,8.9045,0.3374,25.2717,227.0398,-66.6806
2006-04-03,15.0861,0.5514,1.0343,1.3524,9.0479,2.4886,27.0615,228.2917,-66.4968
2006-04-04,15.2847,1.3164,1.5763,6.3812,5.4729,4.1093,30.3807,231.2968,-66.0558
2006-04-05,15.5357,1.642,2.0471,9.7453,6.9005,9.7767,30.4585,235.0946,-65.4985
2006-04-06,15.5688,0.2131,2.3201,9.9792,8.5038,14.4003,31.2472,235.5956,-65.425
2006-04-07,15.2654,-1.9487,1.7463,8.6167,3.8421,14.9036,31.0694,231.0046,-66.0987
2006-04-10,15.555,1.897,3.1079,10.0741,5.9309,14.5067,32.5629,235.3868,-65.4556
2006-04-11,15.4447,-0.7092,1.0466,7.1869,4.0495,15.4427,33.7357,233.7175,-65.7006
2006-04-12,15.3426,-0.6607,-1.2426,4.5435,2.9235,11.9937,36.1959,232.1733,-65.9272
2006-04-13,15.3923,0.3235,-1.1338,4.3343,4.0047,14.5577,36.7027,232.9244,-65.817
2006-04-17,15.6763,1.8456,2.692,4.6026,4.6795,19.9279,44.7274,237.2232,-65.1861
2006-04-18,16.0597,2.4454,3.2447,8.5368,4.9273,21.1323,45.6275,243.0243,-64.3347
2006-04-19,16.3079,1.5456,5.5893,12.7145,7.437,21.4965,44.485,246.7806,-63.7835
2006-04-20,16.1397,-1.0316,5.195,11.7434,4.511,26.0917,45.9919,244.2347,-64.1571
2006-04-21,16.4761,2.0848,7.0418,13.3157,6.217,25.8882,44.0617,249.3265,-63.4099
2006-04-24,16.2252,-1.5233,3.5011,9.9626,3.4619,29.8765,41.5636,245.5286,-63.9672
2006-04-25,16.0156,-1.2919,-0.2748,7.8166,2.7378,26.8894,37.8008,242.3566,-64.4327
2006-04-26,15.7618,-1.5843,-3.3486,5.5596,3.2781,20.5819,37.8816,238.5169,-64.9962
2006-04-27,15.5826,-1.1373,-3.4518,3.5557,1.7734,16.7846,39.9174,235.8042,-65.3943
2006-04-28,15.7591,1.1328,-4.3522,3.5145,1.1638,18.8158,44.401,238.4754,-65.0023
2006-05-01,16.0183,1.645,-1.2749,5.2746,0.5213,24.2914,44.8942,242.3983,-64.4266
2006-05-02,16.3741,2.2211,2.2387,9.1361,3.2708,23.683,45.4932,247.7823,-63.6365
2006-05-03,16.1204,-1.5496,2.2748,6.8557,4.1449,20.3946,46.6855,243.9426,-64.2
2006-05-04,16.0459,-0.462,2.9734,4.9801,4.7055,19.1065,44.325,242.8157,-64.3654
2006-05-05,16.2334,1.1688,3.0102,4.4915,6.9077,18.1888,44.4534,245.6538,-63.9488
2006-05-08,16.1617,-0.4417,0.8954,3.8087,4.3937,15.4762,44.2351,244.5687,-64.1081
2006-05-09,16.2583,0.5973,-0.7074,6.5041,9.5916,19.7564,43.1806,246.0294,-63.8937
2006-05-10,16.41,0.933,1.7964,5.4965,10.5936,23.0109,46.9868,248.3248,-63.5569
2006-05-11,16.1976,-1.2941,0.9453,4.875,11.7087,20.404,44.2042,245.1111,-64.0285
2006-05-12,15.6488,-3.3883,-3.6017,1.9953,8.3139,17.4014,45.6829,236.806,-65.2473
2006-05-15,15.3206,-2.0973,-5.2048,-0.4658,6.4678,18.6248,44.8331,231.8394,-65.9762
2006-05-16,15.3757,0.36,-5.4283,-1.9176,8.0696,18.0989,45.9942,232.6741,-65.8537
2006-05-17,14.9841,-2.5471,-8.6891,-6.6976,5.8899,14.4878,39.7788,226.7476,-66.7234
2006-05-18,14.802,-1.2148,-8.6157,-9.2339,2.2588,12.9077,38.3623,223.9931,-67.1277
2006-05-19,14.8986,0.6522,-4.7939,-7.6897,2.2072,10.7705,36.7896,225.4539,-66.9133
2006-05-22,14.8131,-0.5739,-3.3123,-10.0937,-0.3346,10.1798,37.0336,224.1601,-67.1032
2006-05-23,14.8158,0.0186,-3.6413,-8.6861,1.5821,10.1554,34.8151,224.2018,-67.0971
2006-05-24,14.6338,-1.2286,-2.3375,-8.6275,0.4477,6.1609,32.5995,221.4473,-67.5013
2006-05-25,15.1468,3.5055,2.3291,-3.902,2.7088,8.1608,35.1773,229.2101,-66.3621
2006-05-26,15.1964,0.3277,1.9993,-2.4779,4.8639,8.9206,34.931,229.9613,-66.2518
2006-05-30,14.9565,-1.579,0.9681,-5.0929,3.9179,6.9274,30.6186,226.3302,-66.7847
2006-05-31,15.3206,2.4342,3.4066,-4.356,4.6676,13.3532,34.8254,231.8394,-65.9762
2006-06-01,15.3619,0.27,4.9755,-6.1816,3.2244,13.4749,32.6747,232.4654,-65.8843
2006-06-02,15.5908,1.4901,2.9315,-3.2849,4.7432,14.7243,34.9058,235.9294,-65.376
2006-06-05,15.0999,-3.1487,-0.6352,-5.8955,5.0951,7.6994,29.9224,228.5006,-66.4662
2006-06-06,15.0861,-0.0914,0.8667,-7.0677,6.5696,7.4959,29.4091,228.2917,-66.4968
2006-06-07,14.5069,-3.8391,-5.3106,-10.239,2.4783,2.6469,25.6456,219.5274,-67.7831
2006-06-08,14.711,1.4069,-4.237,-9.5166,4.6724,3.6484,27.0533,222.6159,-67.3298
2006-06-09,14.5621,-1.0124,-6.5983,-11.2605,3.0481,2.9772,22.2271,220.3621,-67.6606
2006-06-12,14.2642,-2.0455,-5.5343,-11.936,-1.0053,-0.8786,19.8642,215.8547,-68.322
2006-06-13,13.8423,-2.9582,-8.2449,-11.544,-5.6798,-2.6043,15.8671,209.4692,-69.2592
2006-06-14,14.1981,2.5703,-2.1292,-7.3267,-3.7604,-1.3761,18.1174,214.8531,-68.469
2006-06-15,14.7386,3.8073,0.1875,-4.1435,-1.6544,2.8097,21.158,223.0333,-67.2685
2006-06-16,14.699,-0.2686,0.9403,-1.9023,-0.6589,1.3124,19.1503,222.4342,-67.3565
2006-06-19,14.1454,-3.7665,-0.8332,-4.4362,-2.232,-1.7232,12.834,214.0563,-68.586
2006-06-20,14.079,-0.4697,1.7099,-5.5014,-2.524,0.2535,12.1817,213.0508,-68.7335
2006-06-21,14.3945,2.2415,1.3838,-2.8256,-1.0007,3.3505,17.1729,217.8263,-68.0327
2006-06-22,14.4554,0.4231,-1.9214,-2.4326,-2.0314,2.3929,16.9915,218.7479,-67.8975
2006-06-23,14.7765,2.2213,0.5273,0.9753,-0.5245,4.4436,19.4846,223.607,-67.1843
2006-06-26,14.9399,1.1053,5.6164,-1.3662,0.0548,5.7213,21.5579,226.0786,-66.8216
2006-06-27,14.9675,0.1853,6.3115,-1.5063,-0.5314,6.2065,19.9416,226.4975,-66.7602
2006-06-28,15.225,1.72,5.7692,1.7952,0.0063,11.3129,24.3203,230.3932,-66.1884
2006-06-29,15.6568,2.8364,8.311,2.1949,2.8988,12.7699,27.9609,236.9281,-65.2294
2006-06-30,15.7094,0.3359,6.3132,2.262,4.7058,14.0293,29.2283,237.7238,-65.1126
2006-07-03,15.8783,1.0749,6.2812,1.8437,5.2509,14.774,27.7717,240.2791,-64.7376
2006-07-05,15.9502,0.4533,6.5655,5.6314,4.3543,10.0655,24.621,241.3683,-64.5778
2006-07-06,15.9087,-0.2603,4.4909,5.4528,2.4013,9.4674,26.5683,240.7399,-64.67
2006-07-07,15.6928,-1.3573,0.2298,8.1744,0.7966,9.3682,23.268,237.4725,-65.1495
2006-07-10,15.7399,0.2999,0.1939,6.9936,3.1082,7.0697,24.4666,238.1847,-65.045
2006-07-11,16.0278,1.8291,0.9415,10.0648,3.0394,9.1506,25.818,242.5412,-64.4056
2006-07-12,15.9724,-0.3454,0.1389,11.9751,3.4169,7.6048,24.263,241.7035,-64.5286
2006-07-13,15.8202,-0.9532,-0.5568,14.2887,3.1124,6.127,23.7896,239.3996,-64.8667
2006-07-14,16.0056,1.1723,1.9933,12.731,3.9848,8.1492,28.3162,242.2061,-64.4548
2006-07-17,15.488,-3.2342,-1.6004,5.0842,-1.2016,3.4216,24.8232,234.3728,-65.6044
2006-07-18,15.5073,0.1251,-3.247,5.4991,-3.4393,1.3185,25.5048,234.666,-65.5614
2006-07-19,15.6679,1.0353,-1.9064,10.7632,-3.9245,3.2206,24.1391,237.0955,-65.2048
2006-07-20,15.2887,-2.4205,-3.3596,8.5922,-5.2728,-0.9997,21.0031,231.3566,-66.047
2006-07-21,15.081,-1.3579,-5.7766,4.7692,-8.4674,-2.7768,20.534,228.2149,-66.5081
2006-07-24,15.535,3.0103,0.3038,7.4684,-4.2536,-0.9389,19.8656,235.0848,-65.4999
2006-07-25,15.8063,1.7463,1.9279,6.9689,-1.3066,1.3955,20.8368,239.1901,-64.8974
2006-07-26,16.1246,2.014,2.9152,7.9303,2.3019,5.6554,23.5546,244.0073,-64.1905
2006-07-27,15.9862,-0.8584,4.5627,6.806,2.5906,4.4099,21.8811,241.9128,-64.4979
2006-07-28,15.9918,0.0346,6.0389,5.0363,1.4766,2.6576,21.5684,241.9966,-64.4856
2006-07-31,16.2354,1.5233,4.5083,3.6952,1.3551,1.8834,24.7167,245.683,-63.9446
2006-08-01,16.2548,0.1193,2.8371,3.4714,-0.7289,2.518,23.5676,245.9762,-63.9015
2006-08-02,16.288,0.2044,1.0129,2.5803,1.0397,5.2277,21.7944,246.4789,-63.8278
2006-08-03,16.1468,-0.8668,1.0044,1.2322,0.6288,5.3639,21.3343,244.3425,-64.1413
2006-08-04,16.0112,-0.84,0.1212,0.6438,-1.3694,5.4437,20.0683,242.2899,-64.4425
2006-08-07,16.18,1.0546,-0.341,3.1046,0.113,4.5117,22.2623,244.8451,-64.0675
2006-08-08,16.0859,-0.5817,-1.0388,2.1984,-1.0603,8.4297,19.8178,243.4209,-64.2765
2006-08-09,16.2215,0.8432,-0.4079,1.209,-1.1482,9.3237,21.0995,245.4735,-63.9753
2006-08-10,16.0887,-0.8191,-0.36,0.7279,-0.6725,10.9574,18.1774,243.4628,-64.2704
2006-08-11,16.097,0.0517,0.536,1.7498,2.8642,11.4163,17.1092,243.5886,-64.2519
2006-08-14,15.7648,-2.0637,-2.5663,-1.5047,2.8995,9.5548,14.8982,238.5616,-64.9897
2006-08-15,15.8451,0.5093,-1.4971,2.3056,3.0525,11.3684,16.6223,239.7765,-64.8114
2006-08-16,15.7786,-0.4193,-2.7303,1.7494,5.3027,11.5049,18.7386,238.7712,-64.9589
2006-08-17,15.6679,-0.7018,-2.6153,0.0,5.8495,8.2404,20.6871,237.0955,-65.2048
2006-08-18,15.9115,1.5547,-1.1523,4.0739,6.7987,9.156,22.8222,240.7818,-64.6639
2006-08-21,16.0167,0.6612,1.5979,6.2041,8.1253,7.7635,21.5557,242.3737,-64.4302
2006-08-22,16.1246,0.674,1.7644,3.7954,8.8338,10.5557,22.071,244.0073,-64.1905
2006-08-23,15.7869,-2.0944,0.0526,-0.1226,7.8797,8.3627,19.7374,238.8967,-64.9405
2006-08-24,15.9918,1.2976,2.0671,-0.824,5.5785,8.4384,20.1447,241.9966,-64.4856
2006-08-25,16.1163,0.779,1.2874,0.8139,6.0534,11.2116,21.4048,243.8816,-64.2089
2006-08-28,15.8838,-1.4428,-0.8296,-0.675,6.2002,10.361,21.0246,240.363,-64.7253
2006-08-29,15.7842,-0.6274,-2.1115,-2.7792,3.0261,7.8349,19.2958,238.855,-64.9466
2006-08-30,15.5184,-1.6837,-1.7008,-4.53,1.0187,4.2759,15.1453,234.8335,-65.5368
2006-08-31,15.4105,-0.6957,-3.6351,-5.3875,-1.1569,3.5314,11.2734,233.1998,-65.7765
2006-09-01,15.6402,1.4909,-2.9543,-3.1373,3.5782,8.8556,10.0634,236.6767,-65.2663
2006-09-05,15.8451,1.3098,-0.244,-1.0373,5.0308,11.9309,13.7153,239.7765,-64.8114
2006-09-06,15.308,-3.3893,-3.0165,-5.3892,5.5221,8.1372,9.0904,231.6499,-66.004
2006-09-07,15.3219,0.0905,-1.2665,-4.7496,4.1523,9.0186,9.0192,231.8595,-65.9733
2006-09-08,14.9343,-2.5294,-3.0896,-7.9351,2.5561,5.6822,6.1171,225.9949,-66.8339
2006-09-11,14.472,-3.0955,-7.4691,-10.0482,1.4567,0.4368,0.2225,218.9991,-67.8606
2006-09-12,14.3807,-0.6312,-9.2418,-10.6621,3.8897,-2.011,1.6695,217.6169,-68.0634
2006-09-13,14.6797,2.0789,-4.1049,-6.8832,3.392,-0.496,4.6736,222.1409,-67.3995
2006-09-14,14.353,-2.2252,-6.3235,-9.4165,-2.6164,-4.2275,1.0829,217.1979,-68.1249
2006-09-15,14.4022,0.3425,-3.5634,-8.7236,-2.0196,-2.6652,1.4291,217.9419,-68.0157
2006-09-18,14.7494,2.4108,1.9164,-5.8624,4.2698,1.9425,2.8651,223.1961,-67.2447
2006-09-19,14.5272,-1.5066,1.0186,-8.7001,3.1836,0.5792,-1.2903,219.8335,-67.7381
2006-09-20,14.1383,-2.6769,-3.6878,-11.7277,-1.7801,-2.763,-3.0108,213.9488,-68.6017
2006-09-21,14.3188,1.277,-0.238,-11.199,-0.9449,-2.9571,-3.139,216.681,-68.2008
2006-09-22,14.2577,-0.4267,-1.0028,-9.6864,-3.5109,-4.017,-2.8312,215.7563,-68.3365
2006-09-25,14.2772,0.1363,-3.2015,-10.7217,-4.4357,-4.3833,-0.9585,216.0505,-68.2933
2006-09-26,14.5911,2.1984,0.4397,-9.4642,-2.5154,-3.0334,-0.5968,220.8002,-67.5963
2006-09-27,14.8327,1.6562,4.9116,-6.6174,-2.5765,-2.5703,0.974,224.4571,-67.0596
2006-09-28,14.7855,-0.3184,3.259,-6.3271,-5.5652,-2.8277,-0.1675,223.7425,-67.1645
2006-09-29,14.8466,0.4133,4.1301,-4.3291,-5.4923,-1.0449,-0.711,224.6673,-67.0287
2006-10-02,14.6772,-1.1413,2.8016,-4.7584,-7.5645,-2.7108,-0.2896,222.1033,-67.405
2006-10-03,14.1383,-3.6715,-3.103,-9.6029,-11.36,-7.5003,-3.6993,213.9488,-68.6017
2006-10-04,14.3466,1.4735,-3.2772,-9.4568,-9.8191,-7.6537,1.3747,217.1013,-68.1391
2006-10-05,14.6216,1.9167,-1.1084,-4.484,-6.826,-6.0837,7.4405,221.2626,-67.5284
2006-10-06,14.6355,0.095,-1.4219,-4.4798,-7.0164,-4.1263,10.1623,221.4727,-67.4976
2006-10-09,14.4161,-1.4993,-1.779,-3.4703,-10.0557,-7.3219,6.1227,218.1521,-67.9849
2006-10-10,14.6855,1.869,3.8703,1.475,-8.057,-4.9154,9.7682,222.2294,-67.3865
2006-10-11,14.4522,-1.5888,0.7357,0.497,-8.6471,-5.8038,5.4939,218.6985,-67.9047
2006-10-12,14.791,2.3448,1.1588,0.7588,-7.5884,-3.9059,10.0832,223.8266,-67.1521
2006-10-13,14.9938,1.371,2.4484,4.4647,-3.1905,-4.3538,14.7065,226.8951,-66.7018
2006-10-16,15.3466,2.3527,6.4547,6.5574,-1.0367,-4.4403,15.7536,232.2332,-65.9184
2006-10-17,15.1799,-1.0859,3.3668,2.9191,-3.1145,-6.9168,13.0929,229.7113,-66.2885
2006-10-18,15.0827,-0.6405,4.3628,3.824,-1.3471,-6.5489,17.8341,228.2399,-66.5044
2006-10-19,15.3938,2.0627,4.0752,8.8802,2.0739,-6.5691,17.6184,232.9479,-65.8135
2006-10-20,15.1938,-1.2992,1.3338,6.1106,-2.1964,-6.3566,21.6208,229.9214,-66.2577
2006-10-23,15.2216,0.1828,-0.8145,6.7601,-3.6993,-4.9575,20.5989,230.3418,-66.196
2006-10-24,15.4994,1.8248,2.1043,8.5603,-3.8778,-1.6652,18.574,234.5451,-65.5791
2006-10-25,15.766,1.7204,4.5304,8.0526,-1.3776,1.1773,18.1595,238.5802,-64.9869
2006-10-26,15.7299,-0.229,2.1833,6.0487,-1.6375,-0.1851,18.5959,238.0339,-65.0671
2006-10-27,15.6021,-0.8124,2.6873,5.5232,-3.9005,-2.5983,21.062,236.1002,-65.3509
2006-10-30,15.3216,-1.7981,0.6569,3.1992,-5.7409,-6.428,15.7327,231.8549,-65.9739
2006-10-31,15.4799,1.0334,-0.1255,5.4693,-4.9611,-3.973,15.6113,234.2508,-65.6223
2006-11-01,15.3216,-1.0228,-2.8189,8.3693,-5.1107,-4.5141,13.7299,231.8549,-65.9739
2006-11-02,15.3827,0.3988,-2.2074,7.2216,-3.9252,-5.2408,11.9947,232.7796,-65.8382
2006-11-03,15.7216,2.203,0.7655,7.5228,-2.8334,-2.7236,12.3311,237.9077,-65.0856
2006-11-06,15.8355,0.7244,3.3539,8.1989,-1.5569,-2.6006,16.642,239.6311,-64.8327
2006-11-07,15.7132,-0.7718,1.5073,8.9981,-3.1334,-4.2457,17.7882,237.7817,-65.1041
2006-11-08,15.9771,1.6793,4.2786,8.7952,-0.6933,-1.3611,18.7652,241.7749,-64.5181
2006-11-09,16.1104,0.8344,4.7309,11.4741,0.0836,2.9502,20.865,243.7923,-64.222
2006-11-10,15.9577,-0.9482,1.5018,7.8873,1.2235,4.1585,23.5579,241.4805,-64.5613
2006-11-13,15.9299,-0.1741,0.5963,6.243,0.5353,3.6042,22.3554,241.0601,-64.623
2006-11-14,16.0243,0.5929,1.9798,4.4163,1.5572,6.9424,22.436,242.4893,-64.4133
2006-11-15,16.1743,0.9361,1.2343,6.5508,3.2323,9.2709,23.3753,244.7592,-64.0801
2006-11-16,15.7299,-2.7477,-2.362,4.2911,-1.1412,5.5799,16.9514,238.0339,-65.0671
2006-11-17,15.8604,0.8299,-0.6092,3.0313,-0.9755,7.0705,17.9701,240.0093,-64.7772
2006-11-20,15.8188,-0.2627,-0.6975,4.1133,-1.8969,6.7693,17.6121,239.3787,-64.8698
2006-11-21,16.1104,1.8437,0.5373,5.8394,2.0492,10.0904,16.873,243.7923,-64.222
2006-11-22,16.016,-0.5862,-0.9789,3.3333,0.1515,5.7385,14.3675,242.3632,-64.4318
2006-11-24,15.9827,-0.2081,1.6069,1.3742,-0.8294,5.1737,14.5559,241.8588,-64.5058
2006-11-27,15.9104,-0.4519,0.3153,1.1478,0.1677,6.3782,13.7475,240.766,-64.6662
2006-11-28,16.166,1.6062,2.195,3.6141,2.4191,5.5183,19.6084,244.6331,-64.0987
2006-11-29,16.6799,3.1787,3.5345,8.8652,7.4843,8.5793,23.2103,252.4092,-62.9575
2006-11-30,16.8076,0.766,4.9428,8.5771,9.0664,7.8046,23.678,254.3427,-62.6737
2006-12-01,16.866,0.347,5.5266,10.0798,7.8371,11.6957,20.2957,255.2253,-62.5442
2006-12-04,16.841,-0.1482,5.8485,9.48,6.2853,11.6323,20.0001,254.8472,-62.5997
2006-12-05,16.9076,0.3958,4.5876,7.5442,10.4494,16.5485,19.6334,255.8559,-62.4516
2006-12-06,16.8604,-0.2793,1.0824,6.4725,10.0414,14.6106,18.7921,255.1413,-62.5565
2006-12-07,16.7604,-0.5931,-0.2809,6.6643,12.2274,15.0961,18.5227,253.6282,-62.7786
2006-12-08,16.741,-0.116,-0.7411,4.7809,15.6781,17.3632,16.332,253.334,-62.8217
2006-12-11,16.6993,-0.2489,-0.8412,3.6552,16.1231,20.6399,17.4981,252.7035,-62.9143
2006-12-12,16.7382,0.2328,-1.0021,4.8912,14.0231,17.8907,16.2684,253.2919,-62.8279
2006-12-13,16.9076,1.0123,0.2801,6.1378,17.7985,14.7165,17.9397,255.8559,-62.4516
2006-12-14,17.1521,1.4457,2.3367,7.0376,19.0936,16.6884,18.2198,259.5548,-61.9088
2006-12-15,16.9972,-0.9031,1.5303,5.0873,15.2398,20.1603,18.0898,257.2108,-62.2528
2006-12-18,16.5068,-2.8847,-1.1526,4.9392,13.6273,17.2447,17.5419,249.7909,-63.3417
2006-12-19,16.7882,1.7046,0.2989,5.8496,18.7428,16.6291,20.5368,254.0489,-62.7168
2006-12-20,16.5598,-1.3607,-2.0574,4.6843,15.6502,14.5574,17.2987,250.5919,-63.2242
2006-12-21,16.4818,-0.4711,-3.908,2.3049,15.5987,11.5401,16.4964,249.4114,-63.3974
2006-12-22,16.323,-0.9635,-3.9665,1.9166,14.329,9.2577,15.5087,247.0084,-63.7501
2006-12-26,16.3425,0.1194,-0.9959,2.2511,12.0032,9.1859,15.9626,247.3033,-63.7068
2006-12-27,16.5347,1.1763,-1.5102,3.9234,11.4744,8.6023,20.8884,250.2123,-63.2799
2006-12-28,16.4985,-0.219,-0.3702,2.0566,11.5855,5.3756,18.8319,249.6643,-63.3603
2006-12-29,16.3341,-0.9963,-0.8959,-2.0729,10.0191,3.9766,18.5638,247.177,-63.7253
2007-01-03,15.763,-3.4965,-3.4306,-6.2153,7.398,-0.7261,13.9406,238.5344,-64.9937
2007-01-04,15.476,-1.8204,-5.3017,-8.2411,9.4617,-2.9731,6.7931,234.1921,-65.6309
2007-01-05,15.5791,0.6661,-5.7792,-7.4928,8.5908,-2.0719,7.1994,235.752,-65.402
2007-01-08,15.5791,0.0,-5.5724,-7.8575,6.5485,-0.7245,8.5758,235.752,-65.402
2007-01-09,15.4454,-0.8584,-5.4409,-8.3926,5.5337,-1.871,5.0665,233.7284,-65.699
2007-01-10,15.1473,-1.93,-3.906,-9.6246,5.0723,-5.4935,3.1545,229.2173,-66.361
2007-01-11,15.0609,-0.5702,-2.6823,-10.0356,2.5564,-5.7066,1.4642,227.9104,-66.5528
2007-01-12,15.4454,2.5527,-0.8584,-7.5088,6.8724,-2.3689,3.6129,233.7284,-65.699
2007-01-16,15.2866,-1.0282,-1.8777,-8.6725,3.3502,-4.4924,3.2907,231.3253,-66.0517
2007-01-17,15.4565,1.1117,0.0721,-8.5826,3.0859,-0.2031,3.2116,233.8968,-65.6743
2007-01-18,15.3423,-0.739,1.2874,-10.5513,-0.0279,-1.0643,0.2401,232.1684,-65.9279
2007-01-19,15.763,2.742,4.6615,-7.2611,3.841,0.6069,3.847,238.5344,-64.9937
2007-01-22,15.6543,-0.6893,1.3528,-5.1646,3.79,2.3918,1.3683,236.8903,-65.2349
2007-01-23,16.0611,2.5983,5.0665,-4.3312,4.3347,6.4985,3.5412,243.0454,-64.3317
2007-01-24,16.1307,0.4337,4.362,-2.5909,6.1665,3.8346,2.8597,244.0994,-64.177
2007-01-25,15.7992,-2.0553,2.9781,-4.1413,3.7947,-0.045,1.3499,239.0825,-64.9132
2007-01-26,15.8382,0.2469,0.4772,-2.9698,2.1862,-1.7764,3.7785,239.6727,-64.8266
2007-01-29,15.7602,-0.4925,0.6763,-3.5628,-0.0368,-1.4139,2.9336,238.4923,-64.9998
2007-01-30,16.0806,2.0328,0.1214,-2.7464,2.2294,0.5553,3.2277,243.3405,-64.2883
2007-01-31,16.1837,0.6411,0.3282,-1.9081,3.7274,-0.3185,1.5589,244.9005,-64.0594
2007-02-01,16.2422,0.3614,2.8037,-0.5629,6.0084,-0.0775,2.4386,245.7856,-63.9295
2007-02-02,16.3341,0.5661,3.1311,3.6232,5.5181,0.2832,5.5258,247.177,-63.7253
2007-02-05,16.3174,-0.1023,3.5354,5.4366,6.4994,1.0565,6.4771,246.924,-63.7624
2007-02-06,16.2672,-0.3073,1.1608,4.417,5.7503,1.5994,7.1302,246.1652,-63.8738
2007-02-07,16.1697,-0.5994,-0.0861,3.7911,2.8507,-0.0635,4.4453,244.6896,-64.0904
2007-02-08,16.3341,1.0165,0.5661,5.754,3.149,1.5431,10.1028,247.177,-63.7253
2007-02-09,16.2672,-0.4094,-0.4094,7.3938,3.5257,0.2818,9.6318,246.1652,-63.8738
2007-02-12,16.0416,-1.3872,-1.6903,6.5113,0.4035,-0.2926,10.6327,242.7503,-64.375
2007-02-13,16.2756,1.4588,0.0514,5.3752,1.0252,1.1097,12.6526,246.2917,-63.8552
2007-02-14,16.2784,0.0171,0.6719,6.488,2.0098,3.2579,13.124,246.3337,-63.8491
2007-02-15,16.1558,-0.753,-1.0916,4.5242,1.4182,1.9611,13.5525,244.4788,-64.1213
2007-02-16,16.1586,0.0172,-0.6679,5.3205,0.8378,2.408,14.19,244.521,-64.1151
2007-02-20,15.9775,-1.1207,-0.3995,1.3609,-1.217,1.976,10.3793,241.7806,-64.5173
2007-02-21,16.153,1.0985,-0.7532,3.1856,2.6899,1.5179,10.8129,244.4367,-64.1275
2007-02-22,16.2979,0.8969,0.1199,1.4745,2.7581,1.7557,9.6555,246.629,-63.8057
2007-02-23,16.3397,0.2564,1.1381,1.2953,3.2929,1.3336,12.03,247.2613,-63.7129
2007-02-26,16.4372,0.5967,1.7241,4.0381,2.0282,4.119,12.8262,248.7368,-63.4964
2007-02-27,15.7825,-3.983,-1.2205,-0.3518,-1.458,-1.3087,7.0193,238.8296,-64.9503
2007-02-28,15.8521,0.4413,-1.8627,0.5833,-0.8167,-1.6394,9.3885,239.8835,-64.7957
2007-03-01,15.802,-0.3163,-3.0427,-1.7325,-0.6817,-0.5152,9.7925,239.1247,-64.907
2007-03-02,15.6153,-1.1813,-4.4331,-3.5118,-3.4064,-1.0697,6.6814,236.3,-65.3216
2007-03-05,15.4342,-1.1597,-6.1017,-4.9743,-7.4679,-0.5425,3.7103,233.5596,-65.7237
2007-03-06,15.7268,1.8953,-0.3531,-3.7182,-6.4308,2.0525,5.6564,237.9864,-65.0741
2007-03-07,15.9218,1.2401,0.4394,-2.4244,-5.5981,1.8003,10.8153,240.9376,-64.641
2007-03-08,16.0611,0.8748,1.6396,-1.2674,-4.6309,1.3633,13.4568,243.0454,-64.3317
2007-03-09,15.9914,-0.4337,2.4085,-1.1027,-5.4189,4.4643,12.9648,241.9913,-64.4863
2007-03-12,15.9691,-0.1393,3.4657,-2.2344,-5.2861,4.2244,13.624,241.6542,-64.5358
2007-03-13,15.7546,-1.3433,0.1771,-3.1512,-6.001,5.4926,11.4869,238.4079,-65.0122
2007-03-14,15.9357,1.1494,0.0874,-0.66,-4.8102,10.1138,10.5948,241.1482,-64.6101
2007-03-15,15.9329,-0.0175,-0.7979,-2.1054,-4.5893,10.7938,8.5658,241.1061,-64.6162
2007-03-16,15.7616,-1.0754,-1.4373,-3.1748,-5.8346,7.3702,6.8377,238.5132,-64.9968
2007-03-19,16.0131,1.5961,0.2755,-0.883,-5.2904,11.5665,6.85,242.32,-64.4381
2007-03-20,16.1277,0.7156,2.3683,-0.1909,-5.972,11.9813,8.9967,244.0541,-64.1836
2007-03-21,16.4184,1.8025,3.0293,2.7598,-3.4048,11.3161,13.4784,248.4532,-63.538
2007-03-22,16.7483,2.0088,5.1173,3.685,1.4625,15.2892,15.9569,253.4442,-62.8056
2007-03-23,16.8321,0.5007,6.792,3.2778,0.2615,19.0533,15.7638,254.7131,-62.6193
2007-03-26,16.9495,0.6975,5.8475,3.7322,2.3535,18.372,14.8717,256.4896,-62.3586
2007-03-27,16.9802,0.1813,5.2859,3.3039,3.0244,19.0949,14.3108,256.9547,-62.2904
2007-03-28,16.9775,-0.0164,3.4048,7.5715,4.0097,18.9132,13.7009,256.9126,-62.2966
2007-03-29,17.0837,0.6256,2.0027,7.7689,4.5355,17.0832,13.5315,258.5199,-62.0607
2007-03-30,16.8489,-1.3744,0.0996,6.6251,1.9002,13.5927,10.673,254.9669,-62.5821
2007-04-02,17.0138,0.9788,0.3793,8.9557,3.1234,15.0708,11.817,257.4624,-62.2159
2007-04-03,17.12,0.6243,0.8231,10.9222,4.8114,15.3125,14.1076,259.0696,-61.98
2007-04-04,17.148,0.1633,1.0043,9.0368,8.7863,16.8343,13.6672,259.4927,-61.9179
2007-04-05,17.2598,0.652,1.0308,8.4034,11.5258,22.0781,12.9218,261.1846,-61.6696
2007-04-09,17.1955,-0.3725,2.0571,7.063,10.3752,19.8573,10.6838,260.2117,-61.8124
2007-04-10,17.4554,1.5117,2.5957,9.1549,12.0437,19.381,12.1181,264.1454,-61.2351
2007-04-11,17.3492,-0.6085,1.3388,8.642,12.3261,18.5419,13.6506,262.538,-61.471
2007-04-12,17.6147,1.5306,2.7221,11.8068,16.2898,22.1883,13.2418,266.5563,-60.8813
2007-04-13,17.6231,0.0476,2.1053,10.5889,17.0123,20.0036,14.1049,266.6832,-60.8627
2007-04-16,17.7265,0.5868,3.0884,11.2572,14.7691,22.6565,15.5378,268.248,-60.633
2007-04-17,17.6259,-0.5676,0.9767,11.8284,15.3032,19.1661,14.5116,266.7254,-60.8565
2007-04-18,17.5644,-0.3489,1.2405,9.6875,13.6377,17.1444,12.0442,265.7948,-60.993
2007-04-19,17.3185,-1.4004,-1.682,7.383,12.8805,12.849,7.8381,262.0728,-61.5393
2007-04-20,17.6371,1.8399,0.0793,7.4225,11.8893,16.187,8.1506,266.8946,-60.8316
2007-04-23,17.6567,0.111,-0.3942,5.4239,12.7909,17.0657,9.3992,267.1907,-60.7882
2007-04-24,17.6036,-0.3008,-0.1268,4.5832,9.6038,14.3548,6.8427,266.3871,-60.9061
2007-04-25,17.9334,1.8736,2.1006,5.8047,11.1752,18.0308,10.5281,271.3781,-60.1737
2007-04-26,17.9278,-0.0312,3.5184,5.5803,13.4728,17.7787,11.9398,271.2936,-60.1861
2007-04-27,17.925,-0.0157,1.6323,5.5811,13.1756,15.6499,13.724,271.2511,-60.1923
2007-04-30,17.7126,-1.185,0.3166,3.6813,12.388,12.3466,13.6692,268.0367,-60.664
2007-05-01,17.7908,0.4419,1.0639,5.5906,10.6355,13.102,12.8926,269.2211,-60.4902
2007-05-02,17.939,0.8327,0.0312,5.4378,10.8462,14.9778,11.9904,271.4628,-60.1612
2007-05-03,18.0843,0.8102,0.8731,5.6327,11.3418,18.0316,10.4446,273.6621,-59.8385
2007-05-04,18.0703,-0.0773,0.8109,5.3789,10.6295,16.7342,12.0963,273.4507,-59.8695
2007-05-07,18.1179,0.263,2.2882,4.9717,11.0341,18.2506,12.9127,274.1698,-59.764
2007-05-08,18.1206,0.0154,1.8538,5.3803,11.3935,17.799,11.6254,274.2119,-59.7578
2007-05-09,18.1123,-0.0462,0.9661,3.763,12.0135,15.2066,12.0688,274.0853,-59.7764
2007-05-10,17.8188,-1.6204,-1.4683,2.7066,9.0894,12.5246,9.5983,269.644,-60.4281
2007-05-11,18.2269,2.2902,0.8662,3.475,12.0464,15.9968,11.072,275.8192,-59.5219
2007-05-14,18.2325,0.0307,0.6325,3.4575,13.6575,14.116,12.5628,275.9039,-59.5095
2007-05-15,18.2939,0.3373,0.9564,3.2009,12.4011,13.5534,16.9035,276.8344,-59.3729
2007-05-16,18.3638,0.382,1.3888,4.1865,12.8111,15.0784,19.8639,277.8918,-59.2177
2007-05-17,18.6573,1.5982,4.7059,6.2222,15.4837,17.1214,21.3427,282.3331,-58.5659
2007-05-18,18.9592,1.618,4.0179,9.4739,17.332,18.315,26.5289,286.9013,-57.8955
2007-05-21,19.1185,0.8403,4.8597,8.3994,19.6589,18.2027,29.1612,289.3121,-57.5417
2007-05-22,18.9396,-0.9356,3.5294,7.2661,17.2513,20.4052,27.1236,286.6052,-57.939
2007-05-23,18.9787,0.2066,3.3485,7.812,16.4491,19.6608,28.1215,287.1972,-57.8521
2007-05-24,18.6322,-1.8262,-0.1349,3.8965,14.0301,17.785,25.7583,281.9523,-58.6218
2007-05-25,18.9228,1.5602,-0.1917,5.5503,15.1222,17.4571,29.309,286.3513,-57.9763
2007-05-29,18.7971,-0.6647,-1.6813,4.8652,19.1008,17.3643,24.0992,284.4479,-58.2556
2007-05-30,19.1912,2.0967,1.3282,8.3478,21.0637,20.0749,26.2873,290.4118,-57.3803
2007-05-31,19.0906,-0.5243,0.5891,7.3055,20.8111,19.9875,27.6406,288.8891,-57.6038
2007-06-01,19.2638,0.9077,3.3903,7.3854,23.365,19.1628,25.7385,291.5115,-57.219
2007-06-04,19.5657,1.5671,3.3974,8.1917,26.7684,17.3015,27.3651,296.0798,-56.5485
2007-06-05,19.4958,-0.3572,3.7175,7.8886,23.966,15.994,25.0468,295.0222,-56.7037
2007-06-06,19.2471,-1.276,0.2913,6.2326,20.8852,14.1179,27.4648,291.2578,-57.2562
2007-06-07,18.9061,-1.7717,-0.9663,4.3345,17.7136,12.2624,25.321,286.0975,-58.0135
2007-06-08,18.9843,0.4139,-1.451,4.8147,18.7157,12.2826,30.8637,287.2817,-57.8397
2007-06-11,19.1297,0.7656,-2.2286,7.3569,19.7916,13.4592,30.0362,289.4813,-57.5169
2007-06-12,18.8949,-1.2274,-3.0825,3.6651,19.9324,12.7352,29.7538,285.9283,-58.0383
2007-06-13,19.2722,1.997,0.1307,5.7029,20.9374,15.1201,35.1087,291.6384,-57.2003
2007-06-14,19.5965,1.6824,3.6517,7.1199,22.9935,17.349,41.5697,296.5449,-56.4803
2007-06-15,19.8973,1.535,4.8089,8.3503,26.239,18.8734,40.1407,301.0967,-55.8123
2007-06-18,19.9197,0.1127,4.1297,6.7661,24.3958,17.8147,35.1529,301.4359,-55.7625
2007-06-19,19.9421,0.1126,5.5423,5.1844,23.651,16.2665,35.6695,301.7753,-55.7127
2007-06-20,19.3618,-2.9097,0.465,1.2728,17.9274,13.9122,36.8773,292.9944,-57.0013
2007-06-21,19.7487,1.998,0.7768,4.2718,17.9149,19.6394,40.2709,298.8484,-56.1422
2007-06-22,19.5525,-0.9937,-1.7329,3.0229,16.1616,16.4653,35.8325,295.8789,-56.578
2007-06-25,19.3955,-0.8028,-2.6316,4.0968,14.4309,17.1241,34.1743,293.5035,-56.9266
2007-06-26,18.9778,-2.1535,-4.8355,0.2904,11.764,15.1442,28.432,287.1829,-57.8542
2007-06-27,19.2721,1.5509,-0.4633,2.5273,13.516,18.0676,28.998,291.6369,-57.2006
2007-06-28,19.2721,0.0,-2.4131,0.4218,12.8102,17.9268,28.7595,291.6369,-57.2006
2007-06-29,19.3394,0.3491,-1.0896,1.3036,14.7816,16.9627,27.0241,292.655,-57.0512
2007-07-02,19.6814,1.7684,1.4742,2.1675,15.6791,19.2922,25.7049,297.8302,-56.2917
2007-07-03,19.8328,0.7692,4.5052,1.3649,15.8457,21.4195,26.2478,300.121,-55.9555
2007-07-05,19.7851,-0.2403,2.6618,1.4838,15.3789,25.5164,24.605,299.3998,-56.0613
2007-07-06,20.0542,1.3601,4.0582,4.1936,16.1906,29.5825,25.7299,303.472,-55.4637
2007-07-09,20.2421,0.9366,4.6674,7.0664,17.7173,29.9307,27.2387,306.3143,-55.0466
2007-07-10,20.0626,-0.8863,1.9371,5.68,14.9364,28.7791,27.8461,303.5993,-55.445
2007-07-11,20.1383,0.3772,1.5406,5.2726,16.0763,30.3841,27.9447,304.7446,-55.2769
2007-07-12,20.528,1.9349,3.7546,8.643,16.5386,35.5225,28.0777,310.6411,-54.4116
2007-07-13,20.7298,0.9831,3.3687,7.563,17.6284,37.6397,29.7851,313.6952,-53.9634
2007-07-16,20.4635,-1.2846,1.094,4.4245,15.44,32.4895,29.3509,309.6655,-54.5548
2007-07-17,20.1972,-1.3014,0.6707,1.5074,14.5881,32.1237,26.1882,305.6355,-55.1462
2007-07-18,20.6541,2.2623,2.5613,3.687,17.5907,33.6273,33.3559,312.5499,-54.1314
2007-07-19,20.8419,0.9094,1.5294,4.5122,20.3452,35.8463,34.4005,315.3921,-53.7143
2007-07-20,20.7438,-0.4708,0.0676,7.1376,17.6147,31.5983,32.397,313.9073,-53.9322
2007-07-23,20.8279,0.4054,1.7808,5.4648,17.9607,33.0489,36.2312,315.18,-53.7455
2007-07-24,20.2252,-2.8937,0.1388,3.4408,14.8928,25.9269,34.1102,306.0596,-55.0839
2007-07-25,20.5476,1.5939,-0.5158,5.9401,14.5774,27.3817,32.2663,310.9379,-54.368
2007-07-26,19.7739,-3.7653,-5.1244,4.195,10.2975,25.1577,25.1014,299.2301,-56.0862
2007-07-27,19.202,-2.892,-7.4324,-0.3636,7.1245,21.2388,19.0851,290.5764,-57.3562
2007-07-30,19.5328,1.7227,-6.218,1.3528,10.2767,23.9378,22.1854,295.582,-56.6216
2007-07-31,19.3422,-0.9758,-4.3658,0.0146,8.7202,20.2832,20.9511,292.6976,-57.0449
2007-08-01,19.2917,-0.261,-6.1119,-1.9798,7.541,19.2051,18.8254,291.9338,-57.157
2007-08-02,19.16,-0.6829,-3.1046,-3.3922,5.9482,17.9646,17.8733,289.9401,-57.4496
2007-08-03,18.5349,-3.2626,-3.4744,-6.319,2.5708,13.4736,13.795,280.4806,-58.8378
2007-08-06,18.6414,0.5747,-4.5637,-7.0449,2.8897,14.2426,15.4497,282.0926,-58.6012
2007-08-07,19.0787,2.3458,-1.3624,-5.7472,5.2871,17.283,19.1589,288.7099,-57.6301
2007-08-08,19.4403,1.8954,0.7701,-3.1018,7.3323,20.2266,20.1503,294.1821,-56.827
2007-08-09,18.8825,-2.8695,-1.4484,-6.236,5.9696,15.6016,17.3854,285.7406,-58.0659
2007-08-10,18.9834,0.5344,2.4198,-7.5242,4.1507,16.6971,17.026,287.2677,-57.8418
2007-08-13,19.0058,0.1181,1.9549,-8.3164,4.2418,18.4786,18.1318,287.6071,-57.792
2007-08-14,18.8797,-0.6637,-1.0432,-7.7397,3.2018,15.9999,17.2872,285.6982,-58.0721
2007-08-15,18.3611,-2.7468,-5.5515,-9.0909,-0.0149,12.7944,16.4691,277.8505,-59.2238
2007-08-16,18.249,-0.6107,-3.3551,-11.6449,-2.1887,12.9561,15.1713,276.1537,-59.4728
2007-08-17,18.9217,3.6866,-0.3249,-9.2132,-0.1976,17.1002,19.92,286.3344,-57.9787
2007-08-20,18.8797,-0.2222,-0.6637,-8.9864,-1.2491,18.1642,20.4992,285.6982,-58.0721
2007-08-21,18.6134,-1.4106,-1.4106,-10.6326,-1.7225,15.2316,16.9807,281.6683,-58.6635
2007-08-22,18.8376,1.2048,2.5953,-6.8607,-0.7435,15.5832,17.6125,285.0617,-58.1655
2007-08-23,19.0058,0.8929,4.1475,-7.5034,2.0056,16.3171,17.8683,287.6071,-57.792
2007-08-24,19.4123,2.1386,2.5926,-1.8287,2.5866,18.0999,22.9644,293.758,-56.8893
2007-08-27,19.174,-1.2275,1.559,-0.146,2.0054,21.4892,19.8993,290.1521,-57.4185
2007-08-28,18.7115,-2.4122,0.5271,-4.205,-2.4995,18.0377,16.1026,283.1529,-58.4456
2007-08-29,19.331,3.3108,2.619,-0.0581,1.2595,22.3327,21.7024,292.5276,-57.0698
2007-08-30,19.3198,-0.058,1.6519,0.1453,0.2904,23.7233,22.3998,292.3581,-57.0947
2007-08-31,19.5749,1.3204,0.8375,2.1653,0.0468,26.8277,26.1397,296.2183,-56.5282
2007-09-04,19.9309,1.8187,3.9474,7.5317,2.2315,26.7323,29.3335,301.6055,-55.7376
2007-09-05,19.8244,-0.5345,5.9475,6.3458,2.9993,24.5109,26.7525,299.9935,-55.9742
2007-09-06,20.1271,1.5272,4.1183,5.4951,6.4584,25.3161,27.0245,304.5749,-55.3018
2007-09-07,19.6954,-2.1449,1.9443,1.3122,3.7456,23.1624,28.6607,298.0422,-56.2605
2007-09-10,19.6646,-0.1565,0.4583,4.1419,2.7962,23.1412,28.3432,297.5758,-56.329
2007-09-11,20.001,1.7106,0.3516,5.3603,5.8538,26.953,33.9261,302.6661,-55.582
2007-09-12,20.1411,0.7008,1.5979,5.9734,4.5086,26.39,39.1728,304.7871,-55.2707
2007-09-13,20.2673,0.6263,0.6964,7.3496,3.4231,27.2037,40.9339,306.696,-54.9906
2007-09-14,20.3233,0.2766,3.1882,10.687,2.1414,28.9423,38.4456,307.5444,-54.866
2007-09-17,20.3654,0.2068,3.5637,11.5975,2.2375,27.1791,41.8893,308.1805,-54.7727
2007-09-18,20.9821,3.0283,4.9054,10.8889,5.2151,30.0995,45.6871,317.5131,-53.4031
2007-09-19,21.1643,0.8684,5.08,12.1009,9.3093,28.9057,43.4928,320.2703,-52.9984
2007-09-20,21.1503,-0.0662,4.3568,13.6295,7.0972,26.2835,45.5912,320.0583,-53.0296
2007-09-21,21.2762,0.5953,4.6885,12.9452,8.816,26.4025,50.4863,321.9636,-52.7499
2007-09-24,21.2369,-0.1849,4.2793,11.7387,9.4939,25.2949,48.3141,321.3683,-52.8373
2007-09-25,20.8883,-1.6411,-0.4469,7.6037,10.0673,23.0156,46.5052,316.0943,-53.6113
2007-09-26,20.9474,0.2826,-1.025,9.2487,8.6925,23.3834,46.7192,316.9874,-53.4802
2007-09-27,21.22,1.3015,0.3295,13.4062,10.1071,24.2121,45.4315,321.113,-52.8748
2007-09-28,21.0232,-0.9271,-1.1889,8.7541,8.7068,24.7753,41.7357,318.1358,-53.3117
2007-10-01,21.3886,1.738,0.7147,10.7085,8.6744,25.7135,44.6596,323.6651,-52.5002
2007-10-02,21.0542,-1.5638,0.7939,7.5571,6.1584,22.98,41.8113,318.6038,-53.243
2007-10-03,20.9305,-0.5874,-0.0805,5.0154,5.7891,22.0583,42.6059,316.7324,-53.5176
2007-10-04,21.0092,0.3759,-0.9934,5.9767,4.7619,21.7235,48.5978,317.9231,-53.3429
2007-10-05,21.1104,0.4817,0.4145,4.8853,4.2898,22.7671,47.1453,319.4544,-53.1182
2007-10-08,20.8968,-1.0119,-2.2996,6.0997,4.1577,19.7151,42.9171,316.2219,-53.5926
2007-10-09,21.3184,2.0175,1.2548,8.4099,5.8597,22.878,45.662,322.6016,-52.6563
2007-10-10,21.5938,1.2921,3.169,7.9638,5.192,22.5894,49.7899,326.7698,-52.0446
2007-10-11,21.487,-0.4946,2.2743,6.6822,3.6527,21.925,46.3144,325.1535,-52.2818
2007-10-12,21.6894,0.9418,2.7426,7.0167,5.9905,22.3554,50.0768,328.2159,-51.8324
2007-10-15,21.8664,0.8164,4.6402,7.5927,8.2647,24.0584,47.8356,330.8954,-51.4391
2007-10-16,21.9226,0.257,2.8345,7.6466,6.1417,24.8128,46.2111,331.7459,-51.3143
2007-10-17,21.7821,-0.641,0.872,3.8128,4.511,25.774,41.9346,329.6193,-51.6264
2007-10-18,21.9507,0.7742,2.1583,3.7159,5.8183,24.4578,44.6038,332.1713,-51.2519
2007-10-19,20.9108,-4.7376,-3.5895,-1.1322,0.398,18.4302,38.6411,316.4345,-53.5614
2007-10-22,20.6719,-1.1424,-5.4628,-2.8401,2.2086,17.4304,34.2873,312.8194,-54.0919
2007-10-23,20.967,1.4276,-4.359,-1.2705,2.0413,16.9163,37.9972,317.2852,-53.4365
2007-10-24,21.1048,0.6568,-3.1097,1.0361,6.7303,17.7209,38.6502,319.3693,-53.1307
2007-10-25,21.3043,0.9455,-2.945,1.704,10.9481,18.8526,37.4528,322.3889,-52.6875
2007-10-26,21.6275,1.5172,3.4274,1.9205,10.7239,22.1027,37.1782,327.2801,-51.9697
2007-10-29,21.7315,0.4808,5.1258,3.369,12.3527,22.1501,38.1542,328.8537,-51.7388
2007-10-30,20.9923,-3.4014,0.1207,-1.8529,8.8151,17.0208,34.548,317.668,-53.3803
2007-10-31,21.5573,2.6911,2.1441,2.3895,12.5118,19.2042,40.6987,326.2169,-52.1257
2007-11-01,20.9249,-2.9335,-1.7809,-0.0268,12.8946,15.7969,35.1745,316.6474,-53.5301
2007-11-02,21.3184,1.8804,-1.4295,1.4716,14.3602,17.6649,39.1395,322.6016,-52.6563
2007-11-05,21.1469,-0.8042,-2.6901,0.1731,10.8404,16.7007,37.4722,320.0073,-53.037
2007-11-06,21.8524,3.336,4.0969,4.5729,12.4075,20.6495,38.9962,330.6826,-51.4704
2007-11-07,20.953,-4.1158,-2.8031,-1.7139,10.9652,17.5893,32.3169,317.0725,-53.4677
2007-11-08,21.3184,1.7438,1.8804,-1.2756,12.3,16.9612,35.6713,322.6016,-52.6563
2007-11-09,20.9249,-1.8457,-1.8457,-2.616,10.0972,14.7673,30.9678,316.6474,-53.5301
2007-11-12,19.9131,-4.8355,-5.8347,-8.1897,5.4735,8.8506,23.6036,301.3359,-55.7772
2007-11-13,20.6157,3.5286,-5.6591,-5.7198,12.2794,12.2627,29.1901,311.9689,-54.2167
2007-11-14,20.5848,-0.15,-1.7572,-6.1026,12.7998,10.331,29.2212,311.5009,-54.2854
2007-11-15,19.899,-3.3315,-6.6579,-8.6452,5.1648,4.957,24.1799,301.1231,-55.8084
2007-11-16,20.4218,2.6272,-2.4043,-6.9654,8.168,6.8169,26.2605,309.0341,-54.6474
2007-11-19,20.0817,-1.6653,0.8469,-3.965,7.8886,6.0302,27.6658,303.8879,-55.4026
2007-11-20,20.7281,3.219,0.5453,0.2719,10.0358,9.2176,30.6907,313.67,-53.9671
2007-11-21,20.2784,-2.1695,-1.4883,-3.2842,6.6958,8.8357,28.1922,306.8648,-54.9658
2007-11-23,20.8125,2.6334,4.5904,-1.385,7.2127,9.9858,29.1862,314.9459,-53.7798
2007-11-26,20.093,-3.4571,-1.6102,-5.6859,4.7926,6.8941,25.4555,304.058,-55.3777
2007-11-27,19.8709,-1.1051,-1.0497,-8.1221,6.1963,3.5419,24.3279,300.698,-55.8708
2007-11-28,20.3628,2.4752,-1.7627,-6.2985,5.3374,6.6641,27.9836,308.1409,-54.7785
2007-11-29,20.5876,1.1043,1.5247,-1.9279,6.5623,6.8718,27.3514,311.5436,-54.2791
2007-11-30,20.6494,0.3003,-0.7832,-4.2112,5.4895,5.5389,23.7987,312.4792,-54.1418
2007-12-03,20.7281,0.3811,3.1612,-0.9403,4.0001,6.3208,23.3257,313.67,-53.9671
2007-12-04,20.5173,-1.0169,3.2532,-3.7574,3.4956,6.5998,21.6495,310.4802,-54.4352
2007-12-05,20.9699,2.2055,2.9814,-0.8373,4.1871,10.916,24.5169,317.3278,-53.4303
2007-12-06,21.5432,2.7342,4.6416,-1.4148,9.3819,13.4789,27.4171,326.0042,-52.157
2007-12-07,21.4111,-0.6132,3.6886,2.1865,8.8816,11.9261,26.9905,324.0052,-52.4503
2007-12-10,21.6275,1.0107,4.339,1.4502,8.1324,14.4623,29.0393,327.2801,-51.9697
2007-12-11,21.0935,-2.4691,2.8082,0.8059,4.7285,9.4503,25.9993,319.1991,-53.1556
2007-12-12,21.7821,3.2645,3.8734,9.386,7.4743,11.1533,30.4372,329.6193,-51.6264
2007-12-13,21.8355,0.2452,1.3568,5.9168,7.4406,9.7413,30.4533,330.4275,-51.5078
2007-12-14,21.487,-1.5961,0.3544,4.3829,5.5075,7.8682,27.0846,325.1535,-52.2818
2007-12-17,21.102,-1.792,-2.4301,6.0453,0.5712,5.8161,23.0287,319.3269,-53.1369
2007-12-18,21.3043,0.9589,0.9993,4.3214,0.6615,10.0324,25.3404,322.3889,-52.6875
2007-12-19,21.5095,0.9631,-1.2516,7.1098,1.6983,8.916,30.3065,325.4938,-52.2319
2007-12-20,21.7821,1.2675,-0.2446,5.0848,2.3778,11.4035,29.7464,329.6193,-51.6264
2007-12-21,22.3454,2.586,3.995,10.1929,5.2199,15.2093,34.9379,338.1433,-50.3755
2007-12-24,22.4468,0.454,6.3733,7.8529,7.4611,18.2795,36.192,339.6784,-50.1502
2007-12-26,22.6976,1.1173,6.5401,12.9631,8.3555,17.7744,39.0534,343.4735,-49.5932
2007-12-27,22.4581,-1.0553,4.4102,13.02,5.8347,16.5315,37.4219,339.8488,-50.1252
2007-12-28,22.6469,0.8407,3.9702,11.2173,7.7232,17.1024,36.9661,342.706,-49.7059
2007-12-31,22.3595,-1.2691,0.0631,8.6065,4.5391,13.6072,35.5246,338.3566,-50.3442
2008-01-02,22.4018,0.189,-0.2008,8.486,6.4006,12.9532,37.1472,338.9962,-50.2503
2008-01-03,22.6666,1.1824,-0.1366,9.352,8.2947,14.564,43.7966,343.0044,-49.6621
2008-01-04,21.8382,-3.6549,-2.7603,6.4377,3.9459,8.8957,41.1098,330.468,-51.5019
2008-01-07,21.7537,-0.3871,-3.9443,3.7377,3.0472,7.4676,39.6335,329.1887,-51.6896
2008-01-08,21.3732,-1.7487,-4.4109,-0.789,2.2801,6.5326,37.1917,323.4321,-52.5344
2008-01-09,21.655,1.3184,-3.3333,1.1392,1.5793,7.5315,40.2039,327.6963,-51.9086
2008-01-10,21.5649,-0.4164,-4.8608,-0.2898,-0.134,5.051,42.3678,326.3318,-52.1089
2008-01-11,21.3028,-1.2152,-2.4516,0.9922,-0.8572,2.7641,41.4442,322.3662,-52.6909
2008-01-14,21.7255,1.9841,-0.1296,-0.26,0.1665,6.1669,40.66,328.7623,-51.7522
2008-01-15,20.8266,-4.1375,-2.5577,-4.6206,-4.7554,3.1162,36.241,315.1598,-53.7484
2008-01-16,20.1334,-3.3284,-7.0267,-6.2996,-8.1616,-2.5211,30.2583,304.6701,-55.2879
2008-01-17,19.3726,-3.7788,-10.1659,-8.1953,-11.0619,-7.05,26.2692,293.1571,-56.9775
2008-01-18,19.4149,0.2182,-8.8625,-8.8689,-11.5527,-6.4066,23.1674,293.7966,-56.8836
2008-01-22,18.8654,-2.8302,-13.1647,-12.2928,-9.7818,-9.4227,20.5121,285.4815,-58.1039
2008-01-23,19.0401,0.9261,-8.578,-12.5884,-7.894,-5.8597,18.548,288.1255,-57.7159
2008-01-24,19.7107,3.5223,-2.0994,-11.7907,-5.9918,-4.0728,22.1936,298.274,-56.2265
2008-01-25,19.3585,-1.787,-0.0727,-13.7585,-8.2743,-2.1008,22.5283,292.9438,-57.0088
2008-01-28,19.7981,2.2707,1.9739,-12.7747,-7.0701,3.104,25.002,299.5957,-56.0326
2008-01-29,20.0207,1.1244,6.124,-10.8532,-7.4296,2.4976,27.0332,302.9645,-55.5382
2008-01-30,19.7699,-1.2527,3.833,-12.7038,-9.0266,2.2111,22.9427,299.1694,-56.0951
2008-01-31,19.6121,-0.7982,-0.5004,-12.2874,-6.575,1.6605,21.1845,296.7814,-56.4456
2008-02-01,20.1052,2.5144,3.8573,-10.2516,-6.7358,4.9332,23.7841,304.2436,-55.3505
2008-02-04,20.1193,0.0701,1.6226,-11.2382,-3.8499,8.5483,23.1736,304.4569,-55.3192
2008-02-05,19.288,-4.1317,-3.6594,-11.6774,-9.5238,3.4688,18.2055,291.8778,-57.1652
2008-02-06,19.0232,-1.3733,-3.7771,-12.5518,-10.0428,-0.2911,16.9416,287.8695,-57.7534
2008-02-07,19.3979,1.9701,-1.0919,-9.2419,-11.2319,-0.218,19.9646,293.5408,-56.9212
2008-02-08,19.6825,1.4672,-2.1023,-9.1087,-6.0633,4.237,20.4997,297.8475,-56.2891
2008-02-11,20.1898,2.577,0.3502,-6.3766,-5.294,6.3548,24.113,305.523,-55.1627
2008-02-12,20.1785,-0.0558,4.6166,-5.2778,-3.567,6.17,25.7887,305.3525,-55.1877
2008-02-13,20.6688,2.4298,8.6506,-4.8638,3.7951,9.4763,26.9925,312.7719,-54.0989
2008-02-14,20.4913,-0.859,5.6362,-1.6101,-0.6038,11.6015,25.8802,310.0853,-54.4931
2008-02-15,20.5279,0.1788,4.295,1.9594,-0.2764,12.4881,27.0621,310.6399,-54.4118
2008-02-19,21.2042,3.2944,5.0244,9.4545,6.559,12.0626,31.2254,320.8737,-52.9099
2008-02-20,21.4578,1.196,6.3399,10.5225,5.073,13.6554,34.3,324.7115,-52.3467
2008-02-21,20.8689,-2.7446,0.968,10.6199,3.9197,12.1175,29.1948,315.7995,-53.6546
2008-02-22,21.1055,1.1342,2.9978,10.848,1.8208,12.0393,29.4986,319.3812,-53.1289
2008-02-25,21.7086,2.8572,5.7515,10.1358,7.0525,14.2206,32.858,328.5064,-51.7897
2008-02-26,22.0777,1.7004,4.1196,14.0466,6.0793,13.7305,34.3156,334.0924,-50.97
2008-02-27,21.7903,-1.3018,1.5496,10.0627,8.4474,13.6449,38.0663,329.7431,-51.6083
2008-02-28,22.1651,1.7199,6.2112,10.7108,11.5453,18.4569,39.8238,335.4143,-50.776
2008-02-29,21.4296,-3.3181,1.5354,8.3951,5.2392,10.8562,35.6133,324.285,-52.4093
2008-03-03,21.6973,1.2492,-0.0519,10.6323,5.39,12.3061,38.9488,328.3359,-51.8148
2008-03-04,21.2746,-1.9481,-3.6375,5.8164,3.0276,8.6832,37.8405,321.9397,-52.7534
2008-03-05,21.81,2.5166,0.0905,8.4034,5.2194,9.4282,38.6809,330.0416,-51.5644
2008-03-06,21.3732,-2.0026,-3.5723,10.8108,4.1716,7.813,34.239,323.4321,-52.5344
2008-03-07,20.7843,-2.7554,-3.0111,9.258,-0.8847,3.2654,29.4081,314.5204,-53.8423
2008-03-10,20.5279,-1.2338,-5.3896,5.8251,-4.7129,4.2268,28.3682,310.6399,-54.4118
2008-03-11,21.5846,5.1476,1.457,9.6636,0.8102,9.7638,35.1644,326.6304,-52.0651
2008-03-12,21.1055,-2.2194,-3.23,4.5359,-2.4135,5.5226,33.9642,319.3812,-53.1289
2008-03-13,21.4578,1.6689,0.3955,6.3399,1.7269,6.5371,34.6522,324.7115,-52.3467
2008-03-14,21.0661,-1.8253,1.3557,1.9223,-3.2871,3.9415,32.2175,318.7844,-53.2165
2008-03-17,20.3306,-3.4912,-0.9609,-0.7838,-6.8919,0.036,28.9886,307.6549,-54.8498
2008-03-18,21.2183,4.3659,-1.6972,3.3631,-1.2506,4.188,32.5053,321.087,-52.8786
2008-03-19,19.9221,-6.1089,-5.6075,-6.0465,-5.5914,-5.0521,23.5267,301.472,-55.7572
2008-03-20,20.0105,0.444,-6.7447,-6.7447,-6.0729,-5.4515,21.8784,302.8107,-55.5607
2008-03-24,20.3609,1.7511,-3.3474,-2.4339,-5.3398,-3.7321,21.5705,308.1132,-54.7826
2008-03-25,20.5644,0.9993,1.1497,-2.564,-5.5904,-3.3455,22.1736,311.1921,-54.3307
2008-03-26,21.0109,2.1713,-0.9773,-3.2138,-5.9721,-1.064,23.9617,317.949,-53.3391
2008-03-27,20.799,-1.0088,4.4016,-5.792,-7.3413,-0.4279,22.4891,314.7416,-53.8098
2008-03-28,20.7424,-0.2717,3.6576,-4.8088,-8.6141,-0.9783,22.1763,313.8864,-53.9353
2008-03-31,20.929,0.8992,2.7898,-5.5768,-6.8089,-1.3715,22.5085,316.7089,-53.5211
2008-04-01,21.3217,1.8768,3.6828,-0.5033,-5.8514,1.4199,26.547,322.6529,-52.6488
2008-04-02,21.6185,1.3917,2.8917,-0.3633,-3.3141,1.0746,27.0645,327.1432,-51.9898
2008-04-03,21.6693,0.2353,4.1848,1.8554,-3.2694,2.9219,26.5733,327.913,-51.8768
2008-04-04,21.8474,0.8216,5.327,0.1713,-3.6144,4.3806,27.4051,330.607,-51.4815
2008-04-07,21.9633,0.5304,4.9419,2.7605,0.5727,4.5411,27.2512,332.3605,-51.2241
2008-04-08,22.2119,1.1323,4.175,6.8686,2.1067,5.218,29.1731,336.1236,-50.6719
2008-04-09,22.2543,0.1908,2.9412,8.4101,4.1223,6.4964,27.4923,336.765,-50.5777
2008-04-10,22.2119,-0.1905,2.5039,2.9064,2.5717,4.1916,28.0285,336.1236,-50.6719
2008-04-11,21.9011,-1.3995,0.2458,3.7693,1.5591,1.423,24.3338,331.4196,-51.3622
2008-04-14,22.4041,2.2967,2.0072,4.4101,5.1697,4.2681,27.1289,339.0314,-50.2451
2008-04-15,22.5228,0.5298,1.3994,6.9147,3.6699,3.8425,27.0568,340.8275,-49.9816
2008-04-16,23.2858,3.3878,4.6349,14.5354,11.808,6.491,32.1111,352.3739,-48.287
2008-04-17,23.266,-0.085,4.7455,9.6508,15.5592,6.1277,32.461,352.0744,-48.331
2008-04-18,23.6221,1.5304,7.8581,18.5724,21.9356,8.4471,36.3983,357.4627,-47.5402
2008-04-21,23.8905,1.1365,6.6347,19.3898,23.0529,8.837,35.4562,361.5252,-46.944
2008-04-22,23.9018,0.0473,6.123,17.3907,26.6969,14.3037,35.3701,361.6963,-46.9189
2008-04-23,23.7153,-0.7803,1.8447,15.3223,24.5548,14.7224,34.719,358.874,-47.3331
2008-04-24,23.0936,-2.6216,-0.7409,9.9126,17.1627,10.1425,28.7745,349.4659,-48.7138
2008-04-25,23.4214,1.4195,-0.8494,12.6087,20.9878,10.977,30.6431,354.4264,-47.9858
2008-04-28,23.461,0.169,-1.7979,13.1063,18.5014,10.1233,30.8844,355.0252,-47.8979
2008-04-29,22.9325,-2.2525,-4.0553,9.5733,14.5442,6.0341,29.4705,347.0284,-49.0715
2008-04-30,23.1021,0.7394,-2.5858,8.3499,16.8549,6.3069,29.8539,349.5941,-48.695
2008-05-01,22.5963,-2.1896,-2.1537,4.5229,15.2159,7.6405,25.9618,341.9394,-49.8184
2008-05-02,23.023,1.8885,-1.7012,6.2467,14.5125,6.7992,27.3091,348.3969,-48.8707
2008-05-05,23.3564,1.4483,-0.4457,6.9072,16.0896,11.6203,29.2529,353.4428,-48.1302
2008-05-06,23.9753,2.6497,4.5471,9.1611,24.3014,12.4632,32.3297,362.8082,-46.7558
2008-05-07,23.5288,-1.8624,1.8471,5.9287,23.685,11.2635,29.8453,356.0514,-47.7473
2008-05-08,24.0007,2.0058,6.2156,7.8476,23.7283,9.8313,32.5109,363.1929,-46.6993
2008-05-09,23.9555,-0.1884,4.0505,7.8498,21.7096,14.3299,34.4398,362.5088,-46.7997
2008-05-12,23.8227,-0.5544,1.9964,8.7742,17.9941,11.7474,30.7012,360.499,-47.0946
2008-05-13,24.2127,1.637,0.9901,8.0726,19.9926,15.7124,32.8,366.4002,-46.2286
2008-05-14,23.9357,-1.1438,1.7295,6.2735,15.8062,20.2012,30.8397,362.2094,-46.8436
2008-05-15,24.2523,1.3223,1.0479,4.1504,18.3542,17.6396,32.0654,366.999,-46.1407
2008-05-16,25.1368,3.6471,4.931,8.0408,22.4518,22.1133,34.7288,380.384,-44.1764
2008-05-19,25.2922,0.6184,6.1684,7.0702,19.2794,27.1029,33.4034,382.7361,-43.8312
2008-05-20,25.5437,0.9944,5.4972,6.9198,19.0417,25.0807,33.6073,386.5422,-43.2727
2008-05-21,25.165,-1.4825,5.1358,5.285,20.5866,25.3132,32.8698,380.8118,-44.1136
2008-05-22,24.7977,-1.4599,2.2489,4.5638,17.4936,19.6329,30.6602,375.2524,-44.9295
2008-05-23,24.3766,-1.698,-3.0241,5.5556,12.2902,20.2095,30.8309,368.8807,-45.8646
2008-05-27,24.2183,-0.6492,-4.2458,3.4025,9.6959,16.3647,27.9847,366.4857,-46.216
2008-05-28,24.7298,2.1121,-3.1862,5.4083,13.4902,23.0772,31.5623,374.2262,-45.0801
2008-05-29,24.0544,-2.7312,-4.4133,4.8921,8.5241,21.0535,25.3411,364.0054,-46.5801
2008-05-30,24.3031,1.0338,-1.9943,5.1987,13.4091,19.3508,27.3044,367.7686,-46.0278
2008-06-02,24.4472,0.593,0.2898,8.1916,12.6741,18.7473,26.9074,369.9497,-45.7077
2008-06-03,23.9216,-2.15,-1.2252,3.9032,12.4421,15.8463,22.2629,361.9956,-46.875
2008-06-04,23.5656,-1.4885,-4.708,0.8954,8.0492,13.6887,20.8748,356.6074,-47.6658
2008-06-05,24.7948,5.2164,3.078,3.4182,16.0087,20.8481,28.8239,375.2096,-44.9358
2008-06-06,24.3088,-1.9603,0.0233,3.3149,16.9572,15.9225,28.5765,367.8543,-46.0152
2008-06-09,25.0237,2.9412,2.3581,4.2624,21.9011,16.156,31.8126,378.6735,-44.4274
2008-06-10,24.4077,-2.4619,2.0319,1.8875,13.0792,13.9954,27.5907,369.3511,-45.7955
2008-06-11,24.5575,0.6136,4.2092,3.0842,16.3555,13.5473,29.9688,371.6176,-45.4629
2008-06-12,24.1844,-1.519,-2.4618,-0.1167,12.707,14.6534,25.4885,365.9726,-46.2914
2008-06-13,24.4727,1.1919,0.6743,2.2433,16.1709,12.3522,24.8832,370.3347,-45.6512
2008-06-16,24.5603,0.358,-1.852,1.2701,20.8043,12.4786,23.4355,371.6603,-45.4566
2008-06-17,24.9672,1.6569,2.2924,-0.6745,17.6685,16.1969,25.3395,377.8182,-44.5529
2008-06-18,25.0633,0.3848,2.0598,-0.905,25.8068,18.7724,25.6803,379.2722,-44.3396
2008-06-19,24.4614,-2.4016,1.1451,-4.2372,22.2426,14.8189,26.3381,370.1635,-45.6763
2008-06-20,24.2965,-0.6741,-0.72,-3.4515,19.3289,12.957,23.0283,367.6681,-46.0425
2008-06-23,25.257,3.9534,2.8368,1.8524,22.8191,15.953,29.1757,382.2035,-43.9094
2008-06-24,24.7781,-1.896,-0.7573,1.6472,17.93,10.887,27.7522,374.9571,-44.9728
2008-06-25,24.6847,-0.3773,-1.5108,1.9255,18.6822,9.9694,30.0712,373.5423,-45.1805
2008-06-26,24.5062,-0.7231,0.1831,-0.9046,18.145,7.9679,27.1585,370.8411,-45.5769
2008-06-27,24.7215,0.8787,1.7493,2.7731,18.121,10.0783,28.2759,374.0998,-45.0986
2008-06-30,25.07,1.4097,-0.7404,3.1555,17.5795,10.6994,29.6317,379.3735,-44.3247
2008-07-01,25.1748,0.4181,1.6009,2.9761,16.4505,12.5912,27.9118,380.9599,-44.0919
2008-07-02,24.4155,-3.0164,-1.0905,2.0644,12.6728,8.9891,23.1066,369.4688,-45.7783
2008-07-03,24.0556,-1.4738,-1.8384,2.0796,10.1076,6.128,21.5844,364.0235,-46.5774
2008-07-07,23.4521,-2.5088,-5.1347,-5.4153,6.7789,7.3904,16.9435,354.8908,-47.9177
2008-07-08,23.064,-1.6551,-8.0018,-5.1209,3.8359,6.0233,13.9408,349.0169,-48.7797
2008-07-09,22.6248,-1.9043,-10.1295,-9.5869,1.6645,5.8555,12.7706,342.3707,-49.7551
2008-07-10,23.3189,3.0683,-4.4911,-4.4607,4.9839,7.6837,15.7939,352.8756,-48.2134
2008-07-11,23.1773,-0.6076,-3.6514,-5.6203,5.8271,7.477,12.9057,350.7317,-48.5281
2008-07-14,23.3303,0.6602,-0.5195,-3.5318,4.1341,9.5174,12.5447,353.0472,-48.1882
2008-07-15,22.3471,-4.2142,-3.1082,-8.6856,-0.78,2.8612,9.2046,338.1689,-50.3717
2008-07-16,21.7719,-2.5738,-3.7695,-11.3532,-6.5013,4.539,7.7967,329.465,-51.6491
2008-07-17,21.4149,-1.6398,-8.1652,-14.2279,-7.9562,6.3651,3.6834,324.0625,-52.4419
2008-07-18,21.7889,1.7465,-5.9902,-13.0645,-7.7604,12.4729,4.5436,329.7222,-51.6113
2008-07-21,22.4406,2.9909,-3.8135,-8.2611,-6.0691,15.5847,8.1796,339.5838,-50.1641
2008-07-22,21.6954,-3.3207,-2.9162,-10.7055,-9.2312,15.0012,4.165,328.3073,-51.819
2008-07-23,20.9077,-3.6306,-3.9693,-17.2201,-11.8388,9.809,3.3745,316.3876,-53.5682
2008-07-24,20.8567,-0.244,-2.6065,-15.8262,-9.6862,5.814,1.5044,315.6158,-53.6815
2008-07-25,20.9134,0.2717,-4.0182,-15.2778,-10.7083,8.032,5.7625,316.4732,-53.5557
2008-07-28,20.9956,0.3929,-6.4394,-14.3254,-10.5087,6.0485,9.3402,317.7166,-53.3732
2008-07-29,20.7462,-1.1876,-4.3751,-16.0803,-9.5338,3.6239,6.212,313.9435,-53.9269
2008-07-30,21.9816,5.9547,5.1362,-12.3192,-4.8503,11.1871,13.6456,332.6379,-51.1834
2008-07-31,21.0805,-4.099,1.0732,-16.2634,-6.7078,7.4875,9.2723,319.0029,-53.1844
2008-08-01,21.0777,-0.0134,0.7858,-13.6706,-8.4492,4.8371,10.0089,318.96,-53.1907
2008-08-04,20.086,-4.7049,-4.332,-16.5018,-14.0022,-0.1654,8.3687,303.9532,-55.3931
2008-08-05,20.2362,0.7476,-2.4584,-13.7127,-15.5957,4.9157,8.555,306.2256,-55.0596
2008-08-06,20.698,2.2823,-5.8391,-10.258,-12.0311,8.8044,8.4877,313.2146,-54.0339
2008-08-07,20.4572,-1.1636,-2.957,-9.5804,-14.7643,5.4607,5.2308,309.5701,-54.5688
2008-08-08,20.1115,-1.6898,-4.5839,-13.7546,-16.0464,2.1795,6.5089,304.3391,-55.3364
2008-08-11,20.103,-0.0422,0.0847,-13.264,-15.614,-0.4296,5.8979,304.2106,-55.3553
2008-08-12,20.1144,0.0563,-0.602,-13.7843,-16.9264,-0.3178,5.8326,304.382,-55.3301
2008-08-13,20.8255,3.5357,0.616,-6.8087,-12.994,0.7584,10.3066,315.1441,-53.7507
2008-08-14,20.443,-1.8367,-0.0693,-6.1036,-15.7067,-0.2353,11.3389,309.3556,-54.6002
2008-08-15,20.0605,-1.8711,-0.2536,-6.3244,-20.1945,-2.2768,9.927,303.5674,-55.4497
2008-08-18,19.8055,-1.2712,-1.48,-9.1028,-21.6932,-6.5961,4.6708,299.7084,-56.016
2008-08-19,20.5167,3.5909,2.0003,-8.5732,-19.68,-4.3857,8.6708,310.4706,-54.4366
2008-08-20,21.1089,2.8863,1.3606,-2.7034,-16.1182,1.1502,13.4071,319.4318,-53.1215
2008-08-21,21.6387,2.5101,5.849,3.4964,-12.7388,2.5263,14.8698,327.4498,-51.9448
2008-08-22,21.1429,-2.2915,5.3955,1.3721,-13.2656,-2.6058,11.2442,319.9463,-53.046
2008-08-25,20.8681,-1.2999,5.3649,-0.2167,-13.8336,-5.479,7.4992,315.7874,-53.6563
2008-08-26,21.2931,2.0366,3.784,1.4171,-13.8973,-2.2818,11.0517,322.2189,-52.7125
2008-08-27,21.6302,1.5835,2.4698,4.2612,-10.078,-2.4129,15.5987,327.3211,-51.9637
2008-08-28,21.2506,-1.7553,-1.7939,-3.3256,-12.5603,-0.8355,9.93,321.5756,-52.8069
2008-08-29,21.1514,-0.4667,0.0402,0.3361,-13.4815,-2.516,9.4805,320.0749,-53.0271
2008-09-02,19.9897,-5.4923,-4.2092,-5.162,-16.4367,-6.0397,2.1191,302.4954,-55.607
2008-09-03,19.9132,-0.3826,-6.4804,-0.8604,-15.4987,-8.697,-0.0887,301.3379,-55.7769
2008-09-04,19.4655,-2.2482,-10.0079,-3.8084,-21.4937,-8.9258,-1.8101,294.5632,-56.7711
2008-09-05,19.3862,-0.4076,-8.7733,-6.3381,-20.2503,-6.727,-3.6813,293.3627,-56.9473
2008-09-08,19.253,-0.6869,-8.9752,-5.8864,-23.061,-6.2105,-2.2462,291.3475,-57.243
2008-09-09,17.9213,-6.9169,-10.3473,-10.8904,-26.5752,-16.9718,-8.8651,271.1954,-60.2005
2008-09-10,18.6268,3.9368,-6.4599,-7.3432,-24.15,-11.7444,-6.8704,281.8718,-58.6336
2008-09-11,18.8932,1.4298,-2.9403,-6.0713,-21.8788,-11.952,-6.1961,285.9021,-58.0422
2008-09-12,19.5307,3.3743,0.7454,-6.2177,-20.194,-7.2886,-3.6344,295.5494,-56.6264
2008-09-15,18.0346,-7.6599,-6.3282,-11.781,-26.5699,-11.2933,-11.2614,272.9105,-59.9488
2008-09-16,18.7968,4.2262,4.8854,-6.2994,-24.714,-11.4121,-7.702,284.4443,-58.2561
2008-09-17,18.403,-2.0953,-1.2018,-7.0816,-26.574,-7.6251,-12.292,278.4844,-59.1308
2008-09-18,18.9527,2.9869,0.3149,-7.6233,-22.52,-5.2865,-10.4498,286.8025,-57.91
2008-09-19,20.2531,6.8616,3.6991,-4.054,-16.6417,-0.5295,-4.2418,306.4819,-55.022
2008-09-22,19.8978,-1.7544,10.3311,-8.0454,-21.2187,-3.2414,-6.4785,301.105,-55.8111
2008-09-23,19.2412,-3.3,2.364,-8.9946,-22.3462,-8.4229,-9.3973,291.1685,-57.2693
2008-09-24,19.298,0.2955,4.8637,-7.5236,-21.8217,-7.2163,-7.6134,292.0289,-57.143
2008-09-25,19.7699,2.4451,4.3119,-7.1534,-19.3268,-4.6887,-5.6211,299.1693,-56.0951
2008-09-26,19.244,-2.6599,-4.9825,-11.0318,-22.1567,-8.0507,-9.3118,291.2116,-57.263
2008-09-29,16.9558,-11.8907,-14.7857,-20.2102,-32.3662,-20.4766,-19.3475,256.5846,-62.3447
2008-09-30,17.9933,6.119,-6.4854,-14.9309,-28.5266,-16.7689,-15.8745,272.285,-60.0406
2008-10-01,17.6977,-1.643,-8.2928,-11.4659,-27.5145,-18.3285,-15.9422,267.8114,-60.6971
2008-10-02,16.6886,-5.7019,-15.5859,-16.1934,-30.6251,-23.6129,-20.2667,252.5411,-62.9381
2008-10-03,16.4896,-1.1923,-14.3131,-15.2881,-29.6882,-24.9218,-21.5124,249.5301,-63.38
2008-10-06,15.6027,-5.3784,-7.9799,-19.5162,-32.3502,-29.7552,-26.0898,236.1093,-65.3496
2008-10-07,14.7471,-5.4837,-18.0411,-23.4035,-34.8186,-33.7337,-29.4287,223.1619,-67.2497
2008-10-08,15.0257,1.8889,-15.098,-16.1574,-35.5645,-32.3531,-29.5176,227.3773,-66.631
2008-10-09,12.8625,-14.3965,-22.9262,-30.9463,-44.5037,-41.2699,-40.4342,194.6429,-71.435
2008-10-10,12.3366,-4.0884,-25.1853,-34.7031,-47.1218,-44.9358,-42.5856,186.6851,-72.6029
2008-10-13,14.3691,16.4746,-7.9068,-26.4283,-35.7005,-36.2021,-33.7507,217.4408,-68.0893
2008-10-14,14.3861,0.1188,-2.448,-20.2306,-33.9235,-38.2193,-34.2091,217.699,-68.0514
2008-10-15,12.3082,-14.4438,-18.0855,-34.5197,-42.525,-47.0978,-43.8561,186.2551,-72.666
2008-10-16,12.7772,3.8106,-0.663,-30.5697,-41.359,-45.9097,-41.3407,193.3525,-71.6244
2008-10-17,13.0587,2.2025,5.8526,-31.0986,-41.8079,-45.3396,-40.5093,197.611,-70.9994
2008-10-20,14.5794,11.6456,1.464,-28.014,-32.7995,-39.003,-30.2781,220.624,-67.6221
2008-10-21,13.9171,-4.5428,-3.2602,-30.0571,-33.4356,-41.316,-32.6763,210.6016,-69.093
2008-10-22,12.564,-9.7223,2.0785,-34.7023,-39.7602,-45.5952,-40.0772,190.1263,-72.0978
2008-10-23,13.232,5.3167,3.5595,-31.4332,-36.7293,-43.5045,-37.303,200.2349,-70.6143
2008-10-24,12.4077,-6.2299,-4.9848,-37.2394,-40.9032,-47.1135,-41.7596,187.7604,-72.445
2008-10-27,11.6146,-6.3917,-20.3354,-39.6455,-44.0156,-49.353,-46.297,175.7593,-74.2063
2008-10-28,13.3855,15.2472,-3.8195,-21.0562,-39.1056,-42.0592,-38.4049,202.5577,-70.2735
2008-10-29,13.6812,2.2086,8.8914,-23.9652,-35.1005,-39.4538,-34.8278,207.0313,-69.6169
2008-10-30,14.3122,4.6124,8.1632,-19.1295,-32.0979,-37.8351,-33.6085,216.5804,-68.2155
2008-10-31,14.6107,2.0855,17.7549,-12.451,-27.2595,-37.4447,-30.1756,221.0971,-67.5527
2008-11-03,14.1587,-3.0934,21.904,-14.1355,-30.0327,-40.9446,-33.5844,214.2577,-68.5564
2008-11-04,15.0712,6.4445,12.5929,-3.4068,-27.1855,-35.9459,-28.7311,228.0656,-66.53
2008-11-05,14.3975,-4.47,5.2358,-2.3709,-29.6214,-40.0123,-34.1148,217.871,-68.0261
2008-11-06,13.5305,-6.0218,-5.4617,-9.9508,-32.7226,-43.5182,-35.4244,204.7514,-69.9515
2008-11-07,14.1701,4.7269,-3.0156,10.1657,-29.5127,-40.5186,-33.5311,214.4298,-68.5312
2008-11-10,14.2184,0.341,0.4216,15.2535,-29.3122,-41.2771,-32.0503,215.161,-68.4239
2008-11-11,13.8091,-2.8788,-8.3742,-3.897,-33.6916,-42.3077,-30.6531,208.967,-69.3329
2008-11-12,12.6778,-8.1927,-11.9447,-11.8751,-37.985,-47.7255,-38.5045,191.847,-71.8453
2008-11-13,14.1672,11.7489,4.7059,15.1039,-29.3775,-43.6394,-31.1762,214.3868,-68.5375
2008-11-14,13.5788,-4.1533,-4.1725,6.2736,-31.4391,-46.3122,-31.7612,205.4827,-69.8442
2008-11-17,13.2974,-2.0724,-6.4774,1.8284,-35.1873,-47.9425,-34.8861,201.2242,-70.4692
2008-11-18,13.6698,2.8004,-1.0087,-6.239,-35.2415,-45.6794,-31.9291,206.8592,-69.6422
2008-11-19,12.962,-5.1778,2.2421,-6.8628,-40.0982,-47.7289,-37.4666,196.1484,-71.2141
2008-11-20,11.3588,-12.3684,-19.8234,-9.5928,-46.276,-53.4028,-43.9858,171.8879,-74.7744
2008-11-21,12.6266,11.1612,-7.0128,-4.5757,-39.4933,-47.8636,-39.3316,191.0726,-71.959
2008-11-24,13.539,7.2265,1.817,9.118,-36.4157,-45.2522,-32.618,204.8805,-69.9326
2008-11-25,13.7551,1.5956,0.6238,18.4287,-36.4081,-42.8169,-30.7779,208.1496,-69.4528
2008-11-26,14.5254,5.6004,12.0614,8.5156,-31.647,-40.2323,-28.6668,219.8067,-67.7421
2008-11-28,14.2923,-1.6047,25.8259,4.467,-32.4285,-41.5381,-30.5781,216.2795,-68.2597
2008-12-01,12.7716,-10.6404,1.1482,-10.7646,-36.1093,-46.6108,-38.1506,193.2664,-71.637
2008-12-02,13.2036,3.383,-2.4774,-9.6303,-33.6941,-43.9707,-36.301,199.8047,-70.6775
2008-12-03,13.2121,0.0646,-3.9471,-6.6854,-32.1253,-46.7141,-35.605,199.9338,-70.6585
2008-12-04,12.2969,-6.9277,-15.3425,-18.4081,-36.569,-49.414,-41.3594,186.083,-72.6912
2008-12-05,12.5527,2.0804,-12.1718,-12.8134,-34.8015,-49.8369,-41.7326,189.9543,-72.1231
2008-12-08,13.1098,4.4384,2.6486,-3.1092,-26.8479,-46.2882,-38.771,198.3852,-70.8858
2008-12-09,13.2406,0.9974,0.2799,-6.5597,-28.9167,-46.0833,-38.7791,200.3639,-70.5954
2008-12-10,13.9256,5.1739,5.4002,-2.0591,-26.2928,-42.419,-33.9815,210.7306,-69.074
2008-12-11,13.8602,-0.4695,12.7138,0.3705,-29.0335,-43.3644,-36.3687,209.7411,-69.2192
2008-12-12,13.7238,-0.9844,9.3297,8.2511,-23.9031,-44.122,-37.1492,207.6764,-69.5223
2008-12-15,13.6442,-0.5799,4.0763,-3.6918,-27.4121,-45.3515,-36.5001,206.472,-69.699
2008-12-16,14.0678,3.1042,6.2473,3.6006,-23.5572,-43.8711,-33.3344,212.8813,-68.7584
2008-12-17,13.9768,-0.6466,0.3674,5.109,-26.2542,-42.8618,-34.3945,211.5048,-68.9604
2008-12-18,13.1638,-5.8166,-5.0246,-3.7014,-35.0035,-45.82,-38.7999,199.2025,-70.7659
2008-12-19,13.1435,-0.1541,-4.2282,1.4006,-33.9448,-47.9608,-39.659,198.8956,-70.8109
2008-12-22,12.7521,-2.9783,-6.5385,12.2661,-33.725,-48.5349,-42.9319,192.9719,-71.6802
2008-12-23,12.7807,0.2241,-9.1492,1.2203,-33.7722,-48.2243,-43.0625,193.4043,-71.6168
2008-12-24,12.7321,-0.3801,-8.9056,-5.9602,-35.5986,-48.0454,-43.9057,192.6692,-71.7247
2008-12-26,12.9035,1.3465,-1.9774,-6.1908,-32.9479,-47.8044,-42.544,195.2635,-71.3439
2008-12-29,13.1864,2.1923,0.3261,-9.2184,-22.2307,-47.4017,-41.774,199.5441,-70.7157
2008-12-30,13.5064,2.4268,5.9153,-5.4988,-24.9365,-46.3495,-39.5943,204.3867,-70.005
2008-12-31,13.6493,1.0578,6.7963,6.8725,-22.8753,-44.0958,-39.0705,206.5486,-69.6878
2009-01-02,14.3293,4.9822,12.5449,8.5256,-14.137,-40.4326,-36.7824,216.8393,-68.1775
2009-01-05,14.6665,2.353,13.6626,11.0075,-11.0562,-37.462,-32.8402,221.9415,-67.4288
2009-01-06,14.8265,1.0909,12.4377,20.5714,-4.9751,-35.7158,-31.8437,224.3628,-67.0734
2009-01-07,14.1979,-4.2397,5.1195,13.1064,-3.7244,-37.2463,-33.5717,214.8504,-68.4694
2009-01-08,14.3807,1.288,5.359,9.6944,-4.2923,-38.3302,-33.5917,217.6176,-68.0633
2009-01-09,13.8979,-3.3578,-3.011,4.9642,8.0493,-40.0367,-35.5532,210.3104,-69.1357
2009-01-12,13.3493,-3.9474,-8.9811,-4.1389,8.2083,-42.7814,-37.3356,202.0087,-70.354
2009-01-13,13.6836,2.5043,-7.7086,-1.2747,-4.7706,-38.768,-37.016,207.0675,-69.6116
2009-01-14,13.0292,-4.7818,-8.231,-5.061,-9.4318,-40.1557,-37.4394,197.166,-71.0647
2009-01-15,13.1921,1.25,-8.2654,-3.3135,7.1813,-38.3975,-34.4765,199.6305,-70.703
2009-01-16,13.2978,0.8014,-4.3174,-5.473,4.0744,-38.9697,-31.3575,201.2304,-70.4683
2009-01-20,12.5892,-5.3287,-5.6935,-9.9277,-3.5948,-43.8998,-35.1567,190.5073,-72.0419
2009-01-21,13.435,6.7181,-1.8167,2.0599,-7.8496,-38.0745,-28.785,203.3058,-70.1637
2009-01-22,13.0664,-2.7435,0.2851,-0.587,-6.1127,-37.5045,-31.3743,197.7281,-70.9822
2009-01-23,13.4464,2.9084,1.9277,5.4448,7.0229,-35.5296,-31.7812,203.4788,-70.1383
2009-01-26,13.695,1.8487,2.9867,7.154,3.4987,-34.5156,-29.2559,207.2405,-69.5862
2009-01-27,13.7179,0.1669,8.9651,7.7424,10.5592,-34.663,-30.7112,207.5864,-69.5355
2009-01-28,14.0922,2.7286,4.8916,9.2118,21.3311,-32.0736,-29.612,213.2507,-68.7042
2009-01-29,13.595,-3.528,4.0455,3.0986,1.5648,-38.1528,-31.2339,205.7272,-69.8083
2009-01-30,13.4064,-1.3872,-0.2975,-0.7404,-2.0083,-36.4039,-31.6421,202.8734,-70.2271
2009-02-02,13.1921,-1.5985,-3.672,-3.3494,-7.8261,-37.412,-34.3846,199.6305,-70.703
2009-02-03,13.4207,1.7327,-2.1663,-6.341,-8.1447,-33.184,-33.2945,203.0895,-70.1954
2009-02-04,13.5464,0.9368,-3.8727,-7.6369,-4.3245,-33.0585,-29.7678,204.9921,-69.9162
2009-02-05,13.8779,2.4468,2.0807,-6.3981,-7.9178,-32.9509,-27.0476,210.0077,-69.1801
2009-02-06,14.135,1.853,5.4348,-0.4427,-1.8231,-30.9045,-27.1314,213.8991,-68.609
2009-02-09,14.1864,0.3638,7.5374,-1.3511,4.8478,-29.4611,-27.9237,214.6774,-68.4948
2009-02-10,13.5264,-4.6526,0.7878,-2.6727,-4.5425,-32.7146,-33.0036,204.6894,-69.9606
2009-02-11,13.3721,-1.1407,-1.2867,0.1712,-5.9521,-33.5196,-33.7308,202.3545,-70.3033
2009-02-12,13.395,0.171,-3.4795,-2.109,-2.9988,-35.68,-35.1922,202.7005,-70.2525
2009-02-13,13.4264,0.2346,-5.0131,3.0483,5.9053,-34.3228,-34.4773,203.1761,-70.1827
2009-02-17,12.4978,-6.9164,-11.9033,-5.2631,-11.7839,-37.6996,-39.118,189.1237,-72.245
2009-02-18,12.4264,-0.5716,-8.1326,-6.5535,-8.4873,-37.2581,-41.3966,188.0428,-72.4036
2009-02-19,12.4292,0.023,-7.0513,-1.271,-6.5292,-39.4191,-42.076,188.086,-72.3973
2009-02-20,12.1092,-2.5747,-9.599,-9.8682,-11.4164,-42.6346,-41.9748,183.2433,-73.108
2009-02-23,11.5435,-4.672,-14.0243,-11.6554,-10.9439,-46.6538,-45.3061,174.6822,-74.3644
2009-02-24,12.0863,4.703,-3.2922,-10.1148,6.405,-42.835,-44.3246,182.8974,-73.1587
2009-02-25,12.0149,-0.591,-3.3111,-12.2679,-4.8443,-42.4244,-45.579,181.8165,-73.3174
2009-02-26,12.0435,0.2378,-3.1034,-12.2058,-11.0463,-43.4394,-44.73,182.2489,-73.2539
2009-02-27,11.752,-2.4199,-2.9495,-16.6059,-14.5621,-45.6685,-46.9794,177.8385,-73.9011
2009-03-02,10.892,-7.3182,-5.6435,-19.8823,-25.0142,-48.7449,-49.1731,164.8239,-75.8111
2009-03-03,10.9463,0.4984,-9.4326,-18.3504,-23.4114,-48.2479,-49.55,165.6454,-75.6906
2009-03-04,11.4692,4.7769,-4.5422,-13.0604,-10.1975,-42.6246,-46.0899,173.558,-74.5293
2009-03-05,10.9634,-4.4096,-8.968,-18.3095,-16.9665,-44.9439,-49.7322,165.9048,-75.6525
2009-03-06,11.0834,1.0946,-5.6893,-18.1818,-16.1118,-43.0612,-48.1434,167.7208,-75.386
2009-03-09,11.1034,0.1805,1.9412,-19.9917,-9.7051,-42.725,-46.5779,168.0235,-75.3416
2009-03-10,11.6663,5.0695,6.578,-17.4651,-7.0611,-39.4052,-43.1685,176.5415,-74.0915
2009-03-11,11.6177,-0.4164,1.2954,-18.1067,-11.3813,-35.1736,-46.1758,175.8063,-74.1994
2009-03-12,11.9663,3.0005,9.1478,-11.5336,-9.6237,-35.7575,-43.3024,181.0814,-73.4252
2009-03-13,11.8578,-0.9074,6.9863,-11.3248,-14.8494,-37.2378,-44.7392,179.4383,-73.6664
2009-03-16,12.0092,1.2771,8.1575,-10.3456,-13.3551,-38.5111,-42.9928,181.73,-73.3301
2009-03-17,12.4235,3.45,6.4903,-7.4697,-9.4748,-31.1131,-38.8927,187.9996,-72.41
2009-03-18,12.5492,1.0119,8.0177,0.4115,-8.0253,-33.2376,-40.8565,189.9019,-72.1308
2009-03-19,12.8521,2.4135,7.4021,3.4261,-8.6414,-30.1629,-35.4881,194.4853,-71.4581
2009-03-20,12.3495,-3.9106,4.147,-0.6413,-11.6428,-34.8403,-38.285,186.8797,-72.5743
2009-03-23,13.3662,8.2326,11.2996,10.3804,1.5372,-34.0044,-34.3538,202.2646,-70.3165
2009-03-24,13.1134,-1.8909,5.5535,13.6007,-0.229,-34.0961,-36.2323,198.4401,-70.8777
2009-03-25,13.0503,-0.4818,3.9926,7.9753,2.3382,-32.1754,-37.8882,197.484,-71.0181
2009-03-26,13.1623,0.8583,2.4134,9.5495,2.9858,-31.7948,-36.7167,199.1789,-70.7693
2009-03-27,12.7717,-2.9675,3.4186,6.0464,0.311,-35.3984,-38.4273,193.2683,-71.6367
2009-03-30,12.2978,-3.7104,-7.9932,4.644,-4.6942,-36.0955,-41.2403,186.0973,-72.6891
2009-03-31,12.1944,-0.8407,-7.0083,11.9575,-7.5228,-28.0811,-42.8077,184.5327,-72.9187
2009-04-01,12.4529,2.1196,-4.5775,13.7636,-7.8002,-30.7916,-42.397,188.4441,-72.3447
2009-04-02,12.9641,4.1052,-1.5055,13.0344,-5.0198,-26.7469,-40.1731,196.1802,-71.2094
2009-04-03,13.2168,1.9494,3.4855,20.5539,-7.7637,-20.8031,-39.5038,200.0046,-70.6481
2009-04-06,12.9497,-2.0208,5.3013,16.8388,-11.7051,-21.4672,-41.039,195.9629,-71.2413
2009-04-07,12.562,-2.994,3.0146,13.1364,-15.2731,-19.4883,-43.4447,190.0957,-72.1023
2009-04-08,12.7228,1.2802,2.1679,9.0562,-10.3891,-13.7266,-42.8298,192.5294,-71.7452
2009-04-09,13.0962,2.9346,1.019,12.726,-8.9323,-12.8412,-41.0397,198.1793,-70.916
2009-04-13,12.9526,-1.0965,-1.9991,8.2421,-6.8014,0.7004,-40.8586,196.0063,-71.2349
2009-04-14,12.9181,-0.2661,-0.244,8.9426,-3.2295,4.7137,-42.3402,195.4848,-71.3115
2009-04-15,12.9354,0.1334,2.9721,7.7123,-5.4678,-9.9775,-42.5675,195.7456,-71.2732
2009-04-16,12.9957,0.4662,2.1445,4.6057,-0.2575,-9.6651,-44.1905,196.6582,-71.1392
2009-04-17,13.1479,1.1713,0.3947,4.7707,-0.3351,6.8221,-43.4888,198.9616,-70.8012
2009-04-20,12.5103,-4.8493,-3.4146,-2.6593,-5.9221,-2.089,-47.0397,189.3134,-72.2171
2009-04-21,12.7573,1.9743,-1.245,3.3023,1.3352,-2.3076,-46.601,193.051,-71.6686
2009-04-22,12.6223,-1.0581,-2.4201,-5.5651,-6.0487,-13.4236,-47.1909,191.0084,-71.9684
2009-04-23,12.8578,1.8658,-1.0608,-1.9492,-1.5961,-7.6112,-45.7826,194.5722,-71.4454
2009-04-24,13.2312,2.9037,0.6334,1.3864,-1.6006,5.3099,-42.7063,200.2219,-70.6162
2009-04-27,12.9813,-1.8884,3.7649,-1.3746,-5.2111,-1.8947,-44.575,196.4409,-71.1711
2009-04-28,13.0101,0.2212,1.9811,1.8664,-5.1597,4.8546,-44.5461,196.8755,-71.1074
2009-04-29,13.369,2.7594,5.9158,8.7109,-5.1313,15.1052,-41.7027,202.3081,-70.3101
2009-04-30,13.1479,-1.6541,2.256,7.8192,-3.2886,-1.7753,-43.0878,198.9616,-70.8012
2009-05-01,13.573,3.2329,2.5831,8.9945,1.2423,-0.791,-39.9327,205.3938,-69.8572
2009-05-04,14.1158,3.9992,8.739,8.8835,7.0016,-1.3725,-38.6884,213.6078,-68.6518
2009-05-05,13.9262,-1.3428,7.042,5.3673,3.7668,-4.6847,-40.3752,210.7394,-69.0727
2009-05-06,14.4661,3.877,8.2062,11.7099,6.7895,2.1713,-39.6624,218.9099,-67.8737
2009-05-07,14.2795,-1.2904,8.6064,13.6717,2.8938,-5.2531,-39.3107,216.085,-68.2882
2009-05-08,14.8883,4.2639,9.6911,17.0204,5.3294,3.4092,-37.9672,225.2987,-66.9361
2009-05-11,14.4345,-3.0479,2.2583,10.2193,1.7489,6.6815,-39.7444,218.4318,-67.9438
2009-05-12,14.5265,0.6368,4.3102,12.1508,7.3933,2.515,-39.0227,219.8227,-67.7397
2009-05-13,14.0468,-3.3017,-2.8985,8.7372,5.0457,-1.2067,-41.9856,212.5647,-68.8049
2009-05-14,14.087,0.2862,-1.3475,8.9032,5.1666,2.0128,-41.1464,213.1732,-68.7156
2009-05-15,13.7855,-2.1407,-7.4074,6.0773,2.6744,8.7376,-43.1579,208.6098,-69.3853
2009-05-18,14.2622,3.4583,-1.1938,8.4753,14.118,0.6705,-43.2615,215.8242,-68.3265
2009-05-19,14.3312,0.4833,-1.3445,14.5546,15.3287,5.5404,-43.3376,216.8673,-68.1734
2009-05-20,14.38,0.3407,2.3717,12.7195,15.6951,8.1411,-43.7044,217.6061,-68.065
2009-05-21,13.9549,-2.9559,-0.9378,10.5574,15.2424,2.0858,-44.5464,211.174,-69.009
2009-05-22,13.9607,0.0412,1.2708,8.5771,20.9402,7.7046,-43.7016,211.2609,-68.9962
2009-05-26,14.2565,2.1189,-0.0403,7.7491,17.9554,25.5105,-41.5157,215.7373,-68.3393
2009-05-27,14.1014,-1.0878,-1.6032,8.6284,17.3659,11.6803,-41.7738,213.3906,-68.6837
2009-05-28,14.5695,3.3198,1.3182,11.9868,20.9745,7.6114,-41.0852,220.4747,-67.644
2009-05-29,14.8424,1.8726,6.3593,11.0204,26.2962,7.9047,-38.2967,224.6033,-67.0381
2009-06-01,15.388,3.6765,10.2243,17.038,41.2785,5.9389,-36.6828,232.8607,-65.8263
2009-06-02,15.3478,-0.2613,7.6551,13.0766,40.2106,7.3853,-37.2206,232.2524,-65.9156
2009-06-03,14.7562,-3.8548,4.6436,4.5372,28.6599,15.5398,-38.3143,223.2996,-67.2295
2009-06-04,15.0894,2.2576,3.5678,8.3522,37.6337,14.282,-35.9686,228.3408,-66.4896
2009-06-05,14.9659,-0.8185,0.832,3.4544,35.0292,13.2735,-39.6412,226.472,-66.7639
2009-06-08,14.9314,-0.2302,-2.9675,4.5656,34.4756,21.4247,-38.5761,225.9506,-66.8404
2009-06-09,15.0779,0.9809,-1.759,1.2731,29.2427,20.1168,-39.7457,228.167,-66.5151
2009-06-10,15.2129,0.8952,3.0945,5.392,30.945,16.0417,-37.6719,230.2097,-66.2154
2009-06-11,15.5173,2.0011,2.8359,6.8208,29.6745,17.1949,-36.8124,234.8164,-65.5393
2009-06-12,15.3679,-0.9624,2.6867,9.405,29.6025,10.3573,-36.4552,232.5565,-65.871
2009-06-15,14.9601,-2.6537,0.1923,6.1978,24.5723,7.9355,-38.8701,226.3851,-66.7766
2009-06-16,14.6413,-2.1309,-2.8952,6.2084,17.8519,6.6857,-40.3861,221.561,-67.4846
2009-06-17,14.403,-1.6281,-5.3238,0.9867,14.7717,5.5609,-42.3125,217.9537,-68.014
2009-06-18,14.3484,-0.3788,-7.5328,0.1202,11.6424,1.9949,-42.7514,217.128,-68.1352
2009-06-19,14.2052,-0.9979,-7.566,-1.2154,15.0266,1.6343,-41.928,214.9614,-68.4531
2009-06-22,13.4951,-4.999,-9.7929,-3.2951,0.9645,2.5166,-44.4566,204.2155,-70.0302
2009-06-23,13.5759,0.5989,-7.2768,-2.756,3.5268,3.2897,-46.2489,205.4386,-69.8507
2009-06-24,13.6308,0.404,-5.3613,-4.389,4.4483,6.8905,-44.9887,206.2686,-69.7289
2009-06-25,13.9165,2.0965,-3.0097,-1.3109,5.7306,8.8875,-43.6227,210.5931,-69.0942
2009-06-26,13.8242,-0.6638,-2.6824,-5.116,8.2409,8.5774,-43.589,209.1953,-69.2994
2009-06-29,13.9541,0.9397,3.401,-5.9849,13.4681,8.1416,-43.5549,211.161,-69.0109
2009-06-30,13.8704,-0.5999,2.1689,-9.8627,13.7437,5.1869,-44.6734,209.8943,-69.1968
2009-07-01,13.8819,0.0833,1.8425,-9.5514,11.4755,2.7802,-44.858,210.0691,-69.1711
2009-07-02,13.3248,-4.0133,-4.2522,-9.7005,2.7822,-2.3773,-45.4248,201.6383,-70.4084
2009-07-06,13.1891,-1.0183,-4.5938,-12.5933,-0.2097,-7.9571,-45.1725,199.5852,-70.7097
2009-07-07,12.8514,-2.5607,-7.9023,-14.1287,-0.7596,-12.3758,-45.2016,194.4744,-71.4597
2009-07-08,12.8543,0.0225,-7.3257,-13.9112,2.3264,-13.302,-44.2669,194.5181,-71.4533
2009-07-09,12.987,1.033,-6.4463,-13.8669,2.0766,-8.5282,-42.5981,196.5274,-71.1584
2009-07-10,12.8947,-0.7113,-3.228,-15.2383,-1.5389,-10.3337,-44.703,195.1295,-71.3636
2009-07-13,13.091,1.5223,-0.7442,-15.6362,1.0682,-5.8059,-43.5181,198.0999,-70.9277
2009-07-14,13.2671,1.3451,3.2345,-13.6706,2.7009,-0.6158,-43.1338,200.7647,-70.5366
2009-07-15,13.7376,3.5465,6.8717,-8.172,6.2016,0.3947,-38.5263,207.8849,-69.4917
2009-07-16,13.905,1.2187,7.0682,-5.0291,6.997,6.7215,-36.1333,210.4184,-69.1199
2009-07-17,13.9858,0.5813,8.4621,-2.8961,6.373,6.0166,-34.6911,211.6415,-68.9404
2009-07-20,14.2254,1.7131,8.6659,-0.857,13.7094,6.9755,-34.7126,215.2672,-68.4083
2009-07-21,14.3496,0.8726,8.1593,1.0161,12.481,13.9828,-36.0554,217.1456,-68.1326
2009-07-22,14.2196,-0.9053,3.5091,5.369,12.6546,5.8405,-34.4578,215.1798,-68.4211
2009-07-23,14.6238,2.842,5.1692,7.7185,13.7343,11.919,-30.0556,221.2953,-67.5236
2009-07-24,14.7768,1.0463,5.6554,8.4075,11.6814,9.8938,-29.151,223.6106,-67.1838
2009-07-27,14.8258,0.3321,4.2208,6.534,14.209,8.2574,-29.1083,224.3532,-67.0748
2009-07-28,14.6093,-1.4603,1.8105,5.6797,12.2927,6.4987,-30.417,221.0769,-67.5557
2009-07-29,14.2716,-2.3118,0.3654,2.2755,6.7511,1.2733,-31.2086,215.9661,-68.3057
2009-07-30,14.4708,1.3956,-1.0462,4.3288,10.0615,6.442,-34.1686,218.9802,-67.8634
2009-07-31,14.6122,0.9775,-1.1135,5.2609,7.6569,8.9944,-30.6838,221.1206,-67.5492
2009-08-03,14.9875,2.5682,1.0903,12.4783,6.1756,13.6096,-28.8941,226.7994,-66.7158
2009-08-04,14.9615,-0.1734,2.4106,13.4384,7.4342,11.481,-25.5128,226.4062,-66.7735
2009-08-05,14.8114,-1.0033,3.7824,15.2516,2.3868,9.3383,-26.8073,224.1348,-67.1069
2009-08-06,14.6902,-0.8186,1.5161,14.2825,2.8762,5.8533,-29.0263,222.3001,-67.3761
2009-08-07,14.6728,-0.118,0.4148,12.9806,-1.4473,3.8049,-28.2754,222.0379,-67.4146
2009-08-10,14.7364,0.4329,-1.6757,14.2826,2.0909,3.8763,-26.7268,222.999,-67.2736
2009-08-11,14.5227,-1.4496,-2.9327,10.9372,-0.0256,7.3658,-27.7585,219.7664,-67.748
2009-08-12,14.6786,1.0734,-0.8965,10.6397,4.4978,9.7704,-27.0241,222.1254,-67.4018
2009-08-13,14.8576,1.2193,1.1397,8.153,5.47,10.9191,-28.6569,224.8337,-67.0043
2009-08-14,14.6382,-1.4766,-0.236,5.273,6.1857,9.0255,-28.3951,221.5138,-67.4915
2009-08-17,14.1648,-3.2341,-3.8785,1.2797,-0.6831,13.3385,-29.3897,214.3499,-68.5429
2009-08-18,14.3062,0.9985,-1.4907,0.5682,-0.1738,15.1282,-27.7664,216.4903,-68.2288
2009-08-19,14.5718,1.8563,-0.7277,1.549,1.334,17.2385,-28.9758,220.5091,-67.639
2009-08-20,14.6959,0.8518,-1.0881,3.3496,5.31,21.3618,-30.3803,222.3874,-67.3633
2009-08-21,15.1116,2.8286,3.2341,3.336,8.2443,30.9108,-30.164,228.6778,-66.4402
2009-08-24,15.305,1.2798,8.0497,3.5749,7.3548,26.6308,-27.6115,231.6044,-66.0107
2009-08-25,15.0712,-1.5277,5.3471,1.655,6.8774,25.4376,-27.7786,228.0662,-66.5299
2009-08-26,15.1405,0.4597,3.9025,3.6357,3.9188,25.7152,-28.8947,229.1146,-66.3761
2009-08-27,15.0943,-0.3051,2.7107,5.7646,1.6974,28.4399,-30.2167,228.4156,-66.4787
2009-08-28,15.0625,-0.2104,-0.3248,4.0894,-2.1153,38.2901,-29.1193,227.9351,-66.5492
2009-08-31,14.771,-1.9356,-3.4892,1.0865,-3.7585,34.9408,-30.1653,223.5232,-67.1966
2009-09-01,14.5141,-1.7393,-3.6966,-3.1587,-1.6409,26.5487,-27.3922,219.6354,-67.7672
2009-09-02,14.4073,-0.7359,-4.8428,-3.7045,-4.5203,31.4122,-27.6496,218.0191,-68.0044
2009-09-03,14.5083,0.7013,-3.8822,-2.0464,-3.0573,30.9009,-25.4666,219.548,-67.78
2009-09-04,14.7104,1.3928,-2.338,0.1376,-1.4803,32.485,-24.1192,222.6059,-67.3313
2009-09-08,15.1145,2.7472,2.3256,3.0101,0.243,29.5568,-21.4953,228.7214,-66.4338
2009-09-09,15.1491,0.2292,4.3755,2.8012,-0.4188,30.3967,-15.4685,229.2456,-66.3569
2009-09-10,15.4118,1.734,6.9726,6.1221,-0.6795,28.7933,-17.26,233.2207,-65.7735
2009-09-11,15.4725,0.3933,6.6455,5.4081,0.6801,30.4839,-18.1055,234.138,-65.6389
2009-09-14,15.5879,0.7462,5.9654,4.9154,4.1964,29.7999,-20.1875,235.8852,-65.3824
2009-09-15,15.7438,1.0,4.1635,7.5527,7.5298,26.7259,-12.7025,238.2442,-65.0363
2009-09-16,16.1335,2.4753,6.4977,13.8985,12.0152,28.5618,-14.169,244.1413,-64.1708
2009-09-17,16.0556,-0.4831,4.1768,12.2277,11.898,24.9256,-12.7556,242.962,-64.3439
2009-09-18,15.9993,-0.3503,3.4051,9.7963,12.6299,29.5544,-15.5828,242.1108,-64.4688
2009-09-21,15.863,-0.8518,1.7649,7.9416,17.5466,18.6804,-21.6762,240.0484,-64.7715
2009-09-22,16.1124,1.572,2.3412,6.6225,18.6836,22.8693,-19.0243,243.8219,-64.2177
2009-09-23,15.776,-2.0875,-2.2156,3.0775,15.7384,20.8868,-18.0089,238.7321,-64.9646
2009-09-24,15.5499,-1.4335,-3.1495,3.1761,11.7367,18.1399,-19.4224,235.3098,-65.4669
2009-09-25,15.5296,-0.1305,-2.9359,2.5699,12.3365,21.594,-21.4483,235.0026,-65.512
2009-09-28,15.7789,1.6057,-0.53,4.5358,13.0777,28.3071,-18.006,238.776,-64.9582
2009-09-29,15.7355,-0.2756,-2.3394,4.4674,13.4466,29.0383,-7.1971,238.1179,-65.0548
2009-09-30,15.634,-0.6449,-0.9005,5.8424,12.6212,25.545,-13.1123,236.5823,-65.2802
2009-10-01,15.1469,-3.1157,-2.5918,4.3598,13.6743,16.837,-14.4133,229.211,-66.3619
2009-10-02,15.0686,-0.5169,-2.9686,4.59,14.2501,14.0105,-9.7073,228.0262,-66.5358
2009-10-05,15.402,2.2128,-2.3888,6.16,19.8472,18.9368,-6.5956,233.0721,-65.7953
2009-10-06,15.7673,2.372,0.2027,7.1852,22.6624,25.516,1.0551,238.6005,-64.984
2009-10-07,15.8891,0.7723,1.632,5.125,22.3459,24.8866,7.7439,240.4433,-64.7135
2009-10-08,16.298,2.573,7.5995,7.5833,26.3929,24.4478,8.4673,246.6299,-63.8056
2009-10-09,16.2835,-0.089,8.0623,5.6555,24.387,25.7156,26.5962,246.4105,-63.8378
2009-10-12,16.5038,1.3533,7.1536,6.6658,24.397,27.7569,33.7789,249.7452,-63.3484
2009-10-13,16.5299,0.1581,4.8363,6.0431,20.3262,27.7883,15.0382,250.14,-63.2905
2009-10-14,16.8054,1.6664,5.7664,6.7427,20.8584,29.3149,16.8165,254.3083,-62.6787
2009-10-15,17.1562,2.0876,5.266,6.339,22.6685,30.4862,39.3881,259.6174,-61.8996
2009-10-16,17.104,-0.3042,5.0392,6.5301,20.2356,36.7192,33.8631,258.8277,-62.0155
2009-10-19,17.3273,1.3053,4.9895,8.3001,20.7513,35.8222,32.688,262.2061,-61.5197
2009-10-20,17.2171,-0.6359,4.1572,8.5359,21.0795,36.4017,18.0917,260.5387,-61.7644
2009-10-21,17.1707,-0.2694,2.174,6.5683,17.4164,33.5427,23.3784,259.8369,-61.8674
2009-10-22,17.2374,0.3883,0.4732,9.263,16.6519,30.2784,37.1961,260.8459,-61.7193
2009-10-23,16.9039,-1.9344,-1.1697,8.7078,14.0167,30.2173,27.75,255.8001,-62.4598
2009-10-26,16.6256,-1.6466,-4.0495,7.0575,13.8011,27.7904,33.9942,251.588,-63.078
2009-10-27,16.7735,0.8894,-2.5766,6.3028,17.5304,25.4649,44.4166,253.8257,-62.7496
2009-10-28,16.2197,-3.3017,-5.5387,3.0772,12.0856,23.3631,21.173,245.4452,-63.9795
2009-10-29,16.6517,2.6636,-3.3978,6.5096,13.9572,22.6828,21.7125,251.9829,-63.02
2009-10-30,16.0196,-3.7959,-5.2316,5.7618,6.8864,13.4873,11.9297,242.4178,-64.4238
2009-11-02,16.1211,0.6335,-3.0345,6.9848,7.7503,15.7607,10.3377,243.9535,-64.1984
2009-11-03,16.3299,1.295,-2.6448,6.0241,10.2518,12.8833,15.3343,247.1126,-63.7348
2009-11-04,16.3154,-0.0888,0.5899,3.4756,11.063,14.2575,8.2554,246.8932,-63.767
2009-11-05,16.5937,1.706,-0.3483,4.4343,13.0912,11.4544,15.2541,251.1053,-63.1488
2009-11-06,16.5502,-0.2621,3.3122,1.5478,12.3087,14.6569,22.3177,250.4472,-63.2454
2009-11-09,16.8662,1.9096,4.6223,3.5791,16.1368,16.1071,19.0271,255.2297,-62.5435
2009-11-10,16.8779,0.0688,3.3558,2.2663,14.9825,20.1541,18.7043,255.4053,-62.5178
2009-11-11,16.872,-0.0344,3.4121,2.0698,13.5584,19.77,22.1808,255.3175,-62.5306
2009-11-12,16.5009,-2.1997,-0.5591,-1.8116,12.7249,19.6978,30.1565,249.7013,-63.3549
2009-11-13,16.6053,0.6326,0.3329,-3.2111,17.2293,16.4285,17.2091,251.2809,-63.123
2009-11-16,17.0402,2.6192,1.0315,-0.3729,19.1104,18.9033,25.4911,257.8624,-62.1572
2009-11-17,17.0112,-0.1702,0.7902,-1.824,16.7406,18.2979,27.9287,257.4235,-62.2216
2009-11-18,16.9445,-0.392,0.4296,-1.583,15.3008,21.4233,23.956,256.4143,-62.3697
2009-11-19,16.5647,-2.2416,0.3866,-3.5293,9.6156,18.6526,27.7944,250.6666,-63.2132
2009-11-20,16.411,-0.9277,-1.1699,-4.794,7.2264,15.1127,44.4785,248.3411,-63.5545
2009-11-23,16.6227,1.2898,-2.4503,-1.6638,10.2944,17.8797,31.6484,251.5441,-63.0844
2009-11-24,16.7184,0.5756,-1.7215,0.5581,10.4216,14.7488,23.4828,252.9921,-62.8719
2009-11-25,16.8489,0.7804,-0.5646,0.4494,11.6239,13.5186,22.492,254.9665,-62.5822
2009-11-27,16.5328,-1.8758,-0.1925,1.9306,9.761,7.4393,13.82,250.1839,-63.284
2009-11-30,16.4748,-0.3507,0.3887,-1.0622,11.5349,7.3429,15.2705,249.3064,-63.4128
2009-12-01,16.6923,1.3199,0.4186,4.1991,15.0075,13.1203,30.6989,252.5971,-62.9299
2009-12-02,16.5937,-0.5906,-0.7458,2.9316,15.1758,9.9695,25.6753,251.1053,-63.1488
2009-12-03,16.327,-1.6075,-3.0976,-0.0177,12.5352,9.0946,23.5753,247.0688,-63.7412
2009-12-04,16.2081,-0.7281,-1.9642,-0.6575,10.1812,8.5502,31.8067,245.2698,-64.0052
2009-12-07,16.1704,-0.2326,-1.848,-2.5511,6.9858,7.2457,28.8201,244.6993,-64.0889
2009-12-08,15.8949,-1.7034,-4.7768,-3.9593,4.9229,4.4835,21.2445,240.5312,-64.7006
2009-12-09,15.8949,0.0,-4.211,-5.7589,3.1346,2.4337,20.0472,240.5312,-64.7006
2009-12-10,16.0921,1.2404,-1.4385,-4.6556,4.0048,4.7121,15.5574,243.5147,-64.2628
2009-12-11,16.1008,0.054,-0.662,-4.5713,3.2902,7.6247,16.1652,243.6462,-64.2435
2009-12-14,16.2661,1.0265,0.5917,-1.4233,3.3172,11.0968,18.5244,246.1472,-63.8764
2009-12-15,16.3183,0.3209,2.6632,-1.7287,1.1451,13.298,19.5983,246.9371,-63.7605
2009-12-16,16.4226,0.6396,3.3199,-3.6243,2.2862,14.4562,16.7395,248.5166,-63.5287
2009-12-17,16.2835,-0.8475,1.1892,-4.2782,1.7759,14.6301,16.5035,246.4105,-63.8378
2009-12-18,16.3692,0.5264,1.6669,-3.3955,3.1907,21.2972,24.3497,247.7077,-63.6474
2009-12-21,16.5645,1.1932,1.8347,-0.0013,2.8059,22.0138,26.0276,250.6634,-63.2137
2009-12-22,16.6432,0.4751,1.9913,1.4147,5.4966,22.1001,30.5135,251.8543,-63.0389
2009-12-23,16.7744,0.7882,2.1419,0.9125,7.8746,20.5355,31.2481,253.8395,-62.7475
2009-12-24,16.8531,0.4693,3.4983,0.8058,8.5225,21.9104,32.3672,255.0307,-62.5727
2009-12-28,16.8823,0.173,3.1344,0.1982,6.9923,20.9844,30.8345,255.4719,-62.508
2009-12-29,16.7715,-0.6562,1.2495,1.4435,6.5839,20.9158,27.1876,253.7954,-62.754
2009-12-30,16.754,-0.1043,0.6657,1.6945,7.1639,20.6893,24.0447,253.5308,-62.7929
2009-12-31,16.6199,-0.8004,-0.9211,-0.4338,9.7249,24.729,21.7638,251.5015,-63.0907
2010-01-04,17.1446,3.1573,1.7298,3.3201,13.7773,29.9907,19.6472,259.4422,-61.9253
2010-01-05,17.2846,0.8162,2.383,5.8651,12.2227,34.4957,17.8508,261.5597,-61.6146
2010-01-06,17.4915,1.1975,4.2935,7.9187,10.9352,36.0758,17.975,264.692,-61.1549
2010-01-07,17.4653,-0.15,4.2457,8.0081,9.9199,34.4825,23.0135,264.295,-61.2131
2010-01-08,17.579,0.651,5.7709,10.595,7.8602,36.3276,22.2399,266.0154,-60.9607
2010-01-11,17.5557,-0.1327,2.3976,10.4483,7.813,34.1053,26.3193,265.6626,-61.0124
2010-01-12,17.302,-1.4447,0.1012,7.519,4.8366,30.4136,29.6105,261.8245,-61.5757
2010-01-13,17.3662,0.3707,-0.7167,7.8592,5.0592,26.4137,26.9127,262.795,-61.4333
2010-01-14,17.4157,0.2854,-0.2838,7.068,3.6321,25.2481,33.6666,263.545,-61.3232
2010-01-15,17.2758,-0.8035,-1.7247,5.868,0.6972,23.5237,30.9556,261.4274,-61.634
2010-01-19,17.4332,0.9112,-0.6975,6.1537,1.9248,22.5499,31.0983,263.8096,-61.2844
2010-01-20,17.1621,-1.5552,-0.8088,5.396,-0.9532,19.6004,36.3238,259.7069,-61.8865
2010-01-21,16.8123,-2.0384,-3.1895,2.707,-2.3511,18.2328,25.1381,254.4131,-62.6634
2010-01-22,16.4129,-2.3756,-5.7583,-0.9152,-4.4134,12.2343,25.6115,248.3693,-63.5503
2010-01-25,16.5208,0.6572,-4.3706,-0.7356,-4.1574,11.8022,22.8637,250.0016,-63.3108
2010-01-26,16.4158,-0.6352,-5.8361,-2.1376,-2.8877,10.7243,19.8672,248.4134,-63.5439
2010-01-27,16.3517,-0.3907,-4.7223,-2.9753,-1.6476,11.9261,19.1999,247.4428,-63.6863
2010-01-28,16.1797,-1.0519,-3.7628,-4.1616,-3.5401,13.3697,14.8133,244.8401,-64.0683
2010-01-29,15.8882,-1.8018,-3.1972,-5.2668,-2.0439,9.7947,16.8676,240.4286,-64.7157
2010-02-01,16.4129,3.3027,-0.6529,-2.0358,-1.4341,12.323,22.4257,248.3693,-63.5503
2010-02-02,16.6286,1.3144,1.2964,0.0526,3.8017,10.95,26.0498,251.6339,-63.0712
2010-02-03,16.4858,-0.859,0.8201,-3.8429,2.2622,10.1879,22.8385,249.4722,-63.3885
2010-02-04,15.8094,-4.1026,-2.2883,-8.5343,-3.1869,6.7382,16.7057,239.2374,-64.8905
2010-02-05,15.8123,0.0184,-0.4771,-9.6,-3.083,7.639,13.9394,239.2815,-64.884
2010-02-08,15.6666,-0.9218,-4.5471,-10.2988,-5.5871,6.7727,10.8353,237.0758,-65.2077
2010-02-09,15.996,2.1027,-3.8044,-9.005,-3.3486,8.5479,12.7556,242.0607,-64.4762
2010-02-10,15.929,-0.4191,-3.3775,-9.266,-5.5571,9.6829,17.762,241.0462,-64.625
2010-02-11,16.2001,1.702,2.471,-6.369,-4.0157,10.3651,21.1482,245.1489,-64.0229
2010-02-12,16.2059,0.036,2.4889,-6.6812,-3.9482,9.0749,20.9849,245.2371,-64.01
2010-02-16,16.5878,2.3566,5.8802,-4.7539,0.5266,13.3186,23.5462,251.0163,-63.1619
2010-02-17,16.5645,-0.1406,3.5539,-4.1174,-0.2458,16.9412,32.5394,250.6634,-63.2137
2010-02-18,16.6578,0.5631,4.5753,-4.4482,-2.2444,16.437,34.0519,252.0749,-63.0065
2010-02-19,16.7219,0.385,3.2211,-2.565,-1.7007,14.7551,34.5371,253.0454,-62.8641
2010-02-22,16.4916,-1.3772,1.763,-1.9074,-2.673,12.2188,36.1908,249.5605,-63.3755
2010-02-23,16.2176,-1.6617,-2.232,-1.1901,-2.0956,7.3185,40.4915,245.4135,-63.9841
2010-02-24,16.3196,0.6292,-1.4783,-1.2175,-0.5571,6.6291,35.0253,246.9577,-63.7575
2010-02-25,16.3283,0.0535,-1.9776,-0.5328,-1.7708,8.3413,35.9007,247.0898,-63.7381
2010-02-26,16.3662,0.2321,-2.1269,0.0891,-2.1063,8.0959,35.8929,247.6633,-63.6539
2010-03-01,16.5178,0.9263,0.1591,2.0901,-1.9646,9.431,40.553,249.9575,-63.3173
2010-03-02,16.6549,0.8295,2.6964,4.8257,0.7382,10.5713,52.9092,252.0309,-63.013
2010-03-03,16.7277,0.4376,2.5008,1.9183,1.5352,13.2472,52.8167,253.1337,-62.8511
2010-03-04,16.6403,-0.5228,1.9104,0.0701,-0.3115,14.6492,45.0871,251.8103,-63.0453
2010-03-05,16.9522,1.8746,3.5804,2.8294,2.1606,17.6643,54.6253,256.5307,-62.3526
2010-03-08,16.926,-0.1548,2.4709,7.0625,3.6689,16.664,52.7143,256.1336,-62.4109
2010-03-09,16.926,0.0,1.6279,7.0428,4.4293,15.0615,52.4391,256.1336,-62.4109
2010-03-10,17.0747,0.8784,2.0739,8.9877,5.5922,12.9687,46.3585,258.3835,-62.0807
2010-03-11,17.0455,-0.1707,2.4352,6.561,7.2386,12.5179,46.7196,257.9423,-62.1454
2010-03-12,17.0542,0.0513,0.6018,7.0644,7.2936,10.6568,42.5186,258.0746,-62.126
2010-03-15,16.8793,-1.0256,-0.2755,4.1929,4.8921,9.0928,42.3485,255.4278,-62.5145
2010-03-16,17.0309,0.8981,0.6201,5.0908,5.777,9.2572,41.8158,257.7217,-62.1778
2010-03-17,17.2175,1.0955,0.8366,3.7961,5.8493,9.3605,38.5881,260.545,-61.7635
2010-03-18,16.961,-1.49,-0.496,2.3935,3.9386,5.1289,35.1556,256.663,-62.3332
2010-03-19,16.7571,-1.2022,-1.7426,0.596,2.0364,4.3691,30.3838,253.5773,-62.786
2010-03-22,16.7132,-0.2618,-0.9844,-0.0522,2.639,4.4618,35.3349,252.9134,-62.8835
2010-03-23,16.7775,0.3851,-1.4878,1.7337,2.4947,5.765,25.5223,253.8872,-62.7405
2010-03-24,16.681,-0.5754,-3.116,2.8576,0.7034,3.529,27.2054,252.4264,-62.9549
2010-03-25,16.4002,-1.6836,-3.3065,0.4935,-1.4603,3.9561,25.6692,248.1765,-63.5786
2010-03-26,16.406,0.0357,-2.0949,0.4756,-2.1961,5.5056,24.6442,248.265,-63.5656
2010-03-29,16.7249,1.9437,0.07,2.1913,-0.7608,7.6969,30.9529,253.0905,-62.8575
2010-03-30,16.7512,0.1574,-0.1569,1.4128,-0.7762,6.1617,36.213,253.4888,-62.799
2010-03-31,16.8273,0.4541,0.8768,1.0352,0.3327,6.9385,37.9917,254.6398,-62.6301
2010-04-01,17.1257,1.7733,4.4238,2.3789,2.2185,9.5414,37.5237,259.1554,-61.9674
2010-04-05,17.4299,1.7765,6.2411,4.7453,4.8739,15.0727,34.4475,263.7594,-61.2917
2010-04-06,17.4299,0.0,4.2155,2.8179,1.664,15.6706,31.8767,263.7594,-61.2917
2010-04-07,17.2573,-0.9903,3.0213,1.9576,-0.1576,12.0458,33.2637,261.1475,-61.6751
2010-04-08,17.3187,0.356,2.9208,2.3205,-0.9879,9.8393,37.8659,262.0772,-61.5386
2010-04-09,17.5031,1.0642,2.2036,2.509,0.2162,10.1575,37.5719,264.8663,-61.1293
2010-04-12,17.544,0.234,0.6546,2.9246,-0.199,7.6455,33.9625,265.486,-61.0384
2010-04-13,17.4826,-0.3502,0.3021,2.5116,-0.4164,7.3641,34.9734,264.5564,-61.1748
2010-04-14,17.6493,0.9538,2.2716,4.5617,2.0072,6.9409,36.6243,267.0797,-60.8045
2010-04-15,17.6464,-0.0166,1.8919,3.6139,1.6136,6.7544,36.4196,267.0354,-60.811
2010-04-16,17.348,-1.691,-0.8859,0.758,-0.389,3.229,33.4904,262.5199,-61.4737
2010-04-19,17.3714,0.135,-0.9838,2.4199,0.5534,1.2544,32.123,262.8742,-61.4217
2010-04-20,17.7108,1.9535,1.3052,5.6914,1.592,3.5474,41.5692,268.0094,-60.668
2010-04-21,17.6932,-0.0991,0.2486,5.8638,3.0946,2.1119,38.6907,267.7437,-60.707
2010-04-22,17.7371,0.248,0.5139,5.7193,5.5007,3.0203,40.5214,268.4077,-60.6096
2010-04-23,18.1642,2.4081,4.7049,8.8916,10.6703,5.786,41.2695,274.8712,-59.661
2010-04-26,18.1028,-0.3382,4.2101,10.3817,9.5759,5.0204,36.8189,273.9415,-59.7975
2010-04-27,17.5469,-3.0705,-0.925,6.9544,6.8905,3.8038,35.1706,265.5303,-61.0319
2010-04-28,17.7254,1.017,0.1819,5.9821,8.4011,6.615,36.2438,268.2306,-60.6356
2010-04-29,17.7459,0.1156,0.0495,5.9379,9.68,5.7972,32.7385,268.5406,-60.5901
2010-04-30,17.5265,-1.2364,-3.511,4.1551,10.3115,8.0568,33.3022,265.2203,-61.0773
2010-05-03,17.7254,1.135,-2.0847,3.5018,7.9967,6.4479,30.5933,268.2306,-60.6356
2010-05-04,17.2515,-2.6737,-1.6839,-1.0239,3.7455,7.6897,22.2141,261.0589,-61.6881
2010-05-05,16.9794,-1.5771,-4.2086,-2.5848,2.9942,5.3241,21.9239,256.9418,-62.2923
2010-05-06,16.4002,-3.4114,-7.5833,-4.9669,3.7365,0.4305,13.3692,248.1765,-63.5786
2010-05-07,16.0871,-1.9087,-8.2123,-7.1115,1.7378,-1.3988,12.6592,243.4396,-64.2738
2010-05-10,16.7746,4.2735,-5.3639,-4.1618,7.0725,1.0903,12.6695,253.843,-62.747
2010-05-11,16.6634,-0.6627,-3.4085,-5.0192,4.1725,0.6842,15.4414,252.1607,-62.9939
2010-05-12,16.8946,1.3869,-0.4997,-3.3635,6.0618,0.1678,16.3019,255.658,-62.4807
2010-05-13,16.7863,-0.6407,2.3546,-4.8898,3.6187,-0.5424,19.5025,254.0201,-62.7211
2010-05-14,16.4528,-1.9868,2.2731,-6.764,1.5235,-2.4848,16.7939,248.9732,-63.4617
2010-05-17,16.2831,-1.0313,-2.9299,-6.1383,-1.8368,-1.3198,18.118,246.4057,-63.8385
2010-05-18,16.1573,-0.7725,-3.0372,-6.9889,-2.458,-2.6977,13.2876,244.5022,-64.1179
2010-05-19,15.973,-1.1407,-5.4545,-9.8117,-4.1106,-6.2628,11.4567,241.7131,-64.5272
2010-05-20,15.2592,-4.4689,-9.0973,-13.7567,-8.7472,-10.2991,6.1143,230.9111,-66.1124
2010-05-21,15.5254,1.7447,-5.6365,-12.4691,-5.8586,-8.3749,11.2541,234.9398,-65.5212
2010-05-24,15.1715,-2.28,-6.8272,-16.4761,-6.4505,-8.411,8.6728,229.5831,-66.3073
2010-05-25,15.2066,0.2314,-5.8845,-15.9987,-6.8203,-7.3394,6.6641,230.1144,-66.2294
2010-05-26,15.1744,-0.2116,-5.0,-13.5212,-7.0672,-8.7129,7.609,229.6274,-66.3008
2010-05-27,15.818,4.2414,3.6619,-10.7608,-3.3499,-5.3856,8.5689,239.3668,-64.8715
2010-05-28,15.5196,-1.8865,-0.0377,-12.5454,-6.0435,-7.8894,4.5627,234.8512,-65.5342
2010-06-01,14.7824,-4.7502,-2.5646,-15.6568,-11.2429,-10.5877,-3.936,223.6953,-67.1714
2010-06-02,15.423,4.334,1.4236,-12.9889,-7.7996,-6.3842,0.49,233.3903,-65.7486
2010-06-03,15.6308,1.3468,3.0075,-9.3946,-6.0668,-6.3594,5.9266,236.5336,-65.2873
2010-06-04,15.0808,-3.5187,-4.6607,-11.1819,-11.0396,-9.1175,-0.057,228.2107,-66.5087
2010-06-07,14.9491,-0.8729,-3.6758,-8.8477,-11.6794,-8.439,-0.1119,226.2186,-66.8011
2010-06-08,15.1978,1.6634,2.8102,-5.5283,-10.2103,-6.2332,1.784,229.9816,-66.2488
2010-06-09,15.0398,-1.0395,-2.4848,-10.3418,-11.9174,-6.9916,-0.2525,227.5909,-66.5997
2010-06-10,15.7946,5.0185,1.0481,-5.2142,-7.3387,-0.6313,3.8239,239.0127,-64.9235
2010-06-11,15.8911,0.6112,5.3734,-5.9394,-6.8202,-0.024,2.4091,240.4735,-64.7091
2010-06-14,15.8092,-0.5154,5.7534,-5.8208,-6.3399,-1.7579,2.8713,239.234,-64.891
2010-06-15,16.2714,2.9238,7.0645,-1.1024,-4.4595,1.0599,8.7654,246.2286,-63.8645
2010-06-16,16.2597,-0.0719,8.1113,-0.1437,-5.5627,-0.0388,11.0536,246.0516,-63.8905
2010-06-17,16.2422,-0.108,2.8338,0.5251,-4.2379,-0.4662,12.7698,245.7859,-63.9295
2010-06-18,16.3427,0.6188,2.8416,2.3142,-2.4728,-0.4868,13.8991,247.3068,-63.7063
2010-06-21,16.3074,-0.2158,3.1514,6.8693,-2.4278,0.1471,14.7988,246.7731,-63.7846
2010-06-22,15.8313,-2.9194,-2.7048,1.9702,-5.6397,-3.2857,17.3117,239.5687,-64.8419
2010-06-23,15.7108,-0.7611,-3.3758,3.5553,-5.816,-5.1535,15.7258,237.7454,-65.1095
2010-06-24,15.3817,-2.095,-5.2978,1.1517,-6.2101,-7.5797,12.8454,232.7646,-65.8404
2010-06-25,15.4258,0.2866,-5.6105,1.6567,-5.9748,-8.0397,10.8449,233.4316,-65.7425
2010-06-28,15.2171,-1.3527,-6.6859,-3.7987,-9.0151,-9.7073,10.0762,230.2741,-66.2059
2010-06-29,14.7146,-3.3024,-7.054,-5.187,-12.158,-12.8399,5.4501,222.6695,-67.3219
2010-06-30,14.6,-0.7789,-7.0707,-1.2339,-13.2362,-12.9476,5.2602,220.9351,-67.5765
2010-07-01,14.5471,-0.3623,-5.4261,-5.6796,-15.0569,-13.1724,4.7915,220.1346,-67.6939
2010-07-02,14.5118,-0.2424,-5.9249,-7.1586,-16.7419,-12.684,8.9084,219.601,-67.7722
2010-07-06,14.6529,0.972,-3.708,-2.8373,-15.9326,-14.5337,11.0983,221.7356,-67.459
2010-07-07,15.1701,3.5298,3.0956,1.4782,-12.0947,-12.2332,18.0426,229.5625,-66.3103
2010-07-08,15.3846,1.4142,5.3744,1.2295,-11.1677,-12.0453,19.6851,232.8091,-65.8339
2010-07-09,15.464,0.5158,6.3031,2.8204,-11.6498,-11.4588,19.0724,234.0098,-65.6577
2010-07-12,15.4228,-0.2661,6.2778,-2.3536,-12.0906,-12.2655,19.6063,233.3872,-65.749
2010-07-13,15.608,1.2005,6.5183,-1.7817,-10.7226,-11.0944,19.2272,236.1889,-65.3379
2010-07-14,15.5903,-0.113,2.7703,-1.3844,-11.6661,-9.8931,17.5117,235.922,-65.377
2010-07-15,15.5727,-0.1131,1.2225,-4.2941,-11.7513,-10.3273,13.3586,235.6553,-65.4162
2010-07-16,15.2024,-2.3778,-1.6914,-6.5026,-12.3678,-12.7087,9.3307,230.0518,-66.2385
2010-07-19,15.2994,0.6379,-0.8003,-5.8045,-11.9277,-11.4403,9.3922,231.5193,-66.0232
2010-07-20,15.6491,2.2858,0.2636,-4.2438,-11.6406,-10.2339,10.0082,236.8115,-65.2465
2010-07-21,15.3935,-1.6338,-1.2629,-5.6046,-12.9979,-10.3056,7.2748,232.9425,-65.8143
2010-07-22,15.7344,2.2146,1.0379,-0.6125,-11.2912,-6.4116,10.6522,238.1012,-65.0572
2010-07-23,15.8049,0.4483,3.9629,0.5986,-12.9888,-3.7044,8.0767,239.1686,-64.9006
2010-07-26,15.943,0.8739,4.2067,3.6492,-11.9306,-3.4971,7.8923,241.2587,-64.5939
2010-07-27,15.8666,-0.4792,1.3897,2.8577,-9.5762,-3.3456,7.0199,240.1024,-64.7635
2010-07-28,15.8313,-0.2223,2.8445,4.0363,-10.6856,-3.1822,8.3644,239.5687,-64.8419
2010-07-29,15.8548,0.1485,0.7658,7.7491,-10.6562,-2.0077,11.0936,239.9245,-64.7897
2010-07-30,15.8225,-0.2039,0.1115,8.3736,-9.7221,-0.4131,9.3411,239.4353,-64.8614
2010-08-02,16.375,3.4918,2.7097,12.5657,-7.6183,-0.2308,12.0637,247.796,-63.6345
2010-08-03,16.3691,-0.0359,3.1673,12.7987,-5.1145,-1.5605,9.2186,247.7071,-63.6475
2010-08-04,16.4955,0.772,4.1954,12.5753,-2.8498,0.059,10.2529,249.6194,-63.3669
2010-08-05,16.5484,0.3206,4.3744,9.0856,0.9039,4.6742,11.7273,250.4198,-63.2494
2010-08-06,16.3515,-1.1898,3.3432,6.2846,1.6434,3.4097,11.3091,247.4402,-63.6867
2010-08-09,16.4191,0.4134,0.2692,6.1763,-2.1194,4.8032,11.9012,248.463,-63.5366
2010-08-10,16.2839,-0.8233,-0.5207,5.5831,-2.2776,1.7998,10.5016,246.4174,-63.8368
2010-08-11,15.799,-2.9778,-4.2224,1.2238,-6.4846,-0.8159,8.788,239.0795,-64.9137
2010-08-12,15.705,-0.5953,-5.0968,0.7351,-6.4419,-3.0563,6.992,237.6564,-65.1225
2010-08-13,15.6785,-0.1684,-4.1158,0.6793,-4.7062,-3.2544,5.5252,237.2561,-65.1813
2010-08-16,15.6756,-0.0187,-4.5284,3.1123,-3.7312,-5.4995,7.0866,237.2117,-65.1878
2010-08-17,15.9371,1.6686,-2.1296,4.1683,-1.3629,-3.7874,12.5122,241.1698,-64.6069
2010-08-18,15.7843,-0.9589,-0.093,0.8638,-1.1815,-5.2436,10.3316,238.8572,-64.9463
2010-08-19,15.5286,-1.6198,-1.1227,0.8782,1.7656,-7.136,6.5662,234.9882,-65.5141
2010-08-20,15.3376,-1.2301,-2.1742,-2.5215,-1.2098,-6.9975,4.3664,232.0976,-65.9383
2010-08-23,15.3435,0.0383,-2.1184,-2.9193,1.134,-5.3897,1.5344,232.1865,-65.9253
2010-08-24,15.1054,-1.5515,-5.2185,-5.2535,-0.6649,-7.4399,-1.304,228.5842,-66.4539
2010-08-25,15.0584,-0.3113,-4.5987,-5.0935,-0.7641,-7.7774,-0.0848,227.8727,-66.5583
2010-08-26,14.9232,-0.8978,-3.8986,-5.736,-5.6566,-8.817,-1.4349,225.8269,-66.8586
2010-08-27,15.3112,2.5995,-0.1725,-3.4291,-1.3429,-7.3053,1.4367,231.6973,-65.997
2010-08-30,15.0878,-1.4587,-1.6664,-4.6434,2.0663,-9.4089,0.1677,228.3174,-66.4931
2010-08-31,15.0467,-0.2727,-0.3891,-8.112,-2.4403,-10.0496,1.8663,227.6948,-66.5844
2010-09-01,15.608,3.7305,3.6495,-4.6499,-0.1457,-6.2036,7.5368,236.1889,-65.3379
2010-09-02,15.7373,0.8285,5.455,-4.5965,4.3534,-7.1668,9.2316,238.1457,-65.0507
2010-09-03,15.9283,1.2138,4.0307,-3.7471,6.5502,-5.8943,9.7875,241.0363,-64.6265
2010-09-07,15.6903,-1.4945,3.993,-4.0439,3.2405,-7.3007,6.6612,237.4341,-65.1551
2010-09-08,15.8255,0.8616,5.1758,-3.6155,5.2238,-7.3161,4.7037,239.4798,-64.8549
2010-09-09,15.8578,0.2043,1.6004,-2.6169,0.4001,-6.968,4.6777,239.969,-64.7831
2010-09-10,16.0224,1.0378,1.8114,1.4137,0.8259,-6.0507,3.9613,242.4594,-64.4176
2010-09-13,16.1517,0.8071,1.4022,2.8443,2.1662,-4.3111,4.3898,244.4162,-64.1305
2010-09-14,16.0958,-0.3457,2.5848,2.6617,-1.0793,-5.4906,3.2583,243.5712,-64.2545
2010-09-15,16.0635,-0.2008,1.5042,2.4747,-1.2069,-6.7025,2.0306,243.082,-64.3263
2010-09-16,15.99,-0.4574,0.834,0.3319,-1.5525,-5.7246,-0.8893,241.9702,-64.4894
2010-09-17,15.91,-0.5004,-0.7011,0.7964,-2.6475,-5.0548,-0.9065,240.7595,-64.6671
2010-09-20,16.1787,1.6886,0.1673,4.1861,-0.7894,-3.1981,1.1211,244.825,-64.0705
2010-09-21,16.1905,0.073,0.5881,5.5606,2.2687,-3.499,2.0643,245.0037,-64.0443
2010-09-22,16.0724,-0.7294,0.0554,4.7506,2.3013,-3.6485,-0.2482,243.2167,-64.3065
2010-09-23,15.972,-0.6245,-0.1126,5.7368,3.8378,-2.6105,1.2422,241.6977,-64.5294
2010-09-24,16.3174,2.1627,2.5608,8.3608,5.7804,-0.5398,4.936,246.9248,-63.7623
2010-09-27,16.2554,-0.38,0.4744,8.927,6.8234,-2.8069,4.674,245.9866,-63.9
2010-09-28,16.3706,0.7083,1.1123,6.9192,11.2541,-2.2722,3.7495,247.7289,-63.6443
2010-09-29,16.5448,1.064,2.939,9.6565,13.3206,-1.6788,5.1433,250.3649,-63.2575
2010-09-30,16.5507,0.0357,3.6229,9.9956,13.7732,-3.3575,5.8635,250.4542,-63.2444
2010-10-01,16.7721,1.3379,2.7863,7.4584,15.5755,-3.7741,10.7298,253.8049,-62.7526
2010-10-04,16.5625,-1.2498,1.8889,5.2435,13.0323,-4.9767,9.9141,250.6329,-63.2181
2010-10-05,16.9522,2.3529,3.5527,6.428,11.7474,-1.7681,10.0647,256.5301,-62.3527
2010-10-06,17.1028,0.8883,3.3726,9.0024,11.1678,-1.2471,8.4695,258.8088,-62.0183
2010-10-07,17.0171,-0.5007,2.8184,7.5302,10.0437,-2.7762,7.0993,257.513,-62.2084
2010-10-08,17.2297,1.2491,2.7284,8.6514,11.7155,-1.7915,5.717,260.7297,-61.7364
2010-10-11,17.2769,0.2741,4.3137,7.8302,10.6929,-1.1763,6.1012,261.4444,-61.6315
2010-10-12,17.2504,-0.1538,1.759,6.8024,10.6477,-2.2605,4.5235,261.0424,-61.6905
2010-10-13,17.46,1.2151,2.0887,8.4752,12.119,-1.0564,5.6266,264.2144,-61.225
2010-10-14,17.4334,-0.1522,2.4462,8.5281,14.6752,0.4924,3.7372,263.8124,-61.284
2010-10-15,17.4807,0.271,1.4565,9.3222,14.2571,0.6288,1.8912,264.5272,-61.1791
2010-10-18,17.5279,0.2702,1.4525,10.1689,12.0055,-1.0326,2.4782,265.242,-61.0742
2010-10-19,17.1795,-1.9875,-0.4108,6.1861,11.6027,-2.9033,-0.8528,259.9702,-61.8478
2010-10-20,17.4009,1.2889,-0.3382,7.4763,10.592,-1.8952,1.0679,263.3209,-61.3561
2010-10-21,17.3921,-0.0509,-0.2371,8.2109,10.0424,-4.2508,1.2892,263.1869,-61.3758
2010-10-22,17.5072,0.6621,0.152,9.6118,9.8113,-3.2898,1.5654,264.9293,-61.1201
2010-10-25,17.5545,0.2698,0.1516,7.5809,10.6378,0.0428,3.8483,265.6441,-61.0152
2010-10-26,17.5899,0.2018,2.3888,8.2093,11.1081,-0.7644,5.8,266.1802,-60.9365
2010-10-27,17.5161,-0.4196,0.6617,6.9973,10.4778,-1.2949,4.4272,265.0632,-61.1004
2010-10-28,17.4777,-0.2191,0.4923,5.6388,10.4609,-0.2782,7.7562,264.4825,-61.1856
2010-10-29,17.4895,0.0676,-0.1012,5.6725,6.8061,-1.3307,5.0314,264.6612,-61.1594
2010-11-01,17.5102,0.1182,-0.2523,4.4006,6.9707,1.4997,9.3047,264.9739,-61.1135
2010-11-02,17.7021,1.0959,0.6378,6.8806,7.3145,4.2562,9.8069,267.8778,-60.6873
2010-11-03,17.7405,0.2168,1.281,4.65,7.2035,8.1725,8.6382,268.4587,-60.6021
2010-11-04,18.3043,3.1786,4.7297,7.0257,11.9429,13.7826,12.1909,276.9918,-59.3498
2010-11-05,18.3959,0.5,5.1823,8.102,12.0395,9.665,10.8606,278.3768,-59.1466
2010-11-08,18.452,0.3049,5.3785,7.0939,13.3141,10.7332,11.4908,279.2257,-59.022
2010-11-09,18.4165,-0.192,4.036,6.5961,16.5677,9.0087,9.1917,278.6895,-59.1007
2010-11-10,18.6527,1.2825,5.1423,8.1294,18.7696,11.1186,10.5159,282.2636,-58.5762
2010-11-11,18.8594,1.1079,3.0322,8.0149,20.2881,14.6271,11.7788,285.3909,-58.1172
2010-11-12,18.5819,-1.4715,1.0111,6.5877,18.5403,14.1173,12.6111,281.1914,-58.7335
2010-11-15,18.4874,-0.5084,0.192,5.7592,16.002,14.421,11.3343,279.7618,-58.9433
2010-11-16,18.142,-1.8684,-1.4908,3.5035,14.9368,13.5787,6.4656,274.5347,-59.7104
2010-11-17,18.2158,0.4068,-2.3425,6.032,17.3044,19.3756,7.0809,275.6515,-59.5465
2010-11-18,18.6173,2.2042,-1.2837,6.9901,21.3832,19.9147,9.872,281.7274,-58.6548
2010-11-19,18.7738,0.8405,1.0327,7.9443,22.3565,23.744,13.3359,284.0952,-58.3073
2010-11-22,18.7147,-0.3145,1.2296,6.8971,23.8939,23.07,14.0374,283.2018,-58.4385
2010-11-23,18.3486,-1.9561,1.1392,4.5241,21.8496,20.9185,10.383,277.6621,-59.2514
2010-11-24,18.6793,1.8021,2.5446,6.1933,25.1692,18.0889,11.7291,282.6657,-58.5171
2010-11-26,18.4549,-1.2012,-0.8722,5.3598,20.5323,18.9137,9.5321,279.2702,-59.0154
2010-11-29,18.5789,0.6719,-1.0379,6.3007,23.1385,25.6829,12.376,281.1467,-58.7401
2010-11-30,18.514,-0.3496,-1.0727,5.8575,23.0436,20.0409,12.3773,280.1639,-58.8843
2010-12-01,19.0631,2.966,3.8937,8.8686,22.1367,21.9588,14.203,288.4735,-57.6648
2010-12-02,19.3465,1.4868,3.572,9.2895,22.9342,28.286,16.5895,292.7625,-57.0354
2010-12-03,19.4321,0.4425,5.2952,9.5357,21.9974,29.9884,19.0187,294.058,-56.8452
2010-12-06,19.4971,0.3343,4.942,6.5161,24.2623,28.2889,20.2924,295.0409,-56.701
2010-12-07,19.4233,-0.3786,4.9115,5.5849,22.7344,29.1457,20.1164,293.924,-56.8649
2010-12-08,19.3317,-0.4712,1.4093,4.768,21.907,22.3948,21.6221,292.539,-57.0682
2010-12-09,19.376,0.2291,0.1526,5.21,20.9313,21.93,21.9007,293.2092,-56.9698
2010-12-10,19.4558,0.4114,0.1216,4.3052,20.4566,23.0659,20.9026,294.4155,-56.7928
2010-12-13,19.6211,0.8497,0.636,4.0388,21.9016,20.586,21.8641,296.9173,-56.4256
2010-12-14,19.5296,-0.4664,0.5472,5.1001,21.5773,20.1099,20.0633,295.5325,-56.6289
2010-12-15,19.4233,-0.5443,0.4734,5.0622,21.4711,19.5854,19.0279,293.924,-56.8649
2010-12-16,19.5325,0.5624,0.8076,7.6648,22.7686,19.5184,18.9366,295.5771,-56.6223
2010-12-17,19.5393,0.0349,0.4296,7.266,20.7721,19.8187,19.995,295.6803,-56.6072
2010-12-20,19.6668,0.6526,0.2333,5.6375,21.4716,24.2274,20.1456,297.6099,-56.324
2010-12-21,19.8655,1.0102,1.7203,5.8154,23.6003,26.4447,19.9284,300.6165,-55.8827
2010-12-22,19.9337,0.3433,2.6281,6.5137,24.8041,29.5939,19.7711,301.6487,-55.7313
2010-12-23,19.9901,0.2827,2.3426,8.9459,22.5075,29.5888,19.1703,302.5014,-55.6061
2010-12-27,19.9189,-0.3561,1.9426,6.6363,22.5369,30.898,18.1914,301.4243,-55.7642
2010-12-28,19.993,0.3722,1.6586,8.3346,22.1279,35.8723,18.4264,302.5462,-55.5996
2010-12-29,20.1917,0.9937,1.642,8.6809,22.0429,38.2997,20.3933,305.5526,-55.1583
2010-12-30,20.2095,0.0881,1.3835,9.1582,22.1069,38.925,20.6252,305.822,-55.1188
2010-12-31,20.2392,0.1467,1.2461,6.1695,20.6717,39.4669,21.7769,306.2708,-55.053
2011-01-03,20.3904,0.7473,2.3671,5.3958,23.1121,39.1564,18.9318,308.5594,-54.7171
2011-01-04,20.2155,-0.8581,1.1124,4.0311,19.2499,33.2586,16.9568,305.9118,-55.1056
2011-01-05,20.2955,0.396,0.514,4.0951,18.668,31.9206,16.0304,307.1233,-54.9278
2011-01-06,20.1028,-0.9497,-0.5282,3.4984,18.1325,29.9973,15.1011,304.2065,-55.3559
2011-01-07,20.2481,0.7228,0.0439,4.74,17.5184,31.2862,15.1833,306.4053,-55.0332
2011-01-10,20.168,-0.3954,-1.0907,4.0874,16.7337,29.216,14.8803,305.1939,-55.211
2011-01-11,20.5031,1.6615,1.4229,5.3832,18.856,31.5115,18.501,310.2646,-54.4668
2011-01-12,20.7848,1.374,2.4109,5.9311,19.0426,33.4694,19.6856,314.5277,-53.8412
2011-01-13,20.7255,-0.2853,3.0978,6.1238,18.8838,36.3303,19.0045,313.6303,-53.9729
2011-01-14,20.9509,1.0874,3.471,7.8649,19.8518,36.9392,21.2729,317.0407,-53.4724
2011-01-18,21.0814,0.6228,4.5287,7.9296,20.2732,34.7127,20.9263,319.0151,-53.1826
2011-01-19,20.8263,-1.2097,1.5765,6.5868,21.2278,35.2935,21.3507,315.1561,-53.749
2011-01-20,20.6781,-0.712,-0.5136,5.1417,18.833,31.4198,22.9937,312.9122,-54.0783
2011-01-21,20.7878,0.5307,0.3005,4.6425,19.5245,31.5276,26.6552,314.5726,-53.8346
2011-01-24,20.8649,0.3708,-0.4105,4.6712,19.1787,30.8716,26.2949,315.7392,-53.6634
2011-01-25,20.8056,-0.2842,-1.3082,4.0795,18.5202,31.1282,26.7411,314.8419,-53.7951
2011-01-26,21.3038,2.3945,2.2924,6.9525,21.1137,34.5672,30.285,322.3808,-52.6887
2011-01-27,21.1792,-0.5846,2.4236,5.9329,20.9131,33.5821,30.9002,320.496,-52.9653
2011-01-28,21.0873,-0.434,1.4408,4.4354,20.6526,33.274,32.7234,319.105,-53.1695
2011-01-31,21.6922,2.8688,3.9654,7.3368,24.03,32.4717,32.1659,328.2594,-51.826
2011-02-01,22.0451,1.6267,5.9577,8.923,25.8989,34.6749,32.5733,333.5994,-51.0423
2011-02-02,22.0273,-0.0807,3.3964,8.0279,24.4337,33.5354,33.6142,333.3303,-51.0818
2011-02-03,22.0392,0.0539,4.0605,9.0216,24.2313,33.1803,39.4054,333.5098,-51.0555
2011-02-04,21.9829,-0.2557,4.2469,8.3139,20.0964,34.4394,39.0234,332.6572,-51.1806
2011-02-07,22.1104,0.5801,1.9275,9.9867,20.192,34.6626,41.1307,334.5868,-50.8974
2011-02-08,22.0362,-0.3353,-0.0403,8.8313,19.4249,35.3252,37.7608,333.4648,-51.0621
2011-02-09,21.7575,-1.265,-1.2251,7.8811,18.141,37.7143,36.5907,329.2466,-51.6811
2011-02-10,21.9799,1.0222,-0.2691,7.2028,17.8375,39.9551,35.6777,332.6123,-51.1872
2011-02-11,21.9769,-0.0135,-0.027,5.7355,16.5305,40.1723,35.6106,332.5675,-51.1938
2011-02-14,22.4603,2.1994,1.5826,8.3703,20.8721,43.2822,35.4024,339.8821,-50.1203
2011-02-15,22.226,-1.043,0.8613,6.0864,20.2226,39.4607,34.1788,336.337,-50.6406
2011-02-16,22.5226,1.3342,3.5164,6.8364,24.1462,42.6896,35.2076,340.8243,-49.982
2011-02-17,22.745,0.9875,3.4808,9.2125,24.8641,46.4712,36.019,344.1899,-49.4881
2011-02-18,22.8399,0.4172,3.9266,10.4546,22.681,48.9141,38.4939,345.626,-49.2773
2011-02-22,22.6175,-0.9738,0.6997,8.8017,20.4738,47.4075,39.4627,342.2603,-49.7713
2011-02-23,23.0771,2.0323,3.8292,10.6027,23.3099,52.7734,41.4072,349.2159,-48.7505
2011-02-24,22.7509,-1.4135,1.0138,9.35,23.9924,51.0842,39.3339,344.2798,-49.4749
2011-02-25,23.1127,1.5902,1.6167,8.4911,23.7343,54.8772,41.2217,349.7544,-48.6715
2011-02-28,23.2906,0.7698,1.9735,9.9692,26.2029,52.1153,41.0028,352.447,-48.2763
2011-03-01,22.8547,-1.8716,1.0489,8.3814,23.0142,51.4779,37.2254,345.8504,-49.2444
2011-03-02,22.9852,0.5709,-0.3984,5.9603,24.1505,52.7592,37.4075,347.8248,-48.9546
2011-03-03,23.3796,1.7159,2.7633,6.0533,22.6432,49.7924,40.4999,353.7932,-48.0788
2011-03-04,23.2313,-0.6342,0.5132,5.4658,20.0801,47.6194,37.0399,351.5494,-48.408
2011-03-07,23.0682,-0.702,-0.9549,4.669,18.7117,44.8252,36.2888,349.0814,-48.7702
2011-03-08,22.8784,-0.8227,0.1038,4.0739,17.3428,45.8129,35.1675,346.2094,-49.1917
2011-03-09,22.7213,-0.687,-1.1482,2.7629,16.9796,43.5741,33.0701,343.831,-49.5408
2011-03-10,21.8939,-3.6413,-6.3546,-0.6459,13.2536,38.0641,28.4438,331.311,-51.3782
2011-03-11,22.2735,1.7337,-4.123,2.3716,14.9537,39.015,30.6037,337.0549,-50.5352
2011-03-14,22.3951,0.5458,-2.9181,1.8888,15.1076,38.6548,32.6773,338.8947,-50.2652
2011-03-15,22.226,-0.7547,-2.8516,1.1335,13.2763,38.0857,30.504,336.337,-50.6406
2011-03-16,21.8702,-1.6011,-3.7458,-2.6274,11.985,36.1483,27.0229,330.9519,-51.4308
2011-03-17,22.5374,3.0508,2.9392,1.4009,16.033,40.9466,32.878,341.0487,-49.9491
2011-03-18,22.4318,-0.4687,0.7107,-0.4032,14.8432,40.9914,33.8646,339.4502,-50.1837
2011-03-21,23.1131,3.0376,3.2065,1.6187,18.2904,42.8617,38.2929,349.7613,-48.6705
2011-03-22,23.0626,-0.2188,3.7638,0.975,17.2662,42.4452,37.461,348.996,-48.7828
2011-03-23,23.1221,0.258,5.7242,2.2311,16.3929,43.862,38.6132,349.8963,-48.6507
2011-03-24,23.2054,0.3603,2.9639,0.5558,16.4126,45.2877,41.4949,351.157,-48.4656
2011-03-25,23.4137,0.8976,4.3773,2.9131,17.1264,43.4886,42.714,354.3089,-48.0031
2011-03-28,23.3571,-0.2415,1.0556,1.0576,17.2611,43.6881,39.655,353.4534,-48.1286
2011-03-29,23.6428,1.2229,2.5157,1.5119,18.2549,44.4223,41.1407,357.7758,-47.4943
2011-03-30,23.8064,0.6922,2.9597,4.1642,17.9019,43.8909,41.4752,360.2522,-47.1309
2011-03-31,23.7291,-0.3249,2.2567,3.2364,17.4153,43.3722,38.5584,359.0817,-47.3026
2011-04-01,23.8005,0.3009,1.652,1.8002,17.596,41.9051,36.5495,360.1622,-47.1441
2011-04-04,23.8154,0.0626,1.9618,2.514,16.7968,43.791,36.6349,360.3875,-47.111
2011-04-05,23.8868,0.2998,1.032,3.5484,18.1609,40.9067,38.4153,361.4681,-46.9524
2011-04-06,23.6368,-1.0464,-0.7124,3.3148,16.4632,38.2046,36.4811,357.6857,-47.5075
2011-04-07,23.6368,0.0,-0.3888,4.0295,17.5799,38.9,35.0439,357.6857,-47.5075
2011-04-08,23.7201,0.3525,-0.3375,8.3413,17.1477,37.67,35.2036,358.9466,-47.3225
2011-04-11,23.253,-1.9694,-2.3614,4.3977,15.2964,34.5898,33.0066,351.8775,-48.3599
2011-04-12,22.5329,-3.0966,-5.6677,0.6157,9.9002,30.623,27.6702,340.9813,-49.959
2011-04-13,22.6252,0.4093,-4.2799,1.7958,8.8543,29.583,28.2141,342.377,-49.7542
2011-04-14,22.7799,0.6838,-3.6254,4.1596,9.9123,30.668,31.3113,344.7182,-49.4106
2011-04-15,22.9673,0.8229,-3.1736,1.9077,9.6247,31.3873,32.2135,347.555,-48.9942
2011-04-18,22.6252,-1.4899,-2.7,0.8622,7.3231,29.081,27.7481,342.377,-49.7542
2011-04-19,22.8543,1.0127,1.4261,-1.12,9.7374,33.0322,29.1698,345.844,-49.2453
2011-04-20,23.3928,2.3565,3.393,1.432,13.1288,34.4343,31.8866,353.9937,-48.0493
2011-04-21,23.5,0.4579,3.161,1.6343,13.0469,35.1187,29.375,355.6147,-47.8114
2011-04-25,23.3779,-0.5192,1.7878,0.7437,12.0445,33.5332,29.1401,353.7685,-48.0824
2011-04-26,23.61,0.9928,4.353,0.8387,13.4794,34.496,34.5536,357.2806,-47.567
2011-04-27,23.5981,-0.0504,3.2548,1.0319,10.7698,34.1574,33.1319,357.1005,-47.5934
2011-04-28,23.5952,-0.0126,0.8649,-0.2013,11.4071,34.7058,32.9614,357.0555,-47.6
2011-04-29,23.9463,1.488,1.8992,0.5875,13.5578,37.0104,36.6293,362.3686,-46.8203
2011-05-02,23.6279,-1.3295,1.0691,-0.4263,8.9232,35.0975,33.2998,357.5508,-47.5273
2011-05-03,23.0358,-2.506,-2.4322,-3.2129,4.4938,31.5566,33.5295,348.5907,-48.8423
2011-05-04,22.6281,-1.7696,-4.1105,-4.985,2.7275,27.8277,33.2683,342.422,-49.7475
2011-05-05,22.158,-2.0776,-6.0908,-7.2372,0.5391,24.9011,35.1086,335.3079,-50.7916
2011-05-06,22.2562,0.4431,-7.0577,-5.8409,1.2435,21.5898,38.348,336.7938,-50.5735
2011-05-09,22.646,1.7513,-4.1557,-4.1918,2.4225,23.1037,35.0016,342.6921,-49.7079
2011-05-10,22.7531,0.473,-1.2271,-4.0768,3.2532,23.31,36.5451,344.3131,-49.47
2011-05-11,22.0955,-2.89,-2.3537,-4.9776,1.5538,19.9767,30.7851,334.3624,-50.9303
2011-05-12,22.0628,-0.1481,-0.4297,-2.0864,0.3773,18.282,31.4334,333.8671,-51.003
2011-05-13,21.9557,-0.4855,-1.3503,-2.959,-0.0966,16.4179,33.4465,332.2461,-51.2409
2011-05-16,21.7891,-0.7589,-3.784,-4.3495,-2.9885,17.2599,33.8137,329.7247,-51.611
2011-05-17,21.7891,0.0,-4.237,-5.1302,-1.966,17.8591,34.8555,329.7247,-51.611
2011-05-18,22.2294,2.0211,0.606,-1.749,-1.3015,22.5305,39.1686,336.3886,-50.633
2011-05-19,22.2324,0.0133,0.7687,-2.721,-2.2535,22.0503,45.6983,336.4335,-50.6264
2011-05-20,22.2056,-0.1205,1.1384,-5.0751,-2.7769,19.2742,43.0274,336.0283,-50.6859
2011-05-23,21.8605,-1.5543,0.3277,-6.9765,-3.3469,16.4417,44.0896,330.8053,-51.4524
2011-05-24,22.1699,1.4156,1.748,-5.1673,-3.931,18.4626,45.7919,335.4881,-50.7651
2011-05-25,22.5448,1.691,1.4188,-4.5117,-0.9058,22.8692,48.5716,341.1612,-49.9326
2011-05-26,22.6579,0.5016,1.9139,-3.9844,-1.9677,21.2996,43.2414,342.8724,-49.6814
2011-05-27,22.7144,0.2495,2.2914,-3.7326,-2.4739,23.0807,46.3599,343.7279,-49.5559
2011-05-31,22.9435,1.0086,4.9544,-4.1874,0.3887,23.4924,55.2088,347.1948,-49.0471
2011-06-01,22.3961,-2.3862,1.02,-5.2134,-2.563,20.9685,45.2117,338.9101,-50.2629
2011-06-02,22.3871,-0.0399,-0.6995,-2.8158,-4.2449,17.4371,43.2249,338.7749,-50.2828
2011-06-03,22.3931,0.0266,-1.1688,-1.0388,-3.6081,15.7474,48.4878,338.865,-50.2696
2011-06-06,21.8873,-2.2589,-3.6416,-1.222,-5.1194,12.6344,46.4117,331.2106,-51.3929
2011-06-07,21.8873,0.0,-4.6038,-1.6577,-4.3323,12.2592,44.0161,331.2106,-51.3929
2011-06-08,21.9527,0.2991,-1.9796,-3.0613,-3.3824,13.0228,45.9641,332.2012,-51.2475
2011-06-09,22.2503,1.3554,-0.6114,-2.21,1.6277,15.097,40.8728,336.7037,-50.5867
2011-06-10,21.8188,-1.939,-2.5644,-1.2523,-2.0412,12.6073,37.3021,330.1751,-51.5449
2011-06-13,21.4737,-1.5819,-1.8896,-2.6703,-4.1142,10.3719,35.8302,324.952,-52.3114
2011-06-14,21.9319,2.1338,0.2039,-0.1084,-1.3234,11.7772,34.7877,331.8859,-51.2938
2011-06-15,21.429,-2.2928,-2.3855,-1.6523,-2.017,9.7262,31.7921,324.2765,-52.4105
2011-06-16,21.4618,0.1528,-3.5437,-1.5021,-4.7725,10.4952,32.1361,324.772,-52.3378
2011-06-17,21.4065,-0.2575,-1.8897,-3.7019,-4.5704,9.5944,30.9854,323.9359,-52.4605
2011-06-20,21.4663,0.279,-0.0346,-3.4461,-7.1253,9.8618,31.635,324.8396,-52.3279
2011-06-21,21.8933,1.9894,-0.1759,-1.4065,-5.0699,11.3209,38.2911,331.302,-51.3795
2011-06-22,21.8306,-0.2864,1.8739,-0.1367,-5.5854,9.8919,38.9525,330.3532,-51.5187
2011-06-23,21.5917,-1.0944,0.6053,-2.6083,-6.954,8.3173,40.3726,326.7377,-52.0493
2011-06-24,21.1825,-1.8949,-1.0463,-6.0425,-9.5291,5.9653,37.3192,320.5464,-52.9579
2011-06-27,21.296,0.5357,-0.793,-6.0106,-8.8243,6.9136,39.9479,322.2637,-52.7059
2011-06-28,21.9172,2.9168,0.1091,-3.5098,-7.2985,9.6241,48.9488,331.6636,-51.3264
2011-06-29,22.174,1.1718,1.5731,-3.3539,-6.8569,9.8175,51.8772,335.5501,-50.756
2011-06-30,22.5025,1.4815,4.2186,0.4754,-5.1688,11.3463,54.6878,340.5214,-50.0265
2011-07-01,22.7146,0.9422,7.2325,1.4626,-4.5625,12.2307,56.5247,343.7299,-49.5556
2011-07-05,22.8549,0.6179,7.3201,2.0624,-4.0328,12.0866,55.9758,345.8538,-49.2439
2011-07-06,22.8131,-0.1829,4.0878,4.2301,-4.4947,12.8499,50.3822,345.2212,-49.3367
2011-07-07,23.1566,1.5055,4.431,5.7993,-2.0318,14.097,50.5174,350.4183,-48.574
2011-07-08,22.9624,-0.8383,2.0438,4.5995,-2.853,14.2253,48.4898,347.4808,-49.0051
2011-07-11,22.4189,-2.367,-1.3016,0.758,-5.4857,10.7213,45.3618,339.2559,-50.2122
2011-07-12,22.3353,-0.373,-2.2736,2.3671,-3.9465,10.7462,43.1018,337.9905,-50.3979
2011-07-13,22.5025,0.7488,-1.3614,4.7913,-0.1349,9.7519,44.3364,340.5214,-50.0265
2011-07-14,22.3532,-0.6636,-3.4692,1.9211,-1.202,7.5459,43.5409,338.2616,-50.3581
2011-07-15,22.9535,2.6854,-0.039,7.1139,0.7621,10.7499,50.9856,347.3452,-49.025
2011-07-18,22.8758,-0.3383,2.0381,6.5887,-0.3984,9.1879,49.5211,346.1702,-49.1975
2011-07-19,23.2939,1.8277,4.292,8.8169,2.9558,10.4954,48.8513,352.4971,-48.269
2011-07-20,23.2342,-0.2564,3.2514,8.236,1.6624,11.5616,50.9356,351.5933,-48.4016
2011-07-21,23.6911,1.9666,5.9853,8.2118,1.2752,14.5714,50.5695,358.5078,-47.3869
2011-07-22,23.8106,0.5042,3.734,9.0697,1.3218,14.5412,50.6533,360.3153,-47.1216
2011-07-25,23.715,-0.4013,3.6684,9.834,1.4418,13.66,48.7487,358.8692,-47.3338
2011-07-26,23.6015,-0.4785,1.3205,11.4197,-0.036,13.4385,48.7498,357.1519,-47.5859
2011-07-27,23.1566,-1.8853,-0.3342,8.7365,-1.8712,8.697,46.2705,350.4183,-48.574
2011-07-28,23.061,-0.4127,-2.6598,5.2187,-2.2639,8.885,45.4508,348.9722,-48.7863
2011-07-29,22.831,-0.9972,-4.1139,2.963,-4.6572,8.2692,44.2946,345.4923,-49.297
2011-08-01,22.7982,-0.1438,-3.866,1.3139,-3.5115,5.0984,39.2256,344.9954,-49.3699
2011-08-02,22.1621,-2.7902,-6.0989,-2.4323,-3.7928,0.5306,35.3895,335.3694,-50.7826
2011-08-03,22.0367,-0.566,-4.8362,-3.5803,-2.6139,0.0423,33.5919,333.4713,-51.0611
2011-08-04,20.5255,-6.8573,-10.9945,-10.0275,-7.3674,-6.868,24.0334,310.6043,-54.417
2011-08-05,20.3284,-0.9603,-10.9614,-12.2131,-8.6618,-7.526,24.3216,307.6215,-54.8547
2011-08-08,18.5993,-8.5059,-18.4176,-19.0012,-17.8693,-15.8797,13.2786,281.4554,-58.6948
2011-08-09,19.546,5.0899,-11.8044,-12.8147,-14.0953,-11.3006,20.0326,295.7812,-56.5924
2011-08-10,18.8711,-3.453,-14.3651,-15.5101,-14.5933,-13.2663,19.4447,285.5678,-58.0912
2011-08-11,19.8506,5.1907,-3.2883,-11.785,-10.0268,-9.6874,26.3971,300.3908,-55.9159
2011-08-12,19.9969,0.7372,-1.6307,-10.5411,-8.9214,-9.0094,27.5437,302.6052,-55.5909
2011-08-15,20.6719,3.3752,11.1432,-9.9401,-5.1273,-7.9626,31.8732,312.8186,-54.092
2011-08-16,20.3284,-1.6614,4.0031,-11.1358,-6.7035,-8.5377,27.5539,307.6215,-54.8547
2011-08-17,20.4091,0.3967,8.1501,-12.3846,-8.189,-9.3839,29.2998,308.8418,-54.6756
2011-08-18,19.2265,-5.7946,-3.1443,-17.2494,-13.5206,-15.4694,23.8129,290.9457,-57.302
2011-08-19,18.886,-1.7707,-5.5555,-20.2824,-14.9494,-17.3112,23.1352,285.7939,-58.0581
2011-08-22,18.7337,-0.8064,-9.3759,-21.3219,-14.3033,-17.1715,22.0955,283.4892,-58.3963
2011-08-23,19.5789,4.5114,-3.6874,-17.4411,-11.6874,-15.159,29.6145,296.2784,-56.5194
2011-08-24,19.6953,0.5949,-3.4972,-16.5507,-12.6393,-13.4306,30.7927,298.0409,-56.2607
2011-08-25,19.2802,-2.1077,0.2796,-16.7398,-14.9074,-16.5817,29.1959,291.7591,-57.1826
2011-08-26,19.6535,1.9362,4.0639,-14.776,-13.4757,-15.6162,28.3606,297.4082,-56.3536
2011-08-29,20.2269,2.9175,7.9707,-11.4061,-11.8405,-11.4978,34.0612,306.0851,-55.0802
2011-08-30,20.3464,0.5906,3.9201,-10.7545,-9.1521,-11.4805,35.2217,307.8927,-54.8149
2011-08-31,20.4987,0.7486,4.0788,-7.5057,-8.4355,-12.3224,31.3345,310.1975,-54.4767
2011-09-01,20.3434,-0.7576,5.5143,-7.684,-9.1534,-12.4312,29.2685,307.8475,-54.8216
2011-09-02,19.776,-2.7892,0.623,-3.652,-9.6463,-14.2718,24.156,299.261,-56.0817
2011-09-06,19.5609,-1.0873,-3.2925,-3.7755,-10.6287,-14.5005,24.6692,296.0072,-56.5592
2011-09-07,20.2777,3.6641,-0.3376,9.0238,-7.6303,-10.7546,28.1333,306.8533,-54.9675
2011-09-08,20.0417,-1.1635,-2.229,2.5363,-9.9258,-8.4597,26.3843,303.2831,-55.4914
2011-09-09,19.3788,-3.308,-4.7416,2.6903,-11.1833,-12.9962,20.9483,293.2505,-56.9638
2011-09-12,19.4713,0.4777,-1.5403,-1.9107,-9.3246,-13.0552,20.5531,294.6514,-56.7582
2011-09-13,19.5251,0.2761,-0.1832,-2.3596,-10.974,-12.1522,21.3053,295.4648,-56.6388
2011-09-14,19.767,1.2389,-2.5184,-4.3774,-7.7561,-9.6167,23.0554,299.1254,-56.1016
2011-09-15,20.1582,1.9791,0.5811,-0.8374,-6.0739,-10.5566,26.0674,305.0455,-55.2328
2011-09-16,20.1144,-0.2171,3.7963,-1.4437,-6.036,-10.3305,26.4263,304.3832,-55.33
2011-09-19,19.7966,-1.58,1.6707,2.9656,-7.7779,-14.349,22.3625,299.574,-56.0357
2011-09-20,19.6737,-0.6209,0.7612,4.1708,-10.1382,-14.6942,21.5141,297.7139,-56.3087
2011-09-21,18.8552,-4.1603,-4.6126,0.6487,-13.6294,-18.4535,17.3143,285.328,-58.1264
2011-09-22,17.7909,-5.6448,-11.7437,-9.1321,-17.6031,-23.3329,11.3878,269.2218,-60.4901
2011-09-23,17.599,-1.0785,-12.5056,-10.6437,-16.9174,-24.8345,7.854,266.3182,-60.9162
2011-09-26,18.2406,3.6456,-7.8601,-5.3921,-14.3474,-21.9056,12.2123,276.0272,-59.4914
2011-09-27,18.5074,1.4629,-5.9281,-5.8314,-15.5574,-21.7205,13.0531,280.0652,-58.8988
2011-09-28,17.9018,-3.2723,-5.0564,-11.495,-19.2667,-24.8025,8.2023,270.9006,-60.2437
2011-09-29,18.0727,0.9546,1.5841,-11.1747,-19.6859,-23.8372,9.1962,273.4866,-59.8642
2011-09-30,17.542,-2.9363,-0.3237,-14.4235,-22.7718,-26.2954,4.5907,265.4563,-61.0427
2011-10-03,16.9454,-3.4011,-7.1005,-16.703,-25.8566,-28.8466,2.3121,256.4278,-62.3677
2011-10-04,17.5001,3.2732,-5.4431,-11.5083,-23.2894,-26.7373,3.232,264.8211,-61.1359
2011-10-05,18.1447,3.6834,1.3566,-7.2402,-21.6435,-23.2355,6.0921,274.5756,-59.7044
2011-10-06,18.4865,1.8836,2.2893,-8.8334,-19.4926,-21.7895,8.6343,279.7476,-58.9454
2011-10-07,18.2586,-1.2326,4.0848,-8.8971,-18.5572,-23.0249,5.9716,276.2996,-59.4514
2011-10-10,19.0861,4.532,12.6327,-1.5103,-14.5474,-17.9199,10.4715,288.8215,-57.6137
2011-10-11,19.1251,0.2042,9.2856,-1.7784,-15.0094,-15.124,10.8676,289.4113,-57.5272
2011-10-12,19.227,0.533,5.9649,-1.5268,-13.9856,-15.0195,10.1203,290.9538,-57.3008
2011-10-13,19.2,-0.1403,3.8599,-2.8683,-16.3525,-15.7151,10.1334,290.5456,-57.3607
2011-10-14,19.9675,3.9975,9.3596,-0.9459,-12.7134,-13.0612,14.2265,302.1602,-55.6562
2011-10-17,19.6048,-1.8168,2.7176,-2.5339,-15.8375,-13.3498,11.849,296.6704,-56.4619
2011-10-18,20.2344,3.2115,5.8003,2.2111,-12.9113,-11.4636,17.782,306.198,-55.0636
2011-10-19,20.0245,-1.0372,4.1479,1.783,-15.4768,-14.399,15.0771,303.0221,-55.5297
2011-10-20,20.1804,0.7785,5.1062,7.0281,-15.2461,-14.1258,16.0321,305.3813,-55.1835
2011-10-21,20.5522,1.8422,2.9279,15.5208,-13.3369,-12.0874,17.3925,311.0071,-54.3579
2011-10-24,20.822,1.3129,6.2089,18.3135,-11.7769,-11.8087,18.6137,315.0903,-53.7586
2011-10-25,20.3873,-2.0878,0.7557,11.7686,-11.959,-13.6064,15.9034,308.5119,-54.7241
2011-10-26,20.828,2.1618,4.0126,12.5385,-9.683,-11.7277,18.9079,315.1812,-53.7453
2011-10-27,21.7514,4.4335,7.7849,21.5039,-4.7288,-9.1657,24.4524,329.1549,-51.6946
2011-10-28,21.8983,0.6754,6.5499,21.1679,-3.9472,-7.3201,25.2083,331.3779,-51.3683
2011-10-31,20.8999,-4.5591,0.3744,19.142,-5.6951,-9.2718,19.3589,316.2699,-53.5855
2011-11-01,20.2254,-3.2277,-0.7941,19.356,-8.2194,-10.6185,14.2543,306.0618,-55.0836
2011-11-02,20.834,3.0092,0.0288,19.0509,1.5028,-5.9754,17.4378,315.2719,-53.732
2011-11-03,21.3827,2.6335,-1.6954,17.8453,5.1859,-3.925,16.8173,323.5745,-52.5135
2011-11-04,21.3647,-0.0841,-2.437,15.5693,14.868,-5.6581,16.1384,323.3023,-52.5535
2011-11-07,21.4816,0.5473,2.783,17.6519,9.9028,-5.5883,16.419,325.0718,-52.2938
2011-11-08,21.8324,1.6329,7.9455,14.3889,15.6923,-1.1911,18.5477,330.3799,-51.5148
2011-11-09,20.867,-4.4219,0.1583,9.108,5.12,-5.4202,11.8709,315.7709,-53.6588
2011-11-10,21.2297,1.7385,-0.7151,10.4163,6.1649,-3.3065,12.5686,321.2605,-52.8531
2011-11-11,21.6645,2.0478,1.4033,12.8357,4.8017,-0.5718,16.5893,327.8392,-51.8877
2011-11-14,21.3797,-1.3147,-0.4746,7.0721,5.1712,-1.879,15.6445,323.5291,-52.5202
2011-11-15,21.3557,-0.1122,-2.1835,8.931,4.6381,-3.9307,17.7142,323.1662,-52.5735
2011-11-16,21.0349,-1.5022,0.8046,3.9561,9.4058,-5.3865,15.4761,318.3116,-53.2859
2011-11-17,20.5552,-2.2805,-3.1775,2.6501,8.838,-7.4327,10.409,311.0524,-54.3512
2011-11-18,20.4322,-0.598,-5.6878,1.248,9.0667,-6.5334,8.834,309.1923,-54.6242
2011-11-21,20.0665,-1.7901,-6.1422,-2.3632,2.4906,-9.4879,7.2229,303.6573,-55.4365
2011-11-22,19.8776,-0.9413,-6.9213,-4.5356,0.9254,-11.8308,8.3328,300.799,-55.856
2011-11-23,19.275,-3.0317,-8.3666,-5.4559,-0.0272,-14.9305,3.189,291.6798,-57.1943
2011-11-25,19.137,-0.7156,-6.8991,-8.1186,-2.6279,-15.7494,3.6962,289.5927,-57.5006
2011-11-28,19.8536,3.7443,-2.832,-8.725,-1.8456,-13.4676,6.8609,300.4359,-55.9092
2011-11-29,20.1384,1.4346,0.3586,-8.0367,-1.022,-10.0805,8.7742,304.7461,-55.2767
2011-11-30,21.2477,5.5084,6.8929,1.664,3.6542,-5.0895,11.4601,321.5328,-52.8132
2011-12-01,21.1308,-0.5503,9.6282,4.4767,3.8707,-5.6369,9.2228,319.7634,-53.0728
2011-12-02,21.1128,-0.0851,10.3243,1.3383,6.7601,-3.5383,8.6491,319.4913,-53.1128
2011-12-05,21.3736,1.2354,7.6563,-0.0421,9.267,-2.3466,9.6249,323.4383,-52.5335
2011-12-06,21.3707,-0.014,6.1188,0.0281,5.3901,-2.6514,10.0261,323.3931,-52.5402
2011-12-07,21.1668,-0.954,-0.3809,-1.4655,5.6135,-4.8695,9.4924,320.308,-52.9929
2011-12-08,20.5762,-2.7904,-2.6249,-5.7539,6.1789,-5.6955,6.1938,311.3701,-54.3046
2011-12-09,21.0439,2.2731,-0.3266,0.8477,8.0761,-2.0016,8.1627,318.4477,-53.2659
2011-12-12,20.5522,-2.3365,-3.8434,-3.1916,5.2603,-6.291,4.7454,311.0071,-54.3579
2011-12-13,20.3603,-0.9336,-4.7278,-6.0199,3.0015,-4.9874,4.2537,308.1036,-54.784
2011-12-14,19.7877,-2.8125,-6.5156,-7.4463,-1.8382,-7.8005,1.876,299.4381,-56.0557
2011-12-15,19.7037,-0.4243,-4.2401,-7.7355,-2.042,-7.9547,0.8764,298.1676,-56.2421
2011-12-16,19.9135,1.065,-5.3712,-5.3308,0.5905,-7.2333,1.9152,301.3431,-55.7761
2011-12-19,19.5643,-1.7538,-4.8067,-4.8205,-0.5562,-10.638,-0.5214,296.0581,-56.5517
2011-12-20,20.3682,4.109,0.0388,-0.3135,8.0241,-6.6989,2.5303,308.2231,-54.7664
2011-12-21,20.594,1.1086,4.075,2.6289,15.7559,-4.6207,3.3123,311.6401,-54.265
2011-12-22,20.8349,1.1696,5.7409,4.8159,18.3866,-1.6414,4.226,315.285,-53.7301
2011-12-23,20.9553,0.578,5.2313,8.7176,14.8827,-1.6,5.203,317.1074,-53.4626
2011-12-27,21.0095,0.2586,7.3869,9.7844,13.5191,-4.1416,5.084,317.9275,-53.3423
2011-12-28,20.609,-1.906,1.1825,3.8051,15.1226,-7.0577,2.0668,311.8679,-54.2315
2011-12-29,20.8228,1.0373,1.1111,3.3985,15.2169,-7.4646,3.0347,315.1028,-53.7568
2011-12-30,20.8138,-0.0434,-0.1011,-2.0423,18.6509,-8.3681,2.8391,314.9662,-53.7769
2012-01-03,21.3919,2.7774,2.0834,1.2355,26.2398,-6.4015,4.9114,323.7139,-52.4931
2012-01-04,21.437,0.2111,2.035,1.5356,22.4967,-6.032,6.0428,324.3973,-52.3928
2012-01-05,21.3347,-0.4775,3.5208,-0.1824,17.5808,-7.8678,5.1201,322.8483,-52.6201
2012-01-06,21.2082,-0.5927,1.8508,-0.7602,14.7229,-7.6396,5.4989,320.9346,-52.9009
2012-01-09,21.3106,0.4827,2.3868,0.6793,16.7153,-4.9438,5.2475,322.4838,-52.6736
2012-01-10,21.5002,0.89,0.5067,4.4911,12.6488,-3.7387,6.6057,325.3541,-52.2524
2012-01-11,21.2112,-1.3443,-1.0534,0.7953,10.908,-5.7386,3.4537,320.9802,-52.8943
2012-01-12,21.0125,-0.9368,-1.51,2.2398,9.2865,-5.9979,1.0954,317.9732,-53.3356
2012-01-13,20.9071,-0.5015,-1.4196,2.6858,8.8912,-8.9153,0.8763,316.3785,-53.5696
2012-01-17,21.0546,0.7056,-1.201,6.403,5.4444,-7.9612,0.4953,318.611,-53.242
2012-01-18,21.4009,1.6445,-0.4621,8.6136,9.1617,-8.1267,1.5158,323.8506,-52.473
2012-01-19,21.4882,0.408,1.3059,7.9075,6.1966,-7.5148,3.178,325.1719,-52.2791
2012-01-20,21.4912,0.014,2.2782,9.8492,7.3246,-9.2858,3.9325,325.2174,-52.2724
2012-01-23,21.6628,0.7985,3.6146,6.3562,7.3459,-9.0201,4.2094,327.8143,-51.8913
2012-01-24,21.5996,-0.2918,2.5883,4.883,5.0965,-8.9201,3.5214,326.8576,-52.0317
2012-01-25,21.8646,1.2267,2.1666,4.9422,5.0071,-7.3596,5.0899,330.8671,-51.4433
2012-01-26,21.5665,-1.3633,0.3643,2.9167,5.7841,-6.8666,1.2332,326.3564,-52.1053
2012-01-27,21.5213,-0.2094,0.1401,2.4363,3.3288,-6.6765,1.6153,325.6731,-52.2055
2012-01-30,21.419,-0.4757,-1.1257,3.9299,-1.5284,-6.1849,1.5728,324.124,-52.4329
2012-01-31,21.2835,-0.6326,-1.4636,2.2122,-2.8077,-6.6441,-1.8844,322.0736,-52.7338
2012-02-01,21.3678,0.3961,-2.2721,2.6617,2.2385,-3.5841,-3.0725,323.3495,-52.5465
2012-02-02,21.5304,0.7609,-0.1675,0.6474,6.4523,-2.2975,-2.2562,325.8098,-52.1855
2012-02-03,21.9097,1.7619,1.8046,2.205,5.1633,6.7436,-0.5875,331.5503,-51.343
2012-02-06,22.1717,1.1956,3.5142,3.9232,3.6899,9.0672,0.8589,335.5142,-50.7613
2012-02-07,22.2861,0.516,4.7107,5.0824,4.3128,19.8221,0.7947,337.2456,-50.5072
2012-02-08,22.2108,-0.3377,3.9453,4.2244,3.3946,13.6336,0.7923,336.1068,-50.6743
2012-02-09,22.2138,0.0135,3.1744,3.3189,1.7472,17.7136,2.0974,336.1522,-50.6677
2012-02-10,21.991,-1.003,0.371,3.6763,5.3867,10.7825,0.0506,332.7805,-51.1625
2012-02-13,22.1657,0.7941,-0.0271,5.4879,4.4085,10.8452,0.8587,335.4233,-50.7746
2012-02-14,22.2048,0.1765,-0.3648,6.2068,2.494,7.4154,-1.1376,336.0154,-50.6877
2012-02-15,22.1687,-0.1627,-0.1898,5.291,3.6904,9.0524,-0.2582,335.4688,-50.768
2012-02-16,22.4577,1.3038,1.0978,4.9381,5.1603,10.0378,-0.288,339.8426,-50.1261
2012-02-17,22.542,0.3754,2.5055,4.904,7.1649,17.2447,-0.8924,341.1183,-49.9389
2012-02-21,22.6956,0.6812,2.3907,5.6039,10.4129,20.1712,-0.6319,343.4421,-49.5978
2012-02-22,22.7467,0.2255,2.4407,5.0035,11.3276,21.4214,0.5716,344.2165,-49.4842
2012-02-23,22.8611,0.503,3.1237,5.8406,13.9271,16.7645,-0.9358,345.9479,-49.2301
2012-02-24,22.9515,0.3951,2.1987,4.9711,15.464,16.5326,0.8815,347.3147,-49.0295
2012-02-27,22.8792,-0.3148,1.4959,6.0869,18.6991,18.6668,-1.0102,346.2213,-49.19
2012-02-28,22.8039,-0.329,0.4775,5.9597,19.1612,16.0298,-2.0896,345.0822,-49.3571
2012-02-29,22.545,-1.1355,-0.8868,5.2572,13.5563,11.4604,-1.3551,341.1638,-49.9322
2012-03-01,22.7618,0.9616,-0.4346,6.9458,13.0267,11.8716,-0.9719,344.4444,-49.4507
2012-03-02,22.5029,-1.1376,-1.9546,5.312,5.9071,9.7772,-3.75,340.526,-50.0258
2012-03-05,22.3583,-0.6422,-2.2766,3.8456,5.8092,9.9048,-3.7577,338.3391,-50.3467
2012-03-06,21.994,-1.6294,-3.5516,0.3848,4.1738,11.216,-4.6566,332.8262,-51.1558
2012-03-07,22.1777,0.835,-1.6292,0.0272,3.7618,13.3775,-3.0629,335.6054,-50.7479
2012-03-08,22.3583,0.8146,-1.7725,0.3242,4.6216,10.2609,-1.5973,338.3391,-50.3467
2012-03-09,22.3373,-0.0943,-0.7359,0.5693,5.5297,11.4537,2.0251,338.0202,-50.3935
2012-03-12,22.2138,-0.5526,-0.6464,0.0,7.9591,14.6297,-0.2678,336.1522,-50.6677
2012-03-13,22.4818,1.2063,2.2177,2.2317,6.8329,15.4609,0.3872,340.2071,-50.0726
2012-03-14,22.265,-0.9642,0.3937,0.4482,8.3341,14.0328,0.1753,336.9268,-50.554
2012-03-15,22.3011,0.1622,-0.2559,0.4339,9.5325,12.82,1.9705,337.4734,-50.4738
2012-03-16,22.6079,1.3756,1.2116,1.9814,14.2526,12.1523,0.3129,342.1157,-49.7925
2012-03-19,22.7107,0.4546,2.2367,1.1265,15.261,12.9073,1.2434,343.6709,-49.5643
2012-03-20,22.3691,-1.5038,-0.501,-0.7668,12.3313,12.9947,-3.2189,338.5027,-50.3227
2012-03-21,22.1032,-1.1891,-0.7269,-2.6102,12.977,12.3487,-4.16,334.4776,-50.9134
2012-03-22,21.6045,-2.2562,-3.1239,-5.0217,6.0696,14.5808,-6.5634,326.931,-52.0209
2012-03-23,21.8402,1.0912,-3.3957,-4.4658,6.0513,22.7606,-5.883,330.4985,-51.4974
2012-03-26,22.0034,0.7473,-3.1142,-4.1307,5.6086,25.0265,-6.0232,332.9683,-51.1349
2012-03-27,21.7828,-1.0028,-2.6213,-4.7923,3.9488,19.4192,-6.7403,329.6294,-51.6249
2012-03-28,21.5108,-1.2488,-2.6802,-5.6709,2.3859,16.2276,-9.0176,325.5131,-52.229
2012-03-29,21.5108,0.0,-0.4337,-4.5875,4.3753,20.1596,-9.643,325.5131,-52.229
2012-03-30,21.6861,0.8149,-0.7058,-4.726,4.1456,19.9934,-8.6097,328.1658,-51.8397
2012-04-02,21.8976,0.9757,-0.4808,-2.6895,5.2073,24.8294,-7.9949,331.3675,-51.3699
2012-04-03,21.7072,-0.8696,-0.3469,-2.9122,1.4742,28.1008,-8.852,328.486,-51.7927
2012-04-04,21.4292,-1.281,-0.3794,-2.5683,-0.0367,22.4518,-10.2886,324.2782,-52.4103
2012-04-05,21.3083,-0.5642,-0.9414,-3.9203,-0.1238,17.4353,-9.8514,322.4487,-52.6788
2012-04-09,21.0393,-1.2624,-2.9825,-5.8997,-0.7966,13.8091,-10.9894,318.3781,-53.2761
2012-04-10,20.6252,-1.9681,-5.8109,-7.6647,-3.2162,12.9615,-13.0478,312.112,-54.1957
2012-04-11,20.6312,0.0293,-4.9568,-7.1244,-4.0419,8.0956,-11.2749,312.2035,-54.1823
2012-04-12,21.0816,2.1828,-1.622,-6.2282,-0.6112,10.2301,-6.4411,319.0183,-53.1822
2012-04-13,20.7642,-1.5054,-2.5532,-6.7406,-1.1816,7.9951,-8.2251,314.216,-53.8869
2012-04-16,20.6252,-0.6696,-1.9681,-7.5151,-1.3485,7.4227,-9.4588,312.112,-54.1957
2012-04-17,20.9607,1.6266,1.6266,-7.2861,-0.4464,4.9737,-8.7371,317.1888,-53.4507
2012-04-18,20.9184,-0.2019,1.3917,-7.8919,-2.2548,6.7004,-7.5439,316.5485,-53.5446
2012-04-19,20.8912,-0.13,-0.9032,-6.6072,-2.7785,3.2459,-8.5897,316.137,-53.605
2012-04-20,20.8428,-0.2315,0.3785,-5.7022,-3.0171,4.0865,-10.9009,315.4051,-53.7124
2012-04-23,20.8216,-0.1015,0.9526,-3.6234,-3.8831,3.1776,-11.3971,315.0851,-53.7594
2012-04-24,20.9758,0.7403,0.0722,-3.9579,-2.8881,2.0612,-10.2753,317.4177,-53.4171
2012-04-25,21.1843,0.9942,1.2715,-3.7225,-3.1111,1.7402,-10.274,320.5735,-52.9539
2012-04-26,21.408,1.0558,2.4739,-1.7205,-0.7349,5.0067,-9.281,323.958,-52.4572
2012-04-27,21.3989,-0.0423,2.6683,-0.5198,-0.5687,2.7412,-9.3079,323.821,-52.4774
2012-04-30,21.5319,0.6215,3.4112,0.0984,0.5274,-1.0091,-10.0823,325.8334,-52.182
2012-05-01,21.8402,1.4317,4.121,0.7108,2.6158,-0.2654,-7.566,330.4985,-51.4974
2012-05-02,21.4836,-1.633,1.4125,-1.891,0.5418,2.7924,-6.7383,325.1015,-52.2894
2012-05-03,21.1269,-1.6601,-1.313,-2.6734,-1.8739,4.4575,-6.6344,319.7044,-53.0815
2012-05-04,20.6433,-2.289,-3.5311,-3.6671,-5.7801,-0.9152,-6.8359,312.3865,-54.1554
2012-05-07,20.5829,-0.2928,-4.4077,-3.4043,-7.1659,-3.7403,-7.5186,311.4717,-54.2897
2012-05-08,20.5164,-0.323,-6.0614,-2.4853,-7.9408,-3.9705,-9.404,310.4655,-54.4373
2012-05-09,20.4166,-0.4862,-4.9662,-1.0111,-8.078,-4.9576,-10.2689,308.9561,-54.6589
2012-05-10,20.5043,0.4293,-2.9471,-0.6153,-7.6958,-6.0831,-7.2017,310.2825,-54.4642
2012-05-11,20.3532,-0.737,-1.4056,-3.4552,-7.4478,-2.4623,-7.749,307.9957,-54.7998
2012-05-14,20.0146,-1.6632,-2.7607,-3.6099,-9.7042,-5.7236,-8.8408,302.873,-55.5516
2012-05-15,19.6822,-1.6611,-4.066,-4.5721,-11.3606,-9.15,-9.6695,297.842,-56.2899
2012-05-16,19.5703,-0.5682,-4.1451,-6.633,-11.7206,-8.4627,-10.1827,296.1497,-56.5383
2012-05-17,19.4464,-0.6332,-5.1592,-7.0365,-13.4086,-8.9402,-12.5195,294.2745,-56.8135
2012-05-18,19.3255,-0.6217,-5.049,-7.4942,-14.2688,-8.1262,-13.0749,292.445,-57.082
2012-05-21,19.7698,2.299,-1.2231,-5.1479,-12.8912,-3.8206,-10.9693,299.1684,-56.0953
2012-05-22,19.7215,-0.2446,0.1996,-5.2838,-13.2997,-3.4787,-9.7848,298.4366,-56.2027
2012-05-23,19.794,0.3678,1.1428,-5.634,-13.4164,-1.3578,-10.7169,299.5342,-56.0416
2012-05-24,19.7789,-0.0763,1.7097,-6.6343,-13.8229,-0.4965,-12.2686,299.3056,-56.0751
2012-05-25,19.6852,-0.4737,1.8611,-8.0474,-13.9603,2.1283,-13.12,297.8877,-56.2832
2012-05-29,20.0146,1.6736,1.2383,-6.469,-12.2316,4.5858,-11.8858,302.873,-55.5516
2012-05-30,19.4011,-3.0655,-1.6245,-9.8961,-13.945,-2.2792,-15.4398,293.5885,-56.9142
2012-05-31,19.2318,-0.8725,-2.8402,-11.943,-15.5083,-4.5018,-14.1286,291.027,-57.2901
2012-06-01,18.7513,-2.4988,-5.1956,-12.7181,-16.6716,-11.7493,-16.2409,283.7548,-58.3573
2012-06-04,18.7362,-0.0806,-4.8211,-11.3162,-16.2006,-11.3325,-16.3307,283.5261,-58.3909
2012-06-05,18.8963,0.855,-5.5874,-8.4627,-14.0842,-10.4983,-13.6651,285.9502,-58.0351
2012-06-06,19.4797,3.087,0.405,-5.3598,-12.1655,-8.8613,-11.0,294.7775,-56.7397
2012-06-07,19.4918,0.0621,1.3516,-4.9941,-12.821,-8.7919,-11.2103,294.9605,-56.7128
2012-06-08,19.4948,0.0155,3.9652,-4.5152,-12.7253,-7.8992,-12.3841,295.0062,-56.7061
2012-06-11,19.2288,-1.3643,2.6295,-6.2205,-13.4376,-6.5481,-11.8706,290.9813,-57.2968
2012-06-12,19.5008,1.4147,3.199,-4.1877,-13.2594,-7.3324,-9.1873,295.0978,-56.6927
2012-06-13,19.253,-1.2709,-1.1637,-3.8055,-13.528,-6.3214,-12.2146,291.3472,-57.2431
2012-06-14,19.5552,1.5699,0.3256,-0.645,-12.3128,-3.954,-8.7442,295.921,-56.5718
2012-06-15,19.9291,1.9118,2.2279,1.8331,-11.849,0.7148,-7.1415,301.5785,-55.7416
2012-06-18,19.7499,-0.8992,2.71,1.5606,-13.0369,0.2345,-7.7389,298.8669,-56.1395
2012-06-19,20.0354,1.4455,2.7412,3.6732,-10.4329,0.6119,-6.6656,303.1871,-55.5055
2012-06-20,19.9564,-0.3941,3.6537,0.9439,-9.7123,2.0043,-8.8469,301.9921,-55.6809
2012-06-21,19.1395,-4.0938,-2.1261,-2.9511,-11.4097,-6.0326,-12.3274,289.6293,-57.4952
2012-06-22,19.267,0.6664,-3.3222,-2.6624,-11.7819,-6.4435,-10.7665,291.5595,-57.2119
2012-06-25,18.8358,-2.2383,-4.6286,-4.7684,-14.3962,-9.595,-11.0789,285.0335,-58.1697
2012-06-26,19.0392,1.0803,-4.972,-3.2814,-12.595,-9.1435,-10.5972,288.1127,-57.7178
2012-06-27,19.4341,2.0737,-2.6176,-2.9008,-9.6543,-7.4987,-11.3297,294.0872,-56.841
2012-06-28,19.5677,0.6876,2.2374,0.8587,-9.033,-5.0529,-11.754,296.1094,-56.5442
2012-06-29,20.1569,3.011,4.6186,4.81,-7.0514,-3.1981,-10.424,305.0254,-55.2357
2012-07-02,20.166,0.0452,7.0623,7.5447,-7.9079,-3.1124,-11.22,305.1633,-55.2155
2012-07-03,20.6489,2.3946,8.4543,10.2088,-4.8755,-3.4732,-9.6524,312.4707,-54.1431
2012-07-05,20.3786,-1.309,4.8602,7.8441,-4.9026,-4.9375,-10.6717,308.3803,-54.7434
2012-07-06,20.1326,-1.2071,2.8869,3.3518,-5.5174,-5.6344,-13.0588,304.6577,-55.2897
2012-07-09,20.0415,-0.4526,-0.5725,2.8202,-4.7425,-5.5013,-12.7206,303.279,-55.492
2012-07-10,19.7287,-1.5608,-2.1687,1.1997,-4.3467,-7.4232,-12.0,298.5453,-56.1867
2012-07-11,19.9959,1.3547,-3.1623,3.9893,-3.0794,-6.9968,-10.4739,302.5896,-55.5932
2012-07-12,19.9291,-0.3341,-2.2056,2.1961,-5.4667,-6.0445,-11.4363,301.5785,-55.7416
2012-07-13,20.2784,1.7525,0.7241,5.3257,-2.3399,-3.4939,-9.2822,306.8636,-54.9659
2012-07-16,20.3452,0.3295,1.5154,4.0395,-1.3576,-2.6878,-11.3635,307.8748,-54.8175
2012-07-17,20.6003,1.2539,4.4181,3.3679,-1.7193,-2.158,-9.9474,311.7353,-54.251
2012-07-18,20.7795,0.8698,3.9186,5.213,-0.664,-2.9038,-10.7945,314.4467,-53.8531
2012-07-19,20.8433,0.307,4.587,4.0321,-0.2293,-3.0015,-10.2907,315.412,-53.7114
2012-07-20,20.8918,0.2331,3.0253,4.6872,0.2353,-2.7889,-11.8158,316.1472,-53.6035
2012-07-23,20.6914,-0.9594,1.7017,8.1085,-0.6256,-4.4844,-13.1,313.114,-54.0487
2012-07-24,20.3604,-1.5999,-1.1647,5.6747,-2.934,-5.7374,-14.1457,308.1046,-54.7838
2012-07-25,20.3755,0.0746,-1.9438,8.1748,-3.8179,-6.8102,-13.6685,308.3344,-54.7501
2012-07-26,20.9556,2.8469,0.5391,10.0654,-2.1131,-2.8325,-9.5046,317.1125,-53.4619
2012-07-27,21.3261,1.7681,2.0788,9.7359,-0.3402,-0.907,-7.5229,322.7193,-52.639
2012-07-30,21.3869,0.2848,3.3612,9.2969,-0.6736,-0.1498,-6.3254,323.6385,-52.5041
2012-07-31,21.153,-1.0934,3.8932,4.942,-3.1464,-0.6129,-7.2163,320.0996,-53.0235
2012-08-01,21.2563,0.4882,4.3225,5.4066,-1.0579,-0.5218,-4.0872,321.6623,-52.7942
2012-08-02,20.901,-1.6717,-0.2609,1.2208,-1.0695,-2.9234,-5.1537,316.2852,-53.5833
2012-08-03,21.393,2.354,0.3133,4.9777,3.6314,-2.3586,4.226,323.7305,-52.4906
2012-08-06,21.4507,0.2697,0.2982,6.547,4.2161,-3.2519,5.5204,324.6036,-52.3625
2012-08-07,21.7726,1.5008,2.929,8.6377,6.123,-2.3041,17.0613,329.4752,-51.6476
2012-08-08,21.7908,0.0837,2.5146,10.4525,6.7307,-1.891,11.4847,329.7509,-51.6071
2012-08-09,21.9396,0.6829,4.9695,9.7205,7.0002,-1.2344,16.2606,332.0028,-51.2766
2012-08-10,21.9791,0.18,2.7399,10.2865,7.9886,-0.0541,10.7226,332.6004,-51.1889
2012-08-13,21.8971,-0.3731,2.0813,7.9827,9.4054,-1.2115,9.5022,331.3595,-51.371
2012-08-14,21.8576,-0.1803,0.3905,7.4339,11.0528,-1.5635,5.736,330.762,-51.4587
2012-08-15,21.8546,-0.0138,0.2927,6.0888,11.672,-1.4167,7.5075,330.7162,-51.4654
2012-08-16,22.049,0.8893,0.4984,6.1094,13.3831,-1.82,8.0351,333.6574,-51.0338
2012-08-17,22.0399,-0.0413,0.2764,5.741,14.0453,-2.2276,14.633,333.5196,-51.054
2012-08-20,21.9639,-0.3445,0.3051,5.1316,11.0981,-3.2237,16.2973,332.3705,-51.2227
2012-08-21,21.8941,-0.318,0.1667,5.8124,11.0164,-3.7485,16.8699,331.3135,-51.3778
2012-08-22,21.9761,0.3745,0.5558,7.9355,11.0238,-3.8715,12.2439,332.5544,-51.1957
2012-08-23,21.7331,-1.1056,-1.4325,6.6627,9.8802,-5.3084,10.3465,328.8777,-51.7353
2012-08-24,21.8607,0.5869,-0.8131,4.3188,11.0512,-4.4519,13.3839,330.8079,-51.452
2012-08-27,21.8698,0.0417,-0.4286,2.5491,9.2689,-4.0965,11.2766,330.9458,-51.4317
2012-08-28,21.885,0.0694,-0.0416,2.3289,12.8027,-2.9277,8.1973,331.1757,-51.398
2012-08-29,21.7392,-0.6661,-1.0779,2.771,13.0375,-4.4927,6.8455,328.9696,-51.7218
2012-08-30,21.5084,-1.0618,-1.0341,1.1859,14.7035,-4.4194,4.9257,325.4767,-52.2344
2012-08-31,21.724,1.0026,-0.6251,3.9378,15.9469,-2.8372,6.7866,328.7399,-51.7555
2012-09-04,21.557,-0.7689,-1.4303,0.7666,14.0801,-1.9872,9.0059,326.2122,-52.1264
2012-09-05,21.4749,-0.3804,-1.8735,0.1132,10.2429,-3.1687,9.7849,324.9712,-52.3086
2012-09-06,21.9275,2.1073,0.8662,0.7114,12.4961,-1.9271,8.1361,331.8192,-51.3036
2012-09-07,22.3071,1.7313,3.7137,2.3693,14.426,-0.135,11.3032,337.5638,-50.4605
2012-09-10,22.2099,-0.4357,2.2368,1.232,15.5033,-0.0176,14.6096,336.0932,-50.6763
2012-09-11,22.4468,1.0666,4.1279,2.128,15.1069,-0.1555,15.2813,339.6779,-50.1503
2012-09-12,22.5835,0.6088,5.1619,3.1345,17.2985,1.4303,15.6638,341.7459,-49.8468
2012-09-13,22.951,1.6273,4.6676,5.0021,17.3648,2.9139,16.1075,347.3071,-49.0306
2012-09-14,23.2547,1.3233,4.2478,6.4063,16.687,2.8608,15.3608,351.9028,-48.3562
2012-09-17,23.0785,-0.7575,3.9108,4.6694,16.8538,1.6197,14.736,349.2372,-48.7474
2012-09-18,22.9145,-0.7106,2.0836,3.9685,14.3701,2.438,15.7495,346.7555,-49.1116
2012-09-19,22.6928,-0.9675,0.4842,3.3186,13.7118,2.6677,15.3458,343.4006,-49.6039
2012-09-20,22.7566,0.2811,-0.8469,3.9395,18.8988,5.3328,20.6912,344.3657,-49.4623
2012-09-21,22.7822,0.1126,-2.0316,3.6683,18.2447,4.3132,28.0556,344.7536,-49.4054
2012-09-24,22.6663,-0.5089,-1.7862,4.2939,20.3365,3.0126,28.793,342.9992,-49.6628
2012-09-25,22.4192,-1.0902,-2.1616,2.555,17.7525,2.9216,22.9081,339.2599,-50.2116
2012-09-26,22.2057,-0.9525,-2.1468,1.5358,14.2615,3.2304,19.9822,336.0286,-50.6858
2012-09-27,22.5076,1.36,-1.0939,2.8453,15.0246,4.6344,25.7283,340.5986,-50.0151
2012-09-28,22.4009,-0.4744,-1.6738,3.0438,11.1327,3.2962,23.9486,338.9829,-50.2523
2012-10-01,22.5138,0.5039,-0.673,4.6744,11.6422,2.8136,28.3417,340.691,-50.0016
2012-10-02,22.5534,0.1761,0.5987,3.818,9.2234,3.8982,33.0944,341.291,-49.9135
2012-10-03,22.2758,-1.2308,0.316,3.3347,9.3099,3.951,27.2898,337.0903,-50.53
2012-10-04,22.4985,0.9997,-0.0406,4.7663,11.7517,5.5859,23.9951,340.4603,-50.0354
2012-10-05,22.4466,-0.2305,0.2043,2.3677,12.001,6.6893,21.4221,339.6755,-50.1506
2012-10-08,22.4832,0.163,-0.1355,0.7896,13.9623,9.0087,23.1378,340.2292,-50.0694
2012-10-09,22.5138,0.1357,-0.1758,1.368,12.5918,9.1246,17.959,340.691,-50.0016
2012-10-10,22.0928,-1.8699,-0.8217,-1.5772,10.8568,4.7966,15.5174,334.3204,-50.9365
2012-10-11,22.2575,0.7457,-1.0712,-1.4434,9.7599,7.1917,15.7618,336.8133,-50.5707
2012-10-12,22.1355,-0.5482,-1.3863,-3.5531,8.7996,7.3226,15.2889,334.9667,-50.8417
2012-10-15,22.2483,0.5099,-1.0448,-4.3274,8.0001,6.1433,11.4226,336.6746,-50.591
2012-10-16,22.6022,1.5906,0.3929,-2.0638,8.7719,8.0497,15.2894,342.0297,-49.8051
2012-10-17,22.8859,1.2552,3.5901,-0.1247,9.8002,9.5484,13.1042,346.323,-49.1751
2012-10-18,22.8829,-0.0133,2.8097,0.8376,9.5302,9.7879,14.2744,346.2768,-49.1818
2012-10-19,22.5229,-1.5731,1.7503,-1.0269,8.8516,8.1706,11.6079,340.8295,-49.9813
2012-10-22,22.41,-0.5011,0.7268,-1.6337,10.067,6.8376,9.0398,339.1215,-50.2319
2012-10-23,21.8884,-2.3278,-3.1583,-3.432,7.4247,3.3234,5.1214,331.2273,-51.3904
2012-10-24,21.7206,-0.7665,-5.092,-3.1161,3.6504,1.4602,6.5399,328.6883,-51.763
2012-10-25,21.925,0.941,-4.1861,-1.2639,2.808,2.4583,5.2669,331.7814,-51.3091
2012-10-26,21.9524,0.1252,-2.5328,-2.4668,2.6444,1.953,0.9242,332.1968,-51.2482
2012-10-31,21.9463,-0.0278,-2.0692,-2.0291,3.7503,0.4859,0.2193,332.1045,-51.2617
2012-11-01,22.0409,0.4309,0.6969,-2.1003,3.6912,2.5943,5.4591,333.5356,-51.0517
2012-11-02,21.6779,-1.6471,-0.1966,-3.882,3.7172,2.6079,7.1816,328.042,-51.8579
2012-11-05,21.8426,0.76,-0.3757,-1.9447,2.1019,5.8096,4.8412,330.5349,-51.492
2012-11-06,22.1934,1.6061,1.0978,-1.356,3.4627,7.8248,3.7918,335.8438,-50.7129
2012-11-07,21.6138,-2.6117,-1.5152,-3.7103,-0.7293,5.3491,1.1662,327.0725,-52.0002
2012-11-08,21.2233,-1.8066,-3.7093,-5.6037,-2.6042,3.9512,-1.2022,321.1637,-52.8673
2012-11-09,21.2172,-0.0287,-2.1249,-5.7588,-3.2926,3.4771,-2.8175,321.0713,-52.8809
2012-11-12,21.2599,0.2013,-2.6676,-3.7697,-3.272,4.4552,1.8832,321.7176,-52.786
2012-11-13,21.1715,-0.4161,-4.6048,-4.8794,-3.3139,5.7799,-0.2745,320.3787,-52.9825
2012-11-14,20.9152,-1.2104,-3.2322,-5.5127,-4.3115,6.2647,-3.4585,316.501,-53.5516
2012-11-15,20.9427,0.1313,-1.3224,-5.8686,-4.1727,7.0123,-2.0439,316.9165,-53.4906
2012-11-16,21.025,0.3933,-0.9058,-6.978,-4.6438,8.1178,-1.5482,318.1629,-53.3077
2012-11-19,21.5101,2.307,1.1766,-6.0117,-2.4036,11.304,2.2592,325.503,-52.2305
2012-11-20,21.4247,-0.3971,1.196,-6.3725,-2.4551,8.3706,4.2302,324.2105,-52.4202
2012-11-21,21.5406,0.5411,2.9901,-4.3614,-1.6144,9.2241,5.4246,325.9647,-52.1628
2012-11-23,21.8457,1.4162,4.3117,-2.5184,-0.5934,10.365,8.8665,330.581,-51.4853
2012-11-26,21.6321,-0.9775,2.8874,-1.1707,-0.4646,9.3697,8.8267,327.3496,-51.9595
2012-11-27,21.4521,-0.8321,-0.2695,-1.236,-1.8688,8.9759,11.2953,324.6258,-52.3592
2012-11-28,21.6474,0.9101,1.0394,-1.2662,-1.0169,8.1576,13.1176,327.5803,-51.9257
2012-11-29,21.6962,0.2255,0.7223,-1.1673,-0.8626,11.8297,9.2809,328.3191,-51.8172
2012-11-30,21.6779,-0.0844,-0.7681,-1.2233,-0.282,12.7188,7.6443,328.042,-51.8579
2012-12-03,21.5589,-0.5488,-0.3385,-2.1869,0.235,14.9731,1.4645,326.2416,-52.1221
2012-12-04,21.4796,-0.3679,0.128,-0.9147,-1.125,14.6425,1.6506,325.0415,-52.2982
2012-12-05,21.6291,0.6959,-0.0845,-0.9777,0.3345,14.4617,2.4452,327.3034,-51.9663
2012-12-06,21.6992,0.3244,0.014,-2.2268,1.0444,11.3943,1.5233,328.3652,-51.8105
2012-12-07,21.8304,0.6045,0.7036,1.0021,-0.4427,11.9981,2.1513,330.3502,-51.5192
2012-12-10,21.806,-0.1118,1.1462,2.7454,-2.2464,11.8556,3.0199,329.9809,-51.5734
2012-12-11,21.9341,0.5876,2.1162,3.3789,-1.2417,14.0691,6.5998,331.9199,-51.2888
2012-12-12,22.0135,0.3616,1.7772,3.5443,-1.9306,12.8847,4.6075,333.1201,-51.1127
2012-12-13,21.809,-0.9285,0.5061,3.0115,-3.4292,13.2761,6.1155,330.0269,-51.5666
2012-12-14,21.7267,-0.3776,-0.4751,3.8798,-5.3343,11.1042,6.7111,328.7806,-51.7495
2012-12-17,21.925,0.9127,0.5456,4.6905,-5.7179,10.0149,10.8013,331.7814,-51.3091
2012-12-18,22.3277,1.8366,1.7941,6.1956,-3.2534,13.052,13.3171,337.875,-50.4148
2012-12-19,22.1751,-0.6831,0.7345,3.0918,-3.2267,10.6798,11.357,335.5668,-50.7536
2012-12-20,22.3246,0.6741,2.364,4.2005,-1.6225,11.8668,14.109,337.8288,-50.4216
2012-12-21,22.098,-1.015,1.7091,2.5877,-2.894,15.4579,8.4928,334.3998,-50.9249
2012-12-24,21.9294,-0.7631,0.0201,0.3832,-3.7434,13.8182,6.4843,331.8479,-51.2994
2012-12-26,21.8313,-0.4474,-2.2232,0.9206,-3.684,15.9033,4.7824,330.3632,-51.5172
2012-12-27,21.7914,-0.1826,-1.7304,1.5816,-2.8002,14.4552,3.99,329.76,-51.6058
2012-12-28,21.4112,-1.7448,-4.0915,-1.091,-3.5777,10.1736,1.9121,324.0065,-52.4501
2012-12-31,21.8987,2.277,-0.9019,0.9335,-2.7054,11.9127,6.2578,331.384,-51.3674
2013-01-02,22.3832,2.2122,2.0693,3.2535,-0.079,11.0448,7.4935,338.7149,-50.2916
2013-01-03,22.377,-0.0274,2.5,3.7949,-0.6072,10.9643,7.5106,338.6222,-50.3052
2013-01-04,22.6254,1.11,3.8272,5.3345,0.3193,9.5721,5.7664,342.3807,-49.7536
2013-01-07,22.4506,-0.7725,4.8546,3.7984,0.7848,10.1678,4.7283,339.7358,-50.1418
2013-01-08,22.377,-0.3278,2.1842,3.1236,-0.5399,11.1484,4.8858,338.6222,-50.3052
2013-01-09,22.3402,-0.1644,-0.1918,2.3354,-0.474,11.4701,5.3378,338.0654,-50.3869
2013-01-10,22.5426,0.9058,0.7399,3.378,0.2641,14.2633,5.7813,341.1277,-49.9375
2013-01-11,22.5702,0.1224,-0.244,2.8999,0.2508,12.8741,4.9765,341.5454,-49.8762
2013-01-14,22.5733,0.0136,0.5463,2.5432,2.175,13.268,6.4215,341.5919,-49.8694
2013-01-15,22.6745,0.4482,1.3292,3.9682,1.8734,11.8161,7.9094,343.123,-49.6447
2013-01-16,22.7757,0.4463,1.949,4.828,2.8921,11.9462,8.9373,344.6542,-49.4199
2013-01-17,22.9198,0.6327,1.6731,4.5372,3.0178,11.2594,8.8584,346.8349,-49.0999
2013-01-18,23.1467,0.99,2.554,3.6681,2.4088,11.392,8.1574,350.2685,-48.596
2013-01-22,23.3674,0.9537,3.518,5.3767,2.1039,12.1103,8.7453,353.6091,-48.1058
2013-01-23,23.2877,-0.3412,2.7045,4.314,1.7691,11.4679,8.3592,352.4028,-48.2828
2013-01-24,23.3552,0.2897,2.5444,5.689,3.6952,12.8738,7.8122,353.4237,-48.133
2013-01-25,23.5759,0.9452,2.8629,7.5084,5.2025,15.7933,9.1498,356.7643,-47.6427
2013-01-28,23.5361,-0.169,1.6824,7.809,7.5278,15.5114,7.6448,356.1613,-47.7312
2013-01-29,23.9163,1.6154,2.3488,9.7509,10.1088,14.1282,10.8955,361.9147,-46.8869
2013-01-30,23.7967,-0.5,2.1857,11.1413,8.5369,11.5846,10.5726,360.1052,-47.1524
2013-01-31,23.717,-0.335,1.5492,8.303,8.038,10.895,10.7289,358.8988,-47.3295
2013-02-01,23.9377,0.9308,1.5346,6.9452,9.0739,13.1646,12.471,362.2394,-46.8392
2013-02-04,23.7108,-0.9478,0.7426,5.9606,7.5766,11.5475,10.9654,358.8061,-47.3431
2013-02-05,23.9163,0.8664,0.0,5.7053,10.3257,14.4267,11.0816,361.9147,-46.8869
2013-02-06,23.9316,0.0641,0.5669,6.5966,9.5638,11.8667,9.2283,362.1468,-46.8528
2013-02-07,23.8703,-0.2562,0.6464,6.6731,7.5556,11.28,7.6612,361.2188,-46.989
2013-02-08,24.0941,0.9377,0.6533,7.8507,11.4756,10.6626,8.1129,364.6059,-46.4919
2013-02-11,23.9745,-0.4963,1.1121,6.352,12.9631,10.0213,7.9408,362.7963,-46.7575
2013-02-12,24.0389,0.2686,0.5128,6.5073,13.299,9.5686,8.2161,363.7707,-46.6145
2013-02-13,24.1248,0.3571,0.8071,6.8731,13.4752,9.7623,9.7029,365.0698,-46.4238
2013-02-14,24.3333,0.8643,1.9396,7.3157,14.9343,11.1255,9.7792,368.225,-45.9608
2013-02-15,24.0543,-1.1466,-0.1654,5.6139,15.0084,10.0498,8.3292,364.0028,-46.5804
2013-02-19,24.3333,1.1599,1.4963,6.1672,16.1899,11.3417,9.7643,368.225,-45.9608
2013-02-20,23.8243,-2.0917,-0.8929,2.9275,13.3139,8.0518,6.0852,360.5227,-47.0912
2013-02-21,23.6587,-0.695,-1.9319,1.2466,9.9889,7.3451,4.9539,358.0172,-47.4589
2013-02-22,23.9071,1.0498,-1.7515,2.6597,11.5866,8.8471,5.3381,361.7755,-46.9073
2013-02-25,23.2816,-2.6164,-3.2122,-0.3151,8.0823,6.3374,2.3513,352.3102,-48.2964
2013-02-26,23.5115,0.9877,-3.377,-0.2731,7.6256,6.987,2.845,355.79,-47.7857
2013-02-27,23.8703,1.5259,0.1931,1.42,10.3465,9.8338,4.0033,361.2188,-46.989
2013-02-28,23.8212,-0.2055,0.6869,-0.3974,11.0437,8.9685,4.1174,360.4764,-47.0979
2013-03-01,23.8519,0.1287,-0.2309,0.2319,10.1837,9.0632,4.5954,360.9402,-47.0299
2013-03-04,23.7998,-0.2185,2.2257,0.349,9.6956,8.7494,5.5656,360.1515,-47.1456
2013-03-05,23.9531,0.6441,1.8779,0.064,10.4954,10.1838,5.2337,362.4714,-46.8052
2013-03-06,23.9807,0.1153,0.4624,1.138,11.2333,11.4947,6.5672,362.8892,-46.7439
2013-03-07,24.1033,0.5114,1.1842,0.7821,12.2149,10.9525,7.8046,364.7451,-46.4715
2013-03-08,24.2198,0.4834,1.5426,1.2043,11.9781,12.3527,10.12,366.5081,-46.2128
2013-03-11,24.2321,0.0507,1.8165,1.5157,11.6726,12.8389,9.2634,366.6938,-46.1855
2013-03-12,24.2597,0.1139,1.2801,0.6872,11.128,10.636,8.504,367.1114,-46.1242
2013-03-13,24.2045,-0.2275,0.9334,0.9592,10.9992,8.5058,8.3593,366.2763,-46.2468
2013-03-14,24.5356,1.3681,1.7937,2.0663,11.8605,10.4716,10.4522,371.2874,-45.5114
2013-03-15,24.5162,-0.0791,1.2239,1.6227,11.3694,9.2193,9.0494,370.9938,-45.5545
2013-03-18,24.3191,-0.804,0.3592,-0.0581,11.5094,7.6855,9.2258,368.0109,-45.9922
2013-03-19,24.0512,-1.1018,-0.8595,-0.0128,10.6988,4.7938,7.8473,363.9561,-46.5873
2013-03-20,24.1867,0.5634,-0.0736,-0.6024,10.3156,4.0079,6.9833,366.0067,-46.2864
2013-03-21,24.0635,-0.5094,-1.9244,1.004,7.7743,4.2679,5.9567,364.1424,-46.5599
2013-03-22,24.2545,0.7936,-1.0678,2.5181,9.3768,5.8476,8.4282,367.0323,-46.1358
2013-03-25,24.1621,-0.381,-0.6459,1.0665,8.2305,6.4745,9.3149,365.634,-46.341
2013-03-26,24.4177,1.058,1.5239,4.8798,10.4972,7.2994,13.0215,369.5023,-45.7734
2013-03-27,24.4978,0.328,1.2862,4.1947,11.7121,7.5302,12.1682,370.7143,-45.5955
2013-03-28,24.4269,-0.2892,1.5103,2.3319,11.8896,7.7676,11.0142,369.6421,-45.7528
2013-04-01,24.3776,-0.2017,0.5079,2.3358,11.8682,8.7356,11.9125,368.8965,-45.8623
2013-04-02,24.239,-0.5685,0.3187,1.6232,13.2073,9.1571,12.6834,366.7991,-46.1701
2013-04-03,23.7863,-1.8678,-2.5857,-0.0565,8.6196,5.681,10.5786,359.9479,-47.1755
2013-04-04,23.7555,-0.1295,-3.03,-0.8248,6.1311,6.0472,9.5427,359.4817,-47.2439
2013-04-05,23.8079,0.2204,-2.5343,-0.7206,6.3941,5.7481,8.7234,360.2741,-47.1276
2013-04-08,23.968,0.6727,-1.6803,-0.5613,5.934,6.2723,10.415,362.6977,-46.772
2013-04-09,24.1713,0.8481,-0.2796,-0.2004,7.6641,8.5091,12.7962,365.7736,-46.3206
2013-04-10,24.3006,0.5352,2.1623,0.2829,8.5963,8.01,14.0433,367.7312,-46.0333
2013-04-11,24.4054,0.4309,2.7356,0.6005,9.2439,8.7261,15.9991,369.3158,-45.8007
2013-04-12,24.0235,-1.5648,0.9056,-0.748,6.5691,6.8505,16.4763,363.5366,-46.6489
2013-04-15,23.044,-4.0769,-3.855,-6.0793,2.0993,2.3554,11.695,348.7156,-48.8239
2013-04-16,23.3274,1.2296,-3.4913,-4.8493,3.3407,5.5883,10.653,353.0033,-48.1947
2013-04-17,22.8161,-2.1917,-6.109,-6.1803,0.6247,2.5098,9.8819,345.2666,-49.3301
2013-04-18,23.0101,0.8504,-5.7168,-4.3284,1.0296,3.9514,11.5634,348.2027,-48.8992
2013-04-19,22.964,-0.2007,-4.4102,-5.0554,0.1928,3.2165,9.5574,347.5038,-49.0018
2013-04-22,23.2104,1.073,0.7217,-3.5453,0.2752,2.6906,10.9569,351.2323,-48.4546
2013-04-23,23.4783,1.1545,0.647,-3.2,0.4745,2.5884,12.3839,355.2871,-47.8595
2013-04-24,23.7925,1.3381,4.2792,-1.5296,2.1675,3.975,14.152,360.0412,-47.1618
2013-04-25,23.8109,0.0776,3.4802,-2.4849,1.9515,5.7187,14.3566,360.3207,-47.1208
2013-04-26,23.7709,-0.1681,3.514,-2.9671,0.827,6.0726,13.3254,359.7149,-47.2097
2013-04-29,24.0111,1.0105,3.45,-1.7022,2.0184,9.6981,13.3437,363.35,-46.6762
2013-04-30,24.1066,0.3977,2.6761,-1.1118,0.7959,10.9851,12.6057,364.7951,-46.4642
2013-05-01,23.7309,-1.5587,-0.2589,-2.0966,-0.2766,8.2366,10.8974,359.109,-47.2986
2013-05-02,24.0419,1.3108,0.9701,1.0747,1.3701,9.5183,11.6571,363.8162,-46.6078
2013-05-03,24.4762,1.8063,2.967,3.0338,2.2495,11.5275,12.0695,370.3878,-45.6434
2013-05-06,24.6425,0.6795,2.6296,3.5058,3.9293,11.8036,14.7041,372.9047,-45.274
2013-05-07,24.8335,0.7749,3.0152,3.6109,3.8351,14.5568,17.5443,375.7943,-44.85
2013-05-08,24.8735,0.1613,4.8151,2.9053,3.9359,13.8761,20.4919,376.4003,-44.761
2013-05-09,24.852,-0.0867,3.3692,2.2687,4.1125,11.9788,20.741,376.0739,-44.8089
2013-05-10,24.7226,-0.5205,1.0067,1.2999,2.6084,14.3833,20.5018,374.1164,-45.0962
2013-05-13,24.7195,-0.0125,0.3124,2.8974,3.1074,16.4733,21.0754,374.0698,-45.103
2013-05-14,25.0706,1.4204,0.955,8.7944,4.2918,18.1616,22.2702,379.3831,-44.3233
2013-05-15,24.9998,-0.2826,0.5077,7.1693,3.6271,17.5911,22.83,378.3112,-44.4806
2013-05-16,24.8766,-0.4928,0.0992,9.0308,2.2328,17.5006,24.292,376.4469,-44.7542
2013-05-17,25.2924,1.6714,2.3047,9.9184,5.1472,20.9281,28.504,382.7388,-43.8308
2013-05-20,25.6496,1.4125,3.7628,11.6952,5.4098,22.4755,31.0638,388.1451,-43.0374
2013-05-21,25.5973,-0.2041,2.1007,10.284,7.442,21.7467,31.6298,387.3529,-43.1537
2013-05-22,25.3016,-1.1551,1.2073,7.766,6.9442,17.6267,30.9233,382.8786,-43.8103
2013-05-23,25.3139,0.0487,1.7581,6.3948,5.8848,18.1532,28.0433,383.0651,-43.7829
2013-05-24,25.1661,-0.584,-0.4993,5.6914,8.0945,16.831,27.6076,380.8278,-44.1113
2013-05-28,25.431,1.0525,-0.8525,6.9836,8.1638,16.412,28.4782,384.836,-43.523
2013-05-29,25.3755,-0.218,-0.8663,5.6824,6.306,17.3049,28.296,383.9971,-43.6462
2013-05-30,25.317,-0.2306,0.0609,5.0211,6.2793,18.0164,28.6094,383.1117,-43.7761
2013-05-31,24.7934,-2.0681,-2.0562,4.4776,3.9475,14.5333,23.8765,375.1885,-44.9389
2013-06-03,25.0337,0.969,-0.5262,4.1251,5.1846,15.3828,29.0323,378.8239,-44.4054
2013-06-04,24.8366,-0.7874,-2.3374,1.4723,3.6884,14.571,29.143,375.841,-44.8431
2013-06-05,24.547,-1.1657,-3.265,-0.3875,2.3618,13.8603,30.9087,371.4597,-45.4861
2013-06-06,24.7318,0.7529,-2.3114,-0.4093,2.6076,15.1411,32.0006,374.2563,-45.0757
2013-06-07,25.0429,1.2578,1.0062,0.681,3.3984,15.7836,32.5278,378.9635,-44.3849
2013-06-10,24.9721,-0.2829,-0.2461,0.4833,3.0537,15.0827,28.1955,377.8915,-44.5422
2013-06-11,24.5932,-1.517,-0.9797,-0.5233,1.3749,12.6559,26.1724,372.1589,-45.3835
2013-06-12,24.4423,-0.6136,-0.4266,-1.1213,0.9826,12.0899,25.3788,369.8752,-45.7186
2013-06-13,24.852,1.6759,0.4857,-0.8723,1.2892,13.3026,29.2433,376.0739,-44.8089
2013-06-14,24.6117,-0.9667,-1.7218,-1.5523,0.3894,11.8031,26.2085,372.4386,-45.3424
2013-06-17,24.9659,1.4391,-0.0247,0.359,2.6595,14.475,29.6729,377.7983,-44.5559
2013-06-18,25.1076,0.5675,2.0914,-0.7307,4.3923,15.561,28.3931,379.9423,-44.2412
2013-06-19,24.8766,-0.92,1.7767,-3.0139,2.8525,13.4623,24.8255,376.4469,-44.7542
2013-06-20,24.1497,-2.9219,-2.8256,-5.6551,0.3584,8.1606,22.2777,365.4475,-46.3684
2013-06-21,24.1912,0.1717,-1.7086,-4.3887,-0.2608,9.0916,20.7423,366.075,-46.2763
2013-06-24,23.8322,-1.4839,-4.5409,-5.8534,-1.3651,6.7531,19.4212,360.6427,-47.0736
2013-06-25,24.1386,1.2856,-3.8594,-4.0829,-1.143,9.2342,26.1195,365.2789,-46.3932
2013-06-26,24.2871,0.6154,-2.3696,-4.4978,-0.8598,10.7516,26.0555,367.5267,-46.0633
2013-06-27,24.3336,0.1912,0.7612,-4.1062,-0.3822,11.4619,29.1881,368.2293,-45.9602
2013-06-28,24.2314,-0.4197,0.1663,-4.288,-0.5998,11.1972,27.271,366.6838,-46.187
2013-07-01,24.4047,0.7151,2.4022,-1.5678,0.6835,13.9811,25.5771,369.3061,-45.8021
2013-07-02,24.4573,0.2156,1.3205,-2.3022,2.8211,11.6839,24.9884,370.1025,-45.6853
2013-07-03,24.4419,-0.0632,0.6371,-1.5891,2.8893,9.1975,21.2582,369.8684,-45.7196
2013-07-05,24.7451,1.2408,1.6915,0.8071,3.9369,10.5828,22.7073,374.4577,-45.0461
2013-07-08,24.9061,0.6503,2.7842,0.7045,3.9138,10.08,20.617,376.8929,-44.6887
2013-07-09,25.1598,1.0189,3.0941,0.4669,4.0898,12.0674,23.4621,380.7329,-44.1252
2013-07-10,25.0051,-0.615,2.2396,0.1323,2.8989,11.7444,24.2021,378.3914,-44.4688
2013-07-11,25.2063,0.8045,3.1274,2.4927,3.2817,12.8289,25.7705,381.4355,-44.0221
2013-07-12,25.3486,0.5647,2.4387,3.7079,5.5161,12.4475,28.4862,383.5896,-43.706
2013-07-15,25.327,-0.0854,1.6899,1.9113,9.9067,12.2141,26.6606,383.2619,-43.754
2013-07-16,25.1722,-0.611,0.0492,2.2773,7.9084,11.5133,26.3088,380.9203,-44.0977
2013-07-17,25.2836,0.4426,1.1139,1.2726,10.8148,11.5071,24.6829,382.6064,-43.8503
2013-07-18,25.5529,1.0648,1.3751,1.7735,11.0504,12.1937,25.5967,386.6805,-43.2523
2013-07-19,25.9088,1.3928,2.2098,4.1491,12.8235,13.0411,25.7689,392.0661,-42.462
2013-07-22,25.8252,-0.3225,1.9673,6.9378,11.2659,11.572,24.2823,390.8017,-42.6475
2013-07-23,25.8685,0.1677,2.7662,6.9336,10.1805,10.7034,24.1098,391.4572,-42.5513
2013-07-24,25.5807,-1.1126,1.175,7.3367,7.516,9.8465,22.4436,387.102,-43.1905
2013-07-25,25.7509,0.6654,0.7751,6.6795,8.1475,10.2579,24.4523,389.6776,-42.8125
2013-07-26,25.6859,-0.2524,-0.86,5.7594,8.0562,8.9499,26.1566,388.6942,-42.9568
2013-07-29,25.4724,-0.8313,-1.3661,4.6802,6.0859,8.2271,25.0146,385.4631,-43.431
2013-07-30,25.4229,-0.1944,-1.7227,4.917,5.4602,6.2995,21.3177,384.7136,-43.541
2013-07-31,25.5064,0.3287,-0.2903,4.5144,7.4822,7.1848,19.6018,385.9781,-43.3554
2013-08-01,25.9211,1.6258,0.661,5.9851,7.8164,9.2936,21.2011,392.2535,-42.4345
2013-08-02,25.8066,-0.4418,0.4699,5.5837,5.4356,7.8073,21.9997,390.5206,-42.6888
2013-08-05,25.7447,-0.2398,1.0691,4.0395,4.4728,8.5779,21.1159,389.5841,-42.8262
2013-08-06,25.5869,-0.6131,0.6452,2.7336,3.0339,6.9853,22.4198,387.1957,-43.1767
2013-08-07,25.4972,-0.3508,-0.0364,1.3407,2.5072,6.5418,19.1848,385.8375,-43.3761
2013-08-08,25.6364,0.5462,-1.0984,2.5248,3.1565,7.3989,19.5134,387.9449,-43.0668
2013-08-09,25.5591,-0.3018,-0.9593,1.3996,3.3834,6.08,17.391,386.7742,-43.2386
2013-08-12,25.4507,-0.4238,-1.142,0.4029,2.9581,6.1574,16.7958,385.1352,-43.4791
2013-08-13,25.4972,0.1824,-0.3508,0.672,1.7013,6.0661,16.2151,385.8375,-43.3761
2013-08-14,25.3796,-0.4612,-0.4612,0.8237,1.5191,5.2012,15.4713,384.058,-43.6372
2013-08-15,25.2403,-0.5487,-1.5451,-0.1714,1.462,3.7275,15.2677,381.9506,-43.9465
2013-08-16,25.1382,-0.4046,-1.6467,-1.6229,-0.6097,4.5061,15.0088,380.4052,-44.1733
2013-08-19,24.739,-1.5881,-2.7967,-4.515,-3.5505,1.6672,13.198,374.3641,-45.0599
2013-08-20,24.8906,0.613,-2.3789,-3.6189,-2.7608,4.4758,12.8879,376.6588,-44.7231
2013-08-21,24.7544,-0.5471,-2.4631,-4.3067,-2.1627,4.6313,12.3167,374.5982,-45.0255
2013-08-22,25.1227,1.4877,-0.4659,-1.7904,-0.7555,5.0848,14.3817,380.1712,-44.2076
2013-08-23,25.3022,0.7144,0.6525,-1.7426,0.5408,8.679,15.5664,382.8872,-43.809
2013-08-26,25.2589,-0.1712,2.1016,-1.6626,-0.6768,7.4318,14.9381,382.2316,-43.9053
2013-08-27,25.101,-0.6249,0.8454,-1.458,-1.0818,5.156,15.4968,379.8432,-44.2558
2013-08-28,25.5188,1.6644,3.0879,0.3774,0.7971,7.1264,16.734,386.1654,-43.3279
2013-08-29,25.2527,-1.0429,0.5174,-0.9949,1.8523,5.8729,15.4684,382.138,-43.919
2013-08-30,25.2434,-0.0368,-0.2324,-2.6146,0.8378,6.0658,15.3459,381.9975,-43.9396
2013-09-03,25.4291,0.7355,0.6738,-1.463,2.3857,6.1621,16.9735,384.8072,-43.5273
2013-09-04,25.5652,0.5355,1.8494,-0.6972,4.148,6.6077,18.8619,386.8678,-43.2249
2013-09-05,25.6519,0.339,0.5215,0.254,3.7201,6.4248,18.0809,388.1792,-43.0324
2013-09-06,25.6488,-0.0121,1.5686,0.5947,2.4194,5.9,18.9815,388.1322,-43.0393
2013-09-09,25.9366,1.1221,2.7461,1.1709,3.8624,7.0341,20.7761,392.4874,-42.4002
2013-09-10,25.9459,0.0358,2.0324,1.5135,5.5001,6.9506,18.3259,392.628,-42.3795
2013-09-11,26.144,0.7634,2.2637,2.7237,6.9618,8.0128,17.2001,395.6253,-41.9397
2013-09-12,25.9892,-0.5919,1.315,1.9298,4.5761,5.9243,17.0162,393.2836,-42.2833
2013-09-13,25.9799,-0.0357,1.291,2.3656,5.5592,5.9703,15.74,393.1431,-42.3039
2013-09-16,25.9737,-0.0238,0.1432,2.9058,4.0368,6.8037,15.0122,393.0494,-42.3177
2013-09-17,26.0913,0.4527,0.5605,3.7917,3.9181,8.4826,13.6829,394.8289,-42.0565
2013-09-18,26.407,1.2098,1.0061,6.7425,6.1519,9.1799,13.5557,399.6057,-41.3555
2013-09-19,26.342,-0.2461,1.3575,5.8312,9.0779,9.4688,14.1409,398.6224,-41.4998
2013-09-20,26.1284,-0.8108,0.5716,5.5505,8.008,7.7263,14.0256,395.3902,-41.9741
2013-09-23,26.0009,-0.4879,0.1048,3.4958,9.1,7.6107,14.5779,393.4612,-42.2572
2013-09-24,26.0258,0.0957,-0.251,2.86,7.8183,6.586,14.3661,393.8377,-42.202
2013-09-25,26.0196,-0.0239,-1.467,3.0118,7.1333,6.2121,14.2101,393.7435,-42.2158
2013-09-26,26.0662,0.1792,-1.0469,3.8453,7.1205,6.7111,15.0,394.4492,-42.1122
2013-09-27,25.9761,-0.3459,-0.5831,1.7918,7.1999,6.5569,15.8653,393.0847,-42.3125
2013-09-30,25.7771,-0.766,-0.8609,2.0767,5.6234,6.3453,16.0835,390.0737,-42.7544
2013-10-01,25.9419,0.6393,-0.3226,2.767,6.0699,9.0623,15.2581,392.5673,-42.3884
2013-10-02,26.0009,0.2277,-0.0717,2.2489,6.3787,9.4523,16.0711,393.4612,-42.2572
2013-10-03,25.774,-0.8729,-1.1212,0.8165,4.1577,8.2583,14.4811,390.0266,-42.7613
2013-10-04,26.0351,1.0133,0.2274,1.494,4.5333,8.6245,15.4378,393.9787,-42.1813
2013-10-07,25.8206,-0.8239,0.1689,0.67,2.6264,6.8236,15.9133,390.7326,-42.6577
2013-10-08,25.5439,-1.0717,-1.5341,-1.514,2.1548,5.1162,13.536,386.5451,-43.2722
2013-10-09,25.4538,-0.3529,-2.1045,-1.8968,0.9819,4.2958,13.3967,385.1808,-43.4724
2013-10-10,25.9263,1.8566,0.5911,-0.8324,2.2791,7.9209,15.314,392.332,-42.423
2013-10-11,26.2062,1.0793,0.6568,0.8347,3.4714,13.722,16.4006,396.5665,-41.8015
2013-10-14,26.3834,0.6762,2.1794,1.5529,4.8115,13.1004,19.4208,399.2481,-41.408
2013-10-15,26.287,-0.3653,2.909,1.206,3.9684,15.2123,18.1039,397.7895,-41.622
2013-10-16,26.6818,1.5021,4.8247,2.2632,4.4182,15.9568,20.5387,403.7647,-40.7451
2013-10-17,26.7378,0.2098,3.1299,1.2527,3.1999,16.4338,20.1788,404.6117,-40.6208
2013-10-18,27.03,1.093,3.1439,2.6119,4.6654,16.4568,19.5902,409.0341,-39.9718
2013-10-21,26.9088,-0.4486,1.9915,2.9867,4.0214,14.6113,17.5779,407.1992,-40.2411
2013-10-22,27.058,0.5546,2.9332,4.0655,5.7751,13.7252,18.2457,409.4575,-39.9097
2013-10-23,26.6352,-1.5627,-0.1748,2.3414,3.434,11.8612,18.2583,403.059,-40.8487
2013-10-24,26.7627,0.4786,0.093,2.8558,4.1919,12.5858,19.4227,404.988,-40.5656
2013-10-25,26.9243,0.604,-0.3911,3.292,5.7,12.1327,23.0075,407.4343,-40.2066
2013-10-28,26.9461,0.0808,0.1386,3.7343,5.9915,11.7788,24.0578,407.7637,-40.1583
2013-10-29,27.1357,0.7038,0.2872,5.2708,6.3878,14.3479,23.7663,410.6336,-39.7371
2013-10-30,26.9523,-0.676,1.1906,3.895,3.9781,12.1054,22.7759,407.8578,-40.1445
2013-10-31,26.859,-0.346,0.3601,3.3003,4.0781,9.7354,22.3851,406.4464,-40.3516
2013-11-01,26.7627,-0.3588,-0.6004,3.836,3.9539,8.6036,21.4227,404.988,-40.5656
2013-11-04,27.0953,1.243,0.5538,4.0721,5.8953,9.1081,24.9907,410.022,-39.8268
2013-11-05,26.8497,-0.9065,-1.0541,3.9855,5.3048,7.945,22.9235,406.3053,-40.3723
2013-11-06,26.9305,0.3011,-0.0808,5.4284,5.048,8.3639,21.3447,407.5284,-40.1928
2013-11-07,26.5139,-1.547,-1.2849,4.1651,3.736,7.2458,22.6713,401.2241,-41.118
2013-11-08,26.9088,1.4892,0.546,3.7894,5.7289,8.8565,26.7887,407.1992,-40.2411
2013-11-11,26.9585,0.1849,-0.5049,2.871,5.7315,7.5303,27.0596,407.9519,-40.1306
2013-11-12,26.7098,-0.9226,-0.521,1.2374,5.2415,6.8402,25.6345,404.1882,-40.683
2013-11-13,26.943,0.873,0.0462,2.4956,6.7459,8.3066,27.2608,407.7167,-40.1652
2013-11-14,27.1046,0.6,2.2279,1.5847,7.8226,7.1652,29.5929,410.163,-39.8062
2013-11-15,27.2539,0.5506,1.2825,1.9302,10.1659,6.2545,30.1357,412.4215,-39.4747
2013-11-18,27.0456,-0.7643,0.323,0.0575,8.6579,5.658,28.6352,409.2694,-39.9373
2013-11-19,27.0922,0.1724,1.4317,0.6817,9.4439,7.077,25.9512,409.975,-39.8337
2013-11-20,27.0269,-0.241,0.3116,-0.1149,7.5797,6.767,26.1486,408.987,-39.9787
2013-11-21,27.285,0.9547,0.6653,2.4395,7.8364,8.4195,26.6676,412.8918,-39.4057
2013-11-22,27.4311,0.5356,0.6503,2.4977,8.6,7.865,25.5678,415.1033,-39.0811
2013-11-25,27.1824,-0.9068,0.5058,0.9584,8.2919,7.1204,25.6575,411.3393,-39.6335
2013-11-26,27.114,-0.2516,0.0803,0.623,6.2509,7.0978,26.393,410.3042,-39.7854
2013-11-27,26.9305,-0.6765,-0.3566,-0.7562,6.6443,8.6197,24.4057,407.5284,-40.1928
2013-11-29,26.8746,-0.2078,-1.5041,-0.2884,6.4619,7.3537,23.8678,406.6816,-40.3171
2013-12-02,26.8932,0.0694,-1.9608,0.1273,5.7579,8.2809,24.0585,406.9639,-40.2756
2013-12-03,26.9585,0.2428,-0.8235,0.7319,5.45,9.824,25.046,407.9519,-40.1306
2013-12-04,26.8715,-0.3229,-0.8944,-0.8262,4.7543,8.6514,25.1023,406.6345,-40.324
2013-12-05,26.7813,-0.3355,-0.5541,-0.2547,4.4155,6.9417,23.821,405.2702,-40.5242
2013-12-06,26.8653,0.3134,-0.0347,-0.2425,3.5805,7.5812,23.8074,406.5403,-40.3378
2013-12-09,26.9026,0.1389,0.0347,1.4658,3.6872,9.3901,23.2344,407.1051,-40.2549
2013-12-10,26.8217,-0.3005,-0.5075,-0.3235,2.5925,9.7348,23.0016,405.8817,-40.4345
2013-12-11,26.4424,-1.4142,-1.5967,-1.9144,1.7439,6.3998,20.5538,400.1419,-41.2768
2013-12-12,26.5544,0.4233,-0.8474,-0.582,2.2111,7.8932,20.6279,401.8358,-41.0282
2013-12-13,26.4673,-0.3279,-1.4813,-1.7655,1.9003,6.0138,21.3593,400.5184,-41.2216
2013-12-16,26.6974,0.8693,-0.7627,-1.5026,2.3228,6.3319,22.8783,404.0,-40.7106
2013-12-17,26.545,-0.5707,-1.0316,-2.601,0.5227,6.7068,21.0721,401.6946,-41.0489
2013-12-18,26.9461,1.5109,1.9048,-0.3679,2.2932,11.5793,20.6848,407.7637,-40.1583
2013-12-19,27.0238,0.2885,1.7679,-0.2525,3.4269,11.7093,21.8654,408.94,-39.9856
2013-12-20,27.0716,0.1768,2.2832,0.1653,4.1178,13.5925,21.2635,409.663,-39.8795
2013-12-23,27.0997,0.1039,1.5071,-0.6789,4.1263,12.2672,22.6342,410.0886,-39.8171
2013-12-24,27.2497,0.5532,2.6545,-0.6615,4.7274,12.1979,24.2609,412.3574,-39.4841
2013-12-26,27.4433,0.7106,1.8452,0.9599,5.283,12.7797,25.7064,415.2878,-39.0541
2013-12-27,27.5776,0.4894,2.0493,1.71,6.1655,13.8093,26.5527,417.3203,-38.7558
2013-12-30,27.3808,-0.7135,1.1423,1.6721,6.2216,12.1949,27.881,414.3426,-39.1928
2013-12-31,27.6463,0.9696,2.017,2.8717,6.5703,13.039,26.2464,418.3602,-38.6032
2014-01-02,27.2528,-1.4236,0.0114,1.3369,4.8145,11.5003,21.7556,412.4044,-39.4772
2014-01-03,27.1528,-0.3667,-1.0585,0.7207,5.3497,9.7299,21.3423,410.8921,-39.6992
2014-01-06,27.1903,0.1381,-1.4044,1.1865,4.4369,9.1714,20.176,411.4593,-39.6159
2014-01-07,27.3965,0.7581,0.057,2.2969,6.1029,8.8896,22.0297,414.5787,-39.1581
2014-01-08,27.2059,-0.6954,-1.593,1.2681,6.5065,8.8015,21.5796,411.6956,-39.5812
2014-01-09,27.1216,-0.31,-0.4813,0.8141,6.5524,7.5986,21.4024,410.4194,-39.7685
2014-01-10,27.1435,0.0807,-0.0345,1.1995,4.6946,7.0807,20.4096,410.7504,-39.7199
2014-01-13,26.6031,-1.9908,-2.1597,0.6076,1.5146,5.0386,17.8681,402.573,-40.92
2014-01-14,26.9498,1.3033,-1.6304,1.4891,2.1469,7.0617,19.388,407.8196,-40.1501
2014-01-15,26.8717,-0.2897,-1.2285,1.5279,2.2244,6.281,18.5109,406.638,-40.3235
2014-01-16,26.9092,0.1395,-0.7831,0.7934,0.8521,5.3079,18.1489,407.2053,-40.2402
2014-01-17,26.8655,-0.1625,-1.0242,1.2071,0.4775,3.6926,17.2153,406.5435,-40.3373
2014-01-21,27.0872,0.8255,1.8199,0.5238,0.2116,4.8868,17.0244,409.8995,-39.8448
2014-01-22,27.2122,0.4612,0.9736,0.697,1.1274,5.1942,16.4535,411.7901,-39.5674
2014-01-23,26.9029,-1.1363,0.1163,-0.623,-0.5731,5.1689,15.5243,407.1108,-40.2541
2014-01-24,26.3407,-2.0899,-2.1126,-2.8008,-1.1056,2.2904,12.7833,398.6027,-41.5027
2014-01-27,26.247,-0.3558,-2.3021,-3.6795,-1.9268,2.1843,11.3297,397.1846,-41.7108
2014-01-28,26.4469,0.7616,-2.364,-3.6308,-1.7732,3.8257,12.3675,400.2097,-41.2669
2014-01-29,26.3001,-0.5551,-3.3517,-4.6324,-2.3974,3.4505,9.9674,397.9881,-41.5929
2014-01-30,26.3844,0.3207,-1.9273,-3.6391,-2.7687,3.4423,10.8744,399.2644,-41.4056
2014-01-31,26.044,-1.2904,-1.1265,-5.7959,-3.3702,0.4739,9.8115,394.1123,-42.1617
2014-02-03,25.5786,-1.787,-2.5467,-6.1432,-4.7674,-0.8837,6.8546,387.0694,-43.1953
2014-02-04,25.8409,1.0258,-2.2912,-4.8315,-3.4441,0.3737,8.9836,391.0399,-42.6126
2014-02-05,25.5879,-0.9791,-2.7078,-5.8932,-5.5633,0.004,6.9897,387.2113,-43.1745
2014-02-06,25.969,1.4892,-1.5745,-5.2103,-3.2802,1.8506,8.5134,392.9778,-42.3282
2014-02-07,26.2501,1.0825,0.7916,-3.5132,-2.5266,2.3939,9.9699,397.232,-41.7039
2014-02-10,26.1221,-0.4879,2.1248,-3.6854,-1.478,2.2028,8.4167,395.2938,-41.9883
2014-02-11,26.4625,1.3034,2.4054,-2.5086,-1.6584,3.9755,10.3777,400.4462,-41.2322
2014-02-12,26.4001,-0.2361,3.1738,-0.7632,-2.0716,3.5412,9.8221,399.5007,-41.3709
2014-02-13,26.525,0.4733,2.141,-1.5763,-0.692,4.5132,9.9492,401.3913,-41.0934
2014-02-14,26.8717,1.3071,2.3679,0.0,-0.2646,6.4635,10.4319,406.638,-40.3235
2014-02-18,26.9935,0.4533,3.3362,0.3134,-0.41,7.3806,12.2193,408.4814,-40.0529
2014-02-19,27.0279,0.1273,2.1364,0.6046,-0.8293,9.2523,11.0738,409.0014,-39.9766
2014-02-20,27.2059,0.6587,3.0525,0.4382,0.5928,9.302,14.1941,411.6956,-39.5812
2014-02-21,26.9904,-0.7922,1.7546,-0.815,-0.3758,9.0326,14.0823,408.4342,-40.0599
2014-02-24,27.3965,1.5044,1.9528,1.8344,1.3672,9.0505,14.5956,414.5787,-39.1581
2014-02-25,27.384,-0.0456,1.4464,3.9606,0.3628,8.2276,17.6207,414.3898,-39.1858
2014-02-26,27.2122,-0.6274,0.6818,3.6773,-0.7982,7.7331,15.7397,411.7901,-39.5674
2014-02-27,27.2403,0.1033,0.1263,2.9999,0.213,8.5225,14.1179,412.2154,-39.5049
2014-02-28,27.3777,0.5045,1.435,4.0974,0.9727,7.2844,14.9299,414.2952,-39.1997
2014-03-03,27.2028,-0.6389,-0.7068,3.1017,1.0109,7.7224,14.0489,411.6483,-39.5882
2014-03-04,27.4995,1.0908,0.4221,5.5889,2.3254,8.9376,15.5455,416.1388,-38.9292
2014-03-05,27.2434,-0.9314,0.1148,6.5087,1.3021,7.1349,13.7366,412.2628,-39.498
2014-03-06,27.4402,0.7223,0.7339,6.1888,1.7866,7.334,14.4263,415.2405,-39.061
2014-03-07,27.4933,0.1935,0.4222,7.4463,2.314,7.1784,14.0644,416.0442,-38.9431
2014-03-10,27.537,0.159,1.2286,6.038,2.8217,7.3618,13.6962,416.7058,-38.846
2014-03-11,27.2247,-1.1343,-0.9996,3.7125,1.3379,4.9662,12.3497,411.9792,-39.5396
2014-03-12,27.2278,0.0115,-0.0573,4.233,1.2089,4.9407,12.2348,412.0266,-39.5327
2014-03-13,26.956,-0.9981,-1.7644,1.8649,0.5007,3.1062,11.3679,407.9142,-40.1362
2014-03-14,26.981,0.0927,-1.8632,2.2006,2.0369,3.8162,9.9666,408.2922,-40.0807
2014-03-17,27.1247,0.5325,-1.4973,2.2609,2.1478,4.4064,10.6397,410.4665,-39.7616
2014-03-18,27.3527,0.8407,0.4704,1.7901,3.3454,5.3092,12.4741,413.9171,-39.2552
2014-03-19,27.1466,-0.7537,-0.2983,0.567,1.6825,4.0444,12.8701,410.7975,-39.713
2014-03-20,27.2528,0.3912,1.1008,0.832,2.6662,3.2028,12.6767,412.4044,-39.4772
2014-03-21,27.3272,0.273,1.2829,0.4457,1.4142,3.7399,13.5628,413.5304,-39.312
2014-03-24,27.2707,-0.2068,0.5381,1.0384,0.9134,4.3716,12.4357,412.6753,-39.4375
2014-03-25,27.5155,0.8978,0.5951,0.4345,1.6397,5.825,13.879,416.3803,-38.8937
2014-03-26,27.3868,-0.4677,0.8849,0.0104,1.0593,5.2293,12.1597,414.4328,-39.1795
2014-03-27,27.6097,0.8138,1.3096,1.4607,1.3212,6.111,12.7028,417.8053,-38.6846
2014-03-28,27.9549,1.2506,2.2973,2.6236,1.8644,7.2458,14.4432,423.0302,-37.9178
2014-03-31,27.9549,0.0,2.5092,2.1084,1.3682,7.6181,14.6745,423.0302,-37.9178
2014-04-01,28.1213,0.5951,2.2017,3.3765,2.7043,9.0942,16.0166,425.5478,-37.5483
2014-04-02,28.2218,0.3572,3.0487,2.6263,2.0813,8.7884,18.6471,427.0676,-37.3253
2014-04-03,28.4038,0.6451,2.8763,4.2594,4.2236,9.2414,19.5673,429.8226,-36.921
2014-04-04,28.3002,-0.3646,1.2351,3.1343,4.2257,9.8016,18.8693,428.2553,-37.151
2014-04-07,27.8262,-1.6748,-0.4604,1.211,2.3388,6.8796,16.0974,421.0827,-38.2036
2014-04-08,28.1056,1.004,-0.0558,2.0649,2.5885,8.8494,16.2769,425.3102,-37.5832
2014-04-09,28.2343,0.4579,0.0445,3.7085,3.78,10.5324,16.1875,427.2576,-37.2974
2014-04-10,27.8419,-1.3897,-1.9781,2.2556,2.656,9.3824,14.0813,421.3202,-38.1688
2014-04-11,27.7635,-0.2818,-1.8967,2.9954,2.2842,7.086,15.5682,420.1327,-38.343
2014-04-14,28.1433,1.368,1.1393,4.3077,5.7895,7.3918,22.1282,425.8801,-37.4996
2014-04-15,28.52,1.3384,1.4742,5.1438,5.8262,8.0982,22.2595,431.5802,-36.6631
2014-04-16,28.8621,1.1996,2.2235,5.5181,7.407,9.7961,26.4986,436.7575,-35.9032
2014-04-17,29.1257,0.9135,4.611,7.2907,8.2372,9.1595,26.5778,440.7474,-35.3177
2014-04-21,29.3235,0.679,5.619,7.5983,9.1495,9.6706,27.6936,443.7401,-34.8785
2014-04-22,29.2764,-0.1606,4.0264,7.133,8.082,8.3107,26.1352,443.0276,-34.9831
2014-04-23,29.4302,0.5253,3.1917,7.919,8.1509,9.3703,25.3507,445.3549,-34.6415
2014-04-24,29.4396,0.032,2.0011,6.9929,9.4291,8.8019,23.7351,445.4975,-34.6206
2014-04-25,29.2639,-0.5971,0.4742,6.8539,11.0975,9.8692,22.9009,442.8375,-35.011
2014-04-28,29.3141,0.1716,-0.0321,6.1733,11.6855,9.5335,23.3192,443.5975,-34.8994
2014-04-29,29.4491,0.4605,0.5897,5.3447,11.3517,9.3772,22.6476,445.6401,-34.5997
2014-04-30,29.4239,-0.0853,-0.0213,5.2549,11.8777,9.1956,22.0576,445.2599,-34.6555
2014-05-01,29.358,-0.224,-0.2772,4.3978,11.2703,8.1895,23.7125,444.2626,-34.8018
2014-05-02,29.4177,0.2031,0.5256,4.2376,12.9538,9.1471,22.3598,445.1649,-34.6694
2014-05-05,29.5558,0.4695,0.8245,4.0557,15.549,10.0403,20.7531,447.2549,-34.3627
2014-05-06,29.5997,0.1486,0.5115,4.5918,14.5458,10.6008,20.1164,447.9198,-34.2651
2014-05-07,29.8571,0.8696,1.4721,7.2984,16.6843,10.1928,20.2293,451.8148,-33.6935
2014-05-08,29.4302,-1.4298,0.2459,4.713,13.3283,9.6109,18.3195,445.3549,-34.6415
2014-05-09,29.402,-0.096,-0.0534,4.1356,12.0069,9.177,18.3085,444.9273,-34.7043
2014-05-12,29.6091,0.7047,0.1806,6.3473,13.3492,11.6739,19.7655,448.0625,-34.2442
2014-05-13,29.719,0.371,0.403,7.0435,12.306,10.4435,20.2249,449.7249,-34.0002
2014-05-14,29.7316,0.0423,-0.4205,5.6436,12.6193,10.2863,18.5912,449.915,-33.9723
2014-05-15,29.3926,-1.1402,-0.128,3.0596,10.8108,10.044,17.5712,444.7849,-34.7252
2014-05-16,29.3172,-0.2563,-0.2882,1.577,9.1007,8.8121,17.8506,443.645,-34.8925
2014-05-19,29.4083,0.3105,-0.6785,0.97,8.9456,8.4989,16.2731,445.0225,-34.6903
2014-05-20,29.3235,-0.2882,-1.3308,0.0,8.4935,7.5938,14.3232,443.7401,-34.8785
2014-05-21,29.6405,1.0811,-0.3062,1.2437,8.9488,9.5947,15.7956,448.5375,-34.1745
2014-05-22,29.6123,-0.0953,0.7475,0.6186,9.7141,9.3018,17.0371,448.1098,-34.2372
2014-05-23,29.5526,-0.2014,0.803,0.3839,7.8703,9.3452,16.7445,447.2075,-34.3697
2014-05-27,29.6342,0.2761,0.7685,1.2657,8.2175,8.6101,17.7546,448.4424,-34.1884
2014-05-28,29.6845,0.1695,1.231,1.2636,9.0853,8.2147,16.7257,449.2026,-34.0769
2014-05-29,29.9387,0.8565,1.006,1.6627,9.9061,10.1402,17.9826,453.0499,-33.5123
2014-05-30,29.9168,-0.0734,1.0282,1.6748,9.2741,10.337,18.1685,452.7174,-33.561
2014-06-02,29.8791,-0.1259,1.1046,1.7748,9.8382,10.9486,20.512,452.1472,-33.6447
2014-06-03,29.9827,0.3467,1.1757,1.9206,9.0297,11.5651,19.7693,453.7149,-33.4147
2014-06-04,29.967,-0.0524,0.9516,1.3912,9.9971,11.4294,20.6567,453.4772,-33.4495
2014-06-05,30.1396,0.5761,0.671,1.824,9.8375,11.7999,22.7831,456.0899,-33.0661
2014-06-06,30.3876,0.8227,1.5738,1.7767,10.5273,13.0849,22.8683,459.8423,-32.5154
2014-06-09,30.4347,0.155,1.8595,3.413,10.5228,13.6414,21.5301,460.5549,-32.4108
2014-06-10,30.3845,-0.165,1.3401,3.3416,11.6063,13.0994,21.6738,459.7949,-32.5224
2014-06-11,30.5006,0.3822,1.7807,3.0107,12.02,13.3742,24.0202,461.5522,-32.2645
2014-06-12,30.601,0.3294,1.5309,2.9679,13.522,14.0904,25.1969,463.0723,-32.0414
2014-06-13,30.8929,0.9539,1.663,3.9062,14.4988,16.831,24.3079,467.4896,-31.3931
2014-06-16,31.0782,0.5995,2.1143,5.7348,14.5751,17.0359,26.2738,470.2923,-30.9818
2014-06-17,31.0562,-0.0707,2.2107,5.9315,13.5395,17.3379,24.3943,469.9597,-31.0306
2014-06-18,31.2916,0.758,2.5934,6.4041,15.269,17.2084,24.63,473.522,-30.5078
2014-06-19,31.5144,0.7122,2.9849,7.4716,15.6376,18.7207,26.6831,476.8946,-30.0129
2014-06-20,31.8279,0.9946,3.0265,7.3796,16.4698,18.1169,31.794,481.638,-29.3168
2014-06-23,31.9414,0.3567,2.7777,7.8655,17.1274,18.1972,32.0373,483.3558,-29.0647
2014-06-24,31.2697,-2.1029,0.6877,5.8103,13.6441,15.5075,31.2078,473.1915,-30.5563
2014-06-25,31.5063,0.7564,0.6861,6.3171,15.0418,16.2604,30.5224,476.7708,-30.0311
2014-06-26,31.5409,0.11,0.084,6.2539,14.2387,15.748,29.8668,477.2954,-29.9541
2014-06-27,31.5409,0.0,-0.9016,5.3516,12.8277,14.9312,29.6191,477.2954,-29.9541
2014-06-30,31.5662,0.08,-1.1748,5.5133,12.918,14.463,30.2695,477.6772,-29.898
2014-07-01,31.5851,0.06,1.0085,5.7097,12.3173,15.3547,29.4221,477.9636,-29.856
2014-07-02,31.5378,-0.1498,0.1001,5.1867,11.7499,14.0758,28.9502,477.2478,-29.9611
2014-07-03,31.6576,0.3799,0.3699,5.6417,11.4555,16.1629,29.522,479.0611,-29.695
2014-07-07,31.4148,-0.767,-0.3999,4.2309,11.0054,15.6962,26.9534,475.3866,-30.2342
2014-07-08,31.3643,-0.1606,-0.6394,3.2143,12.715,15.3512,25.9305,474.6231,-30.3462
2014-07-09,31.5725,0.6636,-0.0399,3.7385,12.3351,15.2429,25.4876,477.7727,-29.884
2014-07-10,31.2697,-0.9589,-0.8499,2.9136,10.7509,14.9372,25.0534,473.1915,-30.5563
2014-07-11,31.0301,-0.7664,-1.9822,1.736,11.4508,14.411,23.1047,469.5649,-31.0886
2014-07-14,31.2981,0.8638,-0.3714,2.278,12.7313,15.3063,23.4708,473.6211,-30.4933
2014-07-15,31.1625,-0.4333,-0.6435,0.8726,10.7281,17.1387,23.0409,471.569,-30.7945
2014-07-16,31.6355,1.5179,0.1997,1.7935,10.9242,17.3869,25.6764,478.727,-29.744
2014-07-17,31.1247,-1.6148,-0.4639,0.2206,7.8393,15.827,23.1021,470.9964,-30.8785
2014-07-18,31.2161,0.2938,0.5996,-0.2411,7.1771,16.0055,22.1629,472.3803,-30.6754
2014-07-21,31.2634,0.1515,-0.1108,-0.7965,6.6156,16.3704,20.6675,473.0962,-30.5703
2014-07-22,31.4873,0.7161,1.0423,-1.0701,7.5518,16.2441,21.9248,476.4841,-30.0731
2014-07-23,31.6891,0.641,0.1694,-0.7898,7.6755,16.4521,22.5008,479.5382,-29.6249
2014-07-24,31.7175,0.0896,1.9047,1.432,7.7375,17.8961,23.99,479.9677,-29.5619
2014-07-25,31.4842,-0.7357,0.8587,-0.0701,7.5872,19.5266,22.2643,476.4364,-30.0801
2014-07-28,31.4085,-0.2403,0.464,-0.4199,7.1447,19.6651,22.279,475.2913,-30.2482
2014-07-29,31.3296,-0.2511,-0.5008,-0.6699,6.3859,18.4624,22.9944,474.0981,-30.4233
2014-07-30,31.1436,-0.5938,-1.7215,-1.3386,5.8444,18.4163,22.5022,471.2828,-30.8365
2014-07-31,30.4719,-2.1568,-3.9272,-3.5244,3.7941,15.492,19.4675,461.1184,-32.3282
2014-08-01,30.2259,-0.8072,-3.9964,-4.1596,2.7475,16.0573,16.6073,457.396,-32.8744
2014-08-04,30.7337,1.6798,-2.1486,-2.9186,3.9852,20.1539,19.0921,465.0792,-31.7469
2014-08-05,30.062,-2.1855,-4.0463,-4.3064,1.5617,16.3346,16.7693,454.9147,-33.2386
2014-08-06,30.1503,0.2937,-3.1896,-3.8709,0.9818,17.8299,17.8347,456.2508,-33.0425
2014-08-07,29.961,-0.6275,-1.6765,-5.1039,1.8037,15.3723,17.5074,453.3877,-33.4627
2014-08-08,30.4625,1.6735,0.7825,-2.5817,3.6069,16.0469,18.8249,460.9753,-32.3491
2014-08-11,30.4656,0.0103,-0.8722,-1.8191,2.8925,16.6279,19.1969,461.0229,-32.3422
2014-08-12,30.2417,-0.7349,0.5979,-3.3753,1.7588,14.2812,18.8245,457.6349,-32.8394
2014-08-13,30.3395,0.3232,0.6275,-2.6412,2.0446,14.922,18.9915,459.114,-32.6223
2014-08-14,30.166,-0.5716,0.6841,-4.6451,2.6315,13.7268,18.8595,456.4895,-33.0075
2014-08-15,30.3899,0.7422,-0.2381,-2.3607,3.6589,13.0927,20.4024,459.8777,-32.5102
2014-08-18,30.4719,0.2698,0.0207,-2.3841,3.6169,12.886,21.2177,461.1184,-32.3282
2014-08-19,30.7053,0.7658,1.5329,-1.7854,4.7121,13.6059,24.1171,464.6497,-31.8099
2014-08-20,30.7715,0.2156,1.424,-2.2734,3.8155,13.1058,23.6269,465.6516,-31.6629
2014-08-21,30.7967,0.082,2.0908,-2.8162,3.9999,14.1025,24.4089,466.0336,-31.6068
2014-08-22,30.5918,-0.6656,0.6641,-3.5494,3.5161,11.6632,21.7693,462.9318,-32.062
2014-08-25,30.8629,0.8865,1.2832,-1.9732,4.1462,12.7044,21.9773,467.0355,-31.4598
2014-08-26,31.0206,0.5109,1.027,-1.235,4.5011,13.9953,22.8108,469.4216,-31.1096
2014-08-27,30.9575,-0.2033,0.6046,-1.1877,3.403,13.6462,23.3317,468.4671,-31.2497
2014-08-28,30.9639,0.0204,0.5427,-0.5772,3.5,13.0987,21.3373,468.5627,-31.2357
2014-08-29,31.1373,0.5602,1.7833,2.1836,4.211,14.4636,23.3029,471.1873,-30.8505
2014-09-02,30.7431,-1.266,-0.3883,1.711,2.5363,11.795,21.7867,465.2222,-31.7259
2014-09-03,30.8251,0.2667,-0.6303,0.2975,2.8636,13.147,21.2199,466.463,-31.5438
2014-09-04,30.4088,-1.3504,-1.7724,1.1539,0.8933,10.8187,18.946,460.164,-32.4682
2014-09-05,30.6138,0.6741,-1.1304,1.5375,0.7445,11.3502,19.3433,463.2659,-32.013
2014-09-08,30.1376,-1.5554,-3.2105,0.5894,-0.976,9.4441,17.5012,456.0601,-33.0705
2014-09-09,30.0052,-0.4395,-2.4002,-1.501,-1.2482,10.2133,15.6867,454.0559,-33.3646
2014-09-10,29.9327,-0.2417,-2.8951,-1.7493,-1.862,9.9342,15.3657,452.9583,-33.5257
2014-09-11,29.9516,0.0632,-1.5037,-0.9593,-2.1223,11.1127,14.5641,453.2445,-33.4837
2014-09-12,29.5038,-1.4951,-3.6259,-2.7544,-4.4966,9.3502,13.5232,446.4683,-34.4781
2014-09-15,29.7119,0.7054,-1.4126,-1.5053,-4.3961,9.5382,14.3649,449.6178,-34.0159
2014-09-16,30.0714,1.2099,0.2207,-1.0481,-3.1709,9.9394,15.7763,455.0579,-33.2176
2014-09-17,29.9074,-0.5453,-0.0843,-1.8524,-4.4233,10.1702,14.626,452.5766,-33.5817
2014-09-18,29.7529,-0.5167,-0.6633,-3.1016,-5.5896,9.1739,12.6706,450.2381,-33.9249
2014-09-19,29.7285,-0.082,0.7617,-3.3894,-6.5961,8.7874,12.8559,449.8689,-33.9791
2014-09-22,29.2911,-1.4714,-1.4164,-4.8889,-8.2974,7.4088,12.1043,443.2496,-34.9505
2014-09-23,29.2055,-0.2922,-2.8795,-4.5314,-6.6013,6.142,12.3248,441.9545,-35.1406
2014-09-24,29.2309,0.0869,-2.2622,-5.2881,-7.222,6.7334,12.3149,442.3384,-35.0842
2014-09-25,28.7839,-1.529,-3.2567,-7.2103,-8.741,4.2531,10.6241,435.575,-36.0768
2014-09-26,29.1548,1.2884,-1.9298,-5.8232,-7.5652,4.2921,11.8489,441.1871,-35.2532
2014-09-29,29.0882,-0.2283,-0.6925,-6.0574,-7.8499,4.054,11.9809,440.1799,-35.401
2014-09-30,28.7237,-1.2531,-1.6496,-7.7514,-9.0592,2.1422,11.4312,434.6638,-36.2105
2014-10-01,28.1373,-2.0415,-3.7411,-8.4759,-10.7821,-0.2991,8.463,425.7903,-37.5128
2014-10-02,27.9915,-0.5182,-2.753,-9.1924,-11.5804,-1.4515,7.6558,423.5838,-37.8366
2014-10-03,27.9471,-0.1585,-4.1422,-8.0953,-11.0383,-1.2476,8.4316,422.9122,-37.9351
2014-10-06,27.9788,0.1134,-3.8139,-8.6072,-10.7941,0.5484,7.4657,423.3919,-37.8647
2014-10-07,27.6143,-1.3028,-3.8623,-8.3726,-12.5367,-1.748,6.9468,417.8759,-38.6742
2014-10-08,27.8838,0.9756,-0.9012,-7.0703,-10.8283,-1.2416,9.1601,421.9529,-38.0759
2014-10-09,26.8599,-3.6717,-4.0426,-10.2655,-13.439,-3.527,5.5245,406.46,-40.3496
2014-10-10,26.4828,-1.4043,-5.2398,-11.5814,-15.3855,-4.6129,2.1462,400.7523,-41.1872
2014-10-13,25.665,-3.088,-8.27,-13.0113,-17.6415,-8.806,-2.0651,388.3772,-43.0034
2014-10-14,25.3417,-1.2598,-8.2301,-14.7088,-19.895,-11.1441,-3.9483,383.4844,-43.7214
2014-10-15,25.535,0.763,-8.4233,-15.0854,-17.9589,-11.5275,-2.8606,386.4105,-43.292
2014-10-16,25.9915,1.7875,-3.2334,-13.0937,-16.7371,-10.7612,-2.5874,393.3176,-42.2783
2014-10-17,26.2133,0.8537,-1.0174,-11.8966,-16.1534,-10.6064,-1.9615,396.6751,-41.7856
2014-10-20,26.4415,0.8706,3.0258,-11.0566,-16.0248,-9.6832,-2.1772,400.1286,-41.2788
2014-10-21,27.2466,3.0448,7.5172,-6.9798,-14.019,-7.4195,1.2555,412.3117,-39.4908
2014-10-22,26.73,-1.8962,4.6797,-8.4762,-15.7249,-9.2041,-1.2123,404.4935,-40.6382
2014-10-23,27.2276,1.8617,4.7561,-6.8532,-13.5196,-6.9582,2.2242,412.024,-39.533
2014-10-24,27.1325,-0.3492,3.5067,-5.7372,-13.614,-7.4419,1.3821,410.5852,-39.7442
2014-10-27,26.562,-2.1028,0.4555,-8.8932,-15.2177,-9.8036,-1.3457,401.9513,-41.0113
2014-10-28,27.1674,2.2793,-0.2908,-6.6035,-12.7673,-7.669,0.8213,411.1128,-39.6668
2014-10-29,27.2562,0.3267,1.9685,-5.1093,-10.5532,-7.1595,0.4437,412.4557,-39.4697
2014-10-30,27.1579,-0.3605,-0.2561,-3.4809,-10.1503,-7.6816,0.7628,410.969,-39.6879
2014-10-31,27.7094,2.0308,2.1262,-1.0078,-9.8401,-6.247,3.1661,419.3148,-38.4631
2014-11-03,27.272,-1.5786,2.673,-2.4158,-9.2807,-7.8639,1.9032,412.6956,-39.4345
2014-11-04,26.711,-2.0572,-1.6801,-4.5315,-11.4071,-10.5373,-1.4185,404.2057,-40.6804
2014-11-05,27.1801,1.7562,-0.2791,-1.5726,-9.282,-7.6457,1.2304,411.3045,-39.6386
2014-11-06,27.5224,1.2595,1.3422,-1.2959,-9.6514,-6.3926,2.1977,416.4849,-38.8784
2014-11-07,27.8267,1.1056,0.4232,3.5992,-8.6619,-6.0199,4.9512,421.0895,-38.2026
2014-11-10,27.5763,-0.8999,1.1157,4.1292,-8.8137,-7.2099,2.4806,417.3002,-38.7587
2014-11-11,27.6587,0.2989,3.5481,7.7683,-8.8358,-6.9719,2.5972,418.5474,-38.5757
2014-11-12,27.4146,-0.8824,0.863,8.1801,-9.1208,-6.7293,2.6388,414.854,-39.1177
2014-11-13,27.0501,-1.3296,-1.716,5.9335,-10.9898,-7.733,0.3977,409.3381,-39.9272
2014-11-14,27.3259,1.0194,-1.7997,5.1341,-10.3243,-7.0809,0.8163,413.511,-39.3148
2014-11-17,27.1833,-0.522,-1.4253,3.7001,-11.4704,-7.2988,-0.2592,411.3525,-39.6316
2014-11-18,27.2054,0.0816,-1.6388,2.889,-11.5888,-8.2154,0.591,411.6883,-39.5823
2014-11-19,27.3481,0.5243,-0.2428,0.3723,-11.1981,-7.6461,0.9444,413.8468,-39.2655
2014-11-20,27.6904,1.2517,2.367,3.593,-9.4841,-6.3015,2.4548,419.027,-38.5053
2014-11-21,28.0517,1.305,2.6563,3.0268,-9.1086,-5.3401,2.8102,424.4951,-37.7028
2014-11-24,27.8362,-0.7684,2.402,2.5934,-10.2654,-6.2264,1.4767,421.2334,-38.1815
2014-11-25,27.3829,-1.6283,0.6525,3.0907,-11.5467,-8.5367,0.7378,414.3744,-39.1881
2014-11-26,27.0374,-1.2617,-1.1359,-0.4784,-12.6806,-9.6244,-0.2823,409.1461,-39.9554
2014-11-28,25.3005,-6.4244,-8.6309,-7.1752,-18.7455,-15.3238,-6.0529,382.8611,-43.8129
2014-12-01,25.3892,0.3508,-9.4915,-6.5127,-17.415,-15.3204,-5.5271,384.204,-43.6158
2014-12-02,25.665,1.0862,-7.8,-7.3782,-16.74,-14.3558,-4.5672,388.3772,-43.0034
2014-12-03,25.9788,1.2226,-5.1279,-4.742,-14.5684,-13.8053,-3.6344,393.1255,-42.3065
2014-12-04,25.7537,-0.8663,-4.748,-3.5837,-15.8755,-15.2492,-4.1596,389.72,-42.8063
2014-12-05,25.4463,-1.1938,0.5763,-6.379,-15.5665,-16.3906,-4.985,385.0674,-43.4891
2014-12-08,24.4161,-4.0483,-3.8327,-11.2864,-18.6271,-19.6427,-9.1164,369.4786,-45.7768
2014-12-09,24.6824,1.0905,-3.8286,-11.2997,-17.5403,-19.0757,-8.2527,373.5078,-45.1855
2014-12-10,23.9216,-3.0821,-7.9185,-13.2529,-20.1323,-21.8273,-10.8125,361.996,-46.8749
2014-12-11,23.9058,-0.0662,-7.1754,-13.5686,-18.9738,-22.6173,-9.593,361.7562,-46.9101
2014-12-12,23.4621,-1.8562,-7.7977,-14.4178,-21.0349,-24.5063,-11.6452,355.0412,-47.8956
2014-12-15,23.2528,-0.8917,-4.7644,-14.038,-22.6746,-25.1265,-12.145,351.8752,-48.3602
2014-12-16,23.4589,0.8861,-4.957,-14.1515,-21.5618,-25.0314,-12.1304,354.993,-47.9027
2014-12-17,24.432,4.1481,2.1333,-10.1213,-17.8838,-22.4738,-7.9603,369.7184,-45.7416
2014-12-18,24.9011,1.9201,4.1633,-8.4702,-16.2384,-21.7634,-7.5893,376.8173,-44.6998
2014-12-19,25.6968,3.1957,9.5251,-6.0379,-12.2709,-19.5501,-4.9105,388.8591,-42.9326
2014-12-22,25.4353,-1.0177,9.3858,-8.144,-12.9093,-18.6584,-6.0444,384.9015,-43.5134
2014-12-23,25.7447,1.2163,9.7439,-8.2244,-11.9265,-18.2871,-5.0003,389.5831,-42.8264
2014-12-24,25.5565,-0.7309,4.6027,-8.1897,-11.2126,-18.9735,-6.2135,386.7355,-43.2443
2014-12-26,25.5501,-0.025,2.6065,-6.6933,-12.3639,-18.9938,-6.8985,386.639,-43.2584
2014-12-29,25.6426,0.362,-0.211,-5.1589,-11.8455,-18.7655,-7.0166,388.0385,-43.053
2014-12-30,25.4385,-0.796,0.0125,0.5455,-11.4374,-19.4604,-7.0939,384.9497,-43.5063
2014-12-31,25.2471,-0.7522,-1.9326,-0.5596,-10.2718,-19.9464,-8.6782,382.054,-43.9313
2015-01-02,25.3651,0.4674,-0.7488,-1.1683,-9.3828,-19.8767,-6.9264,383.8396,-43.6693
2015-01-05,24.3158,-4.1368,-4.8309,-6.4012,-12.9936,-22.5976,-10.4483,367.9609,-45.9996
2015-01-06,23.9586,-1.469,-6.5671,-6.9703,-14.3688,-23.6119,-11.8855,362.5555,-46.7928
2015-01-07,24.0096,0.213,-5.6169,-5.6457,-13.0537,-23.9539,-12.3622,363.3276,-46.6795
2015-01-08,24.5486,2.2449,-2.7666,0.5428,-11.9608,-21.4939,-9.7673,371.4841,-45.4825
2015-01-09,24.3541,-0.7925,-3.9859,-1.33,-9.3293,-21.5145,-10.204,368.5402,-45.9146
2015-01-12,23.6524,-2.8811,-2.7282,-1.1254,-10.6874,-24.4286,-12.8614,357.9221,-47.4728
2015-01-13,23.4643,-0.7956,-2.0634,-1.847,-8.5748,-24.7036,-11.7987,355.0746,-47.8907
2015-01-14,23.5376,0.3126,-1.966,0.3221,-7.1189,-25.5975,-12.6612,356.1847,-47.7278
2015-01-15,23.2378,-1.2737,-5.3397,-0.0646,-8.9963,-25.3396,-13.5231,351.6478,-48.3936
2015-01-16,23.9937,3.2529,-1.4798,2.2799,-7.6862,-23.1368,-10.8345,363.0865,-46.7149
2015-01-20,24.0224,0.1196,1.5642,-1.6763,-8.3581,-23.1614,-10.5826,363.5207,-46.6512
2015-01-21,24.5104,2.0313,4.4583,-1.569,-7.3036,-22.158,-9.5132,370.9049,-45.5675
2015-01-22,24.6252,0.4685,4.6206,-4.1703,-9.6211,-22.2914,-9.5067,372.6426,-45.3125
2015-01-23,24.4498,-0.7123,5.2155,-3.8746,-8.5305,-22.914,-9.1186,369.9881,-45.7021
2015-01-26,24.8006,1.4349,3.363,-3.667,-8.9138,-21.2283,-5.8469,375.297,-44.9229
2015-01-27,24.7847,-0.0643,3.1731,-3.0201,-8.6534,-21.0893,-5.5714,375.0557,-44.9584
2015-01-28,23.8087,-3.9377,-2.8627,-6.8156,-10.3655,-24.0058,-9.9754,360.2872,-47.1257
2015-01-29,23.8884,0.3349,-2.9919,-6.8408,-12.0695,-23.2958,-9.1698,361.4936,-46.9487
2015-01-30,24.0958,0.8678,-1.448,-5.2784,-11.5952,-20.9247,-8.6744,364.6307,-46.4883
2015-02-02,24.8325,3.0576,0.1286,-1.6423,-8.5625,-17.8437,-4.6516,375.7797,-44.8521
2015-02-03,25.5118,2.7357,2.934,0.5784,-7.9308,-16.9905,-0.2608,386.0598,-43.3434
2015-02-04,25.0909,-1.6502,5.3851,3.1874,-7.9978,-16.5362,-2.9027,379.6891,-44.2784
2015-02-05,25.4512,1.4363,6.5421,6.23,-4.7161,-15.5853,-0.5342,385.1428,-43.478
2015-02-06,25.4576,0.0251,5.6519,6.0309,-6.3372,-15.0309,-1.9692,385.2394,-43.4638
2015-02-09,25.4831,0.1002,2.6201,3.8067,-7.4095,-16.3457,-2.9218,385.6255,-43.4072
2015-02-10,25.4704,-0.0501,-0.1625,4.5835,-8.4678,-16.3963,-2.4947,385.4324,-43.4355
2015-02-11,25.2918,-0.7012,0.8008,6.931,-8.2844,-16.3679,-4.4242,382.7296,-43.8322
2015-02-12,25.6235,1.3115,0.6767,9.2021,-7.3584,-15.5441,-2.9416,387.749,-43.0955
2015-02-13,26.1657,2.116,2.7812,11.1653,-4.5559,-13.2611,-1.3547,395.9537,-41.8914
2015-02-17,26.2454,0.3047,2.9912,12.9426,-2.975,-13.6378,-2.3307,397.1603,-41.7144
2015-02-18,25.9328,-1.1909,1.8157,8.0819,-5.0979,-14.8959,-3.9294,392.4306,-42.4085
2015-02-19,25.8116,-0.4674,2.0555,7.4482,-5.0458,-15.9374,-4.4999,390.5965,-42.6776
2015-02-20,25.6873,-0.4819,0.249,4.8016,-5.5804,-16.5225,-5.5821,388.7144,-42.9539
2015-02-23,25.582,-0.4097,-2.2306,3.8855,-6.4577,-16.9326,-5.2181,387.1218,-43.1876
2015-02-24,25.6522,0.2742,-2.2603,4.9178,-7.3608,-16.1468,-6.3668,388.1833,-43.0318
2015-02-25,25.7925,0.5471,-0.5411,3.9995,-8.0538,-16.4288,-5.8116,390.307,-42.7201
2015-02-26,25.3141,-1.8548,-1.9276,2.1362,-9.0605,-18.3958,-6.9751,383.0675,-43.7826
2015-02-27,25.2025,-0.441,-1.8873,5.8539,-7.9629,-18.5902,-7.4809,381.3782,-44.0305
2015-03-02,25.0271,-0.696,-2.1694,4.7664,-7.4356,-19.1733,-8.586,378.7237,-44.4201
2015-03-03,25.1196,0.3696,-2.0763,4.2489,-0.7151,-19.3265,-7.6582,380.1234,-44.2146
2015-03-04,25.0845,-0.1397,-2.7452,1.0146,-1.2003,-18.4062,-8.7823,379.5924,-44.2926
2015-03-05,24.9346,-0.5976,-1.4993,-2.2628,-2.846,-19.1095,-8.4749,377.3241,-44.6255
2015-03-06,24.4881,-1.7908,-2.8347,-2.4025,-5.7382,-19.4706,-10.7584,370.5672,-45.6171
2015-03-09,24.3126,-0.7163,-2.8546,-4.4737,-5.5956,-20.5828,-11.5688,367.9128,-46.0066
2015-03-10,23.9746,-1.3905,-4.5581,-5.8256,-5.7835,-20.4498,-12.9369,362.7968,-46.7574
2015-03-11,24.0447,0.2927,-4.1449,-5.6446,-1.5211,-19.8648,-11.6804,363.8586,-46.6016
2015-03-12,23.8916,-0.6367,-4.1826,-6.1983,-3.2036,-20.1821,-12.2528,361.542,-46.9416
2015-03-13,23.8023,-0.3738,-2.8002,-5.889,-0.4987,-20.5306,-11.6994,360.1906,-47.1399
2015-03-16,24.1245,1.3533,-0.774,-5.8501,0.9147,-18.2327,-10.5873,365.0651,-46.4245
2015-03-17,24.032,-0.3834,0.2394,-8.1545,2.4291,-19.1167,-11.4019,363.6655,-46.6299
2015-03-18,24.7304,2.9064,2.8518,-5.7722,6.3545,-17.761,-9.5869,374.2353,-45.0788
2015-03-19,24.3382,-1.5863,1.8689,-6.1493,3.7482,-18.6218,-10.3454,368.2988,-45.95
2015-03-20,24.6962,1.4711,3.7553,-4.3215,1.0814,-16.9958,-9.381,373.7167,-45.1549
2015-03-23,24.6095,-0.351,2.0105,-4.1958,-1.171,-17.2193,-9.945,372.4048,-45.3474
2015-03-24,24.4457,-0.6654,1.7217,-4.4418,-4.8687,-16.5421,-10.3589,369.9267,-45.7111
2015-03-25,24.7636,1.3004,0.1341,-3.4639,-2.6407,-15.2091,-10.0012,374.7372,-45.0051
2015-03-26,24.7347,-0.1167,1.6294,-4.1011,-3.9229,-15.3815,-9.6838,374.3,-45.0693
2015-03-27,24.5324,-0.8179,-0.6631,-3.0879,-4.0071,-14.7705,-11.1455,371.2386,-45.5185
2015-03-30,25.059,2.1465,1.8267,-0.5692,-1.9221,-14.0484,-10.3593,379.2074,-44.3491
2015-03-31,24.9113,-0.5894,1.9046,-0.4624,-2.8518,-14.3595,-10.8876,376.9724,-44.6771
2015-04-01,24.9049,-0.0258,0.5705,-0.8545,-2.0975,-13.295,-11.4376,376.8753,-44.6913
2015-04-02,24.9563,0.2063,0.8957,-0.511,-1.152,-11.3055,-11.5707,377.6527,-44.5772
2015-04-06,25.4058,1.8013,3.5602,1.89,0.1604,-9.2374,-10.5549,384.4554,-43.5789
2015-04-07,25.4219,0.0632,1.4481,3.8134,4.5488,-9.0358,-10.1707,384.6985,-43.5432
2015-04-08,25.2164,-0.8084,1.2245,3.7171,5.2497,-9.8734,-9.3792,381.5886,-43.9996
2015-04-09,25.621,1.6045,2.8752,6.8673,6.7111,-7.2186,-8.8404,387.7111,-43.1011
2015-04-10,25.7334,0.4387,3.1138,7.0229,4.826,-7.712,-8.8578,389.4119,-42.8515
2015-04-13,25.4765,-0.9983,0.2781,6.6334,4.6085,-5.1507,-8.4961,385.5244,-43.422
2015-04-14,25.9356,1.8024,2.0209,8.9626,9.6532,-2.0659,-6.5836,392.4731,-42.4023
2015-04-15,26.5554,2.3895,5.3101,10.0766,13.1738,3.4693,-5.6422,401.8512,-41.026
2015-04-16,26.4944,-0.2297,3.409,10.2464,12.5618,4.5487,-7.1023,400.9281,-41.1614
2015-04-17,26.3017,-0.7272,2.2086,6.3535,13.185,3.0025,-8.8711,398.0125,-41.5893
2015-04-20,26.4013,0.3785,3.63,8.4768,10.0341,1.5767,-9.3542,399.5189,-41.3682
2015-04-21,26.1219,-1.0582,0.7181,5.773,8.7397,-0.3489,-10.9183,395.2912,-41.9887
2015-04-22,26.2953,0.6638,-0.9794,6.8502,7.2823,-0.5531,-10.1827,397.9153,-41.6036
2015-04-23,26.4751,0.6839,-0.0727,8.3016,7.5123,-2.8317,-10.0411,400.6365,-41.2042
2015-04-24,26.3242,-0.57,0.0855,6.3019,7.6663,-1.5182,-10.5825,398.3526,-41.5394
2015-04-27,26.2953,-0.1098,-0.4014,6.3092,6.0268,-3.4242,-10.1442,397.9153,-41.6036
2015-04-28,26.4269,0.5007,1.1678,7.7225,6.6262,-2.6006,-9.849,399.9076,-41.3112
2015-04-29,26.6325,0.7777,1.2822,6.2789,11.8601,0.2652,-9.5644,403.0175,-40.8548
2015-04-30,26.549,-0.3135,0.279,6.5739,11.1372,-2.2764,-9.7709,401.754,-41.0402
2015-05-01,26.61,0.2298,1.0856,6.8463,10.4343,-2.3708,-9.3605,402.6773,-40.9047
2015-05-04,26.5425,-0.2534,0.9403,6.3562,6.8863,-2.2659,-9.7735,401.6569,-41.0545
2015-05-05,26.215,-1.234,-0.8019,3.1851,2.7562,-5.3932,-11.3033,396.7005,-41.7818
2015-05-06,26.1123,-0.3919,-1.9532,2.7157,4.0709,-4.2525,-11.782,395.1457,-42.01
2015-05-07,25.8297,-1.0822,-2.7092,2.4322,1.4869,-3.2993,-13.489,390.8696,-42.6376
2015-05-08,26.2535,1.641,-1.3395,2.469,3.1264,-3.4089,-10.7939,397.2836,-41.6963
2015-05-11,25.759,-1.8836,-2.9519,0.0998,1.0827,-6.407,-12.3901,389.8005,-42.7945
2015-05-12,25.8778,0.4612,-1.2862,1.5755,1.5997,-7.0035,-12.6019,391.5983,-42.5306
2015-05-13,25.8104,-0.2606,-1.156,-0.4829,2.0506,-6.4036,-13.1518,390.578,-42.6804
2015-05-14,25.8008,-0.0373,-0.1119,-2.8416,0.692,-6.7173,-13.2209,390.4322,-42.7018
2015-05-15,25.9035,0.3983,-1.3331,-2.23,-1.0018,-5.512,-11.8704,391.9872,-42.4736
2015-05-18,25.926,0.0867,0.6482,-1.4284,-1.2169,-4.1557,-11.5673,392.3272,-42.4237
2015-05-19,25.5568,-1.4243,-1.2408,-3.1987,-1.4502,-6.4742,-13.0967,386.7394,-43.2437
2015-05-20,25.6049,0.1884,-0.7962,-1.9791,-0.8009,-5.8063,-12.6813,387.4682,-43.1368
2015-05-21,25.8457,0.9406,0.1743,-1.7096,0.6169,-4.9979,-12.8027,391.1125,-42.6019
2015-05-22,25.7526,-0.3603,-0.5826,-2.7289,0.6669,-5.8339,-13.0339,389.7034,-42.8087
2015-05-26,25.3448,-1.5836,-2.2418,-3.7205,-1.1982,-8.4708,-14.2384,383.5321,-43.7144
2015-05-27,25.2999,-0.1773,-1.0052,-3.7856,-1.91,-9.81,-14.6263,382.852,-43.8142
2015-05-28,25.2003,-0.3934,-1.5801,-4.6415,-0.4495,-9.4693,-15.1061,381.3457,-44.0353
2015-05-29,25.1714,-0.1147,-2.609,-5.4859,-0.1232,-8.0763,-15.9236,380.9082,-44.0995
2015-06-01,25.1072,-0.2551,-2.5062,-5.4306,0.3202,-7.1392,-16.0764,379.9365,-44.2421
2015-06-02,25.2806,0.6906,-0.2533,-4.9958,0.6411,-0.0785,-15.3903,382.5604,-43.857
2015-06-03,25.1072,-0.6859,-0.7615,-5.4077,0.0907,-1.1107,-16.261,379.9365,-44.2421
2015-06-04,24.7668,-1.3557,-1.7202,-5.5243,-0.6727,-3.4996,-17.3529,374.7857,-44.998
2015-06-05,24.9402,0.7002,-0.9184,-4.4885,1.8465,-3.9976,-17.251,377.4098,-44.6129
2015-06-08,24.799,-0.5665,-1.2277,-3.9905,2.0002,-3.7073,-18.3912,375.2719,-44.9266
2015-06-09,24.7957,-0.013,-1.918,-5.5529,3.4251,-2.5565,-18.5281,375.223,-44.9338
2015-06-10,25.1008,1.2303,-0.0256,-2.5555,4.392,2.8041,-17.3894,379.8392,-44.2563
2015-06-11,24.9884,-0.4477,0.8946,-3.4371,4.5905,1.2398,-18.0724,378.1386,-44.5059
2015-06-12,24.709,-1.1179,-0.927,-4.2672,3.8093,3.2915,-19.2542,373.9112,-45.1263
2015-06-15,24.6512,-0.2339,-0.5957,-4.4555,2.1836,3.1182,-20.2043,373.0365,-45.2547
2015-06-16,24.8439,0.7816,0.1943,-4.0907,3.3785,5.8897,-20.0599,375.9521,-44.8268
2015-06-17,24.7829,-0.2456,-1.2665,-4.4092,0.212,6.58,-20.1998,375.0287,-44.9623
2015-06-18,24.7668,-0.0648,-0.8867,-3.0909,1.7613,5.5755,-20.8515,374.7857,-44.998
2015-06-19,24.537,-0.9279,-0.6962,-4.1707,-0.6445,0.4299,-22.1404,371.308,-45.5084
2015-06-22,24.8376,1.2251,0.7561,-3.9006,0.927,-0.2548,-21.9628,375.857,-44.8408
2015-06-23,24.9184,0.3254,0.3,-3.2393,1.9337,-3.0292,-21.9871,377.0799,-44.6613
2015-06-24,24.7633,-0.6227,-0.0791,-2.2945,-0.0014,-2.6421,-20.8075,374.732,-45.0059
2015-06-25,24.5111,-1.0181,-1.0323,-3.1175,-0.9039,-4.7914,-22.2023,370.9167,-45.5658
2015-06-26,24.592,0.3297,0.224,-2.4141,0.2427,-3.7741,-22.0316,372.1396,-45.3863
2015-06-29,24.1265,-1.8928,-2.8631,-4.1513,-3.7214,-5.5719,-23.5074,365.0958,-46.42
2015-06-30,24.2946,0.6967,-2.5036,-3.2366,-2.4758,-5.257,-23.036,367.6394,-46.0467
2015-07-01,23.9843,-1.2773,-3.1458,-5.1278,-3.6966,-5.7166,-24.0646,362.9436,-46.7359
2015-07-02,24.0909,0.4448,-1.7144,-4.0477,-3.4675,-4.5795,-23.6125,364.5578,-46.499
2015-07-06,23.7742,-1.3149,-3.3254,-4.008,-6.4224,-6.2722,-24.9022,359.7643,-47.2025
2015-07-07,23.9907,0.9109,-0.5627,-3.8071,-5.6296,-1.337,-23.6324,363.0414,-46.7215
2015-07-08,23.5059,-2.021,-3.2464,-5.2142,-6.7833,-1.8897,-25.0554,355.7044,-47.7983
2015-07-09,23.6255,0.5088,-1.4959,-4.7195,-7.7885,-1.6,-25.1706,357.5143,-47.5327
2015-07-10,23.7548,0.5472,-1.3954,-5.3624,-7.6888,-3.2339,-24.0327,359.4707,-47.2455
2015-07-13,23.9229,0.7076,0.6254,-4.2641,-6.0982,-1.7707,-22.9043,362.0143,-46.8723
2015-07-14,24.0942,0.7161,0.4312,-2.4884,-7.1002,1.8676,-23.0172,364.6067,-46.4918
2015-07-15,23.6707,-1.7574,0.7013,-3.9775,-10.8628,0.8799,-24.041,358.199,-47.4322
2015-07-16,23.703,0.1365,0.3283,-4.5921,-10.5356,0.7028,-25.0746,358.688,-47.3604
2015-07-17,23.4154,-1.2137,-1.4287,-5.5179,-10.9739,0.7641,-24.7691,354.3348,-47.9993
2015-07-20,23.1051,-1.3252,-3.4184,-6.7096,-12.485,-3.7037,-25.9836,349.639,-48.6884
2015-07-21,23.1148,0.042,-4.0649,-5.7963,-11.5119,-3.7783,-26.0645,349.7858,-48.6669
2015-07-22,22.9273,-0.8111,-3.1408,-7.6913,-12.8084,-6.4588,-27.1857,346.9487,-49.0832
2015-07-23,22.9079,-0.0846,-3.3546,-8.0685,-13.4738,-6.9738,-27.7106,346.6553,-49.1263
2015-07-24,22.4683,-1.9191,-4.0448,-9.2677,-14.6478,-8.1044,-29.1613,340.0028,-50.1026
2015-07-27,22.145,-1.4386,-4.155,-9.6532,-15.7832,-10.7077,-29.6629,335.1114,-50.8204
2015-07-28,22.7786,2.8609,-1.4544,-7.3738,-13.8054,-8.094,-27.4764,344.6986,-49.4134
2015-07-29,23.0889,1.3623,0.7049,-4.3006,-13.3054,-3.0234,-26.3034,349.3943,-48.7243
2015-07-30,22.9273,-0.7,0.0846,-5.628,-13.6415,-4.0236,-26.3821,346.9487,-49.0832
2015-07-31,22.4263,-2.1852,-0.187,-6.4959,-15.7223,-6.9286,-26.4035,339.3671,-50.1959
2015-08-03,21.9543,-2.1044,-0.8612,-8.8689,-17.2863,-11.5904,-27.3659,332.2255,-51.2439
2015-08-04,21.88,-0.3386,-3.9449,-7.9674,-16.5364,-14.2359,-28.8077,331.1006,-51.409
2015-08-05,21.7151,-0.7535,-5.9499,-9.4853,-16.8393,-13.454,-27.7654,328.6059,-51.7751
2015-08-06,22.061,1.5928,-3.7784,-6.1469,-14.5905,-13.3205,-26.8298,333.8397,-51.007
2015-08-07,21.6667,-1.7876,-3.3872,-8.2912,-17.4715,-14.8913,-27.6839,327.8722,-51.8828
2015-08-10,22.3584,3.1926,1.8404,-5.8784,-13.2018,-12.2621,-26.6035,338.3397,-50.3466
2015-08-11,22.4004,0.188,2.3785,-6.364,-13.4379,-12.0531,-26.4731,338.9758,-50.2533
2015-08-12,22.8077,1.8181,5.0312,-5.3394,-11.6338,-9.8218,-24.5821,345.1388,-49.3488
2015-08-13,22.4618,-1.5164,1.8168,-5.1072,-12.9413,-12.3389,-25.965,339.9051,-50.1169
2015-08-14,22.4133,-0.2158,3.4462,-5.4411,-13.4739,-14.3407,-25.7001,339.1714,-50.2246
2015-08-17,22.4618,0.2163,0.4627,-4.0723,-13.3618,-14.4162,-26.088,339.9051,-50.1169
2015-08-18,22.3778,-0.3741,-0.101,-3.1477,-12.4389,-13.7087,-26.5626,338.6334,-50.3036
2015-08-19,21.7604,-2.7589,-4.5918,-5.8593,-15.0148,-15.6954,-29.1314,329.2907,-51.6746
2015-08-20,21.2691,-2.2579,-5.3101,-7.2325,-17.7076,-17.1999,-30.8806,321.8557,-52.7658
2015-08-21,20.5256,-3.4954,-8.4223,-10.3993,-20.297,-19.7654,-33.3513,310.6054,-54.4168
2015-08-24,19.4234,-5.3701,-13.5271,-13.552,-23.3635,-24.2817,-36.5078,293.9257,-56.8647
2015-08-25,19.1422,-1.4479,-14.4591,-13.5601,-24.3389,-25.7841,-37.9769,289.67,-57.4892
2015-08-26,19.8016,3.4448,-9.0018,-13.0694,-21.4234,-21.7765,-36.1664,299.6487,-56.0248
2015-08-27,20.781,4.9461,-2.2948,-9.9958,-17.4421,-17.5439,-32.8726,314.4697,-53.8497
2015-08-28,21.2529,2.271,3.5433,-7.3029,-15.3513,-15.0802,-31.3622,321.6112,-52.8016
2015-08-31,21.4727,1.0342,10.5509,-4.2519,-15.0625,-14.5179,-31.0386,324.9374,-52.3135
2015-09-01,20.7163,-3.5226,8.2236,-5.639,-17.4885,-17.4137,-32.6147,313.4913,-53.9933
2015-09-02,20.907,0.9206,5.5828,-4.4468,-15.5845,-16.1524,-32.1753,316.3773,-53.5698
2015-09-03,20.9652,0.2783,0.8866,-3.4534,-15.9381,-14.3859,-31.0555,317.2578,-53.4405
2015-09-04,20.6194,-1.6497,-2.981,-6.5348,-16.8539,-15.1908,-32.6469,312.024,-54.2086
2015-09-08,20.9426,1.5677,-2.4688,-3.3418,-15.5394,-12.6466,-30.5102,316.9154,-53.4908
2015-09-09,20.5483,-1.883,-0.8113,-8.096,-18.137,-14.5416,-31.5177,310.9479,-54.3666
2015-09-10,20.6678,0.582,-1.1441,-7.7345,-17.2902,-13.4934,-30.9522,312.7577,-54.101
2015-09-11,20.4836,-0.8915,-2.2972,-10.1899,-17.1008,-13.9429,-31.611,309.9696,-54.5101
2015-09-14,20.3058,-0.8679,-1.5206,-9.5985,-17.6276,-15.8289,-31.1756,307.2792,-54.905
2015-09-15,20.5321,1.1143,-1.9602,-8.3934,-17.3556,-14.5635,-30.8961,310.7033,-54.4025
2015-09-16,21.1139,2.8338,2.7529,-6.0009,-14.8044,-14.6238,-29.7874,319.5079,-53.1103
2015-09-17,21.101,-0.0612,2.0957,-5.7056,-14.8014,-13.3008,-29.4457,319.3122,-53.139
2015-09-18,20.5468,-2.6265,0.3084,-5.5772,-16.2621,-16.8018,-30.942,310.9255,-54.3698
2015-09-21,20.664,0.5705,1.764,-2.8448,-16.8036,-16.0324,-30.491,312.6995,-54.1095
2015-09-22,20.4458,-1.0558,-0.4201,-0.3887,-17.949,-16.3624,-30.1978,309.398,-54.594
2015-09-23,20.1821,-1.29,-4.4134,3.9061,-18.4999,-18.5011,-30.8963,305.4068,-55.1797
2015-09-24,20.27,0.4356,-3.9382,5.8919,-17.3029,-18.0504,-30.6555,306.7372,-54.9845
2015-09-25,20.3091,0.1928,-1.1569,2.5629,-17.4158,-17.2154,-29.443,307.3285,-54.8977
2015-09-28,19.4983,-3.9923,-5.6413,-6.1725,-19.1831,-22.1906,-33.1216,295.059,-56.6983
2015-09-29,19.469,-0.1503,-4.7778,-8.3939,-19.8629,-21.8469,-33.0693,294.6155,-56.7634
2015-09-30,19.9281,2.3583,-1.2585,-7.1934,-16.9118,-19.9833,-30.6215,301.5633,-55.7438
2015-10-01,19.9672,0.1961,-1.494,-3.6163,-17.1175,-19.9914,-29.0368,302.1546,-55.657
2015-10-02,20.791,4.1259,2.3729,-0.5551,-12.548,-18.1645,-25.724,314.6212,-53.8275
2015-10-05,21.4194,3.0227,9.853,2.1665,-10.7178,-15.7441,-23.3573,324.1312,-52.4318
2015-10-06,21.8949,2.2196,12.4603,6.1859,-6.8537,-13.1721,-21.745,331.3255,-51.376
2015-10-07,22.1716,1.2641,11.2582,5.8686,-6.1537,-13.4629,-19.7097,335.5139,-50.7614
2015-10-08,22.5949,1.9092,13.1605,9.9604,-4.8825,-12.1959,-18.9674,341.9195,-49.8213
2015-10-09,22.4484,-0.6485,7.9718,8.6152,-6.1633,-11.8857,-16.4242,339.7022,-50.1467
2015-10-12,22.1586,-1.291,3.4509,8.1773,-8.0333,-14.5631,-16.3282,335.3168,-50.7903
2015-10-13,21.9274,-1.0434,0.1487,7.9859,-7.3649,-17.4276,-14.5629,331.8181,-51.3037
2015-10-14,22.1163,0.8613,-0.2497,7.7157,-6.6944,-16.5246,-12.7276,334.6762,-50.8843
2015-10-15,22.5135,1.7962,-0.3602,6.6289,-3.8515,-14.4027,-11.8327,340.6877,-50.0021
2015-10-16,22.5428,0.1302,0.4207,6.8331,-2.4333,-14.6145,-13.2683,341.1312,-49.937
2015-10-19,22.0967,-1.9789,-0.2792,7.5436,-4.4042,-15.4091,-15.7042,334.3805,-50.9277
2015-10-20,22.1586,0.28,1.0544,7.2329,-3.3526,-15.7316,-16.1978,335.3168,-50.7903
2015-10-21,21.8851,-1.2344,-1.0454,7.0393,-4.4649,-17.3371,-19.6779,331.1776,-51.3977
2015-10-22,22.2791,1.8003,-1.0414,10.3904,-0.842,-15.3665,-16.6513,337.1399,-50.5227
2015-10-23,22.227,-0.2338,-1.4011,9.6546,0.37,-15.4716,-18.366,336.3515,-50.6384
2015-10-26,21.6832,-2.4465,-1.8715,6.7661,-4.8089,-17.9504,-20.0842,328.1225,-51.8461
2015-10-27,21.4227,-1.2014,-3.3211,9.8697,-7.2164,-19.5617,-19.3483,324.1805,-52.4246
2015-10-28,21.8981,2.2192,0.0595,12.477,-4.4888,-17.518,-19.3957,331.3747,-51.3688
2015-10-29,22.0088,0.5056,-1.2131,10.4412,-1.8614,-17.2911,-19.2519,333.05,-51.1229
2015-10-30,22.1521,0.651,-0.337,10.9426,0.9008,-16.5412,-18.4323,335.2181,-50.8048
2015-11-02,22.6698,2.3372,4.5503,9.0368,3.6099,-13.5235,-18.1873,343.0529,-49.655
2015-11-03,23.2494,2.5567,8.5272,8.5437,7.0656,-10.9635,-14.7498,351.8239,-48.3678
2015-11-04,23.041,-0.8964,5.2193,5.235,4.4424,-10.7963,-13.7394,348.6703,-48.8306
2015-11-05,22.8457,-0.8479,3.8024,3.0401,5.4417,-12.9806,-15.947,345.7139,-49.2644
2015-11-06,22.7285,-0.5131,2.6018,0.5909,1.6552,-11.7652,-17.4184,343.9399,-49.5248
2015-11-09,22.5038,-0.9885,-0.7325,0.2466,0.4614,-13.0385,-19.1288,340.5399,-50.0238
2015-11-10,22.5526,0.2171,-2.9972,1.7781,-1.1183,-12.622,-18.2174,341.2791,-49.9153
2015-11-11,22.0739,-2.1225,-4.1973,0.6683,-1.7268,-14.4447,-20.1917,334.0355,-50.9783
2015-11-12,21.5725,-2.2717,-5.573,-2.4588,-3.7515,-16.7199,-21.3103,326.4472,-52.0919
2015-11-13,21.4846,-0.4075,-5.4728,-4.5704,-4.3507,-17.1312,-20.575,325.1168,-52.2872
2015-11-16,22.2009,3.3343,-1.3457,-1.5167,-0.7903,-13.1308,-18.7549,335.9573,-50.6963
2015-11-17,21.9567,-1.1001,-2.6423,-0.6337,0.9022,-14.248,-19.227,332.2616,-51.2386
2015-11-18,22.3182,1.6462,1.1064,0.7201,4.9325,-13.6486,-17.9643,337.7312,-50.4359
2015-11-19,22.0186,-1.3423,2.0679,0.61,7.2737,-14.4996,-19.4876,333.1979,-51.1012
2015-11-20,21.7841,-1.0648,1.3943,-2.2216,12.1542,-14.0489,-21.3296,329.6501,-51.6219
2015-11-23,21.9404,0.7175,-1.1734,-1.2892,14.6184,-13.2784,-21.7858,332.0153,-51.2748
2015-11-24,22.4093,2.1371,2.0614,3.3489,13.1695,-11.0752,-19.4957,339.1109,-50.2335
2015-11-25,22.227,-0.8137,-0.4085,3.7544,6.9583,-11.6975,-18.8291,336.3515,-50.6384
2015-11-27,22.0674,-0.7179,0.2218,0.7732,3.8325,-12.1072,-18.382,333.9369,-50.9928
2015-11-30,22.1488,0.3689,1.6741,0.6362,3.1488,-12.388,-12.4568,335.1689,-50.812
2015-12-01,22.3247,0.7939,1.7512,0.7791,7.7636,-11.0826,-12.0702,337.8297,-50.4215
2015-12-02,21.6344,-3.0922,-3.4583,-4.5677,3.4788,-12.6478,-15.7048,327.3834,-51.9545
2015-12-03,21.2013,-2.0018,-4.6147,-8.8096,1.1259,-14.9917,-18.39,320.8297,-52.9163
2015-12-04,21.0678,-0.6297,-4.53,-8.5642,2.1747,-15.0457,-18.1952,318.8095,-53.2128
2015-12-07,20.2667,-3.8022,-8.4975,-11.2885,-3.2272,-18.2652,-20.3547,306.6879,-54.9917
2015-12-08,20.0583,-1.0283,-10.1517,-11.7479,-2.3842,-20.0888,-17.848,303.5342,-55.4546
2015-12-09,20.3221,1.315,-6.0656,-9.6947,-1.6729,-18.6738,-17.6655,307.5256,-54.8688
2015-12-10,20.4523,0.6409,-3.5324,-9.3128,-0.1526,-17.2273,-14.5028,309.4966,-54.5795
2015-12-11,19.6871,-3.7414,-6.5533,-10.8128,-3.0468,-20.1373,-17.647,297.9169,-56.2789
2015-12-14,19.7913,0.5293,-2.3458,-8.2566,-3.6078,-20.3373,-15.6454,299.4937,-56.0475
2015-12-15,20.2895,2.5173,1.1526,-5.5623,-3.9044,-18.1308,-12.7438,307.0329,-54.9411
2015-12-16,20.156,-0.658,-0.8172,-9.2109,-4.4783,-18.6168,-14.0793,305.0125,-55.2376
2015-12-17,19.6611,-2.4556,-3.8688,-10.4553,-4.3106,-19.8717,-19.5272,297.5227,-56.3368
2015-12-18,19.3167,-1.7514,-1.8814,-13.4484,-6.5199,-22.2279,-22.4261,292.3119,-57.1015
2015-12-21,19.3365,0.102,-2.2984,-12.1813,-5.426,-22.401,-24.7516,292.6102,-57.0577
2015-12-22,19.5632,1.1725,-3.58,-10.1954,-3.0667,-20.9993,-23.0866,296.041,-56.5542
2015-12-23,20.4142,4.3501,1.2807,-6.9564,0.7113,-16.7147,-20.7052,308.9189,-54.6643
2015-12-24,20.2302,-0.9014,2.8945,-9.7244,-0.3885,-17.7367,-20.8414,306.1345,-55.073
2015-12-28,19.8622,-1.8191,2.8236,-10.6394,1.8663,-17.6748,-22.2619,300.5657,-55.8902
2015-12-29,20.0002,0.6948,3.4325,-9.3679,2.7285,-17.6764,-22.0041,302.654,-55.5837
2015-12-30,19.7307,-1.3471,0.8566,-10.9175,-0.9903,-17.7346,-22.4374,298.5768,-56.1821
2015-12-31,19.8195,0.4496,-2.9133,-11.2217,-0.7398,-17.7307,-21.4982,299.9193,-55.9851
2016-01-04,19.8129,-0.0332,-2.0627,-8.4194,-4.7045,-16.6622,-21.8893,299.8198,-55.9997
2016-01-05,19.8885,0.3814,0.1323,-6.1922,-7.1477,-17.0994,-18.2078,300.9634,-55.8318
2016-01-06,19.1229,-3.8493,-4.3864,-9.2316,-12.6604,-18.6464,-20.1837,289.3784,-57.532
2016-01-07,18.6563,-2.4399,-5.4455,-7.9462,-15.8551,-21.0331,-22.2966,282.3179,-58.5682
2016-01-08,18.4165,-1.2857,-7.0789,-8.1856,-18.493,-22.4726,-24.9798,278.6882,-59.1009
2016-01-11,18.0222,-2.141,-9.0382,-11.3174,-19.7174,-24.6655,-25.9995,272.7216,-59.9765
2016-01-12,18.0649,0.2371,-9.169,-11.6733,-18.4747,-25.0238,-23.6236,273.3681,-59.8816
2016-01-13,17.6312,-2.4009,-7.8007,-10.4432,-19.593,-25.5149,-24.8595,266.8049,-60.8448
2016-01-14,18.3902,4.3048,-1.4266,-7.0797,-16.8478,-22.4143,-21.8691,278.2905,-59.1592
2016-01-15,17.8579,-2.8944,-3.033,-11.9848,-20.6794,-23.7344,-23.1516,270.2356,-60.3413
2016-01-19,17.4735,-2.1527,-3.0446,-13.309,-22.4878,-24.3739,-27.1749,264.4183,-61.1951
2016-01-20,17.0102,-2.6513,-5.8385,-13.483,-23.0195,-26.4099,-29.1904,257.4076,-62.2239
2016-01-21,17.5392,3.1099,-0.5218,-9.2022,-20.8472,-23.5009,-28.4418,265.4127,-61.0491
2016-01-22,18.3146,4.4211,-0.4109,-5.2846,-16.3147,-20.0512,-25.6266,277.1469,-59.327
2016-01-25,17.4603,-4.6645,-2.2263,-10.7491,-21.6292,-22.2891,-28.5871,264.2193,-61.2243
2016-01-26,18.1207,3.7825,3.7044,-11.2345,-18.4742,-18.1725,-26.9343,274.2134,-59.7576
2016-01-27,18.0353,-0.4714,6.0266,-10.8494,-16.8236,-20.8234,-27.232,272.9206,-59.9473
2016-01-28,18.584,3.0424,5.9573,-6.4351,-13.2508,-19.511,-21.9445,281.2241,-58.7287
2016-01-29,19.1262,2.9173,4.4313,-4.37,-12.6584,-16.579,-19.9355,289.4281,-57.5247
2016-02-01,18.8074,-1.6664,7.7155,-4.6795,-14.5458,-16.1365,-21.947,284.6051,-58.2325
2016-02-02,18.1799,-3.3368,0.3264,-8.2725,-17.9315,-17.1923,-26.79,275.1084,-59.6262
2016-02-03,18.8272,3.5605,4.3906,-4.9751,-16.9506,-13.9526,-26.2022,284.9035,-58.1887
2016-02-04,18.8173,-0.0524,1.2553,-5.3858,-19.0634,-13.3447,-25.0033,284.7543,-58.2106
2016-02-05,18.3803,-2.3223,-3.8997,-3.8832,-20.228,-16.6842,-27.7823,278.1413,-59.1811
2016-02-08,18.285,-0.5184,-2.7777,-1.9901,-19.9629,-15.6075,-28.1747,276.6995,-59.3927
2016-02-09,17.8447,-2.4079,-1.8435,-3.1044,-21.4872,-20.1877,-29.9743,270.0368,-60.3705
2016-02-10,17.7725,-0.405,-5.6021,-1.3855,-21.0245,-20.6601,-30.223,268.943,-60.531
2016-02-11,17.6969,-0.4252,-5.9542,-2.0371,-21.5307,-22.4082,-30.0291,267.7993,-60.6989
2016-02-12,18.1635,2.6365,-1.1798,3.019,-17.7154,-19.1363,-29.114,274.8597,-59.6627
2016-02-16,18.3442,0.9949,0.3234,-0.2501,-14.965,-18.1551,-29.8922,277.5944,-59.2614
2016-02-17,18.9455,3.2778,6.1683,6.0902,-11.8183,-15.6548,-27.8142,286.6934,-57.926
2016-02-18,18.7089,-1.2487,5.2689,7.0703,-15.7293,-16.3953,-27.8564,283.1134,-58.4514
2016-02-19,18.6662,-0.2283,5.4772,9.7353,-14.9865,-14.2195,-27.6831,282.4671,-58.5463
2016-02-22,19.1426,2.5523,5.3907,9.142,-14.2286,-9.998,-25.4783,289.6767,-57.4882
2016-02-23,18.4887,-3.4157,0.7881,0.9508,-16.0312,-9.9236,-27.7276,279.7822,-58.9403
2016-02-24,18.676,1.0129,-1.4222,6.9627,-14.2678,-3.8478,-27.1952,282.6162,-58.5244
2016-02-25,18.6925,0.088,-0.0878,3.155,-14.8037,-2.3493,-27.5276,282.8649,-58.4879
2016-02-26,18.8042,0.5976,0.7393,4.2631,-16.0878,-5.037,-25.7166,284.5554,-58.2398
2016-02-29,18.5906,-1.1358,-2.8836,0.0354,-16.3603,-10.5403,-26.235,281.3235,-58.7141
2016-03-01,19.0769,2.6158,3.1811,-0.2577,-13.5518,-10.2388,-23.775,288.6823,-57.6342
2016-03-02,19.5435,2.4457,4.6446,3.9134,-11.7631,-8.9847,-22.1983,295.7427,-56.598
2016-03-03,19.8392,1.5131,6.1346,9.127,-11.1334,-4.2342,-20.9105,300.2176,-55.9413
2016-03-04,20.0297,0.9606,6.5175,6.3874,-7.417,-4.1962,-19.6708,303.1014,-55.5181
2016-03-07,20.4996,2.3458,10.2686,8.9401,-3.3096,-2.221,-16.2874,310.2116,-54.4746
2016-03-08,19.6387,-4.1994,2.9452,6.8466,-6.783,-4.7558,-19.2242,297.1847,-56.3864
2016-03-09,19.9575,1.6229,2.1184,9.1464,-1.5261,-4.7041,-16.7557,302.0076,-55.6786
2016-03-10,19.9739,0.0823,0.679,11.9315,-0.4211,-2.7953,-16.9303,302.2561,-55.6421
2016-03-11,20.4897,2.5827,2.2966,15.2893,0.8249,-0.8618,-14.2389,310.0624,-54.4965
2016-03-14,20.355,-0.6575,-0.7052,15.0204,-0.4759,-0.6277,-14.4831,308.0238,-54.7957
2016-03-15,20.3156,-0.1937,3.4466,11.8488,3.1923,0.0482,-15.7884,307.4273,-54.8832
2016-03-16,20.6672,1.7306,3.5562,12.6635,4.4254,0.6579,-14.0013,312.7475,-54.1025
2016-03-17,20.9497,1.3672,4.8857,10.5792,3.2539,-0.7776,-15.2877,317.0234,-53.4749
2016-03-18,21.01,0.2875,2.539,12.2995,4.2367,-0.4313,-13.6747,317.9349,-53.3412
2016-03-21,20.9372,-0.3465,2.86,12.1664,6.4904,1.9,-15.221,316.8332,-53.5029
2016-03-22,20.8214,-0.5532,2.4895,8.7697,7.7892,0.7615,-15.393,315.0806,-53.7601
2016-03-23,20.3647,-2.1933,-1.4637,10.1464,5.3176,-0.3969,-16.6943,308.1699,-54.7742
2016-03-24,20.464,0.4875,-2.3188,9.5734,4.6045,1.3966,-17.3628,309.6722,-54.5538
2016-03-28,20.3548,-0.5336,-3.1186,8.8929,-0.2911,0.4181,-17.7078,308.0197,-54.7963
2016-03-29,20.4507,0.4715,-2.3234,8.7563,1.0902,0.6974,-16.638,309.472,-54.5832
2016-03-30,20.4904,0.1942,-1.5894,10.2193,3.1631,5.0884,-18.2313,310.0728,-54.495
2016-03-31,20.4805,-0.0484,0.5687,7.3577,2.4016,5.1957,-17.7864,309.9227,-54.517
2016-04-01,20.2058,-1.3411,-1.2613,3.3893,2.4079,1.3937,-18.868,305.7663,-55.127
2016-04-04,20.0569,-0.737,-1.4632,1.0976,1.1982,0.4495,-19.6318,303.5129,-55.4577
2016-04-05,19.9213,-0.6765,-2.589,-0.5416,0.547,-4.1833,-21.5879,301.4597,-55.759
2016-04-06,20.3514,2.1594,-0.6783,-0.7227,2.3279,-4.9861,-19.9452,307.9696,-54.8036
2016-04-07,20.2323,-0.5853,-1.2118,3.0224,5.8016,-7.5933,-19.7652,306.1669,-55.0682
2016-04-08,20.6393,2.0118,2.1454,3.4167,10.6293,-6.9111,-19.4436,312.3263,-54.1643
2016-04-11,20.5533,-0.4169,2.4748,2.9009,11.603,-9.0358,-20.1297,311.0243,-54.3553
2016-04-12,21.1655,2.9786,6.2458,3.2981,17.4415,-5.7149,-16.9214,320.2884,-52.9958
2016-04-13,21.2648,0.4691,4.4878,4.4694,17.7133,-4.0338,-18.0095,321.7908,-52.7753
2016-04-14,21.3144,0.2334,5.3484,4.9165,20.8905,-2.7956,-19.736,322.5419,-52.6651
2016-04-15,21.0265,-1.3507,1.8759,1.7387,14.3356,-4.9274,-20.6378,318.1852,-53.3044
2016-04-18,21.374,1.6525,3.9929,2.0251,19.6894,-5.0617,-18.7354,323.4433,-52.5328
2016-04-19,21.8009,1.9972,3.0019,3.7643,24.7656,-3.2914,-17.4249,329.903,-51.5848
2016-04-20,21.9961,0.8956,3.4391,5.0577,29.3114,-0.4554,-15.7944,332.8575,-51.1512
2016-04-21,21.8671,-0.5867,2.5928,5.0222,24.6755,-1.3158,-16.8404,330.9047,-51.4378
2016-04-22,22.1847,1.4528,5.5084,8.9373,21.1314,1.3692,-16.2053,335.712,-50.7323
2016-04-25,21.9365,-1.1187,2.632,7.196,25.6366,-1.5375,-16.6677,331.9563,-51.2835
2016-04-26,22.2873,1.599,2.2314,9.4944,22.9934,0.2714,-15.2422,337.2644,-50.5045
2016-04-27,22.7109,1.9005,3.2496,11.0518,25.9245,4.7396,-14.0616,343.6741,-49.5638
2016-04-28,22.3734,-1.4862,2.3154,9.1893,20.3903,4.4376,-15.9921,338.5664,-50.3134
2016-04-29,22.337,-0.1627,0.6862,9.0645,16.7874,2.004,-15.8651,338.0155,-50.3942
2016-05-02,22.3138,-0.1037,1.7197,10.4324,18.6433,1.3857,-16.145,337.6649,-50.4457
2016-05-03,21.7876,-2.358,-2.2421,8.6289,19.8446,-1.6453,-17.9144,329.7026,-51.6142
2016-05-04,21.4733,-1.4428,-5.4495,7.7907,14.0546,-5.2783,-18.0879,324.9456,-52.3123
2016-05-05,21.6486,0.8167,-3.2392,6.374,15.0464,-6.8854,-17.094,327.5995,-51.9228
2016-05-06,21.599,-0.2293,-3.3037,6.755,17.5117,-6.2586,-16.3791,326.8485,-52.0331
2016-05-09,21.2846,-1.4555,-4.6122,3.1265,16.4047,-6.833,-18.9266,322.0911,-52.7312
2016-05-10,21.6586,1.7568,-0.5923,5.3775,21.3723,-4.7073,-15.9186,327.7498,-51.9008
2016-05-11,21.7247,0.3056,1.1712,2.6423,22.2383,-3.4618,-16.0489,328.7513,-51.7538
2016-05-12,21.7843,0.2742,0.6267,2.4432,23.0969,-3.4067,-15.5987,329.6527,-51.6215
2016-05-13,21.5063,-1.276,-0.429,0.9005,18.4045,-2.5714,-16.6446,325.4463,-52.2388
2016-05-16,21.8704,1.6926,2.7519,4.0132,19.2224,1.3808,-15.57,330.9546,-51.4304
2016-05-17,21.9729,0.4691,1.4515,2.8023,15.98,2.2731,-15.2475,332.5071,-51.2026
2016-05-18,21.7612,-0.9639,0.1676,-0.1821,16.3146,-1.9809,-14.8517,329.3022,-51.673
2016-05-19,21.7645,0.0152,-0.0912,-1.0531,16.5984,-0.8756,-14.9989,329.3522,-51.6656
2016-05-20,21.8935,0.593,1.8003,0.121,14.3707,-1.9027,-15.2916,331.3052,-51.379
2016-05-23,21.8373,-0.257,-0.1513,-1.5663,18.1111,-0.8235,-15.2038,330.4538,-51.5039
2016-05-24,21.9465,0.5001,-0.1205,0.0452,17.5115,0.7451,-13.4084,332.1064,-51.2614
2016-05-25,22.2939,1.5832,2.4483,0.0297,19.267,1.6111,-11.8813,337.3644,-50.4898
2016-05-26,22.2013,-0.4156,2.007,-2.2439,18.0657,-0.9285,-11.9008,335.9623,-50.6955
2016-05-27,22.2145,0.0596,1.4661,-0.71,19.4932,-0.0562,-11.7471,336.1626,-50.6662
2016-05-31,22.1285,-0.3873,1.3335,-0.9334,15.9963,0.2766,-11.8641,334.8606,-50.8572
2016-06-01,22.1351,0.0299,0.8594,-0.8009,13.2609,-0.0621,-12.4424,334.9607,-50.8425
2016-06-02,22.1053,-0.1345,-0.846,1.4581,11.4225,-0.9826,-11.9563,334.5101,-50.9087
2016-06-03,22.0193,-0.3892,-0.8198,2.5427,9.9329,1.7792,-11.0937,333.2081,-51.0997
2016-06-06,22.5057,2.2092,1.3109,3.9591,9.7862,6.1527,-9.7614,340.5694,-50.0194
2016-06-07,23.0153,2.2644,4.0078,6.5574,17.1935,9.2443,-7.1923,348.2812,-48.8877
2016-06-08,22.9624,-0.2301,3.7375,7.8825,15.0567,13.3008,-7.3938,347.4799,-49.0053
2016-06-09,22.787,-0.7638,3.0838,5.2101,14.084,13.6036,-9.2179,344.8259,-49.3948
2016-06-10,22.2939,-2.1638,1.2473,2.62,8.8053,9.7029,-10.7829,337.3644,-50.4898
2016-06-13,22.2277,-0.2969,-1.2351,2.0355,9.2003,8.6806,-10.0421,336.3629,-50.6368
2016-06-14,22.2145,-0.0596,-3.4795,3.2928,9.347,12.8377,-9.8848,336.1626,-50.6662
2016-06-15,22.1616,-0.2383,-3.4875,1.3315,7.2307,11.9761,-10.7968,335.3614,-50.7837
2016-06-16,22.0557,-0.4778,-3.2094,0.3765,5.279,8.7047,-11.0044,333.759,-51.0189
2016-06-17,22.2808,1.0209,-0.0587,2.3881,6.0489,10.5418,-10.0375,337.1664,-50.5188
2016-06-20,22.474,0.8671,1.108,3.2603,7.3404,14.3072,-8.4076,340.0899,-50.0898
2016-06-21,22.7405,1.1857,2.3678,3.8687,9.2173,17.7244,-8.4433,344.1224,-49.498
2016-06-22,22.6139,-0.5566,2.0413,3.5567,11.0449,16.9498,-9.2481,342.207,-49.7791
2016-06-23,22.987,1.6498,4.2227,4.7413,12.3293,17.5015,-7.173,347.8526,-48.9506
2016-06-24,22.2442,-3.2314,-0.1644,-0.223,9.2826,8.9645,-9.2486,336.612,-50.6002
2016-06-27,21.5314,-3.2046,-4.1945,-3.0174,5.2842,6.432,-12.4455,325.825,-52.1833
2016-06-28,22.1309,2.7847,-2.6805,-0.3761,8.0063,11.4226,-8.2712,334.8981,-50.8517
2016-06-29,22.5507,1.8965,-0.2799,1.9079,10.1079,12.7523,-7.1783,341.2493,-49.9196
2016-06-30,22.7305,0.7976,-1.1158,2.69,12.4948,15.2036,-5.2273,343.9713,-49.5202
2016-07-01,22.8504,0.5275,2.7254,3.3708,13.9279,15.2929,-5.1492,345.7858,-49.2539
2016-07-05,22.3908,-2.0116,3.9914,1.6872,12.3964,13.0112,-5.8189,338.8299,-50.2747
2016-07-06,22.4874,0.4314,1.6105,-0.0816,10.4952,13.0674,-6.2664,340.2916,-50.0602
2016-07-07,22.2575,-1.0221,-1.2999,-3.2926,10.0098,16.3921,-5.3108,336.8136,-50.5706
2016-07-08,22.554,1.332,-0.7767,-1.7786,9.2767,20.892,-4.5353,341.2998,-49.9122
2016-07-11,22.5973,0.192,-1.1079,-0.8326,9.9448,22.7016,-4.8727,341.9549,-49.8161
2016-07-12,23.1569,2.4764,3.4216,3.8708,9.4086,28.4912,-3.2018,350.4232,-48.5733
2016-07-13,22.957,-0.8631,2.0886,3.281,7.958,27.0809,-4.7196,347.3988,-49.0172
2016-07-14,23.0736,0.5078,3.6666,3.8673,8.2535,30.8683,-2.5226,349.163,-48.7583
2016-07-15,23.0603,-0.0577,2.2449,4.0553,9.6724,25.3947,-2.7117,348.9615,-48.7878
2016-07-18,23.0769,0.0722,2.1227,4.6304,7.9675,29.2256,-1.4453,349.2135,-48.7508
2016-07-19,22.947,-0.5629,-0.9062,2.99,5.2575,31.3251,-0.6839,347.2477,-49.0393
2016-07-20,22.9137,-0.1452,-0.1886,1.9564,4.1718,34.706,-0.8697,346.7436,-49.1133
2016-07-21,22.6872,-0.9885,-1.6746,-0.2344,3.7507,29.3517,-1.0471,343.3159,-49.6164
2016-07-22,22.7572,0.3083,-1.3145,0.6334,2.5803,24.257,-0.658,344.3745,-49.461
2016-07-25,22.3042,-1.9906,-3.3488,-2.9706,1.6758,27.7421,-0.7305,337.5192,-50.4671
2016-07-26,22.4341,0.5824,-2.2355,0.8535,0.6584,23.8033,1.3051,339.4851,-50.1786
2016-07-27,22.2142,-0.98,-3.0528,3.1714,-2.1869,23.1707,-2.4776,336.1583,-50.6668
2016-07-28,22.2176,0.015,-2.0702,0.3913,-0.6964,19.5519,-3.7739,336.2087,-50.6594
2016-07-29,22.4441,1.0195,-1.3759,-0.4727,0.4795,17.3474,-2.1076,339.6363,-50.1564
2016-08-01,21.7046,-3.2947,-2.6881,-4.5135,-2.7301,15.4042,-3.218,328.4463,-51.7986
2016-08-02,21.9011,0.9054,-2.3756,-4.1545,0.5209,20.4689,-0.2424,331.4201,-51.3621
2016-08-03,22.3241,1.9316,0.4948,-0.2975,3.9626,18.5741,2.0299,337.8218,-50.4227
2016-08-04,22.2908,-0.1492,0.3298,-0.874,2.9665,18.4592,2.6511,337.3176,-50.4966
2016-08-05,22.494,0.9115,0.2226,1.0626,4.1438,22.3811,1.9628,340.3924,-50.0454
2016-08-08,22.7938,1.3327,5.0184,1.0633,7.0905,24.6583,5.2023,344.9289,-49.3796
2016-08-09,22.6739,-0.5261,3.5285,0.3391,4.6879,27.0621,1.4112,343.1144,-49.6459
2016-08-10,22.4274,-1.0871,0.4625,-3.1502,3.2344,26.1919,0.1205,339.3843,-50.1933
2016-08-11,22.7572,1.4704,2.092,-0.8706,4.4658,28.5942,-0.2215,344.3745,-49.461
2016-08-12,22.8837,0.5562,1.7325,-0.8229,6.4046,25.9879,1.8784,346.2899,-49.1799
2016-08-15,23.0669,0.8006,1.1983,0.0289,5.4713,25.7454,2.9162,349.0622,-48.7731
2016-08-16,23.1036,0.1589,1.8951,0.1154,5.1456,21.9479,2.8572,349.6167,-48.6917
2016-08-17,23.1735,0.3028,3.3269,0.9871,6.4904,23.8639,3.556,350.6752,-48.5363
2016-08-18,23.6499,2.0555,3.9227,3.2127,8.6628,26.6991,8.6831,357.8833,-47.4785
2016-08-19,23.4533,-0.831,2.4891,3.3769,7.1246,22.5191,10.2697,354.9094,-47.915
2016-08-22,23.1835,-1.1504,0.5054,1.8735,6.165,25.3927,12.9492,350.8265,-48.5141
2016-08-23,23.3467,0.704,1.0525,4.6744,6.3804,25.0092,20.1992,353.2963,-48.1517
2016-08-24,23.2535,-0.3995,0.345,3.6526,4.3041,24.4004,21.4779,351.885,-48.3588
2016-08-25,23.1902,-0.2722,-1.9437,4.3935,4.4544,23.3248,17.1129,350.9273,-48.4993
2016-08-26,23.1103,-0.3447,-1.4628,4.018,4.0323,24.3115,11.2087,349.7176,-48.6769
2016-08-29,23.2668,0.6774,0.3592,3.6657,5.1442,21.9634,9.4758,352.0866,-48.3292
2016-08-30,23.1869,-0.3436,-0.6848,6.8293,4.7517,18.6426,7.9829,350.8769,-48.5067
2016-08-31,22.8205,-1.5802,-1.8622,4.1977,3.2352,15.0273,10.1569,345.3323,-49.3204
2016-09-01,22.7538,-0.292,-1.8817,1.9248,3.336,13.6003,8.8333,344.324,-49.4684
2016-09-02,23.0103,1.1273,-0.4324,3.2278,2.2422,12.2477,9.7548,348.2055,-48.8988
2016-09-06,23.3567,1.5055,0.3866,3.8353,1.4834,18.932,13.2758,353.4476,-48.1295
2016-09-07,23.49,0.5704,1.3073,3.0542,2.2977,17.7003,12.1636,355.4639,-47.8336
2016-09-08,23.9297,1.8718,4.8606,5.5384,5.0146,19.8048,16.456,362.1174,-46.8571
2016-09-09,23.2168,-2.9788,2.0349,3.52,4.1398,13.3096,12.3332,351.3306,-48.4402
2016-09-12,23.4467,0.99,1.8963,3.0299,5.4839,15.1887,14.4656,354.8086,-47.9297
2016-09-13,22.7772,-2.8555,-2.4815,-0.4658,2.5328,12.1166,12.1706,344.6769,-49.4166
2016-09-14,22.5074,-1.1845,-4.1832,-2.426,1.5603,8.9039,9.6204,340.5941,-50.0158
2016-09-15,22.7872,1.2432,-4.7744,-1.3696,3.3165,8.7706,7.9248,344.8283,-49.3944
2016-09-16,22.6032,-0.8074,-2.6432,-2.4613,1.4467,7.5831,7.119,342.0441,-49.803
2016-09-19,22.5898,-0.0593,-3.6547,-4.4824,0.515,7.8932,9.9432,341.8414,-49.8328
2016-09-20,22.4256,-0.7269,-1.5436,-4.3822,-1.385,7.7046,8.5248,339.3564,-50.1974
2016-09-21,22.945,2.3162,1.9444,-1.029,1.4639,12.6705,12.2233,347.2166,-49.0439
2016-09-22,22.9718,0.1169,0.8103,-1.606,-0.0662,12.2549,13.8227,347.6223,-48.9844
2016-09-23,22.6668,-1.3275,0.2817,-2.5228,1.9,11.359,11.8246,343.0076,-49.6616
2016-09-26,22.5663,-0.4435,-0.1039,-2.6903,4.8067,10.3448,11.1144,341.4863,-49.8849
2016-09-27,22.4155,-0.6683,-0.0448,-3.0062,1.2858,9.395,14.9615,339.2043,-50.2198
2016-09-28,23.384,4.3206,1.9133,0.5036,3.6954,14.1768,20.109,353.8598,-48.069
2016-09-29,23.3438,-0.172,1.6193,0.6767,2.6979,15.5298,17.14,353.2512,-48.1583
2016-09-30,23.6621,1.3638,4.3909,3.6882,3.5522,17.9748,18.5052,358.0688,-47.4513
2016-10-03,23.6454,-0.0708,4.7817,3.9182,5.6032,18.6942,13.7289,357.8152,-47.4885
2016-10-04,23.4041,-1.0204,4.4102,1.7112,4.0766,14.9997,9.2656,354.164,-48.0243
2016-10-05,23.7627,1.5321,1.6194,1.7378,6.7623,17.449,8.5308,359.59,-47.228
2016-10-06,23.7995,0.1551,1.9523,1.3177,5.5224,15.3114,7.3421,360.1478,-47.1462
2016-10-07,23.6621,-0.5773,0.0,-1.118,4.7123,15.1257,4.7231,358.0688,-47.4513
2016-10-10,24.0341,1.572,1.644,3.5201,3.7881,13.5532,7.0637,363.6978,-46.6252
2016-10-11,23.7593,-1.1434,1.5177,1.3333,3.4947,11.7308,7.2238,359.5393,-47.2355
2016-10-12,23.6588,-0.4231,-0.4372,3.8706,2.5361,10.9989,7.8958,358.018,-47.4587
2016-10-13,23.5281,-0.5524,-1.1405,4.5351,2.0285,11.8972,6.3835,356.0403,-47.749
2016-10-14,23.3907,-0.584,-1.1472,2.6485,1.3595,9.4353,3.8961,353.9612,-48.0541
2016-10-17,23.2767,-0.4871,-3.1512,2.98,1.4368,6.7699,3.2556,352.237,-48.3071
2016-10-18,23.3706,0.4031,-1.6361,3.4564,1.9938,6.2487,5.7648,353.6569,-48.0988
2016-10-19,23.7023,1.4196,0.1842,5.6934,4.4744,8.3929,6.9667,358.6773,-47.362
2016-10-20,23.6755,-0.1131,0.6267,3.1839,4.0355,6.7199,8.1811,358.2716,-47.4215
2016-10-21,23.5214,-0.6511,0.5587,2.3924,5.4573,7.2246,5.576,355.9388,-47.7639
2016-10-24,23.451,-0.2992,0.7486,3.4595,4.533,5.2213,5.5069,354.8739,-47.9202
2016-10-25,23.3438,-0.4573,-0.1147,3.4452,5.0848,2.7867,7.6583,353.2512,-48.1583
2016-10-26,23.3974,0.2297,-1.2866,4.3803,5.3104,4.577,9.2177,354.0625,-48.0392
2016-10-27,23.3103,-0.3724,-1.5428,-0.3153,3.8594,4.3574,6.4487,352.7441,-48.2327
2016-10-28,23.2466,-0.2732,-1.1682,-0.4163,7.1044,4.1804,5.6239,351.7805,-48.3741
2016-10-31,22.9953,-1.0811,-1.9434,-2.8183,4.9958,5.5428,3.8062,347.9773,-48.9323
2016-11-01,22.9986,0.0145,-1.4786,-2.7353,3.0212,7.1034,1.4502,348.0279,-48.9248
2016-11-02,22.7439,-1.1074,-2.7929,-2.8207,2.0326,5.0594,-2.1744,344.174,-49.4904
2016-11-03,22.8344,0.3978,-2.0414,-3.9063,1.5132,5.7197,-0.8968,345.5432,-49.2895
2016-11-04,22.7104,-0.543,-2.3065,-4.5762,-0.3659,6.6986,-0.5921,343.6668,-49.5649
2016-11-07,23.1997,2.1544,0.889,-1.9544,2.3189,7.1155,2.0733,351.0707,-48.4783
2016-11-08,23.2298,0.13,1.0054,-3.3464,3.5779,6.928,3.2264,351.5271,-48.4113
2016-11-09,23.6085,1.6301,3.8014,-0.6347,3.741,8.3739,4.6819,357.2573,-47.5704
2016-11-10,23.709,0.4258,3.8303,0.2125,3.6065,10.2421,7.4073,358.7787,-47.3471
2016-11-11,23.2767,-1.8233,2.4937,-1.0682,0.9095,6.4306,7.9001,352.237,-48.3071
2016-11-14,23.4074,0.5614,0.8955,0.0716,1.3151,6.5284,8.95,354.2146,-48.0169
2016-11-15,24.0676,2.8203,3.6064,3.3976,3.8581,10.5989,8.408,364.2047,-46.5508
2016-11-16,23.9001,-0.6962,1.2349,2.2656,1.0579,9.8123,8.8508,361.6693,-46.9229
2016-11-17,23.7392,-0.6731,0.1272,0.1555,1.2188,8.4302,6.3671,359.235,-47.2801
2016-11-18,23.8364,0.4094,2.4043,0.6794,2.816,9.1546,8.2557,360.7057,-47.0643
2016-11-21,24.4027,2.3759,4.252,3.747,4.523,11.192,12.0206,369.2758,-45.8066
2016-11-22,24.3893,-0.0549,1.3367,4.0012,4.8846,9.3989,11.1614,369.073,-45.8364
2016-11-23,24.4898,0.4122,2.4677,4.9096,5.6043,10.3083,9.2841,370.5943,-45.6131
2016-11-25,24.3692,-0.4926,2.6539,4.1536,5.4476,9.6995,9.6379,368.7687,-45.881
2016-11-28,24.0307,-1.3889,0.8154,3.0909,3.2834,8.5965,8.8969,363.6469,-46.6327
2016-11-29,23.7358,-1.2272,-2.7328,2.1047,2.3676,7.2318,7.1652,359.1844,-47.2876
2016-11-30,24.9422,5.0826,2.2671,8.4669,9.2977,12.8337,11.725,377.4403,-44.6084
2016-12-01,25.0026,0.2418,2.0936,8.7134,9.8829,13.5486,15.5688,378.3531,-44.4744
2016-12-02,25.0763,0.2949,2.9015,10.2549,8.9784,11.4219,18.2773,379.4687,-44.3107
2016-12-05,25.2975,0.882,5.2712,10.7866,8.309,9.9157,20.0766,382.8156,-43.8196
2016-12-06,25.2505,-0.1854,6.3815,11.1849,7.4949,9.9648,24.591,382.1056,-43.9237
2016-12-07,25.4516,0.7963,2.0422,9.7067,6.36,11.6935,26.8879,385.1482,-43.4772
2016-12-08,25.589,0.5398,2.3455,10.1558,10.2174,14.7802,25.9171,387.2274,-43.1721
2016-12-09,25.6694,0.3143,2.3653,8.7296,9.48,15.4837,25.5085,388.4444,-42.9935
2016-12-12,25.7901,0.47,1.9473,8.7774,13.2278,16.0956,30.9996,390.27,-42.7256
2016-12-13,26.0816,1.1305,3.2913,12.0501,15.8805,17.6886,31.7831,394.682,-42.0781
2016-12-14,25.5588,-2.0044,0.4213,9.1911,12.1633,15.8833,25.9705,386.7709,-43.2391
2016-12-15,25.6158,0.2229,0.1048,6.4327,13.3284,14.9679,27.0876,387.633,-43.1126
2016-12-16,25.7748,0.6208,0.4106,7.8442,14.0995,14.6871,31.0956,390.0393,-42.7594
2016-12-19,25.6569,-0.4574,-0.5163,8.0783,14.4092,12.8247,32.8222,388.2551,-43.0213
2016-12-20,25.5996,-0.2232,-1.848,7.3974,11.5697,13.2029,32.3906,387.3884,-43.1485
2016-12-21,25.6401,0.1579,0.3178,5.0705,11.6154,11.5415,31.063,388.0001,-43.0587
2016-12-22,25.7445,0.4073,0.5024,5.5565,13.5778,15.7358,26.111,389.5806,-42.8267
2016-12-23,25.7209,-0.0916,-0.2091,5.0269,13.9793,19.4579,27.1414,389.2237,-42.8791
2016-12-27,25.7782,0.2226,0.4727,5.7818,15.0016,16.4803,29.7854,390.0903,-42.7519
2016-12-28,25.4986,-1.0847,-0.3948,6.1082,9.0429,13.0725,27.4918,385.859,-43.3729
2016-12-29,25.448,-0.1982,-0.7489,7.2135,9.0143,11.9554,28.9766,385.0943,-43.4851
2016-12-30,25.3739,-0.2912,-1.4394,1.7308,7.2344,11.0435,28.0254,383.9728,-43.6497
2017-01-03,25.6603,1.1285,-0.2358,2.6306,8.5214,14.6021,29.5131,388.306,-43.0138
2017-01-04,25.6064,-0.21,-0.6665,2.1139,9.4099,13.8701,28.75,387.4905,-43.1335
2017-01-05,25.5424,-0.25,0.1717,0.9681,7.4896,14.7584,33.5696,386.5217,-43.2757
2017-01-06,25.566,0.0924,0.4634,1.2491,7.4222,13.3545,37.0365,386.8787,-43.2233
2017-01-09,25.1954,-1.4495,-0.7037,-1.0067,6.4798,11.4974,36.8091,381.2709,-44.0462
2017-01-10,24.9663,-0.9092,-2.7045,-2.4334,3.8787,7.8138,38.5312,377.8045,-44.555
2017-01-11,25.2358,1.0795,-1.4472,-1.6892,6.2145,9.9263,39.6954,381.8827,-43.9565
2017-01-12,25.1314,-0.4138,-1.6091,-2.554,6.2244,8.9183,42.5395,380.3023,-44.1884
2017-01-13,25.0573,-0.2949,-1.9898,-3.9276,6.4994,8.6597,36.2535,379.1806,-44.353
2017-01-17,25.2122,0.6185,0.0669,-1.3561,7.7875,9.2529,41.1827,381.5259,-44.0088
2017-01-18,25.155,-0.2272,0.7556,-1.7991,8.069,9.6218,43.961,380.6592,-44.136
2017-01-19,25.0168,-0.5491,-0.8677,-2.9408,7.0442,9.1784,47.0699,378.5691,-44.4427
2017-01-20,25.1112,0.3771,-0.0804,-2.1271,5.9438,10.6842,43.1719,379.9965,-44.2333
2017-01-23,24.845,-1.0599,-0.847,-2.9478,4.9397,9.1745,35.6569,375.9691,-44.8243
2017-01-24,25.1179,1.0983,-0.3742,-2.0365,6.7876,12.6153,43.8571,380.0984,-44.2183
2017-01-25,25.2493,0.5231,0.375,-1.9236,7.6683,12.5489,39.3391,382.0866,-43.9265
2017-01-26,25.2695,0.0801,1.01,-1.7551,8.2495,13.7537,40.1113,382.3926,-43.8816
2017-01-27,25.0067,-1.0399,-0.4159,-2.9927,6.8784,12.554,34.5604,378.4162,-44.4652
2017-01-30,24.5486,-1.8322,-1.1932,-3.7257,5.3123,9.3767,28.3507,371.483,-45.4827
2017-01-31,24.5587,0.0412,-2.2264,-3.4948,5.6442,13.1497,30.5795,371.6359,-45.4602
2017-02-01,24.3768,-0.7407,-3.4556,-3.9299,6.0078,11.3038,34.0865,368.883,-45.8642
2017-02-02,24.5149,0.5666,-2.9863,-4.4637,6.593,9.8133,30.2102,370.9733,-45.5575
2017-02-03,24.7271,0.8657,-1.1182,-3.4338,8.7197,10.9296,31.4062,374.1849,-45.0862
2017-02-06,24.5183,-0.8447,-0.1235,-4.0095,7.3742,8.999,33.3941,371.0242,-45.55
2017-02-07,24.1713,-1.4152,-1.5775,-5.4553,6.4325,6.0431,32.1915,365.7733,-46.3206
2017-02-08,24.2285,0.237,-0.6081,-3.8374,4.4348,6.8565,35.7741,366.64,-46.1934
2017-02-09,24.5014,1.1262,-0.055,-1.8621,5.4739,9.2476,37.8617,370.7693,-45.5874
2017-02-10,24.6867,0.7562,-0.1635,-2.176,4.5669,8.4787,39.4974,373.573,-45.176
2017-02-13,24.7339,0.1911,0.8794,-1.5818,4.3225,8.0848,36.1738,374.2868,-45.0712
2017-02-14,24.8147,0.3269,2.6621,-0.9679,6.6073,7.5769,35.2731,375.5104,-44.8916
2017-02-15,24.717,-0.3937,2.0161,-1.9642,5.5947,6.9834,30.4641,374.0319,-45.1086
2017-02-16,24.3801,-1.363,-0.495,-3.0802,1.2985,5.2068,30.3131,368.934,-45.8567
2017-02-17,24.2454,-0.5527,-1.7876,-3.0838,1.4449,2.518,29.8894,366.895,-46.156
2017-02-21,24.4105,0.6808,-1.3075,-2.7904,2.8276,4.0809,27.519,369.3929,-45.7894
2017-02-22,24.0399,-1.5181,-3.1225,-3.2407,0.8537,3.6938,30.0244,363.7852,-46.6124
2017-02-23,24.1409,0.4204,-2.3306,-3.8895,-1.0727,3.4018,29.2617,365.3146,-46.3879
2017-02-24,23.9152,-0.935,-1.9069,-5.2835,-1.9438,2.8458,27.9406,361.8989,-46.8892
2017-02-27,24.1207,0.8593,-0.5141,-4.5461,-1.5072,4.0126,28.2733,365.0087,-46.4328
2017-02-28,24.0466,-0.3073,-1.4905,-3.8394,-1.3237,4.0517,29.3483,363.8872,-46.5974
2017-03-01,24.5284,2.0034,2.032,-0.0823,2.0707,5.4221,28.5764,371.1771,-45.5276
2017-03-02,24.2959,-0.9477,0.6419,-1.0699,2.3596,4.7831,24.3174,367.6596,-46.0438
2017-03-03,24.2521,-0.1803,1.4086,-0.5113,-2.7669,6.2735,22.2436,366.9968,-46.141
2017-03-06,24.306,0.2223,0.7682,-0.852,-2.7859,6.8217,21.3497,367.8126,-46.0213
2017-03-07,24.0904,-0.8871,0.1821,-2.5749,-3.9315,4.6939,17.5165,364.5499,-46.5001
2017-03-08,23.4638,-2.6011,-4.3401,-4.3006,-7.2483,0.4584,19.4772,355.0678,-47.8917
2017-03-09,23.6188,0.6604,-2.787,-2.2857,-6.4623,0.5483,18.3456,357.4128,-47.5476
2017-03-10,23.5851,-0.1426,-2.7503,-2.6557,-7.3336,-1.4399,18.0797,356.9031,-47.6224
2017-03-13,23.5885,0.0143,-2.9522,-3.7261,-7.818,1.6006,15.1233,356.9541,-47.6149
2017-03-14,23.3223,-1.1282,-3.1884,-5.5267,-9.1436,-0.5304,14.5777,352.9267,-48.2059
2017-03-15,23.8411,2.2244,1.608,-3.6094,-7.557,4.6712,17.3537,360.7774,-47.0538
2017-03-16,23.6727,-0.7065,0.2282,-4.6023,-9.2362,5.1775,14.5424,358.2285,-47.4279
2017-03-17,23.6554,-0.073,0.2981,-4.2951,-7.4473,3.8102,12.915,357.967,-47.4662
2017-03-20,23.6215,-0.1433,0.1401,-3.1117,-7.7855,4.5052,12.4299,357.454,-47.5415
2017-03-21,23.4554,-0.703,0.5708,-3.2581,-8.9986,3.8321,12.0278,354.9412,-47.9103
2017-03-22,23.4215,-0.1445,-1.7599,-4.0512,-8.7125,4.4413,12.4881,354.4282,-47.9856
2017-03-23,23.3267,-0.4051,-1.4617,-2.9668,-8.879,1.6634,14.5447,352.9923,-48.1963
2017-03-24,23.2352,-0.3923,-1.7765,-3.7521,-9.3795,1.1464,13.5418,351.6076,-48.3995
2017-03-27,23.1267,-0.4667,-2.0947,-3.2972,-10.1684,2.0288,13.6182,349.9665,-48.6403
2017-03-28,23.4554,1.4215,0.0,-2.7582,-8.8079,3.9401,14.6925,354.9412,-47.9103
2017-03-29,23.7774,1.3726,1.5194,-1.1196,-7.7616,6.0757,16.0415,359.8132,-47.1953
2017-03-30,23.7706,-0.0285,1.9032,-3.0892,-6.7767,1.6534,16.0646,359.7106,-47.2103
2017-03-31,23.6893,-0.3422,1.9545,-2.4968,-6.9112,1.4801,17.2398,358.4797,-47.391
2017-04-03,23.6486,-0.1717,2.2568,-2.4884,-6.7996,-0.0571,17.9075,357.8644,-47.4813
2017-04-04,23.8215,0.7309,1.5605,-1.9936,-7.166,0.7447,19.5781,360.4799,-47.0974
2017-04-05,23.7469,-0.313,-0.1283,-1.426,-7.2618,1.4648,16.6841,359.3516,-47.263
2017-04-06,23.9367,0.7992,0.6986,2.0153,-6.2864,0.7324,18.3092,362.2236,-46.8415
2017-04-07,23.8452,-0.3823,0.6581,0.9586,-6.7307,0.1919,15.5327,360.8389,-47.0448
2017-04-10,24.0248,0.7533,1.5907,1.8643,-4.646,1.5327,16.8902,363.557,-46.6459
2017-04-11,24.0282,0.0141,0.8678,1.8642,-3.7576,-0.0246,13.5253,363.6083,-46.6383
2017-04-12,23.9265,-0.4231,0.7564,2.5906,-5.1882,0.7038,12.5171,362.0697,-46.8641
2017-04-13,23.4893,-1.8272,-1.8689,-1.4755,-6.5338,-0.7162,10.204,355.454,-47.835
2017-04-17,23.5402,0.2164,-1.2791,-0.5598,-6.0545,0.0514,11.9547,356.2233,-47.7221
2017-04-18,23.3199,-0.9358,-2.9341,-1.4184,-7.5057,-0.3027,9.1041,352.8898,-48.2113
2017-04-19,22.9776,-1.4678,-4.3724,-2.726,-8.6558,-1.2852,5.3976,347.71,-48.9715
2017-04-20,23.0894,0.4868,-3.4986,-1.5605,-7.7044,-1.203,4.9706,349.4025,-48.7231
2017-04-21,22.9742,-0.4991,-2.193,-1.91,-8.51,-3.072,5.0631,347.6588,-48.979
2017-04-24,23.1098,0.5901,-1.8284,-0.9298,-6.9843,-2.3896,4.1697,349.7102,-48.678
2017-04-25,23.3063,0.8505,-0.0581,0.3063,-7.2123,-0.9142,6.2443,352.6846,-48.2414
2017-04-26,23.2284,-0.3344,1.0915,0.4396,-8.0038,-0.9493,4.2224,351.5051,-48.4145
2017-04-27,22.9742,-1.0943,-0.4991,-2.0517,-9.0833,-1.5831,1.1594,347.6588,-48.979
2017-04-28,22.9911,0.0737,0.0737,-3.3067,-8.0602,-1.7362,2.7613,347.9151,-48.9414
2017-05-01,22.9268,-0.28,-0.7919,-3.55,-6.6065,-1.6452,2.6405,346.9408,-49.0844
2017-05-02,22.8115,-0.5026,-2.123,-3.7053,-7.1142,-1.8715,2.2307,345.1971,-49.3403
2017-05-03,22.8759,0.2823,-1.5174,-3.2674,-6.1568,-0.5189,4.9951,346.1715,-49.1973
2017-05-04,22.4557,-1.837,-2.257,-5.7334,-8.3998,-2.3607,4.5751,339.8121,-50.1306
2017-05-05,22.8115,1.5847,-0.7812,-3.9389,-7.7469,0.2973,5.3717,345.1971,-49.3403
2017-05-08,22.9742,0.7131,0.2069,-4.021,-6.2975,0.6122,6.367,347.6588,-48.979
2017-05-09,22.7844,-0.8261,-0.1189,-4.4485,-5.7376,0.3259,7.0463,344.7868,-49.4005
2017-05-10,23.086,1.3238,0.9185,-3.9075,-4.7155,-0.4898,6.5908,349.3511,-48.7307
2017-05-11,23.0386,-0.2055,2.5959,-4.1185,-5.9703,-0.8232,6.0477,348.6332,-48.836
2017-05-12,22.9606,-0.3384,0.6537,-4.0368,-6.9918,-2.7442,5.3999,347.4536,-49.0091
2017-05-15,23.1403,0.7823,0.7228,-1.4861,-6.4429,-2.399,7.5974,350.1717,-48.6102
2017-05-16,23.025,-0.498,1.0561,-2.1883,-7.2122,-1.0814,5.2797,348.428,-48.8661
2017-05-17,22.798,-0.9862,-1.2478,-2.2381,-7.7641,-2.6037,3.7547,344.9919,-49.3704
2017-05-18,22.7912,-0.0297,-1.0738,-0.8112,-6.5173,-5.3034,4.7334,344.8894,-49.3854
2017-05-19,23.0725,1.2342,0.4871,-0.0734,-4.8376,-3.4626,6.0099,349.146,-48.7608
2017-05-22,23.0217,-0.2203,-0.5126,0.2065,-5.6894,-3.0226,5.1528,348.3768,-48.8737
2017-05-23,23.0759,0.2355,0.2208,-0.1467,-4.0101,-3.1906,5.672,349.1972,-48.7532
2017-05-24,22.9539,-0.5287,0.6838,-1.5123,-4.9173,-5.9372,4.5903,347.3511,-49.0242
2017-05-25,22.537,-1.816,-1.1152,-2.9763,-5.7629,-7.5947,1.0904,341.0431,-49.9499
2017-05-26,22.5743,0.1654,-2.1592,-1.7406,-6.4112,-7.8218,1.6802,341.6072,-49.8671
2017-05-30,22.2727,-1.3362,-3.2534,-3.125,-7.3771,-8.6032,0.2618,337.0428,-50.537
2017-05-31,22.1778,-0.426,-3.8919,-3.2669,-9.5831,-7.7108,0.2228,335.6068,-50.7477
2017-06-01,22.3167,0.6265,-2.7758,-2.1691,-8.1462,-5.9788,0.8206,337.7095,-50.4391
2017-06-02,22.0592,-1.1541,-2.1203,-3.5704,-9.0423,-11.559,-0.2087,333.8119,-51.0111
2017-06-05,22.0998,0.1844,-2.1018,-1.5847,-9.0767,-11.6097,0.3659,334.4273,-50.9208
2017-06-06,22.3608,1.1808,0.3956,-1.976,-7.1797,-10.829,-0.644,338.3762,-50.3413
2017-06-07,22.0456,-1.4095,-0.596,-4.0419,-6.0442,-12.8544,-4.2134,333.6067,-51.0412
2017-06-08,21.9812,-0.2921,-1.5034,-3.5252,-6.9333,-12.9475,-4.2729,332.6324,-51.1842
2017-06-09,22.5099,2.4052,2.0433,-2.4956,-4.5588,-11.558,-1.216,340.6328,-50.0101
2017-06-12,22.6692,0.7076,2.5763,-1.6034,-3.8971,-11.4104,1.6833,343.0431,-49.6564
2017-06-13,22.8386,0.7475,2.137,-0.5314,-2.0739,-11.0278,2.7484,345.6074,-49.2801
2017-06-14,22.4252,-1.8104,1.7218,-3.0902,-5.939,-13.0472,0.9484,339.3507,-50.1983
2017-06-15,22.2557,-0.7556,1.2488,-3.3412,-5.9856,-14.6689,0.4249,336.7864,-50.5746
2017-06-16,22.6239,1.6544,0.5065,-0.7634,-4.3604,-11.483,2.5764,342.3581,-49.7569
2017-06-19,22.4806,-0.6335,-0.8319,-1.3628,-4.8299,-12.2393,0.8966,340.1893,-50.0752
2017-06-20,22.194,-1.275,-2.8228,-3.8077,-5.3782,-13.8929,-1.2462,335.8517,-50.7118
2017-06-21,21.8357,-1.6144,-2.6288,-5.1516,-6.771,-14.8936,-3.979,330.4297,-51.5075
2017-06-22,21.822,-0.0625,-1.9487,-5.4336,-6.4503,-14.7565,-3.5019,330.2233,-51.5378
2017-06-23,21.9687,0.6724,-2.896,-4.2918,-5.4504,-14.3187,-4.4298,332.4435,-51.2119
2017-06-26,21.921,-0.2174,-2.4894,-2.7335,-5.2136,-14.8518,-1.4531,331.7207,-51.318
2017-06-27,21.8869,-0.1557,-1.3838,-3.0453,-6.6875,-14.9064,1.651,331.2043,-51.3938
2017-06-28,22.0063,0.5457,0.7814,-1.196,-7.4487,-14.6322,-0.5633,333.0117,-51.1286
2017-06-29,22.0541,0.2171,1.0633,-0.5579,-7.2214,-13.5087,-2.2021,333.7346,-51.0225
2017-06-30,22.153,0.4487,0.8388,-0.7336,-6.4851,-12.9481,-2.5407,335.2321,-50.8027
2017-07-03,22.5796,1.9255,3.0044,2.3591,-4.5206,-11.0128,-1.1854,341.6868,-49.8554
2017-07-05,22.1223,-2.0251,1.0758,0.1017,-7.1328,-13.7877,-1.1989,334.7675,-50.8709
2017-07-06,21.8766,-1.1106,-0.5893,-2.1653,-7.8759,-14.5658,-2.716,331.0494,-51.4165
2017-07-07,21.8425,-0.156,-0.9593,-0.9214,-8.7489,-14.4853,-1.8647,330.533,-51.4923
2017-07-10,21.9141,0.3281,-1.0783,-0.3051,-8.0982,-14.2839,-2.8369,331.6174,-51.3332
2017-07-11,22.0336,0.545,-2.418,-2.1161,-8.2882,-12.5491,-2.4945,333.4247,-51.0679
2017-07-12,22.095,0.2788,-0.1234,-2.5329,-8.0455,-11.5007,-4.5856,334.3542,-50.9315
2017-07-13,22.1837,0.4016,1.4039,-2.8675,-7.2839,-12.0942,-3.3684,335.6969,-50.7345
2017-07-14,22.3168,0.5999,2.1715,-0.4833,-4.9917,-11.1994,-3.2799,337.7107,-50.439
2017-07-17,22.2895,-0.1223,1.7129,0.1518,-5.3129,-11.0457,-3.3424,337.2977,-50.4996
2017-07-18,22.1837,-0.4746,0.6815,-1.9457,-4.872,-12.012,-3.8706,335.6969,-50.7345
2017-07-19,22.5079,1.4613,1.8687,0.1214,-2.0441,-10.523,-1.9137,340.6024,-50.0146
2017-07-20,22.4397,-0.3032,1.1536,1.107,-2.8142,-10.3018,-2.0689,339.5697,-50.1661
2017-07-21,22.2179,-0.9884,-0.4434,1.7503,-3.2922,-11.522,-2.0688,336.2132,-50.6587
2017-07-24,22.1769,-0.1843,-0.5052,1.6262,-4.0367,-10.7391,-2.5498,335.5935,-50.7497
2017-07-25,22.4567,1.2617,1.2305,2.2212,-3.6454,-10.5948,0.684,339.8278,-50.1283
2017-07-26,22.4806,0.1064,-0.1213,2.5529,-3.2192,-10.9654,0.2074,340.1893,-50.0752
2017-07-27,22.7092,1.017,1.2013,3.7574,-1.1533,-10.1319,2.2283,343.6491,-49.5675
2017-07-28,22.6819,-0.1202,2.0888,3.0702,-1.3449,-9.2967,2.0902,343.2359,-49.6281
2017-07-31,22.7331,0.2257,2.5081,3.0791,-0.8446,-7.3953,1.2879,344.0106,-49.5144
2017-08-01,22.7297,-0.015,1.2157,2.6032,-0.3587,-7.4473,4.723,343.9589,-49.522
2017-08-02,22.6444,-0.3753,0.7286,0.2871,-1.0121,-7.1066,3.3938,342.6679,-49.7115
2017-08-03,22.327,-1.4014,-1.6829,0.9255,-0.5728,-8.9245,0.013,337.8657,-50.4162
2017-08-04,22.3987,0.3209,-1.2487,2.3865,-1.8097,-9.4165,0.4839,338.9499,-50.2571
2017-08-07,22.2281,-0.7617,-2.2216,1.7654,-3.2476,-9.3406,-1.1823,336.3681,-50.636
2017-08-08,22.1769,-0.2303,-2.4321,1.199,-2.6664,-8.251,-2.7065,335.5935,-50.7497
2017-08-09,22.1974,0.0923,-1.9741,0.7434,-3.8493,-8.3833,-2.1016,335.9034,-50.7042
2017-08-10,21.9619,-1.0607,-1.6353,-0.6023,-4.6733,-10.3646,-2.0755,332.3404,-51.2271
2017-08-11,21.8186,-0.6526,-2.5899,-1.6459,-4.9739,-11.6179,-4.1243,330.1716,-51.5454
2017-08-14,21.7538,-0.2971,-2.1338,-2.5229,-5.9917,-12.0486,-4.9379,329.1905,-51.6893
2017-08-15,21.6719,-0.3765,-2.2773,-2.771,-5.8769,-12.6652,-6.0479,327.9512,-51.8712
2017-08-16,21.4637,-0.9605,-3.3052,-3.2457,-5.8525,-13.1622,-7.0979,324.8012,-52.3335
2017-08-17,21.16,-1.4149,-3.6513,-5.9885,-7.1571,-13.2079,-8.6889,320.2055,-53.0079
2017-08-18,21.2658,0.4999,-2.5336,-5.2311,-7.8305,-12.2893,-10.0807,321.8063,-52.773
2017-08-21,21.1566,-0.5135,-2.7451,-4.7766,-8.1013,-13.3297,-9.7928,320.1538,-53.0155
2017-08-22,21.2965,0.6613,-1.732,-3.9698,-7.7109,-11.4117,-8.1395,322.271,-52.7048
2017-08-23,21.3887,0.4326,-0.3497,-4.7561,-6.819,-11.4009,-8.387,323.6653,-52.5002
2017-08-24,21.4023,0.0638,1.145,-4.7966,-5.0349,-10.5077,-7.9609,323.8718,-52.4699
2017-08-25,21.4978,0.4464,1.0911,-5.3343,-4.7685,-10.874,-7.2977,325.3176,-52.2577
2017-08-28,21.4023,-0.4444,1.1613,-5.6416,-3.9078,-10.9966,-7.3905,323.8718,-52.4699
2017-08-29,21.375,-0.1275,0.3686,-5.9742,-3.6197,-12.856,-8.1309,323.4588,-52.5305
2017-08-30,21.3852,0.0479,-0.016,-5.9151,-4.174,-11.9801,-7.77,323.6136,-52.5078
2017-08-31,21.4876,0.4787,0.3986,-5.1085,-2.591,-11.399,-5.8406,325.1627,-52.2804
2017-09-01,21.6958,0.9687,0.9206,-2.8275,-1.8284,-10.7392,-4.6501,328.3126,-51.8182
2017-09-05,21.8152,0.5505,1.9292,-2.6051,-2.4399,-9.4445,-5.1939,330.12,-51.5529
2017-09-06,22.1701,1.6268,3.7196,-0.261,0.5646,-5.5137,-5.0806,335.4903,-50.7648
2017-09-07,22.211,0.1847,3.8615,0.1539,1.0455,-5.9603,-5.4447,336.1099,-50.6739
2017-09-08,21.9756,-1.0601,2.2709,-0.9992,-2.3738,-6.8243,-8.166,332.5469,-51.1968
2017-09-11,22.1837,0.9473,2.2492,1.01,-2.1415,-5.9551,-4.4498,335.6969,-50.7345
2017-09-12,22.3202,0.6153,2.315,2.299,-2.2699,-4.2967,-4.8043,337.7624,-50.4314
2017-09-13,22.6,1.2536,1.9393,3.8902,0.7797,-5.2056,-0.7776,341.9966,-49.81
2017-09-14,22.7092,0.4832,2.2431,4.7867,2.0377,-4.0699,0.8969,343.6491,-49.5675
2017-09-15,22.7628,0.236,3.5824,6.0525,0.6139,-3.7733,-0.1068,344.46,-49.4485
2017-09-18,22.8596,0.4253,3.0468,8.0321,1.686,-3.2254,1.1346,345.9249,-49.2335
2017-09-19,22.953,0.4083,2.8348,7.9337,3.4199,-2.1423,1.6078,347.3374,-49.0262
2017-09-20,23.1085,0.6778,2.2501,9.2262,5.8294,-1.3364,3.0456,349.6917,-48.6807
2017-09-21,23.1155,0.0299,1.7888,8.541,5.9272,-0.9054,0.743,349.7963,-48.6653
2017-09-22,23.233,0.5085,2.0656,8.6231,5.7548,-0.0092,1.1371,351.5751,-48.4043
2017-09-25,23.5684,1.4435,3.1004,10.1207,7.5151,1.9097,3.9773,356.65,-47.6595
2017-09-26,23.558,-0.044,2.636,9.5831,7.6354,0.4372,4.3946,356.4931,-47.6825
2017-09-27,23.6583,0.4256,2.3788,10.5407,7.5068,-0.5011,5.5441,358.0102,-47.4599
2017-09-28,23.679,0.0877,2.438,10.7789,7.368,-0.3854,1.2616,358.3242,-47.4138
2017-09-29,23.6755,-0.0146,1.9048,10.7098,6.8728,-0.058,1.4213,358.2718,-47.4215
2017-10-02,23.6686,-0.0292,0.4254,10.1501,4.8232,0.0846,0.0275,358.1671,-47.4369
2017-10-03,23.6444,-0.1022,0.3669,8.9818,6.8805,-0.7431,-0.004,357.801,-47.4906
2017-10-04,23.6271,-0.0731,-0.1315,8.3059,8.0018,-0.5043,0.9531,357.5394,-47.529
2017-10-05,23.7343,0.4536,0.2336,7.0556,8.6612,-0.8454,-0.1193,359.1612,-47.291
2017-10-06,23.5338,-0.8449,-0.5987,5.9554,7.3909,-1.3059,-1.1165,356.1268,-47.7363
2017-10-09,23.5822,0.2057,-0.3652,7.311,7.0284,-1.8423,-0.3378,356.8592,-47.6288
2017-10-10,23.6029,0.0879,-0.1755,6.3975,6.8248,-1.7698,-1.794,357.1731,-47.5827
2017-10-11,23.6583,0.2344,0.1317,5.9947,6.6469,-1.1212,-0.4253,358.0102,-47.4599
2017-10-12,23.5718,-0.3653,-0.6846,4.3,5.6236,0.3512,-0.3675,356.7023,-47.6518
2017-10-13,23.558,-0.0587,0.1029,3.7375,5.691,0.0758,0.1272,356.4931,-47.6825
2017-10-16,23.6099,0.2201,0.1173,3.7211,6.4287,1.2435,0.937,357.2778,-47.5674
2017-10-17,23.6237,0.0586,0.0879,3.3424,4.9573,2.8119,1.4905,357.4872,-47.5366
2017-10-18,23.4577,-0.7025,-0.8476,2.1992,4.537,1.5951,0.373,354.9759,-47.9052
2017-10-19,23.3851,-0.3095,-0.792,1.1969,5.2538,1.7887,-1.3383,353.8772,-48.0664
2017-10-20,23.4301,0.1922,-0.543,1.3611,5.6508,1.386,-1.0367,354.5573,-47.9666
2017-10-23,23.3091,-0.5165,-1.274,0.3274,3.7956,0.0118,-0.9026,352.7261,-48.2354
2017-10-24,23.354,0.1928,-1.1415,-0.9095,3.8852,0.5409,-0.4136,353.4063,-48.1355
2017-10-25,23.1915,-0.6958,-1.1349,-1.5557,2.1237,0.9459,-0.6522,350.9473,-48.4964
2017-10-26,23.2399,0.2087,-0.621,-1.7682,2.4601,1.0821,-0.673,351.6798,-48.3889
2017-10-27,23.2814,0.1785,-0.6345,-1.6791,2.4119,1.5469,-0.1237,352.3076,-48.2968
2017-10-30,23.4024,0.5197,0.4005,-1.1536,2.9596,2.5903,0.6704,354.1387,-48.028
2017-10-31,23.4785,0.325,0.5329,-0.8034,3.6834,2.634,2.1014,355.2897,-47.8591
2017-11-01,23.7447,1.1338,2.3852,0.424,6.3494,5.7402,3.2441,359.3181,-47.2679
2017-11-02,23.6755,-0.2912,1.8744,0.2049,5.7005,3.7876,4.0961,358.2718,-47.4215
2017-11-03,23.7447,0.2921,1.9899,0.0437,6.8229,3.3537,3.9865,359.3181,-47.2679
2017-11-06,24.2875,2.286,3.7819,3.2026,9.517,6.5969,6.9443,367.532,-46.0625
2017-11-07,24.2564,-0.1281,3.3132,2.8588,9.2759,5.0694,4.5548,367.0613,-46.1316
2017-11-08,24.1388,-0.4846,1.6599,2.2704,9.9121,4.7756,3.913,365.2824,-46.3927
2017-11-09,24.2114,0.3008,2.2634,2.3381,10.9669,5.4475,2.5538,366.381,-46.2314
2017-11-10,24.0835,-0.5283,1.4269,2.1707,10.7095,4.0762,1.5794,364.4453,-46.5155
2017-11-13,23.9452,-0.5742,-1.4092,1.6437,10.4898,3.9964,2.8718,362.3527,-46.8226
2017-11-14,23.558,-1.6171,-2.8791,-0.2196,9.7573,3.3338,0.6432,356.4931,-47.6825
2017-11-15,23.2918,-1.1301,-3.509,-1.405,10.0745,2.1964,-3.2235,352.4645,-48.2738
2017-11-16,23.1984,-0.4007,-4.1839,-1.1054,9.088,0.5459,-2.9356,351.052,-48.481
2017-11-17,23.3125,0.4918,-3.2013,-0.3105,10.1903,1.2635,-1.7973,352.7785,-48.2277
2017-11-20,23.2572,-0.2373,-2.8732,-0.7378,9.2066,0.7859,-2.4298,351.9414,-48.3505
2017-11-21,23.3091,0.223,-1.0567,0.0,8.9787,1.5474,-4.4817,352.7261,-48.2354
2017-11-22,23.4024,0.4005,0.475,0.2072,9.3453,3.8399,-4.0464,354.1387,-48.028
2017-11-24,23.4681,0.2807,1.1624,1.1926,9.1649,3.9594,-4.1721,355.1327,-47.8822
2017-11-27,23.2296,-1.0165,-0.3559,-0.0446,8.5377,4.2962,-4.6766,351.5229,-48.4119
2017-11-28,23.4093,0.7739,0.6541,0.5495,9.5173,5.5531,-2.5859,354.2434,-48.0127
2017-11-29,23.5373,0.5464,0.979,0.5762,10.0631,5.4691,-0.8367,356.1791,-47.7286
2017-11-30,23.8899,1.4982,2.083,1.7523,11.1799,8.2992,-4.2192,361.5155,-46.9455
2017-12-01,24.0904,0.8394,2.6518,1.4561,11.0375,9.0073,-3.6482,364.55,-46.5001
2017-12-04,24.08,-0.0431,3.6612,1.7085,10.382,7.6887,-3.9729,364.393,-46.5232
2017-12-05,23.9763,-0.4307,2.4221,0.9755,8.1472,8.7578,-5.2224,362.8234,-46.7535
2017-12-06,23.6652,-1.2978,0.5435,-2.5623,6.5469,7.6609,-6.2786,358.1149,-47.4445
2017-12-07,23.7343,0.2922,-0.6512,-2.1522,8.0032,5.4394,-6.7473,359.1612,-47.291
2017-12-08,23.9521,0.9177,-0.5741,-0.7734,7.9716,5.6594,-6.3968,362.4573,-46.8073
2017-12-11,24.125,0.7217,0.1867,-0.357,8.0858,5.6323,-6.0166,365.0732,-46.4234
2017-12-12,24.0593,-0.2723,0.3461,-0.1005,6.4569,7.287,-6.711,364.079,-46.5692
2017-12-13,24.0247,-0.1437,1.5194,0.3321,5.7928,7.9485,-7.8864,363.5559,-46.646
2017-12-14,23.9383,-0.3598,0.8594,1.6143,5.164,5.8097,-6.3404,362.248,-46.838
2017-12-15,23.9167,-0.0901,-0.1478,2.6831,4.6243,6.3883,-6.633,361.9214,-46.8859
2017-12-18,24.1012,0.7712,-0.0987,3.8914,5.0024,8.5934,-6.4933,364.7127,-46.4762
2017-12-19,24.136,0.1444,0.3187,3.5322,4.4461,10.5346,-5.928,365.2393,-46.399
2017-12-20,24.4771,1.4131,1.8827,5.245,5.8904,12.1667,-4.3852,370.4007,-45.6415
2017-12-21,24.9956,2.1186,4.4169,7.2356,7.5867,13.7781,-2.5134,378.248,-44.4899
2017-12-22,25.0478,0.2089,4.7294,7.0309,6.2773,14.2642,-2.7061,379.038,-44.3739
2017-12-26,25.2671,0.8753,4.8375,7.6656,7.2548,15.4441,-1.7645,382.3559,-43.887
2017-12-27,25.1836,-0.3306,4.3403,8.4117,6.4472,14.438,-2.3067,381.0919,-44.0725
2017-12-28,25.2218,0.152,3.0428,7.7427,6.5156,14.3637,-1.0853,381.6713,-43.9875
2017-12-29,25.1488,-0.2898,0.6127,6.8466,6.2225,13.5229,-1.1761,380.5653,-44.1498
2018-01-02,25.5629,1.6468,2.0564,7.003,8.0034,13.2126,0.7448,386.8326,-43.23
2018-01-03,25.9457,1.4976,2.686,7.7015,9.733,17.2831,1.1125,392.6258,-42.3798
2018-01-04,26.1024,0.6036,3.6484,8.3983,10.4762,19.3163,1.9369,394.9958,-42.032
2018-01-05,26.0919,-0.04,3.4497,8.8237,9.9333,19.4549,2.1515,394.8378,-42.0552
2018-01-08,26.2485,0.6002,4.3731,10.9163,11.5355,19.7789,2.6699,397.2078,-41.7074
2018-01-09,26.1824,-0.2519,2.4234,10.3146,11.0262,18.8296,3.9175,396.2072,-41.8543
2018-01-10,26.1511,-0.1197,0.7914,9.1806,10.7959,18.3574,4.7455,395.7331,-41.9238
2018-01-11,26.6871,2.0495,2.24,10.6199,12.8023,20.3001,5.7507,403.8437,-40.7335
2018-01-12,26.9446,0.965,3.268,11.9924,14.3085,20.7368,7.215,407.741,-40.1616
2018-01-16,26.6035,-1.2658,1.3524,10.7339,12.9278,19.3544,6.171,402.5797,-40.919
2018-01-17,26.8367,0.8765,2.499,12.1078,13.6674,20.9747,6.4432,406.1083,-40.4012
2018-01-18,26.6174,-0.817,1.7833,11.2922,12.6727,18.2582,5.8139,402.7903,-40.8881
2018-01-19,26.5826,-0.1308,-0.3913,10.296,13.3214,18.4627,6.259,402.2636,-40.9654
2018-01-22,27.1569,2.1603,0.7879,12.5163,16.1289,22.2301,8.1467,410.9537,-39.6901
2018-01-23,27.1151,-0.1538,1.9231,10.7778,15.7279,22.2675,9.1371,410.3216,-39.7829
2018-01-24,27.042,-0.2696,0.7651,8.1871,16.0151,20.4185,7.6604,409.2155,-39.9452
2018-01-25,26.8297,-0.785,0.7976,7.114,14.8828,19.3462,6.2594,406.0029,-40.4167
2018-01-26,26.9759,0.5448,1.4795,6.7631,16.318,18.7883,6.7529,408.215,-40.092
2018-01-29,26.5687,-1.5095,-2.1659,5.5003,14.3236,17.136,6.2462,402.053,-40.9963
2018-01-30,26.0327,-2.0173,-3.9918,3.2151,11.8177,14.5146,6.0459,393.9423,-42.1866
2018-01-31,26.0502,0.0669,-3.6679,3.5843,11.314,14.6084,6.0731,394.2059,-42.148
2018-02-01,26.3181,1.0287,-1.9069,2.9544,12.0947,16.2236,7.964,398.261,-41.5528
2018-02-02,25.2184,-4.1788,-6.5153,-2.8035,6.2063,12.9498,2.8696,381.6186,-43.9952
2018-02-05,24.1603,-4.1954,-9.0647,-7.44,2.0477,7.8649,-2.2921,365.6081,-46.3449
2018-02-06,24.3518,0.7923,-6.4572,-6.6693,2.5567,9.554,-0.679,368.5047,-45.9197
2018-02-07,23.9446,-1.6721,-8.0828,-8.7775,-1.4119,7.9708,-0.9379,362.3429,-46.824
2018-02-08,23.2207,-3.0233,-11.7694,-11.312,-4.2699,4.6099,-4.1599,351.3882,-48.4317
2018-02-09,23.2033,-0.0749,-7.9906,-11.2723,-3.8758,5.6522,-5.2983,351.1249,-48.4703
2018-02-12,23.5826,1.6349,-2.3912,-11.6328,-2.5972,8.0849,-4.4723,356.8655,-47.6279
2018-02-13,23.4852,-0.4132,-3.5587,-12.839,-2.4844,7.959,-5.0485,355.3909,-47.8443
2018-02-14,23.8262,1.4522,-0.4942,-10.4396,-0.4969,9.9408,-3.9835,360.552,-47.0869
2018-02-15,23.7671,-0.2483,2.3531,-11.4382,0.8875,10.7314,-3.8433,359.6568,-47.2182
2018-02-16,23.7079,-0.2489,2.1749,-10.9309,1.7866,12.041,-2.7573,358.7615,-47.3496
2018-02-20,23.5791,-0.5432,-0.0148,-11.2987,1.641,10.8782,-2.7479,356.8129,-47.6356
2018-02-21,23.1824,-1.6827,-1.2893,-14.6354,-0.5583,9.5751,-5.0309,350.809,-48.5167
2018-02-22,23.4364,1.0959,-1.636,-13.5669,0.7706,10.0482,-2.5102,354.6535,-47.9525
2018-02-23,23.9446,2.1681,0.7468,-11.4543,2.7264,11.9499,-0.8135,362.3429,-46.824
2018-02-26,24.0873,0.5959,1.6001,-10.2218,2.9264,12.5452,0.7193,364.5021,-46.5072
2018-02-27,23.774,-1.3004,0.8266,-11.8694,1.3036,10.588,-1.4374,359.7621,-47.2028
2018-02-28,23.2276,-2.2983,0.1952,-12.5753,-0.0083,8.5286,-3.4059,351.4936,-48.4162
2018-03-01,23.1928,-0.1499,-1.0395,-10.9091,-0.9249,8.5043,-5.4449,350.9668,-48.4935
2018-03-02,23.3007,0.4652,-2.689,-10.5545,-1.005,8.957,-4.0962,352.5996,-48.2539
2018-03-05,23.5478,1.0605,-2.2395,-10.5263,-1.4319,9.5879,-2.9041,356.339,-47.7052
2018-03-06,23.5617,0.0591,-0.893,-6.5691,-2.1946,8.6006,-3.0622,356.5495,-47.6743
2018-03-07,23.3842,-0.7533,0.6743,-3.2123,-2.8896,7.1924,-2.9314,353.8636,-48.0684
2018-03-08,23.3773,-0.0298,0.7953,-4.0017,-2.4985,5.4451,-0.3688,353.7582,-48.0839
2018-03-09,23.8228,1.9056,2.2405,-0.5087,0.6659,7.2564,0.8636,360.4995,-47.0946
2018-03-12,23.8158,-0.0292,1.138,2.5629,0.3433,8.3739,0.9781,360.3941,-47.11
2018-03-13,23.6453,-0.716,0.3545,1.9049,-1.2812,6.5883,0.2408,357.8135,-47.4887
2018-03-14,23.506,-0.5888,0.5209,-0.3247,-2.5656,5.3128,0.7877,355.7069,-47.7979
2018-03-15,23.3842,-0.5182,0.0298,-0.4298,-2.8058,3.4699,-1.9164,353.8636,-48.0684
2018-03-16,23.5928,0.8918,-0.9653,-0.9798,-1.7979,3.8907,-0.3375,357.0195,-47.6053
2018-03-19,23.2283,-1.5451,-2.467,-2.2671,-2.9661,2.0447,-1.8057,351.5032,-48.4148
2018-03-20,23.4245,0.845,-0.9335,-1.1952,-2.0579,2.4712,-0.8338,354.4735,-47.9789
2018-03-21,24.0379,2.6186,2.2628,1.9458,-0.2624,4.7269,2.4834,363.7558,-46.6167
2018-03-22,23.5472,-2.0414,0.697,1.5738,-2.4393,1.8983,0.5366,356.33,-47.7065
2018-03-23,23.4035,-0.6103,-0.8023,-0.1405,-4.3859,1.2461,0.3294,354.1552,-48.0256
2018-03-26,23.8241,1.7973,2.5653,-0.503,-4.6868,2.5443,2.5349,360.5203,-47.0915
2018-03-27,23.5998,-0.9416,0.7482,-2.0237,-5.7811,0.1334,2.0456,357.1256,-47.5897
2018-03-28,23.1406,-1.9457,-3.7329,-2.6643,-8.4159,-1.7717,-1.3422,350.1771,-48.6094
2018-03-29,23.6278,2.1055,0.3424,1.723,-6.1775,-0.1285,-0.629,357.55,-47.5274
2018-04-02,23.1547,-2.0027,-1.0633,-0.1645,-8.196,-2.2144,-2.5913,350.3894,-48.5783
2018-04-03,23.6489,2.1344,-0.7356,1.4942,-5.9641,-0.1126,-0.1706,357.8682,-47.4807
2018-04-04,23.6173,-0.1334,0.0743,0.2952,-7.611,-0.2167,-0.1323,357.3908,-47.5508
2018-04-05,24.0414,1.7958,3.8928,2.036,-7.3396,1.6791,0.9234,363.8087,-46.6089
2018-04-06,23.6068,-1.8078,-0.089,0.9518,-9.5606,-0.0861,-0.5899,357.2317,-47.5741
2018-04-09,23.719,0.4751,2.4372,1.4617,-9.0946,-0.0647,-0.9095,358.929,-47.325
2018-04-10,24.5041,3.3102,3.6164,2.8601,-6.6458,4.1231,2.7634,370.8102,-45.5814
2018-04-11,24.76,1.0442,4.8382,3.9646,-5.4327,4.9944,3.0601,374.6822,-45.0132
2018-04-12,24.7565,-0.0142,2.9742,4.6995,-5.3329,4.8873,3.031,374.6291,-45.021
2018-04-13,25.0299,1.1043,6.0282,6.4827,-6.2097,5.7976,4.6114,378.7663,-44.4138
2018-04-16,25.2857,1.0223,6.6056,8.1316,-6.1565,7.271,7.6478,382.6383,-43.8456
2018-04-17,25.3839,0.3881,3.5903,7.5917,-4.5845,7.7506,7.8322,384.1235,-43.6276
2018-04-18,25.7835,1.5741,4.1336,11.0005,-3.9246,9.2064,10.5643,390.1701,-42.7402
2018-04-19,25.815,0.1224,4.2758,10.205,-3.0147,9.276,12.3487,390.6475,-42.6702
2018-04-20,25.6923,-0.4752,2.6467,6.8824,-3.3492,9.5261,11.2732,388.7911,-42.9426
2018-04-23,25.8501,0.6139,2.2318,9.7797,-4.8122,10.5406,12.5178,391.1779,-42.5923
2018-04-24,25.5732,-1.0712,0.7456,9.2707,-5.6867,9.1467,10.6595,386.9877,-43.2073
2018-04-25,25.7765,0.7949,-0.0272,8.1947,-4.68,10.5855,10.5985,390.064,-42.7558
2018-04-26,26.1515,1.455,1.3035,10.8124,-2.5279,11.9786,12.5843,395.7395,-41.9229
2018-04-27,25.8746,-1.0588,0.7094,11.8146,-4.0826,11.5692,12.6246,391.5492,-42.5378
2018-04-30,25.8711,-0.0135,0.0814,9.4941,-2.6257,11.3218,12.5264,391.4963,-42.5456
2018-05-01,25.7134,-0.6097,0.5483,11.0506,-1.2268,10.4459,12.1544,389.1094,-42.8959
2018-05-02,25.8185,0.4089,0.1632,9.1744,-0.8892,10.3242,13.1819,390.7006,-42.6624
2018-05-03,25.7589,-0.2308,-1.5011,9.068,-2.1248,9.713,12.6028,389.7989,-42.7947
2018-05-04,25.8851,0.4898,0.0406,7.6688,2.6439,9.0143,15.272,391.7083,-42.5145
2018-05-07,25.9202,0.1354,0.1896,9.7995,7.2839,9.4808,13.6275,392.2387,-42.4367
2018-05-08,26.1235,0.7843,1.5949,10.1374,7.2754,10.0181,13.7078,395.3151,-41.9852
2018-05-09,26.6562,2.0394,3.2446,8.7827,11.3248,9.753,16.9933,403.3774,-40.802
2018-05-10,26.856,0.7495,4.2591,8.4654,15.6558,10.7174,16.3302,406.4007,-40.3583
2018-05-11,26.8946,0.1436,3.8998,8.6365,15.9087,11.4163,16.7371,406.9842,-40.2727
2018-05-14,27.0804,0.6907,4.476,8.1921,14.8319,11.8495,17.9425,409.7954,-39.8601
2018-05-15,27.0874,0.0259,3.6898,7.125,15.3382,12.4727,17.0573,409.9014,-39.8445
2018-05-16,27.182,0.3494,1.9724,7.0837,14.0844,13.5175,18.0541,411.3336,-39.6344
2018-05-17,27.5921,1.5087,2.7408,7.0147,16.0938,17.1241,21.0287,417.5393,-38.7236
2018-05-18,27.3783,-0.7749,1.7985,6.0557,15.4817,17.5448,20.1266,414.3038,-39.1985
2018-05-21,27.6587,1.0242,2.1356,7.6535,17.3016,19.2265,19.8774,418.5471,-38.5757
2018-05-22,27.2907,-1.3306,0.7505,5.5729,17.7216,17.0644,18.5435,412.9779,-39.3931
2018-05-23,27.2872,-0.0129,0.3868,6.7023,16.4305,17.3277,18.2497,412.9247,-39.4009
2018-05-24,26.8385,-1.6442,-2.7312,4.1202,12.086,15.1419,16.9237,406.1356,-40.3972
2018-05-25,26.141,-2.5989,-4.5192,-0.0402,8.5262,11.7021,15.9913,395.5804,-41.9462
2018-05-29,26.0604,-0.3084,-5.7787,0.718,9.617,11.046,15.4427,394.3605,-42.1253
2018-05-30,26.849,3.0262,-1.6183,3.7799,15.5909,15.5813,20.5469,406.2946,-40.3739
2018-05-31,26.6457,-0.7572,-2.3507,3.6259,14.8878,13.8252,20.146,403.2181,-40.8254
2018-06-01,26.7719,0.4736,-0.2482,3.6926,14.8974,13.7427,19.9634,405.1277,-40.5451
2018-06-04,26.5406,-0.8641,1.5285,3.0344,12.7092,11.0954,20.3153,401.6269,-41.0589
2018-06-05,26.4775,-0.2377,1.6005,2.2884,12.3749,9.9087,19.8085,400.6723,-41.199
2018-06-06,26.6037,0.4766,-0.9138,2.637,13.7675,10.4801,18.9746,402.5818,-40.9187
2018-06-07,27.0068,1.5152,1.355,3.3812,15.5257,12.6392,22.504,408.6816,-40.0236
2018-06-08,26.9542,-0.1947,0.6808,1.1177,13.1446,13.8981,22.6236,407.8859,-40.1403
2018-06-11,27.0944,0.5202,2.0867,0.8875,13.7665,14.157,20.3665,410.0076,-39.829
2018-06-12,26.8876,-0.7633,1.5489,-0.026,13.7123,12.2555,18.6085,406.8782,-40.2882
2018-06-13,26.7859,-0.378,0.6851,-1.0872,13.9534,11.0298,17.2834,405.34,-40.514
2018-06-14,26.7474,-0.144,-0.9604,-1.2552,14.3821,11.1727,19.2738,404.7564,-40.5996
2018-06-15,26.1729,-2.1478,-2.8985,-3.7124,10.936,8.9414,17.6007,396.0631,-41.8754
2018-06-18,26.434,0.9977,-2.4373,-4.1971,13.8012,10.4257,16.841,400.0147,-41.2955
2018-06-19,26.374,-0.227,-1.91,-3.6681,12.5914,10.2744,17.319,399.1068,-41.4287
2018-06-20,26.4905,0.4415,-1.103,-4.2237,10.2028,9.9136,19.3589,400.869,-41.1701
2018-06-21,26.0,-1.8516,-2.7943,-4.7294,10.4163,7.7229,19.0711,393.4465,-42.2594
2018-06-22,26.5187,1.9951,1.3213,-2.8161,13.3108,8.3411,21.5227,401.2962,-41.1074
2018-06-25,25.9859,-2.0093,-1.6954,-3.1769,9.0737,3.9617,18.2856,393.2329,-42.2907
2018-06-26,26.314,1.2629,-0.2274,0.662,11.5011,5.0552,20.0405,398.1991,-41.5619
2018-06-27,26.6669,1.341,0.666,2.3274,15.2385,5.5401,21.8399,403.5389,-40.7783
2018-06-28,26.6316,-0.1323,2.4294,-0.8097,12.7129,5.7501,21.0183,403.005,-40.8566
2018-06-29,26.7975,0.6228,1.0512,0.5696,15.7326,6.2471,21.5082,405.5148,-40.4883
2018-07-02,26.4022,-1.4749,1.6024,-1.3807,11.6427,4.9843,19.1813,399.5339,-41.366
2018-07-03,26.5681,0.6282,0.9655,0.1038,12.4942,3.9322,17.6644,402.0438,-40.9977
2018-07-05,26.5399,-0.1063,-0.4764,0.2357,10.3922,2.2899,19.9688,401.6165,-41.0604
2018-07-06,26.7022,0.6116,0.265,0.3704,13.1123,2.298,22.0582,404.0729,-40.6999
2018-07-09,27.1009,1.4933,1.1324,0.3488,14.2585,3.8672,24.0744,410.107,-39.8144
2018-07-10,27.3021,0.7422,3.4082,1.2908,11.4184,4.0138,24.5866,413.1508,-39.3677
2018-07-11,26.7234,-2.1197,0.5844,-1.3693,7.9297,2.0661,21.2848,404.3933,-40.6529
2018-07-12,26.7693,0.1717,0.8643,-0.4401,8.1303,2.3638,21.1552,405.0876,-40.551
2018-07-13,26.9104,0.5273,0.7797,0.4647,7.5131,0.8369,21.3069,407.2235,-40.2375
2018-07-16,26.5999,-1.154,-1.849,-0.5515,5.1971,-1.2794,19.192,402.5243,-40.9272
2018-07-17,26.494,-0.3979,-2.9598,1.2269,4.3733,-0.4117,18.8631,400.9224,-41.1623
2018-07-18,26.5116,0.0666,-0.7923,0.2937,2.8242,-1.2112,19.5094,401.1894,-41.1231
2018-07-19,26.5187,0.0266,-0.9359,0.5486,2.7259,-0.3709,17.8196,401.2962,-41.1074
2018-07-20,26.427,-0.346,-1.7965,-0.2398,2.8593,-0.5856,17.769,399.9077,-41.3112
2018-07-23,26.3105,-0.4406,-1.0878,1.1943,1.7812,-3.1167,18.4205,398.1455,-41.5698
2018-07-24,26.6422,1.2608,0.5594,0.4658,4.1804,-1.7441,20.135,403.1653,-40.8331
2018-07-25,26.8645,0.8344,1.331,3.3813,4.2212,-0.6564,19.628,406.5293,-40.3394
2018-07-26,27.1574,1.0902,2.4085,3.205,3.8465,1.2213,20.8038,410.9615,-39.689
2018-07-27,27.041,-0.4288,2.3234,1.4027,4.5078,0.2411,19.0748,409.1993,-39.9476
2018-07-30,27.2633,0.8221,3.6213,2.3718,5.3812,2.6142,20.1982,412.5634,-39.4539
2018-07-31,27.2139,-0.1812,2.1457,1.5539,5.8355,4.5371,19.7102,411.8159,-39.5636
2018-08-01,26.8363,-1.3875,-0.1051,1.644,3.942,3.0178,18.067,406.102,-40.4021
2018-08-02,26.6881,-0.5523,-1.7282,0.4516,3.6071,1.4057,17.8573,403.8593,-40.7313
2018-08-03,26.5505,-0.5157,-1.8139,0.0399,2.5704,5.2823,18.9161,401.7768,-41.0369
2018-08-06,26.6493,0.3721,-2.2521,-0.1982,2.8129,10.3017,18.9768,403.2719,-40.8175
2018-08-07,26.8469,0.7415,-1.3485,-0.9375,2.7692,10.2462,20.7791,406.2624,-40.3786
2018-08-08,26.6528,-0.7229,-0.6837,-2.3782,-0.0129,11.3104,20.1827,403.3253,-40.8096
2018-08-09,26.4058,-0.9268,-1.0578,-1.1884,-1.6765,13.7168,18.9591,399.5875,-41.3582
2018-08-10,26.5681,0.6147,0.0665,-0.7514,-1.2139,14.5016,20.9735,402.0438,-40.9977
2018-08-13,26.2293,-1.2751,-1.5757,-2.5308,-3.1425,11.2232,20.2155,396.9174,-41.75
2018-08-14,26.2929,0.2422,-2.0636,-1.1541,-2.9331,11.9552,20.8658,397.8786,-41.609
2018-08-15,25.3754,-3.4894,-4.7928,-4.2221,-6.6464,6.5019,17.0891,383.9949,-43.6465
2018-08-16,25.5589,0.7231,-3.2073,-3.5938,-7.3688,7.5391,19.0795,386.7716,-43.239
2018-08-17,25.6224,0.2485,-3.5596,-3.3799,-6.4134,8.0753,21.0887,387.7327,-43.0979
2018-08-20,25.7953,0.6748,-1.6548,-2.3902,-6.7371,9.3989,21.2995,390.3493,-42.7139
2018-08-21,25.9259,0.5062,-1.3958,-1.4619,-5.0009,11.8344,22.5427,392.3251,-42.424
2018-08-22,26.2364,1.1978,3.3931,-1.5232,-3.8507,11.9471,23.1958,397.0242,-41.7343
2018-08-23,26.1129,-0.4707,2.1676,-2.7978,-2.7036,9.0556,22.0877,395.1554,-42.0086
2018-08-24,26.3034,0.7297,2.658,-3.1445,0.6215,9.2007,22.9001,398.0388,-41.5854
2018-08-27,26.4975,0.7379,2.7223,-2.0097,1.6775,11.4558,23.2567,400.9758,-41.1544
2018-08-28,26.3846,-0.4262,1.7694,-3.2229,-1.7297,13.5915,23.2793,399.2669,-41.4052
2018-08-29,26.5469,0.6152,1.1836,-2.4508,-0.3707,14.4619,24.1961,401.7233,-41.0447
2018-08-30,26.4728,-0.2792,1.3783,-1.3544,-1.1171,13.6138,23.7902,400.6019,-41.2093
2018-08-31,26.2682,-0.7731,-0.1341,-1.5734,-1.0263,11.5525,22.248,397.505,-41.6638
2018-09-04,26.2117,-0.215,-1.0787,-1.2759,-1.0038,11.247,20.8149,396.6504,-41.7892
2018-09-05,26.1764,-0.1346,-0.7891,-1.7743,-1.606,11.9404,19.9917,396.1165,-41.8676
2018-09-06,25.693,-1.8469,-3.2168,-4.2981,-4.8646,9.9058,15.8903,388.8007,-42.9412
2018-09-07,25.6894,-0.0137,-2.9592,-3.6145,-4.6921,7.8358,15.6608,388.7473,-42.949
2018-09-10,25.6789,-0.0412,-2.2434,-2.7529,-5.2244,7.8228,16.8519,388.5872,-42.9725
2018-09-11,25.9223,0.9482,-1.1039,-2.4306,-3.5899,9.6302,16.8529,392.2717,-42.4318
2018-09-12,26.0564,0.5173,-0.4583,-0.6592,-2.7234,10.8499,16.7392,394.3009,-42.134
2018-09-13,26.067,0.0406,1.4559,-0.8589,-2.5436,11.4727,15.3407,394.4611,-42.1105
2018-09-14,26.2046,0.528,2.0055,3.268,0.1213,11.0706,15.3921,396.5437,-41.8049
2018-09-17,26.247,0.1616,2.2124,2.6922,-0.7076,12.996,15.3064,397.1844,-41.7108
2018-09-18,26.4199,0.6588,1.9194,3.1125,0.1739,12.7873,15.5745,399.801,-41.3268
2018-09-19,26.5011,0.3072,1.7064,2.736,0.04,10.2468,15.4581,401.0292,-41.1466
2018-09-20,26.5081,0.0266,1.6922,2.2458,1.9544,12.5743,14.7113,401.136,-41.1309
2018-09-21,26.6833,0.6608,1.8265,1.7033,0.6206,14.0141,15.4348,403.7867,-40.7419
2018-09-24,27.0741,1.4647,3.1513,3.681,4.1879,13.6416,16.533,409.701,-39.874
2018-09-25,27.2482,0.6431,3.1352,3.5918,3.5501,15.4595,15.6135,412.3356,-39.4873
2018-09-26,26.9853,-0.9649,1.8272,1.8408,1.1939,16.6144,14.5483,408.3568,-40.0712
2018-09-27,26.9853,0.0,1.8001,2.2766,1.328,14.2097,14.0629,408.3568,-40.0712
2018-09-28,26.9107,-0.2765,0.8522,1.3702,0.4224,16.2215,13.6478,407.2278,-40.2369
2018-10-01,27.2838,1.3863,0.7743,3.0632,3.3387,15.3702,15.2402,412.8733,-39.4084
2018-10-02,27.3122,0.1042,0.2347,3.9744,2.8006,15.6447,15.394,413.3034,-39.3453
2018-10-03,27.5325,0.8065,2.0276,5.0388,3.74,14.5209,16.4437,416.6368,-38.8561
2018-10-04,27.4188,-0.4129,1.6063,4.7461,2.6836,16.1477,16.0478,414.9164,-39.1086
2018-10-05,27.4152,-0.013,1.8748,6.7031,1.1596,15.5835,15.5087,414.8626,-39.1165
2018-10-08,27.3939,-0.0778,0.4037,6.6348,0.3362,11.793,16.4023,414.5399,-39.1638
2018-10-09,27.639,0.8949,1.1968,7.6335,3.4265,11.6279,17.203,418.2498,-38.6194
2018-10-10,26.7721,-3.1366,-2.7616,3.2781,0.0107,8.1418,13.427,405.1308,-40.5447
2018-10-11,25.8661,-3.3842,-5.6628,-0.7305,-3.8807,3.3409,9.3322,391.4204,-42.5567
2018-10-12,25.9371,0.2747,-5.3914,-0.4983,-2.4914,2.5762,10.0345,392.4957,-42.3989
2018-10-15,25.7204,-0.8356,-6.1089,-1.8479,-2.9199,1.3257,9.1791,389.2159,-42.8803
2018-10-16,25.9336,0.8288,-6.1705,-1.194,-2.1804,0.5822,9.8422,392.4418,-42.4068
2018-10-17,25.7702,-0.6302,-3.7425,-2.4593,-2.8227,-0.1738,9.0861,389.9687,-42.7698
2018-10-18,25.6422,-0.4964,-0.8654,-3.2407,-2.9694,-0.195,9.3125,388.033,-43.0539
2018-10-19,25.4149,-0.8868,-2.0137,-4.1243,-3.4041,-1.6836,8.6795,384.5921,-43.5588
2018-10-22,25.1342,-1.1045,-2.2793,-5.8056,-5.6604,-1.7167,7.273,380.3444,-44.1822
2018-10-23,24.4769,-2.6152,-5.6172,-9.5931,-8.8878,-5.0418,5.01,370.3978,-45.6419
2018-10-24,23.5104,-3.9483,-8.7688,-13.7176,-13.4291,-10.0992,0.6697,355.7732,-47.7882
2018-10-25,23.7982,1.2241,-7.1913,-11.8104,-11.992,-8.0248,2.6161,360.1283,-47.149
2018-10-26,23.6206,-0.7465,-7.06,-12.4687,-13.3612,-8.699,1.6379,357.4399,-47.5436
2018-10-29,23.18,-1.8652,-7.7749,-13.8632,-14.8229,-9.8524,-0.4356,350.7728,-48.522
2018-10-30,23.7165,2.3145,-3.1064,-13.0746,-11.6253,-8.1415,1.3421,358.8916,-47.3305
2018-10-31,23.8622,0.6143,1.4962,-12.6317,-10.5886,-7.3635,1.6343,361.0961,-47.007
2018-11-01,24.0647,0.8487,1.1197,-12.5952,-9.3624,-7.0327,1.3477,364.1607,-46.5573
2018-11-02,24.0043,-0.251,1.6245,-12.4531,-9.9251,-7.3914,1.3886,363.2466,-46.6914
2018-11-05,24.4058,1.6726,5.2882,-10.9772,-9.0927,-6.5752,2.7842,369.3223,-45.7998
2018-11-06,24.5195,0.4659,3.3858,-10.4928,-8.0041,-8.0159,0.9553,371.0429,-45.5473
2018-11-07,24.921,1.6374,4.4371,-9.8342,-5.623,-7.2053,2.7399,377.1185,-44.6556
2018-11-08,24.3809,-2.1671,1.314,-8.9317,-8.2324,-9.3464,1.003,368.946,-45.855
2018-11-09,24.3383,-0.1749,1.3914,-5.9066,-7.2097,-10.1257,0.524,368.3007,-45.9497
2018-11-12,23.8337,-2.073,-2.3439,-8.1096,-9.3528,-12.0116,-1.037,360.6659,-47.0701
2018-11-13,23.2866,-2.2958,-5.0283,-9.4626,-8.2316,-14.3309,-2.7506,352.3858,-48.2853
2018-11-14,23.2475,-0.1678,-6.7151,-10.3576,-9.0434,-15.7458,-1.318,351.7945,-48.3721
2018-11-15,23.5886,1.4672,-3.2498,-8.4654,-7.9376,-13.8419,1.2743,356.9561,-47.6146
2018-11-16,23.8693,1.1899,-1.927,-6.9142,-7.4666,-13.7006,2.8918,361.2036,-46.9912
2018-11-19,23.8622,-0.0298,0.1193,-6.1093,-7.96,-12.5628,2.3578,361.0961,-47.007
2018-11-20,23.0805,-3.2758,-0.885,-8.1708,-12.0287,-15.4162,-0.7598,349.2674,-48.7429
2018-11-21,23.4429,1.5702,0.8406,-4.2242,-10.2248,-12.6519,0.5742,354.7516,-47.9381
2018-11-23,22.7074,-3.1373,-3.7355,-3.4155,-13.6713,-13.1348,-2.9697,343.6218,-49.5715
2018-11-26,23.0485,1.5022,-3.4385,-3.1502,-13.0163,-11.5572,-1.7878,348.7836,-48.8139
2018-11-27,22.9846,-0.2775,-3.6778,-2.6925,-12.8864,-14.3932,-1.0546,347.8158,-48.956
2018-11-28,23.379,1.7158,1.2931,0.8584,-11.9335,-12.26,-0.1298,353.7837,-48.0801
2018-11-29,23.5317,0.6535,0.3789,-0.779,-11.1098,-12.1028,-0.0234,356.0958,-47.7408
2018-11-30,23.4891,-0.1812,3.4424,-1.5635,-10.5796,-11.4973,-1.6777,355.4505,-47.8355
2018-12-03,24.0114,2.2236,4.1776,-0.2215,-8.3943,-9.3139,-0.328,363.3542,-46.6756
2018-12-04,23.3221,-2.8707,1.4685,-2.8419,-10.9041,-12.335,-3.1476,352.9235,-48.2064
2018-12-06,22.8922,-1.8434,-2.082,-6.2018,-10.9009,-15.2353,-4.5217,346.4178,-49.1611
2018-12-07,22.7643,-0.5588,-3.2614,-7.1584,-11.3866,-15.5445,-3.8068,344.4822,-49.4452
2018-12-10,22.409,-1.5608,-4.5984,-10.0798,-12.7337,-17.2929,-5.584,339.1056,-50.2342
2018-12-11,22.4161,0.0317,-6.644,-8.0589,-13.526,-16.6303,-6.4129,339.2131,-50.2185
2018-12-12,22.5049,0.3962,-3.504,-7.5328,-13.6301,-15.9823,-6.7153,340.5572,-50.0212
2018-12-13,22.576,0.3157,-1.3814,-5.2773,-13.3926,-15.5955,-6.1653,341.6325,-49.8634
2018-12-14,22.0608,-2.282,-3.0904,-5.2639,-15.8135,-15.7113,-8.1747,333.8364,-51.0075
2018-12-17,21.6593,-1.8199,-3.3455,-6.8317,-17.4789,-18.0628,-9.5203,327.7608,-51.8992
2018-12-18,21.1477,-2.3622,-5.6586,-10.3479,-19.9556,-19.8163,-11.5779,320.0185,-53.0354
2018-12-19,20.8989,-1.1761,-7.1361,-12.4442,-21.1392,-21.1077,-13.2866,316.2548,-53.5877
2018-12-20,20.3198,-2.7712,-9.9937,-14.8452,-23.345,-21.8469,-15.8112,307.4908,-54.8739
2018-12-21,20.1226,-0.9707,-8.7859,-12.8158,-24.5874,-24.1194,-17.7901,304.506,-55.3119
2018-12-24,19.3085,-4.0456,-10.8536,-17.6362,-28.6829,-25.6962,-22.7526,292.1869,-57.1198
2018-12-26,20.5099,6.2221,-3.0159,-9.6777,-24.7295,-22.0573,-18.1172,310.3671,-54.4518
2018-12-27,20.6175,0.5246,-1.3469,-10.5476,-23.5974,-22.6852,-18.4019,311.9951,-54.2129
2018-12-28,20.4597,-0.7653,0.6883,-10.9853,-24.1822,-23.1753,-18.7578,309.6073,-54.5633
2018-12-31,20.5673,0.5259,2.2099,-12.0266,-23.5722,-23.2493,-18.4546,311.2354,-54.3244
2019-01-02,20.9725,1.9703,8.6181,-10.8757,-23.1319,-20.5655,-16.6062,317.3678,-53.4244
2019-01-03,20.7645,-0.9918,1.2415,-11.5995,-23.9735,-21.8443,-18.771,314.2202,-53.8863
2019-01-04,21.471,3.4024,4.1399,-10.58,-22.0157,-19.0991,-17.2466,324.9113,-52.3173
2019-01-07,21.7902,1.4866,6.5031,-6.5686,-20.5283,-18.3956,-16.5203,329.7413,-51.6085
2019-01-08,21.9587,0.7735,6.7655,-4.0777,-19.9031,-18.9743,-15.8409,332.2919,-51.2342
2019-01-09,22.3066,1.5842,6.3612,-2.0106,-18.5709,-18.2971,-15.0177,337.5561,-50.4616
2019-01-10,22.3711,0.2894,7.7375,-0.1689,-19.0596,-16.2862,-14.5566,338.5329,-50.3183
2019-01-11,22.2385,-0.5931,3.5744,-0.7925,-16.9343,-16.9254,-14.9616,336.5249,-50.613
2019-01-14,22.1847,-0.2419,1.8104,-1.4231,-14.2327,-17.561,-16.8711,335.7109,-50.7324
2019-01-15,22.2636,0.3557,1.3883,-1.3838,-14.1634,-16.3019,-17.3728,336.905,-50.5572
2019-01-16,22.2349,-0.1289,-0.3216,0.7891,-13.5517,-16.0759,-16.4214,336.4707,-50.6209
2019-01-17,22.4393,0.9194,0.3046,3.6012,-13.474,-15.3607,-16.3858,339.5641,-50.167
2019-01-18,22.8947,2.0297,2.9512,8.2613,-11.1579,-13.6657,-13.9859,346.4563,-49.1555
2019-01-22,22.3962,-2.1773,0.9538,7.1645,-12.6588,-15.2523,-15.7486,338.9128,-50.2625
2019-01-23,22.1667,-1.0248,-0.435,9.0893,-12.7804,-15.7495,-18.3753,335.4396,-50.7723
2019-01-24,22.2851,0.5339,0.2258,10.7468,-11.3355,-16.3543,-17.8131,337.2305,-50.5094
2019-01-25,22.5684,1.2713,0.5753,16.8833,-7.797,-15.9919,-16.5433,341.5177,-49.8803
2019-01-28,22.3425,-1.0011,-2.4123,8.9351,-4.9679,-17.7298,-16.725,338.0988,-50.382
2019-01-29,22.4106,0.305,0.0641,8.6972,-5.8308,-17.1235,-16.9237,339.1299,-50.2307
2019-01-30,22.7262,1.4082,2.5239,11.078,-3.7864,-16.6418,-14.4626,343.9056,-49.5298
2019-01-31,22.8732,0.647,2.6392,11.2119,-1.3234,-15.9501,-12.1367,346.1307,-49.2033
2019-02-01,23.2713,1.7404,3.1146,10.9611,-1.8772,-13.2842,-10.6673,352.1547,-48.3192
2019-02-04,23.3251,0.2311,4.3981,12.3316,-2.2508,-12.6011,-11.3725,352.9686,-48.1998
2019-02-05,23.361,0.1538,4.2407,8.8024,-2.9244,-12.013,-7.3653,353.5113,-48.1201
2019-02-06,23.1888,-0.7369,2.0357,6.4187,-3.3972,-12.9852,-4.0212,350.9064,-48.5024
2019-02-07,22.676,-2.2116,-0.8623,3.2664,-7.0877,-15.5359,-6.8816,343.1459,-49.6413
2019-02-08,22.572,-0.4587,-3.0051,1.1897,-7.9427,-15.311,-5.7324,341.572,-49.8723
2019-02-11,22.6796,0.4766,-2.7675,1.3787,-8.9941,-14.1114,-2.3302,343.2001,-49.6334
2019-02-12,22.9665,1.265,-1.6887,3.2737,-5.8015,-13.5562,-1.0205,347.5417,-48.9962
2019-02-13,23.2534,1.2492,0.2784,4.8173,-4.4576,-11.346,-1.3961,351.8832,-48.3591
2019-02-14,23.3358,0.3547,2.91,4.8163,-2.089,-11.2465,-0.6358,353.1314,-48.1759
2019-02-15,23.7124,1.6137,5.0524,6.6452,1.8287,-6.5535,-0.4777,358.8298,-47.3396
2019-02-19,23.7841,0.3025,4.8703,5.9933,2.3084,-6.9438,0.0718,359.9151,-47.1803
2019-02-20,23.8846,0.4222,3.9975,4.3233,1.2547,-6.7825,0.7451,361.4346,-46.9573
2019-02-21,23.5152,-1.5466,1.1258,4.996,-1.4836,-8.8394,-0.2713,355.8448,-47.7777
2019-02-22,23.5833,0.2898,1.0604,6.3906,-1.1687,-9.0356,1.7295,356.876,-47.6263
2019-02-25,23.6228,0.1673,-0.3781,6.0026,2.3494,-9.9619,0.795,357.473,-47.5387
2019-02-26,23.5474,-0.3188,-0.9952,4.3382,0.4459,-9.8245,-1.6585,356.3334,-47.706
2019-02-27,23.6371,0.3807,-1.036,5.7945,4.0941,-10.1369,-1.8689,357.6901,-47.5069
2019-02-28,23.4004,-1.0014,-0.488,4.4167,1.5267,-11.6884,-1.5715,354.1083,-48.0325
2019-03-01,23.8308,1.8391,1.0493,4.8603,3.6815,-9.6793,2.5966,360.6206,-47.0768
2019-03-04,23.8738,0.1806,1.0627,4.3744,2.1166,-10.0695,2.9362,361.2719,-46.9812
2019-03-05,23.7949,-0.3305,1.0508,2.2499,1.1183,-10.1158,2.1209,360.0779,-47.1564
2019-03-06,23.4936,-1.266,-0.6069,0.7226,0.0194,-10.5623,-0.23,355.5193,-47.8254
2019-03-07,23.3538,-0.5953,-0.1992,-0.0307,-2.7388,-10.9032,-0.8825,353.4028,-48.136
2019-03-08,22.9163,-1.8735,-3.8375,-1.1754,-1.7402,-12.4546,-2.0013,346.7819,-49.1077
2019-03-11,23.2749,1.565,-2.5086,2.6411,1.6717,-9.4115,-0.438,352.2089,-48.3113
2019-03-12,23.4255,0.6471,-1.5524,3.7814,2.9046,-8.8127,-1.6675,354.4882,-47.9768
2019-03-13,23.6622,1.0104,0.7174,4.3327,5.5925,-7.8534,-0.6449,358.0699,-47.4511
2019-03-14,23.6873,0.1061,1.4281,3.1386,5.671,-8.622,0.1778,358.4498,-47.3954
2019-03-15,23.6779,-0.0397,3.3236,1.8257,5.2122,-9.1284,0.7311,358.3076,-47.4162
2019-03-18,24.0068,1.3891,3.1448,2.8753,6.3379,-7.9035,2.6624,363.285,-46.6858
2019-03-19,23.9418,-0.271,2.2038,0.9672,8.5263,-8.6354,1.4792,362.3004,-46.8303
2019-03-20,24.1514,0.8756,2.0674,1.5441,11.5059,-7.9841,3.9742,365.4727,-46.3647
2019-03-21,24.3213,0.7034,2.6764,1.8285,15.0069,-7.9434,3.8282,368.0433,-45.9875
2019-03-22,23.6635,-2.7047,-0.0611,0.6306,13.2279,-10.7075,-1.5579,358.0888,-47.4483
2019-03-25,23.6743,0.0458,-1.3852,0.3858,16.5085,-10.6904,0.5396,358.2529,-47.4243
2019-03-26,24.014,1.4351,0.3019,1.6564,19.3389,-10.0034,2.6088,363.3942,-46.6697
2019-03-27,23.8442,-0.7074,-1.2721,1.2601,23.4907,-11.93,0.0841,360.8236,-47.047
2019-03-28,23.9345,0.379,-1.5901,1.2583,16.6976,-12.1611,1.4184,362.191,-46.8463
2019-03-29,23.8984,-0.151,0.9928,2.1281,15.9134,-11.4392,3.2746,361.6441,-46.9266
2019-04-01,24.2128,1.3158,2.2748,1.6033,18.3443,-10.2739,2.4759,366.4025,-46.2283
2019-04-02,24.0466,-0.6867,0.1355,0.7237,16.9168,-10.643,3.852,363.8865,-46.5975
2019-04-03,23.8153,-0.962,-0.1213,0.0856,13.5547,-12.7127,0.7035,360.386,-47.1112
2019-04-04,24.014,0.8347,0.3322,2.2151,15.6495,-12.0757,1.6798,363.3942,-46.6697
2019-04-05,24.4369,1.761,2.2534,4.638,13.8137,-11.2432,1.6451,369.7936,-45.7306
2019-04-08,24.5454,0.4437,1.3734,7.109,12.6442,-10.4797,3.9758,371.4345,-45.4898
2019-04-09,24.2454,-1.2222,0.8267,4.1697,10.4134,-11.5623,2.2193,366.8948,-46.156
2019-04-10,24.3357,0.3727,2.1855,3.8856,9.0966,-11.1637,-0.6872,368.2621,-45.9554
2019-04-11,24.3538,0.0743,1.4148,2.9228,8.8626,-11.8863,-1.6405,368.5356,-45.9152
2019-04-12,24.4189,0.2671,-0.074,3.0884,9.8047,-8.7899,-1.3638,369.5201,-45.7707
2019-04-15,24.2743,-0.592,-1.1044,2.5187,9.4193,-6.154,-3.0187,367.3324,-46.0918
2019-04-16,24.4333,0.6551,0.7752,1.7765,9.7457,-5.798,-3.3712,369.7389,-45.7386
2019-04-17,24.4008,-0.1331,0.2673,1.9172,9.7411,-5.1307,-3.8729,369.2466,-45.8109
2019-04-18,24.2851,-0.474,-0.282,0.5537,8.226,-6.3564,-5.8112,367.4965,-46.0677
2019-04-22,24.7984,2.1134,1.5542,1.9617,8.3147,-3.7709,-3.9382,375.2632,-44.9279
2019-04-23,24.7586,-0.1604,1.9952,4.6281,10.548,-3.446,-3.6343,374.6614,-45.0162
2019-04-24,24.3249,-1.7518,-0.4438,2.7481,9.736,-4.2887,-5.9001,368.0981,-45.9794
2019-04-25,24.249,-0.3121,-0.6221,0.9783,8.8126,-3.5218,-5.178,366.9494,-46.148
2019-04-26,23.9345,-1.2968,-1.4437,0.379,6.0533,-2.2157,-7.1458,362.191,-46.8463
2019-04-29,23.9128,-0.0906,-3.5709,-0.0906,7.0287,1.7117,-8.5604,361.8628,-46.8945
2019-04-30,23.8948,-0.0756,-3.489,-0.0151,6.6227,0.4057,-7.6516,361.5894,-46.9346
2019-05-01,23.4177,-1.9967,-3.7296,-3.2841,3.0427,-0.859,-9.4833,354.3696,-47.9942
2019-05-02,23.0092,-1.7441,-5.1125,-4.3138,0.5947,-0.7366,-10.5164,348.189,-48.9012
2019-05-03,23.2225,0.9268,-2.9749,-2.489,-0.2097,-2.083,-10.0549,351.416,-48.4276
2019-05-06,23.2442,0.0934,-2.7963,-3.2059,-0.3469,-2.5899,-9.7627,351.7442,-48.3795
2019-05-07,23.0418,-0.8708,-3.5698,-5.7092,-1.3663,-4.2507,-10.9844,348.6813,-48.829
2019-05-08,23.0418,0.0,-1.6052,-6.1258,-0.6341,-4.0098,-11.1048,348.6813,-48.829
2019-05-09,23.0418,0.0,0.1414,-4.9642,1.6131,-5.5889,-11.7966,348.6813,-48.829
2019-05-10,23.1502,0.4706,-0.3113,-4.8715,2.5617,-5.5845,-13.1527,350.3222,-48.5882
2019-05-13,22.7526,-1.7174,-2.1147,-6.5746,0.3221,-8.7009,-15.2793,344.3057,-49.4711
2019-05-14,23.0309,1.2232,-0.0471,-5.6838,0.2807,-5.5371,-14.3659,348.5171,-48.853
2019-05-15,23.1502,0.5179,0.4706,-4.6307,-0.4436,-4.8815,-14.5129,350.3222,-48.5882
2019-05-16,23.2767,0.5464,1.0196,-4.7337,-0.2534,-2.3372,-14.068,352.2365,-48.3072
2019-05-17,23.0418,-1.0093,-0.4684,-5.5695,-2.8282,-1.0513,-15.2315,348.6813,-48.829
2019-05-20,23.0526,0.0471,1.3185,-5.0752,-3.0756,-0.8383,-16.4521,348.8454,-48.8049
2019-05-21,23.3201,1.1602,1.2555,-5.9612,-2.3633,-1.1383,-14.8227,352.8928,-48.2109
2019-05-22,22.9586,-1.5499,-0.8275,-7.2701,-2.3666,-3.8151,-16.993,347.4233,-49.0136
2019-05-23,22.1888,-3.3533,-4.6739,-8.7816,-5.9132,-7.0128,-18.6946,335.7732,-50.7233
2019-05-24,22.2719,0.3747,-3.3412,-8.1532,-5.7184,-3.5034,-18.3795,337.0313,-50.5387
2019-05-28,22.0406,-1.0386,-4.3901,-7.913,-6.3992,-5.9819,-17.877,333.5308,-51.0524
2019-05-29,21.8996,-0.6396,-6.0911,-8.419,-7.3506,-3.5575,-16.225,331.3976,-51.3654
2019-05-30,21.6213,-1.2708,-5.8249,-9.5145,-7.6028,-6.1922,-17.0338,327.1861,-51.9835
2019-05-31,21.2418,-1.7553,-4.2678,-9.2916,-10.8639,-7.5824,-20.8842,321.4431,-52.8263
2019-06-03,21.5129,1.2762,-3.408,-6.5033,-9.8891,-7.9819,-19.2632,325.5452,-52.2243
2019-06-04,21.8852,1.7305,-0.7051,-5.7587,-8.0258,-6.9972,-18.2532,331.1789,-51.3975
2019-06-05,21.643,-1.1065,-1.1718,-6.8885,-7.8772,-7.8594,-18.4531,327.5144,-51.9353
2019-06-06,22.0442,1.8537,1.9559,-4.3294,-5.6076,-8.1928,-16.7436,333.5855,-51.0444
2019-06-07,22.1454,0.4591,4.2539,-3.8902,-3.3638,-5.0455,-16.7581,335.1168,-50.8196
2019-06-10,22.2105,0.2938,3.2426,-3.6079,-4.5733,-2.978,-17.7596,336.1014,-50.6751
2019-06-11,22.2538,0.1953,1.6845,-3.872,-5.0017,-2.2423,-17.4382,336.7578,-50.5788
2019-06-12,21.9394,-1.413,1.3694,-3.5743,-7.2809,-2.0956,-19.0261,331.9993,-51.2771
2019-06-13,22.196,1.1697,0.6886,-3.6252,-6.2958,-0.9818,-17.4488,335.8827,-50.7072
2019-06-14,22.0514,-0.6514,-0.4243,-4.7463,-6.8692,-2.0151,-17.6753,333.6948,-51.0283
2019-06-17,22.2358,0.8359,0.1139,-4.4721,-7.3773,-1.507,-16.8675,336.4842,-50.6189
2019-06-18,22.543,1.3817,1.2993,-2.1647,-5.8424,2.1858,-13.8689,341.1334,-49.9367
2019-06-19,22.5177,-0.1122,2.6359,-2.3205,-6.7644,3.9632,-14.8155,340.7505,-49.9928
2019-06-20,23.0165,2.2151,3.6964,-1.3019,-5.3648,8.837,-12.7305,348.2984,-48.8851
2019-06-21,23.1828,0.7226,5.1306,0.9763,-2.0312,10.9281,-12.4863,350.8153,-48.5158
2019-06-24,22.9749,-0.8968,3.3241,3.5429,-2.9542,13.0665,-11.6349,347.6692,-48.9775
2019-06-25,22.7925,-0.7938,1.1069,2.3375,-5.0867,13.2685,-14.0511,344.9095,-49.3825
2019-06-26,23.1427,1.5363,2.7756,5.0003,-2.942,19.8576,-10.9413,350.2082,-48.6049
2019-06-27,22.9713,-0.7407,-0.1965,4.8933,-4.0246,12.001,-12.7035,347.6141,-48.9856
2019-06-28,23.2375,1.1591,0.236,7.475,-2.7654,12.7079,-12.8602,351.6431,-48.3943
2019-07-01,23.2594,0.0942,1.2383,9.4982,-3.9378,13.6841,-12.6625,351.9744,-48.3457
2019-07-02,22.8874,-1.5995,0.4161,6.3891,-4.8207,11.2806,-14.5914,346.3446,-49.1719
2019-07-03,22.9785,0.3984,-0.7092,4.9959,-3.5133,9.5651,-12.9675,347.7244,-48.9694
2019-07-05,23.0114,0.1429,0.1746,6.3224,-4.1754,10.8207,-13.3872,348.2212,-48.8965
2019-07-08,23.0442,0.1426,-0.8319,4.5363,-5.6993,7.3271,-13.1714,348.7179,-48.8236
2019-07-09,23.0624,0.0791,-0.8468,4.141,-6.0416,5.8387,-13.631,348.9939,-48.7831
2019-07-10,23.3579,1.281,2.0558,5.1661,-3.6605,6.3717,-13.8116,353.4646,-48.127
2019-07-11,23.4053,0.203,1.8571,5.1741,-3.8234,4.9254,-14.2729,354.1821,-48.0217
2019-07-12,23.5038,0.4208,2.1398,7.1305,-3.4904,5.0629,-12.0479,355.6724,-47.803
2019-07-15,23.2922,-0.9,1.0763,4.9388,-4.6138,4.7385,-12.9889,352.4712,-48.2728
2019-07-16,23.0442,-1.0649,-0.0791,4.502,-5.0675,3.8745,-14.367,348.7179,-48.8236
2019-07-17,22.7816,-1.1396,-2.4672,2.4547,-6.7602,2.3267,-14.3545,344.7439,-49.4068
2019-07-18,22.7852,0.016,-2.6492,1.0746,-6.6209,2.4752,-13.9985,344.7991,-49.3987
2019-07-19,22.891,0.4642,-2.6071,1.6579,-5.7407,2.0131,-13.6568,346.3997,-49.1638
2019-07-22,22.9968,0.4621,-1.2684,-0.0856,-7.265,0.4457,-13.2809,348.0004,-48.9289
2019-07-23,23.0588,0.2696,0.0633,-0.5349,-6.8656,2.9583,-12.7452,348.9387,-48.7912
2019-07-24,23.1573,0.4271,1.6491,0.7938,-4.8001,4.4686,-11.9847,350.4289,-48.5725
2019-07-25,22.8947,-1.134,0.4802,0.4481,-5.5851,2.7353,-14.0663,346.455,-49.1557
2019-07-26,22.7779,-0.5098,-0.4939,-1.5761,-4.8323,0.9285,-15.2118,344.6887,-49.4149
2019-07-29,22.6868,-0.4003,-1.3481,-1.2385,-5.1273,1.541,-16.462,343.3089,-49.6174
2019-07-30,22.9421,1.1254,-0.5062,-1.2714,-3.9871,2.3715,-15.1581,347.1725,-49.0504
2019-07-31,22.8691,-0.318,-1.2443,-1.6779,-2.3425,0.6289,-16.1175,346.0686,-49.2124
2019-08-01,22.3512,-2.2647,-2.3737,-2.3426,-2.8599,-2.2823,-17.8684,338.231,-50.3626
2019-08-02,22.0302,-1.436,-3.2826,-4.127,-5.1341,-5.3331,-17.9088,333.3739,-51.0754
2019-08-05,21.3737,-2.9801,-5.7878,-7.1168,-8.0471,-8.3661,-19.913,323.4389,-52.5334
2019-08-06,21.3482,-0.1195,-6.9475,-7.3599,-7.3502,-8.6161,-19.594,323.0525,-52.5901
2019-08-07,21.1877,-0.7517,-7.3524,-8.129,-8.0467,-8.6297,-20.4943,320.6241,-52.9465
2019-08-08,21.7968,2.8748,-2.4804,-6.6833,-5.4032,-3.8772,-18.8107,329.8414,-51.5938
2019-08-09,21.5561,-1.1044,-2.1523,-7.9009,-6.8861,-4.5008,-19.1227,326.1986,-52.1284
2019-08-12,21.3007,-1.1844,-0.3413,-9.3731,-6.3812,-6.0796,-19.3331,322.335,-52.6954
2019-08-13,21.4977,0.9247,0.7005,-7.7044,-6.6572,-6.3953,-19.0846,325.3155,-52.258
2019-08-14,20.6552,-3.9192,-2.5134,-10.3672,-10.7777,-11.1735,-21.2517,312.5656,-54.1291
2019-08-15,20.5275,-0.6181,-5.8233,-9.8943,-11.811,-12.0345,-21.9275,310.6338,-54.4127
2019-08-16,20.7974,1.3149,-3.5195,-8.7242,-9.7405,-12.2932,-18.0411,314.7181,-53.8132
2019-08-19,21.257,2.2097,-0.2055,-7.1383,-7.7893,-10.6254,-16.8314,321.6726,-52.7926
2019-08-20,21.0782,-0.8408,-1.9512,-8.3426,-9.6133,-11.7494,-17.7351,318.9681,-53.1895
2019-08-21,21.2132,0.6403,2.7017,-8.0038,-7.6025,-9.7892,-17.7633,321.0104,-52.8898
2019-08-22,21.1184,-0.4471,2.8785,-8.8045,-4.8241,-10.452,-18.5432,319.5753,-53.1004
2019-08-23,20.4108,-3.3506,-1.859,-10.8491,-8.3564,-13.597,-22.2044,308.8676,-54.6719
2019-08-26,20.4983,0.4289,-3.569,-10.008,-6.9974,-12.9489,-21.5012,310.1923,-54.4774
2019-08-27,20.3707,-0.6228,-3.357,-10.209,-6.9817,-13.8191,-22.5552,308.2604,-54.761
2019-08-28,20.6625,1.4325,-2.5963,-9.9364,-4.4348,-11.7005,-22.0212,312.6761,-54.1129
2019-08-29,20.9652,1.4651,-0.7254,-8.3254,-1.3023,-12.0247,-20.5401,317.2571,-53.4406
2019-08-30,20.9652,0.0,2.7162,-6.2011,-2.5459,-12.1833,-21.026,317.2571,-53.4406
2019-09-03,20.8631,-0.4871,1.7794,-5.298,-4.6703,-12.3213,-21.1906,315.7118,-53.6674
2019-09-04,21.1548,1.3986,3.8496,-1.0239,-2.2555,-9.955,-19.4659,320.1272,-53.0194
2019-09-05,21.4175,1.2414,3.654,0.3246,-2.8431,-8.2913,-18.2905,324.1012,-52.4362
2019-09-06,21.5305,0.5279,2.6966,1.6181,-2.7765,-6.0469,-17.7484,325.8122,-52.1851
2019-09-09,21.9609,1.999,4.7495,0.753,-1.1235,-5.6454,-14.5256,332.3252,-51.2293
2019-09-10,22.2199,1.1792,6.5035,3.0795,-0.1526,-5.1466,-13.5058,336.244,-50.6542
2019-09-11,22.2418,0.0985,5.1379,4.4178,1.3783,-6.0029,-13.3849,336.5752,-50.6056
2019-09-12,22.1032,-0.6232,3.2016,2.8164,-0.4183,-6.6877,-14.7332,334.4777,-50.9134
2019-09-13,22.2782,0.7921,3.4728,7.858,1.0286,-5.9113,-14.5,337.1271,-50.5246
2019-09-16,23.026,3.3562,4.8497,12.1713,3.5537,-4.0858,-11.6664,348.4419,-48.8641
2019-09-17,22.705,-1.3939,2.1832,9.1722,0.7186,-5.1658,-13.3551,343.5848,-49.5769
2019-09-18,22.5956,-0.4819,1.5907,6.2972,0.3459,-6.442,-13.9118,341.9291,-49.8199
2019-09-19,22.5372,-0.2583,1.9637,6.9216,-2.0823,-7.3354,-14.6961,341.0459,-49.9495
2019-09-20,22.5556,0.0817,1.245,6.3281,-2.7054,-4.6817,-14.8879,341.3243,-49.9086
2019-09-23,22.563,0.0326,-2.0107,6.8405,-1.7929,-4.6942,-14.8828,341.4358,-49.8923
2019-09-24,22.2059,-1.5824,-2.198,8.7952,-2.5736,-7.5294,-16.7796,336.033,-50.6852
2019-09-25,22.2428,0.1658,-1.5615,8.5101,-3.8886,-6.7162,-17.845,336.59,-50.6034
2019-09-26,21.952,-1.3073,-2.5968,7.7627,-4.4372,-8.2833,-19.4371,332.1897,-51.2492
2019-09-27,21.9483,-0.0168,-2.6926,6.223,-5.548,-8.16,-18.6657,332.134,-51.2574
2019-09-30,21.79,-0.7211,-3.4258,3.9343,-6.3174,-10.0064,-19.2523,329.7389,-51.6089
2019-10-01,21.2858,-2.3142,-4.1439,1.5291,-6.9978,-11.4811,-20.9022,322.1082,-52.7287
2019-10-02,20.7631,-2.4555,-6.6524,-0.4792,-9.6414,-12.816,-23.8994,314.1988,-53.8895
2019-10-03,20.9876,1.0814,-4.393,-0.7905,-8.7946,-12.6028,-23.1566,317.5965,-53.3908
2019-10-04,21.1201,0.6314,-3.7732,-1.3883,-8.3495,-13.5729,-23.2901,319.6018,-53.0965
2019-10-07,20.9324,-0.8889,-3.9358,-2.7781,-9.2359,-14.7196,-23.6567,316.761,-53.5135
2019-10-08,20.5754,-1.7056,-3.3374,-6.3092,-11.9125,-15.1369,-24.9491,311.3582,-54.3063
2019-10-09,20.7631,0.9123,0.0,-6.5563,-11.2889,-14.6807,-24.2054,314.1988,-53.8895
2019-10-10,21.0244,1.2586,0.1754,-5.4733,-10.5487,-13.6709,-23.9322,318.1535,-53.3091
2019-10-11,21.3078,1.348,0.8888,-3.5983,-8.5195,-12.7403,-20.4103,322.4423,-52.6797
2019-10-14,21.2968,-0.0518,1.7408,-4.4054,-7.5828,-12.266,-17.6652,322.2753,-52.7042
2019-10-15,21.3851,0.4148,3.9356,-7.1259,-6.1297,-12.4755,-17.5501,323.6121,-52.508
2019-10-16,21.087,-1.3942,1.56,-7.1261,-7.4532,-13.5807,-18.0145,319.1005,-53.1701
2019-10-17,21.1017,0.0698,0.3677,-6.6113,-7.8166,-13.1085,-18.6317,319.3232,-53.1374
2019-10-18,20.9913,-0.5233,-1.4856,-6.8594,-8.7207,-15.3521,-18.5442,317.6522,-53.3827
2019-10-21,21.3667,1.7886,0.3284,-5.2709,-7.338,-13.6998,-16.6737,323.3336,-52.5489
2019-10-22,21.6428,1.292,1.2048,-4.0783,-6.54,-11.0262,-14.842,327.511,-51.9358
2019-10-23,21.8231,0.8333,3.491,-1.7239,-4.6802,-10.0039,-13.1734,330.2402,-51.5353
2019-10-24,21.7311,-0.4216,2.9828,-2.3002,-4.5957,-9.206,-11.2177,328.8478,-51.7396
2019-10-25,21.9078,0.813,4.3662,-0.2012,-3.4335,-8.3848,-6.8166,331.5214,-51.3473
2019-10-28,21.7827,-0.5712,1.9466,-0.7546,-5.0537,-8.8392,-8.4694,329.6276,-51.6252
2019-10-29,21.871,0.4055,1.0544,0.3716,-4.3645,-6.6048,-7.407,330.9643,-51.429
2019-10-30,21.4256,-2.0363,-1.8215,0.6571,-4.141,-6.8825,-7.5684,324.2248,-52.4181
2019-10-31,21.3336,-0.4295,-1.8293,2.7478,-3.1621,-8.1339,-10.0474,322.8323,-52.6225
2019-11-01,21.8195,2.2775,-0.4032,3.9635,2.0856,-6.1293,-8.5605,330.1846,-51.5435
2019-11-04,22.5298,3.2557,3.4302,6.6748,5.5353,-2.2218,-6.378,340.9345,-49.9659
2019-11-05,22.5593,0.1307,3.1471,7.7721,6.4736,-2.094,-6.0198,341.3801,-49.9005
2019-11-06,22.0992,-2.0395,3.1438,7.4061,1.3874,-4.0907,-9.451,334.4177,-50.9222
2019-11-07,22.4305,1.499,5.1415,8.0305,4.0564,-3.109,-8.5199,339.4306,-50.1866
2019-11-08,22.3384,-0.4102,2.3785,6.25,4.8717,-1.8204,-10.3629,338.0381,-50.3909
2019-11-11,22.2133,-0.5602,-1.405,4.2495,3.3287,-3.5501,-8.8906,336.1443,-50.6688
2019-11-12,22.0992,-0.5137,-2.0395,3.7677,6.9912,-4.54,-9.1998,334.4177,-50.9222
2019-11-13,22.0035,-0.4331,-0.4331,2.8915,7.1904,-5.4699,-7.6792,332.9695,-51.1348
2019-11-14,21.9446,-0.2676,-2.1661,4.067,5.5161,-4.7617,-5.7629,332.0783,-51.2655
2019-11-15,22.1139,0.7715,-1.0051,4.7968,4.0314,-4.072,-4.8762,334.6404,-50.8895
2019-11-18,21.8452,-1.215,-1.657,4.0681,3.6388,-6.3244,-7.3907,330.5745,-51.4862
2019-11-19,21.5213,-1.4827,-2.6149,0.7235,1.4525,-6.2605,-9.8367,325.673,-52.2056
2019-11-20,21.7385,1.0091,-1.2044,0.4422,2.9364,-2.0294,-8.8998,328.9592,-51.7233
2019-11-21,22.0955,1.6424,0.6877,1.2481,8.2542,-0.792,-4.2676,334.362,-50.9304
2019-11-22,22.0219,-0.3332,-0.4161,1.3381,7.4327,-0.0848,-6.0616,333.248,-51.0939
2019-11-25,22.044,0.1003,0.9098,0.6216,8.2144,0.6592,-2.9217,333.5822,-51.0448
2019-11-26,21.8415,-0.9183,1.4879,0.2703,5.7064,1.0186,-5.2367,330.5188,-51.4944
2019-11-27,21.8968,0.2528,0.7281,0.1178,4.4435,3.0833,-4.7328,331.3543,-51.3718
2019-11-29,21.6759,-1.0086,-1.8991,1.1682,3.39,0.7578,-7.2845,328.0122,-51.8623
2019-12-02,21.6759,0.0,-1.5711,1.6045,3.8961,-0.9562,-7.8865,328.0122,-51.8623
2019-12-03,21.352,-1.4943,-3.1391,-2.1424,0.932,-1.3446,-9.0983,323.1107,-52.5816
2019-12-04,21.6722,1.4997,-0.7752,-3.8066,1.1895,-1.6874,-9.7419,327.9566,-51.8704
2019-12-05,21.5692,-0.4755,-1.4961,-4.389,0.1795,-2.602,-7.5162,326.397,-52.0993
2019-12-06,21.9814,1.9113,1.4094,-0.533,0.0933,-1.0312,-3.9786,332.6353,-51.1838
2019-12-09,21.9557,-0.1172,1.2906,-2.1168,-1.1892,-1.3399,-3.5522,332.2455,-51.241
2019-12-10,21.9998,0.2012,3.034,-1.5159,-1.0878,0.2755,-1.8259,332.9138,-51.1429
2019-12-11,21.963,-0.1673,1.3417,-1.1268,-0.6341,-1.0498,-2.0212,332.3568,-51.2247
2019-12-12,22.3679,1.8435,3.7031,1.2159,0.4024,1.4351,-0.6089,338.4837,-50.3255
2019-12-13,22.1986,-0.7569,0.988,0.8866,-3.5932,-0.1672,-1.6716,335.9216,-50.7015
2019-12-16,22.4967,1.343,2.4644,2.5159,-0.9173,-0.2052,1.9761,340.4332,-50.0394
2019-12-17,22.5114,0.0654,2.3256,1.7976,-0.3723,-0.0277,3.9343,340.656,-50.0067
2019-12-18,22.5961,0.3761,2.8825,3.4372,0.2613,-1.8264,6.8492,341.937,-49.8187
2019-12-19,22.5887,-0.0326,0.9873,4.9598,0.1469,-2.5625,8.0855,341.8256,-49.8351
2019-12-20,22.8054,0.9592,2.7337,4.908,1.0745,-0.7377,12.2325,345.1046,-49.3539
2019-12-23,23.0396,1.0267,2.413,4.2726,3.7541,1.0839,14.4962,348.6479,-48.8339
2019-12-24,23.0284,-0.0484,2.2965,4.5705,3.5323,-0.4937,19.2659,348.4792,-48.8586
2019-12-26,23.021,-0.0323,1.8804,4.432,4.8698,0.2165,12.2434,348.3667,-48.8751
2019-12-27,22.9244,-0.4198,1.4858,4.9576,4.4471,-1.3476,11.189,346.9044,-49.0897
2019-12-30,22.852,-0.3156,0.2043,4.3625,4.8738,-1.7515,11.693,345.8096,-49.2504
2019-12-31,22.9821,0.5695,-0.2492,6.0262,7.9696,0.4142,11.7415,347.779,-48.9614
2020-01-02,23.1889,0.8994,0.6967,6.9798,11.6831,0.9152,10.5679,350.9069,-48.5023
2020-01-03,23.12,-0.2971,0.4299,8.28,10.16,0.4719,11.3437,349.8644,-48.6553
2020-01-06,23.2999,0.7781,1.638,7.5102,10.3207,1.1095,8.5179,352.5868,-48.2558
2020-01-07,23.2386,-0.2629,1.6918,7.7399,11.0174,0.7639,6.6472,351.6599,-48.3918
2020-01-08,22.8558,-1.6472,-0.5496,3.978,11.0835,-2.1493,4.0854,345.8675,-49.2419
2020-01-09,23.0243,0.7369,-0.7098,4.8671,10.8904,-1.6279,3.2173,348.4162,-48.8679
2020-01-10,22.8941,-0.5652,-0.9768,4.065,8.893,-2.5938,2.3377,346.4468,-49.1569
2020-01-13,22.9018,0.0334,-1.7086,4.2743,7.4805,-1.6763,2.9828,346.5627,-49.1399
2020-01-14,22.9056,0.0167,-1.433,2.4039,7.5542,-0.6014,3.2497,346.6205,-49.1314
2020-01-15,22.7372,-0.7353,-0.5192,2.4262,6.3223,-0.1949,2.1273,344.0719,-49.5054
2020-01-16,22.7754,0.1683,-1.0807,1.239,8.0071,-0.0429,2.4312,344.6511,-49.4204
2020-01-17,22.63,-0.6386,-1.1537,0.5266,7.2424,-1.1402,0.8499,342.45,-49.7434
2020-01-21,22.2242,-1.793,-2.9584,-1.6457,5.8736,-3.3593,-2.9286,336.31,-50.6445
2020-01-22,22.0099,-0.9645,-3.9104,-2.5625,3.0101,-4.5488,-1.7251,333.0662,-51.1206
2020-01-23,21.9257,-0.3826,-3.569,-3.8576,1.3071,-5.3184,-1.0874,331.7918,-51.3076
2020-01-24,21.673,-1.1522,-4.8403,-5.9312,-0.6878,-5.3358,-2.7464,327.9688,-51.8686
2020-01-27,21.0721,-2.7729,-6.8843,-8.4954,-3.0328,-7.4891,-6.6301,318.8747,-53.2033
2020-01-28,21.1678,0.4542,-4.7537,-8.0501,-3.3779,-6.6954,-5.2576,320.3229,-52.9907
2020-01-29,20.9458,-1.0489,-4.8348,-8.631,-3.8421,-8.7016,-6.5364,316.9631,-53.4838
2020-01-30,21.1142,0.8041,-3.7011,-7.6047,-3.4603,-7.6738,-7.0932,319.5118,-53.1097
2020-01-31,20.4558,-3.1182,-5.6164,-10.9927,-4.5265,-8.4801,-10.5688,309.5489,-54.5719
2020-02-03,20.1879,-1.3099,-4.1962,-12.9415,-5.3706,-8.3629,-13.25,305.4942,-55.1669
2020-02-04,20.2606,0.3603,-4.2857,-12.3675,-7.1445,-5.2078,-13.1382,306.5947,-55.0054
2020-02-05,21.0223,3.7597,0.3655,-9.7749,-6.6913,-1.5263,-10.0109,318.1217,-53.3138
2020-02-06,20.808,-1.0197,-1.4503,-10.4595,-7.7633,-1.7922,-10.2673,314.8779,-53.7898
2020-02-07,20.6625,-0.699,1.0105,-9.5964,-6.5011,-5.2039,-8.8794,312.6767,-54.1128
2020-02-10,20.5591,-0.5002,1.8392,-10.7066,-8.3428,-4.6247,-8.9174,311.1127,-54.3424
2020-02-11,20.7888,1.1171,2.6072,-9.1958,-6.9371,-2.4033,-8.3368,314.5882,-53.8323
2020-02-12,21.0682,1.3441,0.2185,-8.006,-5.1548,-1.9977,-8.2652,318.8167,-53.2118
2020-02-13,21.0032,-0.3088,0.9382,-8.3055,-4.9596,1.6849,-9.6768,317.832,-53.3563
2020-02-14,20.8922,-0.5285,1.1115,-8.1145,-5.0507,1.7765,-10.4718,316.1522,-53.6028
2020-02-18,20.7199,-0.8245,0.782,-9.0252,-5.5808,-0.3726,-12.6199,313.5456,-53.9853
2020-02-19,20.9955,1.3301,0.9943,-7.2226,-5.0574,-1.2299,-11.7247,317.7162,-53.3733
2020-02-20,20.9726,-0.1094,-0.4542,-5.6321,-3.9948,-0.5014,-12.192,317.3687,-53.4243
2020-02-21,20.7237,-1.1864,-1.3304,-5.8435,-3.706,-2.3073,-11.8707,313.6035,-53.9768
2020-02-24,19.7668,-4.6177,-5.3866,-9.8464,-9.07,-6.4,-16.1831,299.1224,-56.102
2020-02-25,18.8941,-4.4152,-8.8121,-12.8223,-14.4892,-7.431,-20.0176,285.9156,-58.0402
2020-02-26,18.3237,-3.0186,-12.7256,-13.0427,-16.7932,-10.6087,-22.1839,277.2849,-59.3068
2020-02-27,17.3438,-5.3479,-17.3025,-18.0652,-21.3219,-14.859,-26.6247,262.4561,-61.483
2020-02-28,17.3285,-0.0882,-16.3834,-17.2697,-20.6628,-16.1354,-25.948,262.2245,-61.517
2020-03-02,18.029,4.0424,-8.7916,-14.612,-17.6638,-14.0052,-24.3458,272.8246,-59.9614
2020-03-03,17.4778,-3.0573,-7.4959,-14.5584,-19.3678,-16.6343,-26.791,264.4835,-61.1855
2020-03-04,17.8912,2.3653,-2.3606,-11.3766,-17.4606,-14.2447,-24.8109,270.7394,-60.2674
2020-03-05,17.2366,-3.6586,-0.6179,-14.9254,-19.274,-18.5217,-26.6329,260.8343,-61.721
2020-03-06,16.2682,-5.6185,-6.1189,-22.6147,-24.9354,-24.0425,-30.3403,246.1793,-63.8717
2020-03-09,12.9916,-20.1412,-27.9405,-37.5644,-39.7678,-39.6597,-43.3085,196.596,-71.1484
2020-03-10,13.6079,4.7436,-22.1419,-34.1423,-38.0938,-38.0361,-41.5342,205.9218,-69.7798
2020-03-11,12.8882,-5.2883,-27.9632,-37.3115,-41.2988,-41.9969,-44.9821,195.032,-71.3779
2020-03-12,11.2805,-12.474,-34.5547,-45.7374,-48.7244,-49.2822,-52.3267,170.7037,-74.9482
2020-03-13,12.3217,9.2297,-24.2588,-41.5152,-43.8979,-44.2536,-47.9818,186.4592,-72.636
2020-03-16,10.6451,-13.6067,-18.0613,-49.3166,-52.4089,-52.2174,-55.0419,161.0882,-76.3593
2020-03-17,10.7179,0.6832,-21.2377,-48.6992,-51.7183,-53.4531,-55.355,162.1887,-76.1978
2020-03-18,9.1791,-14.3572,-28.7794,-55.6993,-59.1982,-59.5724,-61.6608,138.903,-79.6152
2020-03-19,9.803,6.7974,-13.0981,-53.309,-56.4532,-56.6153,-59.4102,148.3448,-78.2295
2020-03-20,9.8987,0.9762,-19.6645,-52.8016,-56.1928,-56.0784,-59.3002,149.7929,-78.017
2020-03-23,9.224,-6.8158,-13.3498,-55.4905,-59.1654,-59.1054,-61.0199,139.5832,-79.5153
2020-03-24,10.7033,16.0373,-0.1357,-45.8521,-53.0668,-52.5625,-54.7893,161.9687,-76.2301
2020-03-25,11.2082,4.7167,22.1054,-40.6789,-51.3526,-49.5263,-53.3267,169.6081,-75.109
2020-03-26,11.893,6.1103,21.3199,-35.095,-48.3551,-46.5309,-50.122,179.9717,-73.5881
2020-03-27,11.0868,-6.7785,12.0029,-36.076,-51.8403,-49.495,-53.6785,167.7723,-75.3784
2020-03-30,11.2003,1.0236,21.4255,-35.3647,-51.1422,-48.9695,-53.1336,169.4897,-75.1264
2020-03-31,11.3725,1.5374,6.2523,-36.9209,-50.234,-47.8086,-53.031,172.0954,-74.744
2020-04-01,10.809,-4.9553,-3.5615,-38.1558,-52.9679,-49.2197,-55.0498,163.5676,-75.9955
2020-04-02,11.7991,9.16,-0.7897,-34.0508,-49.1174,-43.1728,-50.4558,178.5505,-73.7967
2020-04-03,11.6739,-1.0613,5.2947,-32.2729,-49.5075,-44.3774,-51.3874,176.6554,-74.0748
2020-04-06,12.2922,5.2967,9.7484,-24.4403,-47.2435,-41.7987,-49.6983,186.0123,-72.7016
2020-04-07,12.5544,2.1331,10.3923,-3.3652,-45.9762,-40.0242,-48.8523,189.9801,-72.1193
2020-04-08,13.3919,6.6708,23.8957,-1.5872,-41.4072,-34.9131,-44.7653,202.6533,-70.2594
2020-04-09,13.2705,-0.9059,12.471,2.9664,-42.3628,-36.0859,-45.4689,200.8175,-70.5288
2020-04-13,13.2275,-0.3244,13.3088,17.2594,-42.2232,-37.0851,-45.6861,200.166,-70.6244
2020-04-14,13.1649,-0.4734,7.0996,6.843,-42.5159,-38.2158,-46.0872,199.2185,-70.7635
2020-04-15,12.5466,-4.6968,-0.0623,17.8619,-45.2249,-41.0871,-48.3134,189.8617,-72.1367
2020-04-16,12.0104,-4.2732,-10.3156,12.0598,-47.1772,-43.8376,-50.8441,181.7484,-73.3273
2020-04-17,13.2862,10.6223,0.118,44.7444,-41.6644,-36.9934,-45.5501,201.0544,-70.4941
2020-04-20,12.8714,-3.1222,-2.6923,31.3002,-43.1225,-39.0032,-46.999,194.777,-71.4153
2020-04-21,12.6444,-1.7634,-3.9536,27.7378,-43.1054,-39.7636,-49.0112,191.3422,-71.9194
2020-04-22,13.0944,3.5592,4.3668,41.9601,-40.5066,-38.7158,-47.1116,198.1525,-70.9199
2020-04-23,13.5171,3.2277,12.5448,26.2889,-38.3504,-37.5446,-44.431,204.5484,-69.9813
2020-04-24,13.5484,0.2316,1.9735,20.8799,-37.4873,-37.9173,-44.128,205.0221,-69.9118
2020-04-27,13.8419,2.1664,7.5403,16.387,-34.3116,-36.3038,-42.1676,209.4637,-69.26
2020-04-28,14.1589,2.2901,11.9777,27.7091,-33.1111,-35.3705,-40.7896,214.2606,-68.556
2020-04-29,15.2077,7.4074,16.1387,35.7792,-27.3948,-30.1843,-36.3555,230.1317,-66.2268
2020-04-30,14.8712,-2.2131,10.0174,30.7639,-29.5679,-32.0051,-36.496,225.0388,-66.9742
2020-05-01,14.0298,-5.6579,3.5529,29.7973,-31.4143,-34.5188,-39.0256,212.3063,-68.8428
2020-05-04,14.515,3.4589,4.8629,23.0183,-28.1002,-31.9617,-37.4958,219.6497,-67.7651
2020-05-05,14.5268,0.0809,2.5981,24.4385,-28.3004,-33.4229,-37.5036,219.8273,-67.739
2020-05-06,14.1472,-2.6132,-6.9738,15.0907,-32.7041,-37.207,-38.6021,214.0829,-68.5821
2020-05-07,14.515,2.6003,-2.3947,15.6172,-30.2429,-35.6583,-37.0056,219.6497,-67.7651
2020-05-08,15.1764,4.5565,8.173,13.3255,-26.551,-31.326,-34.1353,229.658,-66.2963
2020-05-11,14.9103,-1.7535,2.7231,12.3562,-27.4762,-33.5266,-35.5933,225.6309,-66.8873
2020-05-12,14.6481,-1.7585,0.8351,10.7396,-29.5386,-34.4266,-35.6202,221.6632,-67.4696
2020-05-13,13.9828,-4.5418,-1.1618,6.2128,-33.6309,-37.0521,-39.2869,211.5956,-68.9471
2020-05-14,14.1393,1.1195,-2.5883,12.6949,-32.68,-36.0188,-38.9235,213.9645,-68.5994
2020-05-15,14.0845,-0.3875,-7.1944,17.2695,-32.5846,-35.9895,-39.4908,213.1354,-68.7211
2020-05-18,15.2351,8.1689,2.1785,14.6686,-26.4712,-30.5747,-33.8805,230.5463,-66.166
2020-05-19,14.8085,-2.7999,1.0954,15.0502,-29.4681,-33.0352,-35.762,224.0913,-67.1133
2020-05-20,15.3995,3.9904,10.1315,21.7889,-26.5732,-29.5065,-33.9648,233.0335,-65.801
2020-05-21,15.1529,-1.601,7.1686,15.7203,-26.8814,-29.5911,-33.9991,229.3027,-66.3485
2020-05-22,15.059,-0.6198,6.9186,11.4071,-23.8167,-30.7265,-32.1323,227.8814,-66.5571
2020-05-26,15.4777,2.7807,1.5926,14.2403,-18.0814,-29.9508,-30.5056,234.218,-65.6271
2020-05-27,15.6773,1.2895,5.8668,13.2598,-14.4424,-28.8103,-28.8707,237.2382,-65.1839
2020-05-28,15.239,-2.7958,-1.0419,7.6285,-12.1356,-30.87,-30.4143,230.6055,-66.1573
2020-05-29,15.1686,-0.4623,0.1033,-0.2574,-12.4645,-30.5518,-29.8444,229.5395,-66.3137
2020-06-01,15.4347,1.7544,2.4948,3.7895,-14.3895,-29.5115,-27.3381,233.5665,-65.7227
2020-06-02,15.8652,2.789,2.5031,13.0823,-9.2266,-26.8074,-26.2527,240.0807,-64.7667
2020-06-03,16.3309,2.9354,4.1687,12.5101,-8.7211,-24.6589,-25.3793,247.1281,-63.7325
2020-06-04,16.3348,0.024,7.1906,12.4461,-5.232,-23.4976,-24.5263,247.1873,-63.7238
2020-06-05,17.548,7.4269,15.6863,24.0387,7.8668,-19.0302,-20.3965,265.5457,-61.0296
2020-06-08,18.3385,4.5049,18.8134,26.3413,41.1567,-14.9783,-17.1906,277.5083,-59.274
2020-06-09,17.6497,-3.7559,11.2482,16.297,29.7024,-19.7062,-20.5343,267.0855,-60.8036
2020-06-10,16.7809,-4.9224,2.7558,12.546,30.2035,-23.569,-24.5931,253.9385,-62.733
2020-06-11,15.1999,-9.4217,-6.9478,3.767,34.7442,-30.9091,-30.7188,230.0132,-66.2442
2020-06-12,15.5834,2.5232,-11.1954,11.4469,26.4711,-29.0471,-29.7919,235.8169,-65.3925
2020-06-15,15.6304,0.3014,-14.7674,10.5452,46.8311,-30.1214,-29.1186,236.5275,-65.2882
2020-06-16,16.0804,2.8793,-8.8913,14.1706,50.0338,-27.5611,-27.6822,243.338,-64.2887
2020-06-17,15.5325,-3.4072,-7.4394,1.9522,69.2166,-30.9565,-31.0982,235.047,-65.5055
2020-06-18,15.7243,1.2346,3.4501,6.1839,60.4026,-30.1498,-30.1692,237.9489,-65.0796
2020-06-19,15.4856,-1.5182,-0.6278,0.5591,56.4402,-31.468,-32.7197,234.3363,-65.6098
2020-06-22,15.5573,0.4633,-0.4674,2.6687,68.6607,-31.128,-32.8929,235.422,-65.4504
2020-06-23,15.5732,0.1019,-3.1545,3.4143,45.4985,-31.7129,-32.2166,235.662,-65.4152
2020-06-24,14.7091,-5.5485,-5.3014,-4.9662,31.2356,-36.1573,-35.4653,222.5863,-67.3341
2020-06-25,14.9905,1.9132,-4.6666,-4.381,26.0447,-34.9043,-35.2257,226.8449,-66.7092
2020-06-26,14.4713,-3.4638,-6.5499,-5.0381,30.5266,-37.1388,-37.0027,218.9875,-67.8623
2020-06-29,14.6655,1.3421,-5.7325,-3.3166,30.9381,-36.0266,-36.8887,221.9265,-67.431
2020-06-30,15.0024,2.2973,-3.6651,-2.8008,31.918,-34.3498,-35.4996,227.0248,-66.6828
2020-07-01,14.6377,-2.4306,-0.485,-7.7366,35.4221,-36.3082,-36.0444,221.5067,-67.4926
2020-07-02,14.8003,1.1102,-1.2692,-9.3726,25.4356,-36.1751,-35.591,223.9658,-67.1317
2020-07-06,14.8439,0.2946,2.5747,-9.1274,27.1547,-35.7964,-35.4934,224.6256,-67.0349
2020-07-07,14.3722,-3.1776,-2.0,-18.0977,16.9213,-38.3165,-37.6321,217.4879,-68.0824
2020-07-08,14.3603,-0.0827,-4.2801,-21.6931,14.3846,-38.2051,-37.733,217.308,-68.1088
2020-07-09,13.6508,-4.9406,-6.7425,-22.6571,1.9335,-40.2744,-41.5581,206.5716,-69.6844
2020-07-10,14.0868,3.194,-4.8206,-16.0547,6.1508,-38.8176,-39.8136,213.1694,-68.7161
2020-07-13,14.0115,-0.5346,-5.6075,-7.8184,5.9269,-38.7988,-40.3862,212.0298,-68.8834
2020-07-14,14.503,3.5078,0.9101,-6.9332,10.1641,-36.6731,-37.7347,219.4673,-67.7919
2020-07-15,14.8161,2.159,3.1742,-5.2095,18.089,-35.3167,-35.7057,224.2057,-67.0965
2020-07-16,14.7487,-0.4548,8.043,-8.2814,22.7994,-35.1339,-35.2603,223.1861,-67.2461
2020-07-17,14.5426,-1.3975,3.2358,-6.3732,9.4565,-36.1479,-36.1753,220.0671,-67.7039
2020-07-20,14.3008,-1.6626,2.0651,-9.0526,11.1057,-36.8059,-37.5264,216.4083,-68.2408
2020-07-21,15.1649,6.0421,4.5641,-2.0706,19.9338,-31.7641,-34.0564,229.4841,-66.3219
2020-07-22,14.9786,-1.2285,1.0968,-3.7197,14.3891,-31.946,-35.0416,226.6649,-66.7356
2020-07-23,14.9509,-0.1852,1.3706,-3.9959,10.6071,-31.8111,-35.4377,226.2451,-66.7972
2020-07-24,14.8676,-0.5568,2.2349,1.0778,9.7372,-31.4003,-35.0607,224.9854,-66.9821
2020-07-27,14.8835,0.1067,4.0743,-0.7139,7.5248,-29.3687,-34.6583,225.2254,-66.9468
2020-07-28,14.6298,-1.7044,-3.5285,1.0956,3.3259,-30.8864,-35.5138,221.3867,-67.5102
2020-07-29,14.935,2.0861,-0.2911,1.8378,-1.7932,-28.6967,-34.9012,226.0051,-66.8324
2020-07-30,14.3484,-3.9278,-4.0297,-4.3593,-3.5152,-32.0438,-37.2586,217.1281,-68.1352
2020-07-31,14.281,-0.4696,-3.9456,-2.4371,1.7909,-30.186,-36.1063,216.1084,-68.2848
2020-08-03,14.3325,0.3608,-3.7017,-3.1601,-1.2572,-29.0041,-34.9415,216.8882,-68.1704
2020-08-04,14.6813,2.4336,0.3522,-1.0948,1.0641,-27.5374,-31.3112,222.1664,-67.3958
2020-08-05,14.8359,1.0529,-0.6634,3.2267,4.8686,-29.4277,-30.5049,224.5057,-67.0525
2020-08-06,14.717,-0.8015,2.569,2.4841,1.3916,-29.2722,-30.5398,222.7062,-67.3165
2020-08-07,14.7368,0.1347,3.1918,7.9559,-2.8964,-28.6784,-32.3899,223.0062,-67.2725
2020-08-10,15.1927,3.0931,6.0011,7.8503,1.8938,-26.1027,-29.5203,229.9039,-66.2602
2020-08-11,15.1411,-0.3391,3.1318,8.0623,3.3659,-27.167,-28.9174,229.1242,-66.3747
2020-08-12,15.2917,0.9947,3.0724,5.4386,9.3611,-27.4181,-28.868,231.4034,-66.0402
2020-08-13,14.9945,-1.944,1.8853,1.2039,6.0479,-28.6086,-27.4057,226.9049,-66.7004
2020-08-14,15.1372,0.9516,2.7165,2.6337,7.4735,-27.5462,-26.2591,229.0642,-66.3835
2020-08-17,15.05,-0.5761,-0.9392,3.4887,-1.2152,-27.3648,-27.6354,227.7446,-66.5771
2020-08-18,14.8597,-1.2642,-1.8587,3.908,0.3455,-29.2244,-30.0949,224.8655,-66.9997
2020-08-19,14.6893,-1.147,-3.9399,-3.1365,-4.6118,-29.9596,-30.3108,222.2864,-67.3782
2020-08-20,14.3722,-2.1587,-4.1502,-4.0487,-5.1525,-30.6488,-32.2489,217.4879,-68.0824
2020-08-21,14.281,-0.6343,-5.656,-4.4804,-5.1663,-27.7525,-32.3764,216.1084,-68.2848
2020-08-24,14.6734,2.7477,-2.502,-1.3063,-5.1967,-22.3385,-28.1095,222.0464,-67.4134
2020-08-25,14.4673,-1.4046,-2.6407,-2.7963,-7.7183,-21.046,-29.422,218.9275,-67.8711
2020-08-26,14.1621,-2.1096,-3.5888,-3.197,-7.0668,-18.3448,-30.4779,214.309,-68.5489
2020-08-27,14.1898,0.1959,-1.2686,-4.9893,-6.4523,-18.1126,-31.3254,214.7289,-68.4873
2020-08-28,14.4435,1.7877,1.1379,0.6629,-6.4217,-19.8872,-31.1071,218.5676,-67.9239
2020-08-31,14.1304,-2.1679,-3.7007,-1.0546,-10.9345,-19.1522,-32.6007,213.8292,-68.6193
2020-09-01,14.0353,-0.6732,-2.9863,-2.0741,-14.0568,-21.552,-32.7267,212.3897,-68.8306
2020-09-02,13.9679,-0.4801,-1.3714,-4.8596,-14.4899,-18.9639,-33.9731,211.37,-68.9802
2020-09-03,13.8648,-0.7378,-2.2905,-6.5456,-20.9889,-14.7733,-35.2639,209.8105,-69.2091
2020-09-04,13.8212,-0.3145,-4.3084,-6.0867,-24.6326,6.3861,-35.8064,209.1507,-69.3059
2020-09-08,13.3178,-3.6421,-5.7504,-9.6288,-24.5435,-2.1312,-39.3566,201.5333,-70.4238
2020-09-09,13.409,0.6845,-4.462,-11.7401,-20.0937,4.0408,-39.6531,202.9128,-70.2213
2020-09-10,12.9175,-3.6654,-7.5199,-14.6859,-15.0156,14.5115,-41.9223,195.4753,-71.3128
2020-09-11,12.9294,0.0921,-6.7467,-15.4484,-17.0309,4.9319,-41.5043,195.6552,-71.2864
2020-09-14,13.0285,0.7664,-5.7356,-13.1113,-16.6462,22.3893,-41.5192,197.1547,-71.0664
2020-09-15,12.9334,-0.7302,-2.8869,-14.5588,-19.5707,20.6712,-43.8313,195.7151,-71.2776
2020-09-16,13.4526,4.0148,0.3252,-10.6136,-13.3907,46.5574,-40.7504,203.5726,-70.1245
2020-09-17,13.4724,0.1473,4.2958,-9.3358,-14.3209,37.4315,-40.3758,203.8725,-70.0805
2020-09-18,13.3218,-1.118,3.0349,-9.3092,-13.9727,34.5813,-40.8897,201.5932,-70.415
2020-09-21,12.8802,-3.3146,-1.1379,-10.3807,-17.2077,39.638,-42.8956,194.9113,-71.3956
2020-09-22,12.7473,-1.0322,-1.4387,-10.7395,-18.1457,19.0967,-43.5035,192.8994,-71.6909
2020-09-23,12.1712,-4.5196,-9.5256,-17.0529,-17.2541,8.5921,-45.1896,184.1811,-72.9703
2020-09-24,12.1671,-0.0331,-9.6886,-15.8991,-18.8343,2.305,-45.2984,184.1201,-72.9793
2020-09-25,12.1591,-0.0662,-8.728,-14.1435,-15.9778,9.6713,-44.6105,183.9982,-72.9972
2020-09-28,12.4451,2.3526,-3.3782,-12.2955,-15.14,11.114,-43.2979,188.3268,-72.3619
2020-09-29,12.1027,-2.7517,-5.0569,-16.2069,-19.3284,6.4204,-44.4577,183.1446,-73.1224
2020-09-30,12.0664,-0.2996,-0.8607,-14.6066,-17.5664,11.6333,-43.3122,182.596,-73.203
2020-10-01,11.6958,-3.0718,-3.8742,-16.6687,-20.9759,-0.8756,-43.6704,176.987,-74.0261
2020-10-02,11.8086,0.9645,-2.8827,-15.4591,-20.4481,1.154,-43.7355,178.694,-73.7756
2020-10-05,12.1631,3.0024,-2.2661,-12.2736,-15.3704,-1.05,-42.4098,184.0591,-72.9882
2020-10-06,11.9818,-1.4906,-0.9987,-13.3086,-16.5628,-4.5607,-42.7595,181.3157,-73.3909
2020-10-07,12.151,1.4122,0.7012,-8.7613,-10.9867,-9.2656,-40.9438,183.8763,-73.0151
2020-10-08,12.6063,3.7467,7.785,-5.9865,-10.5099,-5.0055,-39.2851,190.7655,-72.004
2020-10-09,12.4048,-1.598,5.0495,-3.9689,-11.4666,-6.2193,-40.9979,187.7171,-72.4514
2020-10-12,12.4371,0.2598,2.2524,-3.8079,-14.2447,-5.5284,-41.6314,188.2049,-72.3798
2020-10-13,12.2437,-1.5549,2.1856,-6.0238,-17.3623,-2.414,-42.5092,185.2785,-72.8093
2020-10-14,12.2961,0.4278,1.1936,-4.9276,-16.6296,2.3784,-42.5018,186.0711,-72.693
2020-10-15,12.4451,1.2123,-1.2784,-7.4891,-14.423,-6.3304,-40.982,188.3268,-72.3619
2020-10-16,12.1631,-2.2661,-1.9487,-9.7185,-14.9482,-5.5026,-42.3596,184.0591,-72.9882
2020-10-19,11.9053,-2.1199,-4.276,-10.6332,-21.4946,-5.8455,-43.2847,180.1573,-73.5609
2020-10-20,12.0463,1.1844,-1.6124,-6.4748,-19.5768,-8.0047,-43.6213,182.2911,-73.2477
2020-10-21,11.8166,-1.9064,-3.8991,-7.3009,-20.9636,-12.5801,-45.4015,178.816,-73.7577
2020-10-22,12.3041,4.1255,-1.1331,1.0923,-17.2422,-9.184,-43.6189,186.193,-72.6751
2020-10-23,12.2437,-0.4911,0.6625,0.6291,-17.7364,-11.5462,-43.6583,185.2785,-72.8093
2020-10-26,11.8045,-3.5867,-0.8461,-2.9159,-19.3117,-16.6281,-46.1172,178.6331,-73.7845
2020-10-27,11.6514,-1.2969,-3.2776,-6.3775,-21.9857,-23.3846,-46.5104,176.3163,-74.1245
2020-10-28,11.164,-4.184,-5.5233,-7.7563,-22.1937,-24.9288,-48.9554,168.9393,-75.2072
2020-10-29,11.5064,3.0675,-6.4833,-4.6411,-19.4286,-17.9857,-46.2961,174.1215,-74.4466
2020-10-30,11.5709,0.5602,-5.4952,-1.0679,-19.2685,-20.2835,-45.7622,175.097,-74.3035
2020-11-02,11.9657,3.4123,1.3652,1.3306,-18.4972,-17.63,-45.1604,181.0718,-73.4266
2020-11-03,11.8972,-0.5724,2.1093,-2.1861,-19.8081,-15.9039,-47.1936,180.0353,-73.5787
2020-11-04,11.9133,0.1354,6.7124,-0.5716,-19.0507,-17.9242,-47.1911,180.2792,-73.543
2020-11-05,11.9133,0.0,3.5364,-1.9563,-19.1596,-21.501,-46.0916,180.2792,-73.543
2020-11-06,11.6555,-2.1643,0.7312,-7.5423,-23.2821,-21.8293,-48.0373,176.3774,-74.1156
2020-11-09,13.3194,14.2758,11.3131,7.3725,-12.0317,-9.0708,-40.3746,201.5567,-70.4204
2020-11-10,13.7505,3.2366,15.5774,10.5604,-10.079,-1.6614,-38.098,208.0801,-69.463
2020-11-11,13.6095,-1.0255,14.2374,11.155,-9.2367,-3.7474,-38.4165,205.9463,-69.7762
2020-11-12,13.1703,-3.2268,10.5512,7.1101,-12.9934,-6.491,-40.1444,199.3009,-70.7514
2020-11-13,13.6498,3.6403,17.1103,9.6795,-9.3037,-10.4059,-37.799,206.556,-69.6867
2020-11-16,14.5482,6.582,9.2256,19.6091,-2.0964,-1.7581,-34.2125,220.1516,-67.6915
2020-11-17,14.6973,1.0247,6.8854,23.4518,0.0544,-4.5599,-32.721,222.4074,-67.3604
2020-11-18,14.2702,-2.9057,4.8549,18.4615,-0.7095,-5.8254,-33.6927,215.9449,-68.3088
2020-11-19,14.5039,1.6375,10.1254,22.7412,1.5606,-3.6863,-33.2802,219.4809,-67.7899
2020-11-20,14.4273,-0.5278,5.6965,17.2561,-1.6771,-6.7866,-34.7047,218.3225,-67.9599
2020-11-23,15.4466,7.0651,6.1756,26.1599,6.7692,-1.4715,-29.8579,233.7472,-65.6962
2020-11-24,16.2403,5.1382,10.4989,37.5768,14.6744,6.5706,-26.3277,245.7577,-63.9336
2020-11-25,15.8616,-2.3319,11.1519,36.1341,11.7813,4.5688,-27.3788,240.0268,-64.7747
2020-11-27,15.6763,-1.1684,8.0834,40.4187,8.535,1.5652,-28.4082,237.2223,-65.1862
2020-11-30,14.8101,-5.5256,2.6529,28.7115,4.81,-6.6504,-31.675,224.1144,-67.1099
2020-12-01,14.8786,0.4625,-3.6776,28.5864,6.0084,-8.893,-31.359,225.1509,-66.9578
2020-12-02,15.362,3.2494,-5.4081,28.3838,9.981,-5.9552,-28.0535,232.4669,-65.8841
2020-12-03,15.5232,1.049,-2.1336,30.4775,11.9608,-11.5386,-28.373,234.9055,-65.5262
2020-12-04,16.3692,5.4503,4.4205,37.4028,18.4355,-10.7383,-24.1082,247.7087,-63.6473
2020-12-07,15.9865,-2.3382,7.9434,34.1901,20.0382,-9.4234,-27.2727,241.9168,-64.4973
2020-12-08,16.2242,1.4869,9.0441,39.198,20.9947,-3.3176,-26.1047,245.5138,-63.9694
2020-12-09,16.2605,0.2235,5.8484,22.0811,25.8791,6.9775,-26.0882,246.0625,-63.8889
2020-12-10,16.76,3.0723,7.9678,21.8869,29.6272,7.5506,-23.6897,253.6224,-62.7794
2020-12-11,16.5667,-1.1538,1.206,21.7289,27.157,5.9902,-25.9356,250.6961,-63.2089
2020-12-14,15.9865,-3.502,0.0,21.3827,23.6066,-0.584,-27.9842,241.9168,-64.4973
2020-12-15,16.3007,1.9657,0.4718,19.4215,21.1716,4.9459,-27.5417,246.6722,-63.7994
2020-12-16,16.2202,-0.4943,-0.2478,11.4927,20.3953,3.1536,-27.947,245.4529,-63.9783
2020-12-17,16.1436,-0.472,-3.6779,9.841,21.1819,4.2495,-28.5557,244.2944,-64.1483
2020-12-18,15.8737,-1.672,-4.1829,11.2366,23.2406,2.0337,-29.7274,240.2097,-64.7478
2020-12-21,15.5675,-1.929,-2.6211,7.3333,22.1238,-0.0365,-31.7378,235.576,-65.4278
2020-12-22,15.3062,-1.6785,-6.1013,6.0916,25.7577,4.0594,-33.5657,231.6219,-66.0081
2020-12-23,15.6451,2.2139,-3.5457,1.2846,28.5845,4.3664,-32.062,236.7499,-65.2556
2020-12-24,15.5634,-0.5219,-3.5941,-4.1681,27.9981,7.5469,-32.3947,235.5142,-65.4369
2020-12-28,15.4654,-0.6296,-2.572,-2.4978,24.2688,5.4545,-32.5372,234.0315,-65.6545
2020-12-29,15.3633,-0.66,-1.3113,-1.9962,26.9417,2.4059,-32.7703,232.4869,-65.8812
2020-12-30,15.6042,1.5679,1.9472,5.3623,29.3194,6.6027,-32.1028,236.132,-65.3462
2020-12-31,15.4736,-0.8372,-1.096,3.9992,32.3007,4.5494,-33.2715,234.155,-65.6364
2021-01-04,15.4981,0.1583,-0.4197,0.8856,31.2442,4.4073,-32.9667,234.5257,-65.582
2021-01-05,16.1921,4.4784,4.699,4.3094,33.125,12.6631,-30.5054,245.0287,-64.0406
2021-01-06,16.6862,3.051,8.6102,1.936,39.2623,16.1965,-28.1964,252.5044,-62.9435
2021-01-07,16.9311,1.4681,8.5034,5.9089,39.339,24.0303,-25.9221,256.2113,-62.3995
2021-01-08,16.9107,-0.1206,9.2876,4.2313,34.1449,20.0464,-26.5527,255.9023,-62.4448
2021-01-11,17.1761,1.5693,10.8272,5.631,38.4627,22.5857,-24.976,259.9182,-61.8555
2021-01-12,17.7762,3.4942,9.7831,6.0633,42.9294,22.5696,-22.3805,269.0002,-60.5226
2021-01-13,17.6374,-0.7809,5.701,6.4634,44.0532,19.0423,-22.9995,266.8997,-60.8309
2021-01-14,18.16,2.963,7.2582,13.596,47.6897,23.1294,-20.1307,274.8078,-59.6703
2021-01-15,17.4537,-3.8894,3.211,7.073,40.2452,20.0177,-23.3661,264.1194,-61.2389
2021-01-19,17.8048,2.0117,3.6606,9.7697,46.3838,24.502,-21.322,269.4327,-60.4592
2021-01-20,17.8701,0.3669,0.5283,10.6948,50.1029,17.8388,-19.5917,270.4213,-60.3141
2021-01-21,17.2659,-3.3813,-2.1065,8.7706,43.3298,15.2704,-21.5539,261.2775,-61.656
2021-01-22,17.1761,-0.5203,-5.4182,10.3331,45.3552,14.8835,-21.6623,259.9182,-61.8555
2021-01-25,17.0005,-1.0221,-2.5965,11.0696,38.1693,14.3459,-21.5591,257.2616,-62.2453
2021-01-26,16.6372,-2.1373,-6.5581,6.3413,35.8836,11.7827,-21.0464,251.763,-63.0523
2021-01-27,16.4126,-1.3497,-8.1563,5.4565,39.0364,12.186,-22.4642,248.3649,-63.551
2021-01-28,16.6045,1.1692,-3.8307,7.3654,42.5102,11.1784,-20.7262,251.2687,-63.1248
2021-01-29,16.0533,-3.3194,-6.5367,4.4911,43.796,11.8824,-23.969,242.9281,-64.3489
2021-02-01,16.1676,0.7121,-4.8991,3.6107,40.5099,13.2108,-20.963,244.658,-64.095
2021-02-02,16.3432,1.0858,-1.7669,5.62,41.2443,14.0286,-19.0444,247.3146,-63.7051
2021-02-03,17.0413,4.2718,3.8308,9.9579,42.4183,16.0749,-15.8892,257.8794,-62.1547
2021-02-04,17.2292,1.1021,3.762,6.4045,44.8168,16.1313,-18.0435,260.7214,-61.7376
2021-02-05,17.3761,0.8531,8.2401,4.1351,45.8546,18.0683,-16.4928,262.9456,-61.4112
2021-02-08,18.1029,4.1823,11.9697,6.9206,51.9547,22.8409,-12.3879,273.9428,-59.7973
2021-02-09,17.911,-1.06,9.5928,5.9151,53.67,17.8924,-12.8808,271.0391,-60.2234
2021-02-10,18.2539,1.9148,7.1155,6.2753,37.0477,20.5586,-12.1935,276.2288,-59.4618
2021-02-11,17.9722,-1.5433,4.3128,1.1025,30.7024,17.5289,-14.6953,271.9658,-60.0874
2021-02-12,18.2376,1.4766,4.9577,3.4028,34.0066,21.6288,-13.1675,275.9816,-59.4981
2021-02-16,18.6949,2.5073,3.2702,2.9451,41.9468,23.503,-10.5174,282.9012,-58.4826
2021-02-17,18.9725,1.4851,5.9266,8.7018,38.995,26.0634,-8.4336,287.1025,-57.866
2021-02-18,18.5438,-2.2595,1.588,4.1504,27.4646,24.7925,-11.6774,280.6153,-58.818
2021-02-19,18.8541,1.6733,4.9069,5.506,28.283,28.3528,-10.1012,285.3108,-58.129
2021-02-22,19.5073,3.4647,6.9622,12.9818,36.6997,35.7298,-5.8697,295.1959,-56.6783
2021-02-23,19.8299,1.6534,6.0712,15.4505,36.7211,38.8548,0.3191,300.0768,-55.962
2021-02-24,20.5321,3.5413,8.2203,20.7733,42.3139,39.9272,8.6696,310.7033,-54.4025
2021-02-25,20.1361,-1.9288,8.5865,21.0307,30.359,39.1833,9.8908,304.7104,-55.2819
2021-02-26,19.6584,-2.3723,4.2659,19.7761,21.0468,38.8098,13.3454,297.4819,-56.3428
2021-03-01,20.1687,2.5961,3.3906,21.4655,27.1545,42.1349,16.3906,305.2048,-55.2094
2021-03-02,20.0585,-0.5466,1.153,24.9492,27.9545,38.8754,11.257,303.5366,-55.4542
2021-03-03,20.3524,1.4655,-0.8749,25.8838,37.423,44.0331,16.4477,307.9849,-54.8014
2021-03-04,20.8383,2.3872,3.4874,27.5044,40.0559,48.4709,16.4725,315.337,-53.7224
2021-03-05,21.6181,3.7422,9.9689,26.8567,40.7243,54.77,25.4196,327.1374,-51.9906
2021-03-08,21.6589,0.1888,7.3886,25.7109,39.5264,56.2149,33.1368,327.7552,-51.9
2021-03-09,21.2792,-1.7531,6.0859,22.4624,29.9952,53.9605,63.7925,322.0095,-52.7432
2021-03-10,21.8182,2.5326,7.2016,20.5232,36.4786,63.8264,60.335,330.1647,-51.5464
2021-03-11,21.8263,0.0375,4.7414,21.8601,34.5295,62.7735,69.3509,330.2884,-51.5282
2021-03-12,21.8712,0.2058,1.1709,19.8166,34.5056,69.3145,93.8845,330.968,-51.4285
2021-03-15,21.6222,-1.1387,-0.1696,20.309,29.0104,67.2325,75.4804,327.1992,-51.9816
2021-03-16,21.0057,-2.8512,-1.2855,15.178,26.795,61.2287,97.3267,317.8701,-53.3507
2021-03-17,21.169,0.7775,-2.9753,13.2344,32.418,63.6774,97.5115,320.3415,-52.988
2021-03-18,20.2177,-4.4937,-7.37,6.5634,24.0294,50.2884,120.2588,305.9461,-55.1006
2021-03-19,20.2218,0.0202,-7.5415,9.0489,24.6707,50.0977,106.2815,306.0078,-55.0915
2021-03-22,20.0279,-0.959,-7.3734,6.2257,24.0607,50.3391,102.3283,303.0733,-55.5222
2021-03-23,19.7349,-1.4627,-6.0496,1.1668,24.3248,53.2185,113.9513,298.6402,-56.1728
2021-03-24,20.2301,2.5089,-4.4355,2.0181,29.9507,58.7007,89.0074,306.1327,-55.0732
2021-03-25,20.3043,0.3671,0.4283,-1.1093,32.6544,66.8231,81.1567,307.2566,-54.9083
2021-03-26,20.8077,2.4792,2.8974,3.3355,32.9986,71.0156,74.9575,314.874,-53.7904
2021-03-29,20.5601,-1.1898,2.6576,4.5872,32.1058,69.0929,85.4464,311.1278,-54.3402
2021-03-30,20.3827,-0.8629,3.2825,1.061,31.7955,63.7807,81.9833,308.443,-54.7342
2021-03-31,20.2424,-0.6883,0.0612,0.917,31.758,67.2558,77.9943,306.3201,-55.0457
2021-04-01,20.7582,2.5479,2.2353,1.9936,33.0293,72.0327,92.0458,314.1248,-53.9003
2021-04-05,20.2631,-2.3852,-2.6175,-2.7605,30.9527,73.2513,71.7342,306.6322,-54.9999
2021-04-06,20.2094,-0.2647,-1.7058,-6.5162,30.3996,71.142,73.117,305.8206,-55.119
2021-04-07,20.2796,0.3471,-0.5061,-6.3685,25.2434,66.7302,64.9795,306.8821,-54.9632
2021-04-08,20.0155,-1.3022,-1.1211,-5.9388,19.9528,67.049,59.4304,302.886,-55.5497
2021-04-09,19.8835,-0.6597,-4.2139,-8.8673,17.4374,63.6361,48.4742,300.888,-55.8429
2021-04-12,19.7267,-0.7886,-2.6471,-9.6198,16.6521,56.4828,48.6501,298.5153,-56.1911
2021-04-13,19.7473,0.1046,-2.2866,-9.711,14.9698,59.1903,49.2898,298.8275,-56.1453
2021-04-14,20.2961,2.7789,0.0813,-6.1331,14.1753,63.1901,54.1683,307.1317,-54.9266
2021-04-15,20.131,-0.8131,0.5772,-4.1639,14.1381,64.4197,60.4507,304.6343,-55.2931
2021-04-16,19.9701,-0.7993,0.4358,-5.6634,9.9675,62.4106,66.2733,302.1992,-55.6505
2021-04-19,19.9495,-0.1033,1.1295,-1.3267,14.2994,60.2995,50.1519,301.887,-55.6963
2021-04-20,19.4213,-2.6474,-1.6507,-3.9584,9.0791,59.6742,50.8879,293.8949,-56.8692
2021-04-21,19.6689,1.2747,-3.0901,-1.7924,10.0657,65.2118,55.5544,297.6412,-56.3194
2021-04-22,19.4379,-1.1747,-3.4433,-1.5053,12.5794,61.3598,48.4436,294.1447,-56.8325
2021-04-23,19.6153,0.9128,-1.7769,-3.0389,14.2011,65.9972,45.1146,296.8296,-56.4385
2021-04-26,19.7473,0.6731,-1.0134,-2.7433,16.1571,60.4935,45.7538,298.8275,-56.1453
2021-04-27,19.9866,1.2118,2.9105,-3.9461,20.1324,63.2401,44.392,302.4489,-55.6138
2021-04-28,20.6757,3.4476,5.1185,0.5619,25.9743,75.1501,46.0259,312.876,-54.0836
2021-04-29,20.9067,1.1175,7.5568,2.5708,25.91,79.4346,37.4745,316.3725,-53.5705
2021-04-30,20.3786,-2.5262,3.8914,0.6726,26.9431,82.5392,37.0344,308.3805,-54.7433
2021-05-03,20.9397,2.7536,6.0385,0.8746,29.5163,81.9833,49.2523,316.8721,-53.4971
2021-05-04,20.9521,0.0591,4.8307,3.4005,28.2008,81.0764,44.3478,317.0594,-53.4697
2021-05-05,21.6288,3.2296,4.6098,7.0232,26.9194,80.7566,48.8892,327.2991,-51.9669
2021-05-06,21.7402,0.5151,3.9866,7.2024,26.1826,82.7336,53.6718,328.985,-51.7195
2021-05-07,22.128,1.784,8.5847,10.5545,27.3473,85.742,52.4492,334.8541,-50.8582
2021-05-10,22.1363,0.0373,5.7143,11.3301,22.2807,85.8113,45.86,334.9791,-50.8398
2021-05-11,21.5669,-2.5723,2.9342,9.3286,20.4116,85.0365,44.6444,326.3625,-52.1044
2021-05-12,21.67,0.4783,0.1908,9.7367,18.7145,62.6955,47.9378,327.9236,-51.8753
2021-05-13,21.406,-1.2186,-1.5373,5.4686,19.106,55.6744,53.088,323.9275,-52.4617
2021-05-14,22.0703,3.1033,-0.261,9.6331,21.0153,62.1685,56.0913,333.98,-50.9865
2021-05-17,22.5819,2.3182,2.013,13.0785,20.7921,71.4605,60.3311,341.7223,-49.8502
2021-05-18,22.0579,-2.3205,2.2767,10.5688,16.2626,61.5992,44.7834,333.7928,-51.0139
2021-05-19,21.5091,-2.4878,-0.7426,10.75,15.991,47.8475,45.2482,325.4885,-52.2326
2021-05-20,21.4761,-0.1535,0.3277,9.1882,13.907,46.1233,39.4602,324.989,-52.3059
2021-05-21,21.5215,0.2113,-2.4864,10.7196,10.3253,50.8143,42.0288,325.6758,-52.2051
2021-05-24,21.7361,0.9969,-3.7457,10.8119,9.6128,49.8638,44.3394,328.9225,-51.7287
2021-05-25,21.2946,-2.0311,-3.4606,7.8353,3.7136,47.5989,37.5819,322.2417,-52.7091
2021-05-26,21.4844,0.8913,-0.1151,7.4938,6.696,39.0878,37.0411,325.1139,-52.2876
2021-05-27,21.5009,0.0768,0.1153,3.9912,9.3726,32.3921,41.091,325.3636,-52.251
2021-05-28,21.5421,0.1919,0.0959,3.0393,6.8096,35.8132,42.0183,325.988,-52.1593
2021-06-01,22.3715,3.8498,2.9233,9.7793,11.5312,42.7091,44.9428,338.538,-50.3175
2021-06-02,22.7882,1.8628,7.0141,8.8276,11.9679,53.8697,43.6368,344.8442,-49.3921
2021-06-03,22.8501,0.2716,6.3568,9.0587,9.6544,53.5773,39.9197,345.7807,-49.2546
2021-06-04,23.0028,0.6681,6.9852,6.3526,6.4051,49.7379,40.8207,348.0909,-48.9156
2021-06-07,22.9037,-0.4305,6.3206,5.3521,5.7474,47.5455,30.5208,346.5925,-49.1355
2021-06-08,23.1018,0.8647,3.2645,4.4005,8.565,41.1293,25.9745,349.5895,-48.6957
2021-06-09,22.9574,-0.6251,0.7424,3.7092,5.2215,43.6048,30.0723,347.4042,-49.0164
2021-06-10,22.9285,-0.1258,0.3431,6.3134,5.0497,41.3228,36.6343,346.9671,-49.0805
2021-06-11,22.8501,-0.3419,-0.6637,5.4455,4.4756,40.5256,50.3308,345.7807,-49.2546
2021-06-14,22.7511,-0.4334,-0.6665,6.2837,5.221,35.746,45.9956,344.2823,-49.4745
2021-06-15,23.1843,1.9042,0.3572,5.0477,10.3716,39.9456,48.3287,350.8382,-48.5124
2021-06-16,23.0605,-0.5339,0.4493,2.1195,8.9354,44.25,43.4076,348.9651,-48.7873
2021-06-17,22.2766,-3.3995,-2.8433,0.9914,10.1834,36.6599,43.4189,337.1019,-50.5283
2021-06-18,21.6164,-2.9635,-5.3991,0.4987,6.8966,33.2687,37.4715,327.1118,-51.9944
2021-06-21,22.5376,4.2615,-0.9384,4.9425,12.5311,39.6068,45.5394,341.0516,-49.9487
2021-06-22,22.6876,0.6658,-2.1422,5.4185,14.9619,42.9261,45.8328,343.3224,-49.6154
2021-06-23,22.7502,0.2756,-1.3458,4.6655,12.4573,46.1391,46.0858,344.2686,-49.4766
2021-06-24,22.9461,0.8611,3.0054,7.7555,13.0108,49.9137,55.9993,347.2331,-49.0415
2021-06-25,23.067,0.5268,6.7104,7.3662,10.8578,47.4393,53.8771,349.0623,-48.773
2021-06-28,22.2875,-3.3791,-1.1097,3.6585,8.4014,43.2046,54.012,337.267,-50.5041
2021-06-29,22.1791,-0.4862,-2.2414,2.9569,8.8133,43.4111,51.2334,335.6271,-50.7447
2021-06-30,22.4542,1.2404,-1.3008,0.3699,10.9265,46.1546,49.6709,339.7902,-50.1338
2021-07-01,22.846,1.7449,-0.436,0.2538,10.058,46.4093,56.0762,345.7193,-49.2636
2021-07-02,22.796,-0.219,-1.1746,-0.2367,12.5003,47.3222,54.0245,344.9623,-49.3747
2021-07-06,22.0541,-3.2547,-1.0473,-4.1243,9.1276,42.302,48.5738,333.7348,-51.0224
2021-07-07,21.6956,-1.6254,-2.1801,-5.2748,6.9825,33.9885,50.9556,328.3103,-51.8185
2021-07-08,21.5706,-0.5764,-3.9354,-6.6282,7.7693,29.2722,50.2099,326.4181,-52.0962
2021-07-09,22.0291,2.1256,-3.576,-4.0436,10.7909,30.1099,61.3757,333.3564,-51.078
2021-07-12,21.9957,-0.1514,-3.5107,-4.0682,11.5024,30.0699,56.1442,332.8518,-51.152
2021-07-13,21.829,-0.758,-1.0206,-4.4687,10.5416,27.0895,55.7936,330.3287,-51.5223
2021-07-14,21.1788,-2.9788,-2.3823,-6.911,4.349,19.1408,46.0304,320.489,-52.9663
2021-07-15,20.8828,-1.3974,-3.1884,-9.927,3.7344,18.4005,40.9467,316.0105,-53.6236
2021-07-16,20.2909,-2.8343,-7.8903,-12.0102,1.6064,11.734,37.5775,307.0537,-54.9381
2021-07-19,19.574,-3.5333,-11.0101,-12.132,-1.8823,12.148,34.5974,296.2046,-56.5302
2021-07-20,19.8366,1.3416,-9.1274,-8.2337,2.138,11.4113,38.7093,300.1784,-55.947
2021-07-21,20.5285,3.4881,-3.0703,-8.9144,4.3703,14.8759,35.3684,310.649,-54.4104
2021-07-22,20.2993,-1.1167,-2.7944,-10.5273,4.4316,17.5684,35.5216,307.1799,-54.9195
2021-07-23,20.2242,-0.3696,-0.3287,-11.103,3.1045,17.7465,35.2712,306.0445,-55.0862
2021-07-26,20.7244,2.4732,5.8774,-9.6821,4.948,21.9046,39.3928,313.6136,-53.9753
2021-07-27,20.5327,-0.9252,3.5091,-10.9866,2.7321,23.4145,37.9561,310.7121,-54.4012
2021-07-28,20.7202,0.9135,0.934,-7.032,0.2156,26.2459,41.6303,313.5505,-53.9846
2021-07-29,20.9203,0.9656,3.0595,-5.6756,0.065,25.9919,40.0757,316.5782,-53.5403
2021-07-30,20.5869,-1.594,1.7931,-8.3163,1.022,28.2404,43.4785,311.5321,-54.2808
2021-08-02,20.4326,-0.7491,-1.4079,-10.5638,-2.4217,26.3798,43.0756,309.1983,-54.6233
2021-08-03,20.7828,1.7136,1.218,-8.8316,-0.8083,27.1646,45.004,314.4966,-53.8458
2021-08-04,20.2201,-2.7076,-2.414,-8.316,-6.5132,18.6529,37.7262,305.9815,-55.0954
2021-08-05,20.4493,1.1338,-2.2514,-5.7445,-5.9378,18.6901,37.8364,309.4506,-54.5863
2021-08-06,20.6369,0.9172,0.243,-4.3285,-6.7388,18.7656,40.2246,312.289,-54.1697
2021-08-09,20.3451,-1.4138,-0.4284,-7.6443,-8.0917,12.3861,38.0561,307.8737,-54.8177
2021-08-10,20.7036,1.7619,-0.381,-5.8745,-4.003,15.5915,36.2736,313.2983,-54.0216
2021-08-11,20.8661,0.7852,3.1952,-4.4109,-3.7098,14.3104,37.8109,315.7582,-53.6606
2021-08-12,20.8453,-0.0999,1.9364,-1.5745,-2.6193,15.9862,36.3173,315.4428,-53.7069
2021-08-13,20.5994,-1.1798,-0.1818,-1.3573,-6.6647,12.95,37.3798,311.7214,-54.253
2021-08-16,20.2201,-1.8414,-0.6146,-0.3492,-10.459,8.1584,33.5789,305.9815,-55.0954
2021-08-17,20.0116,-1.0307,-3.3421,2.236,-9.2767,5.4772,32.9681,302.8277,-55.5583
2021-08-18,19.5948,-2.0829,-6.0927,-1.2187,-8.9,5.6678,31.8655,296.5201,-56.4839
2021-08-19,19.0863,-2.5952,-8.4383,-7.0254,-11.1278,1.2316,29.9336,288.8248,-57.6133
2021-08-20,19.128,0.2184,-7.1429,-5.77,-11.1216,-1.9446,33.0904,289.4556,-57.5207
2021-08-23,19.8449,3.7481,-1.8553,-1.8755,-8.7005,0.0759,38.9602,300.3046,-55.9285
2021-08-24,20.1742,1.6593,0.8123,-2.6549,-5.2613,-1.743,37.4882,305.2876,-55.1972
2021-08-25,20.3284,0.7645,3.7439,-0.9947,-5.3804,0.9553,40.5129,307.6215,-54.8547
2021-08-26,20.02,-1.5173,4.8919,-3.3796,-6.8876,1.8394,41.363,302.9538,-55.5397
2021-08-27,20.5535,2.665,7.4526,-1.7533,-4.5893,1.9078,44.8466,311.0275,-54.3549
2021-08-30,20.3118,-1.1762,2.3524,-1.3363,-9.2069,1.2626,40.6289,307.3691,-54.8918
2021-08-31,20.1742,-0.6772,0.0,-1.2648,-11.4709,-0.8758,42.7717,305.2876,-55.1972
2021-09-01,19.8783,-1.4669,-2.2145,-4.3522,-13.0058,-4.6071,41.6308,300.8092,-55.8545
2021-09-02,20.3826,2.5372,1.8114,0.8039,-11.3906,-5.715,45.9248,308.4414,-54.7344
2021-09-03,20.2659,-0.5726,-1.3993,-0.8969,-11.517,-6.4316,46.1677,306.6753,-54.9936
2021-09-07,20.145,-0.5965,-0.8208,-2.3833,-12.7989,-5.3301,45.7543,304.8461,-55.262
2021-09-08,19.8866,-1.2829,-1.4256,-2.2536,-13.376,-8.853,49.3229,300.9354,-55.836
2021-09-09,19.9283,0.2096,0.2516,-3.7447,-13.0851,-8.6961,48.6185,301.5661,-55.7434
2021-09-10,19.9199,-0.0418,-2.2699,-4.5346,-12.8234,-8.9217,54.2087,301.4399,-55.7619
2021-09-13,20.491,2.8667,1.1106,-1.6997,-9.934,-5.2316,58.4836,310.0813,-54.4937
2021-09-14,20.195,-1.4443,0.2483,-1.9628,-12.8935,-3.8592,55.0067,305.603,-55.151
2021-09-15,20.9495,3.7358,5.3448,3.6075,-9.1543,-1.0369,61.9802,317.0197,-53.4755
2021-09-16,20.7119,-1.1341,3.9323,3.4993,-7.0238,2.4443,53.962,313.4244,-54.0031
2021-09-17,20.5577,-0.7446,3.2015,4.9138,-4.8978,1.661,52.5907,311.0906,-54.3456
2021-09-20,19.9299,-3.0537,-2.7381,4.42,-11.5703,-0.4891,49.6037,301.5909,-55.7398
2021-09-21,19.9763,0.2329,-1.083,4.4351,-11.9507,1.2232,55.0927,302.2931,-55.6367
2021-09-22,20.5923,3.0834,-1.7051,3.766,-9.4852,1.7905,61.5423,311.6141,-54.2688
2021-09-23,21.3137,3.5034,2.9056,5.6483,-7.1139,4.9713,75.1163,322.5311,-52.6666
2021-09-24,21.474,0.7522,4.4574,5.6354,-6.9057,3.2023,76.4919,324.9571,-52.3106
2021-09-27,22.2376,3.556,11.5792,11.0772,-0.2237,8.159,82.8891,336.5126,-50.6148
2021-09-28,22.3136,0.3415,11.7001,8.5633,0.6062,9.473,79.2956,337.6617,-50.4461
2021-09-29,22.3136,0.0,8.3589,9.8555,-0.6264,10.2317,84.3689,337.6617,-50.4461
2021-09-30,21.9761,-1.5126,3.1077,8.9315,-3.808,5.867,82.1258,332.5544,-51.1957
2021-10-01,22.7144,3.3596,5.7761,14.2674,-0.3582,12.0974,94.2102,343.7268,-49.5561
2021-10-04,23.0856,1.6344,3.8133,13.2613,4.6774,14.232,95.4989,349.3448,-48.7316
2021-10-05,23.2206,0.5848,4.0651,14.5798,7.0292,14.5026,90.9103,351.3879,-48.4318
2021-10-06,22.9759,-1.0538,2.9684,14.0526,6.5152,14.7907,91.7567,347.685,-48.9752
2021-10-07,23.1531,0.7712,5.3561,16.4258,5.1026,16.4441,90.5447,350.3664,-48.5817
2021-10-08,23.8661,3.0794,5.0705,19.76,8.5034,20.9839,89.3191,361.1556,-46.9983
2021-10-11,23.7775,-0.3712,2.9971,19.3654,8.9264,20.4089,91.6794,359.815,-47.195
2021-10-12,23.7986,0.0887,2.4891,16.1418,12.3702,17.2572,91.3522,360.1342,-47.1482
2021-10-13,23.7775,-0.0886,3.4888,17.7394,13.8617,18.1138,94.2023,359.815,-47.195
2021-10-14,24.0686,1.2243,3.9541,14.8888,18.6177,20.5232,95.7424,364.2201,-46.5485
2021-10-15,24.1868,0.4908,1.3435,16.777,23.5659,21.24,94.3471,366.0078,-46.2862
2021-10-18,24.2036,0.0697,1.792,17.7352,22.0151,24.6238,98.992,366.263,-46.2487
2021-10-19,24.4778,1.133,2.8541,22.8196,19.2384,24.4495,105.6052,370.4128,-45.6397
2021-10-20,24.6761,0.8101,3.7793,23.5269,21.5618,26.9489,104.8445,373.4133,-45.1994
2021-10-21,24.2205,-1.8465,0.631,17.6193,19.7598,23.4777,104.9696,366.5184,-46.2113
2021-10-22,24.4483,0.9406,1.0814,14.707,17.9687,23.8058,98.7003,369.9659,-45.7053
2021-10-25,24.8069,1.4668,2.4926,15.5206,20.8168,24.1177,102.6099,375.3925,-44.9089
2021-10-26,24.9504,0.5782,1.9304,12.1988,20.4154,20.675,111.3624,377.5632,-44.5904
2021-10-27,24.2332,-2.8745,-1.7952,8.6028,15.8355,15.9108,107.9841,366.7099,-46.1831
2021-10-28,24.4061,0.7138,0.7664,9.378,18.552,19.7636,118.6155,369.3275,-45.799
2021-10-29,24.2458,-0.6569,-0.8283,10.3283,18.6622,15.7885,110.7158,366.9015,-46.155
2021-11-01,24.6635,1.7226,-0.5782,8.581,18.6728,17.7136,113.1515,373.2219,-45.2275
2021-11-02,24.4314,-0.9408,-2.0798,5.8297,20.8278,12.958,104.179,369.7106,-45.7428
2021-11-03,24.2289,-0.8289,-0.0174,4.3423,18.4829,11.4477,103.6523,366.6462,-46.1925
2021-11-04,24.2627,0.1393,-0.5877,5.6004,17.5696,9.6468,103.6601,367.1568,-46.1176
2021-11-05,24.5791,1.3041,1.3746,6.1589,20.8109,11.0353,106.3161,371.945,-45.4149
2021-11-08,24.8027,0.9097,0.5645,3.9244,19.7992,15.0036,112.7987,375.3287,-44.9183
2021-11-09,24.904,0.4082,1.934,4.7374,19.3511,14.9234,86.9751,376.8608,-44.6934
2021-11-10,24.2458,-2.6427,0.0696,1.8791,16.3132,13.2665,76.327,366.9015,-46.155
2021-11-11,24.3386,0.3828,0.313,2.3598,18.1523,10.2779,78.836,368.306,-45.9489
2021-11-12,24.2796,-0.2427,-1.2187,0.8764,20.0766,7.5178,84.3505,367.4122,-46.0801
2021-11-15,24.4821,0.8341,-1.2927,1.221,22.3391,10.99,79.359,370.4766,-45.6304
2021-11-16,24.52,0.1551,-1.5416,1.3073,25.1353,13.9983,68.5435,371.0512,-45.546
2021-11-17,24.1446,-1.5313,-0.4176,-1.3616,26.5021,12.4251,64.2793,365.3693,-46.3799
2021-11-18,24.0011,-0.5941,-1.3867,-2.7355,25.4765,11.5215,68.1905,363.1986,-46.6985
2021-11-19,23.0645,-3.9023,-5.0043,-4.7727,16.2239,6.1118,59.0233,349.0257,-48.7784
2021-11-22,23.4738,1.7743,-4.1186,-3.9862,16.3553,10.2335,62.7035,355.2183,-47.8696
2021-11-23,24.1952,3.0733,-1.3249,-2.466,19.0214,12.6176,56.6373,366.1354,-46.2675
2021-11-24,24.4314,0.9765,1.1882,-2.0798,22.0353,13.63,50.4371,369.7106,-45.7428
2021-11-26,23.4484,-4.0235,-2.3027,-3.2382,14.0848,8.8492,47.8316,354.8353,-47.9258
2021-11-29,23.5835,0.5758,2.2499,-3.3708,16.1074,5.4175,50.4404,356.8783,-47.626
2021-11-30,23.0308,-2.3435,-1.8871,-5.0113,14.1595,1.0644,55.5075,348.5148,-48.8534
2021-12-01,22.7861,-1.0624,-5.8239,-7.612,14.6282,-0.2801,53.1471,344.8121,-49.3968
2021-12-02,23.4484,2.9068,-4.0235,-4.0235,15.0414,1.9375,52.6391,354.8353,-47.9258
2021-12-03,23.2628,-0.7917,-0.7917,-3.9875,14.7879,1.5678,49.8586,352.0262,-48.3381
2021-12-06,23.6088,1.4871,0.1073,-2.6952,17.194,2.1945,44.2264,357.2613,-47.5698
2021-12-07,24.1614,2.3409,4.9093,-1.6993,21.4961,5.2447,51.1365,365.6246,-46.3424
2021-12-08,24.1572,-0.0175,6.0174,-2.6025,21.2208,5.3589,48.8962,365.5607,-46.3518
2021-12-09,23.9716,-0.7684,2.231,-3.7438,20.3397,4.908,47.4226,362.7518,-46.764
2021-12-10,24.1488,0.7392,3.8085,-0.4002,17.8507,6.1435,44.0855,365.4332,-46.3705
2021-12-13,23.478,-2.7778,-0.554,-3.5361,16.2561,1.2667,41.7183,355.2822,-47.8602
2021-12-14,23.3809,-0.4133,-3.2303,-3.7011,11.6063,1.3895,46.2543,353.8138,-48.0757
2021-12-15,23.267,-0.4872,-3.6849,-4.963,12.3365,4.4462,42.736,352.09,-48.3287
2021-12-16,23.4147,0.6346,-2.3231,-4.5079,13.8976,8.3191,44.3554,354.3246,-48.0008
2021-12-17,22.938,-2.036,-5.014,-4.9974,15.0931,1.7765,42.0869,347.1104,-49.0595
2021-12-20,22.6538,-1.2389,-3.5105,-5.6137,13.4031,-0.1493,42.7128,342.8099,-49.6906
2021-12-21,23.2991,2.8485,-0.3502,1.0169,13.1447,2.4128,49.665,352.5749,-48.2575
2021-12-22,23.4486,0.6419,0.7805,-0.107,10.0168,2.1902,53.1972,354.8383,-47.9254
2021-12-23,23.4615,0.0547,0.1997,-3.0325,9.2551,1.7103,49.9609,355.0323,-47.8969
2021-12-27,23.9743,2.1858,4.5179,-1.8712,7.8095,7.5684,54.0428,362.7926,-46.758
2021-12-28,23.9572,-0.0713,5.7536,2.1696,7.366,8.0168,54.9082,362.5338,-46.796
2021-12-29,23.8033,-0.6422,2.1643,0.9324,6.6765,6.0083,54.936,360.2058,-47.1377
2021-12-30,23.658,-0.6104,0.893,2.7236,7.6537,3.5543,51.6131,358.0071,-47.4603
2021-12-31,23.7179,0.2529,1.0929,4.0893,4.4179,4.044,53.2799,358.9125,-47.3275
2022-01-03,24.4529,3.0991,1.9964,4.2838,5.9227,10.8771,57.7804,370.0356,-45.6951
2022-01-04,25.2991,3.4603,5.6012,8.7533,8.9508,16.6092,56.243,382.84,-43.816
2022-01-05,25.2948,-0.0169,6.2657,7.1416,10.0926,17.2654,51.5916,382.7753,-43.8255
2022-01-06,25.8589,2.2301,9.3027,7.0255,11.6864,17.3853,52.73,391.3116,-42.5727
2022-01-07,26.2136,1.3717,10.5225,8.5125,9.8361,19.1759,55.0119,396.6791,-41.785
2022-01-10,26.1324,-0.3098,6.8682,9.0141,9.9038,19.7142,52.1442,395.4504,-41.9653
2022-01-11,27.0213,3.4015,6.8074,11.895,13.5414,27.5868,52.0079,408.9015,-39.9913
2022-01-12,27.0726,0.1898,7.0282,15.3105,13.8578,29.6405,53.495,409.6776,-39.8774
2022-01-13,26.9358,-0.5051,4.1646,15.2041,11.9126,32.7482,48.3248,407.6081,-40.1811
2022-01-14,27.5683,2.3481,5.1679,18.4865,13.981,40.8416,57.951,417.1792,-38.7765
2022-01-18,27.6794,0.403,5.9199,18.2138,14.3606,39.5372,55.4602,418.8606,-38.5297
2022-01-19,27.4785,-0.7256,1.6922,19.7951,12.2588,33.8556,53.7679,415.8211,-38.9758
2022-01-20,27.2264,-0.9176,0.5683,20.1849,10.335,34.1252,57.6889,412.0056,-39.5357
2022-01-21,26.688,-1.9777,-0.9202,14.5451,10.1875,31.9603,55.3787,403.8574,-40.7315
2022-01-24,26.8674,0.6725,-2.5422,14.5799,9.8949,29.6415,58.039,406.5735,-40.3329
2022-01-25,27.9102,3.881,0.8337,18.9617,12.5096,35.9305,67.758,422.3526,-38.0173
2022-01-26,27.8632,-0.1684,1.3997,16.221,11.6744,34.4731,69.7668,421.6412,-38.1217
2022-01-27,28.1666,1.089,3.4532,17.5705,16.2316,34.6375,69.6323,426.2329,-37.4478
2022-01-28,28.0469,-0.4248,5.0921,17.8277,14.9175,36.2371,74.711,424.4221,-37.7135
2022-01-31,28.1709,0.4419,4.8513,19.0751,16.1885,37.8719,74.2422,426.2974,-37.4383
2022-02-01,29.1751,3.5649,4.5322,23.009,18.2928,40.3814,78.5154,441.4947,-35.208
2022-02-02,29.2691,0.3223,5.046,19.6959,19.8011,44.753,71.7537,442.9174,-34.9992
2022-02-03,28.9914,-0.949,2.9282,14.5946,19.6559,41.7719,68.2693,438.7139,-35.6161
2022-02-04,29.4444,1.5625,4.9825,16.4048,21.3565,42.6784,69.4529,445.5688,-34.6101
2022-02-07,29.8204,1.2772,5.8556,15.3198,21.3243,46.573,64.7277,451.2597,-33.775
2022-02-08,29.1794,-2.1496,0.0146,11.314,17.646,40.939,62.9135,441.5593,-35.1986
2022-02-09,29.423,0.8348,0.5256,12.592,18.1459,41.0084,61.1872,445.2455,-34.6576
2022-02-10,29.2392,-0.6246,0.8549,8.2081,20.595,40.2678,62.6913,442.4647,-35.0657
2022-02-11,30.0897,2.9085,2.1916,11.1444,23.6292,46.0708,64.987,455.3339,-33.1771
2022-02-14,29.3803,-2.3576,-1.4761,9.0751,21.0082,45.3025,57.1569,444.5988,-34.7525
2022-02-15,29.0726,-1.0473,-0.3661,5.4565,18.7504,45.2782,53.2354,439.9426,-35.4358
2022-02-16,29.3076,0.8085,-0.3921,5.8824,19.5251,49.5681,58.0454,443.4995,-34.9138
2022-02-17,29.2606,-0.1604,0.0731,6.4852,21.1892,53.3068,55.195,442.7881,-35.0182
2022-02-18,29.0811,-0.6134,-3.3518,6.8121,21.1656,52.0344,49.0779,440.0719,-35.4168
2022-02-22,28.611,-1.6164,-2.6182,7.2058,24.0477,44.1731,44.2825,432.9584,-36.4608
2022-02-23,28.9059,1.0306,-0.5733,7.5871,23.1413,43.2814,40.784,437.4204,-35.806
2022-02-24,28.6794,-0.7835,-2.1435,2.7561,18.5335,41.0803,42.4281,433.9932,-36.3089
2022-02-25,29.4358,2.6374,0.5988,5.6442,20.4833,47.0322,49.7367,445.4395,-34.6291
2022-02-28,30.1623,2.4681,3.7179,7.0854,28.6324,46.7501,49.5498,456.4333,-33.0157
2022-03-01,30.4657,1.0059,6.4824,8.6241,29.1826,49.9906,51.8844,461.0247,-32.3419
2022-03-02,31.1623,2.2864,7.8061,10.6189,35.3072,54.466,53.1133,471.5657,-30.7949
2022-03-03,31.2478,0.2743,8.9554,7.1042,37.1353,57.1957,49.9536,472.8591,-30.6051
2022-03-04,32.1495,2.8857,9.2189,9.8409,37.1071,57.7299,48.7156,486.5043,-28.6026
2022-03-07,32.6238,1.4755,8.1609,12.5295,40.2403,60.9789,50.6254,493.6825,-27.5492
2022-03-08,33.1367,1.5719,8.767,12.5399,40.3574,64.4905,55.723,501.4428,-26.4103
2022-03-09,32.1238,-3.0565,3.0856,7.7243,32.955,61.5351,47.2345,486.1162,-28.6596
2022-03-10,33.1067,3.0597,5.9491,13.4593,37.047,66.1295,51.6826,500.9901,-26.4767
2022-03-11,32.8418,-0.8003,2.1534,11.6194,37.0029,64.8688,50.1597,496.9805,-27.0652
2022-03-14,31.8589,-2.9928,-2.3448,8.9594,31.9275,55.4775,47.3435,482.1067,-29.248
2022-03-15,30.6922,-3.662,-7.3769,2.0025,30.7277,51.9789,46.1138,464.4521,-31.8389
2022-03-16,30.5512,-0.4595,-4.8956,3.9854,30.667,45.8326,44.3204,462.318,-32.1521
2022-03-17,31.6025,3.4411,-4.5437,8.7021,35.8251,52.5812,56.3107,478.2266,-29.8174
2022-03-18,31.5726,-0.0946,-3.8646,7.7282,34.8408,53.5804,56.1313,477.774,-29.8838
2022-03-21,32.8453,4.0311,3.0962,12.2509,43.1918,64.804,63.9978,497.0337,-27.0574
2022-03-22,32.6037,-0.7356,6.2279,12.1129,43.9216,63.2116,65.208,493.3775,-27.5939
2022-03-23,33.1646,1.7203,8.5541,15.9153,42.3428,61.0534,63.9371,501.865,-26.3483
2022-03-24,33.2465,0.2472,5.2023,15.0164,41.7844,55.9866,63.7411,503.1054,-26.1663
2022-03-25,33.9757,2.1931,7.6113,18.4671,44.8147,58.2175,63.284,514.1391,-24.5471
2022-03-28,33.1344,-2.4762,0.8801,12.5648,38.2079,49.0013,61.1582,501.4079,-26.4154
2022-03-29,33.0481,-0.2604,1.363,9.5675,37.9464,48.1075,62.1377,500.1023,-26.607
2022-03-30,33.432,1.1619,0.8066,9.7366,40.451,49.8283,65.1582,505.9128,-25.7543
2022-03-31,32.979,-1.355,-0.8045,5.8299,39.3988,50.068,58.8725,499.0577,-26.7603
2022-04-01,33.2465,0.8111,-2.146,6.3965,40.175,46.3678,64.0745,503.1054,-26.1663
2022-04-04,33.2897,0.1298,0.4688,3.5465,36.1378,44.2009,64.7235,503.7583,-26.0705
2022-04-05,32.7676,-1.5682,-0.8486,0.4408,29.5211,41.1143,61.5795,495.8584,-27.2298
2022-04-06,32.9618,0.5925,-1.4067,-0.5278,30.3105,43.4622,64.6812,498.7964,-26.7987
2022-04-07,33.3932,1.3089,1.2559,3.9515,29.1363,44.2277,67.9446,505.3252,-25.8405
2022-04-08,34.3122,2.7519,3.2053,3.6411,30.8946,43.7695,73.938,519.2315,-23.7997
2022-04-11,33.2811,-3.0051,-0.0259,1.3376,27.3555,39.9686,68.5346,503.6279,-26.0896
2022-04-12,33.8333,1.6593,3.2521,6.1973,25.2097,42.1649,66.6987,511.9845,-24.8632
2022-04-13,34.3381,1.492,4.1754,11.8787,26.8371,44.414,70.5728,519.6232,-23.7422
2022-04-14,34.4502,0.3267,3.1654,12.7624,27.8975,43.1335,72.509,521.3208,-23.4931
2022-04-18,34.955,1.4652,1.8735,10.6085,26.7943,44.5213,75.2176,528.9592,-22.3721
2022-04-19,34.6703,-0.8146,4.1742,9.8114,25.2566,43.2441,78.5163,524.6504,-23.0045
2022-04-20,34.804,0.3858,2.8692,5.9635,26.6589,42.1858,76.9494,526.6743,-22.7074
2022-04-21,33.6995,-3.1734,-1.8595,3.3612,23.7752,36.5674,73.3707,509.9607,-25.1602
2022-04-22,32.8755,-2.4453,-4.5711,-0.8716,23.1847,35.7342,67.6015,497.4907,-26.9903
2022-04-25,31.7883,-3.3071,-9.0595,-4.3862,18.3152,30.0223,60.9752,481.0383,-29.4048
2022-04-26,31.8314,0.1357,-8.1881,-6.3111,14.0495,28.3167,59.2637,481.6912,-29.309
2022-04-27,32.2974,1.4638,-7.2022,-2.526,15.9143,29.4465,56.2096,488.7423,-28.2742
2022-04-28,33.2767,3.0323,-1.2547,0.6919,18.1425,37.319,59.1675,503.5623,-26.0992
2022-04-29,32.4225,-2.567,-1.3779,-3.0197,15.6009,32.8457,59.1008,490.6357,-27.9963
2022-05-02,32.9402,1.5968,3.6238,-0.1178,16.9301,35.8593,57.3095,498.47,-26.8466
2022-05-03,33.8635,2.8029,6.3838,1.8557,16.0697,37.3021,61.6232,512.4416,-24.7962
2022-05-04,35.27,4.1534,9.2039,5.9487,20.5022,44.363,63.0696,533.7254,-21.6726
2022-05-05,34.7393,-1.5046,4.3952,6.0171,19.8263,43.3793,59.793,525.6949,-22.8512
2022-05-06,35.7747,2.9806,10.3393,8.534,21.4995,47.4476,61.6716,541.3639,-20.5516
2022-05-09,32.8151,-8.273,-0.3798,-1.7313,10.0423,33.5081,48.2411,496.5767,-27.1244
2022-05-10,33.1128,0.9072,-2.2168,-3.4955,13.48,33.5047,53.5353,501.0816,-26.4633
2022-05-11,33.5572,1.342,-4.8563,0.8296,14.0508,34.7463,54.8551,507.8062,-25.4764
2022-05-12,33.6995,0.4243,-2.993,-0.3953,15.2546,38.9912,57.4305,509.9607,-25.1602
2022-05-13,34.8515,3.4183,-2.5808,1.4952,15.8255,43.1941,57.9114,527.3926,-22.602
2022-05-16,35.7704,2.6368,9.0061,3.8322,21.7499,47.3274,58.4031,541.2988,-20.5612
2022-05-17,36.1846,1.1579,9.2769,3.5177,24.4631,47.8005,64.0438,547.5664,-19.6414
2022-05-18,35.257,-2.5635,5.0656,1.6924,20.2999,43.7886,63.9165,533.5294,-21.7014
2022-05-19,35.1276,-0.3671,4.2376,0.9297,20.0508,45.4886,63.5658,531.5707,-21.9889
2022-05-20,35.2786,0.4299,1.2255,4.6857,21.311,46.9873,63.9224,533.8557,-21.6535
2022-05-23,36.2105,2.6416,1.2302,10.1444,26.5614,56.9965,66.5918,547.958,-19.5839
2022-05-24,36.3486,0.3813,0.4531,14.3458,25.7479,54.8477,70.694,550.0472,-19.2773
2022-05-25,37.0993,2.0653,5.2251,16.5492,29.3585,53.3332,72.6802,561.4072,-17.6102
2022-05-26,37.5091,1.1048,6.7797,16.1368,27.4269,53.5281,74.4539,567.6096,-16.6999
2022-05-27,38.1951,1.8288,8.2671,14.7803,26.6319,62.8897,77.3041,577.9902,-15.1765
2022-05-31,37.6213,-1.5023,3.8961,16.0346,23.4873,59.5241,68.1664,569.307,-16.4508
2022-06-01,38.2339,1.6285,5.1869,16.0708,22.6929,66.0124,67.7795,578.5779,-15.0903
2022-06-02,38.1131,-0.3159,2.7329,12.5494,21.9708,67.265,66.7964,576.7498,-15.3585
2022-06-03,38.6179,1.3244,2.956,9.4923,20.1199,64.6929,67.8838,584.3884,-14.2375
2022-06-06,38.5748,-0.1117,0.994,11.0408,18.2411,65.8216,68.4213,583.7355,-14.3334
2022-06-07,39.7267,2.9863,5.5964,11.0468,19.8875,68.2711,71.9638,601.1674,-11.7751
2022-06-08,39.813,0.2172,4.13,21.3253,23.936,64.7791,73.4213,602.473,-11.5835
2022-06-09,38.9329,-2.2106,2.1508,17.5766,17.598,61.1646,69.8013,589.1544,-13.5381
2022-06-10,38.2728,-1.6955,-0.8938,14.0524,16.5368,59.6589,67.4949,579.1653,-15.0041
2022-06-13,36.2752,-5.2192,-5.9613,7.6431,13.8622,50.2155,59.444,548.9373,-19.4402
2022-06-14,36.3442,0.1903,-8.5144,4.2832,18.4152,54.8014,56.7622,549.9819,-19.2869
2022-06-15,35.5418,-2.208,-10.7282,-0.6393,16.3352,52.0117,54.1238,537.8384,-21.069
2022-06-16,33.5399,-5.6324,-13.852,-7.309,6.1306,44.152,50.5613,507.545,-25.5148
2022-06-17,31.7063,-5.4669,-17.157,-10.071,0.4236,35.412,46.677,479.7979,-29.5868
2022-06-21,33.3489,5.1806,-8.067,-5.0636,1.5332,45.3873,47.9701,504.6543,-25.939
2022-06-22,32.0139,-4.0032,-11.9149,-9.2541,-1.8091,41.318,41.107,484.4521,-28.9038
2022-06-23,30.8272,-3.7067,-13.2649,-14.8667,-7.0477,32.3108,35.5032,466.4948,-31.5391
2022-06-24,31.2329,1.3162,-6.8783,-14.0738,-6.0565,33.1972,36.1146,472.6348,-30.6381
2022-06-27,32.1491,2.9333,1.3966,-13.343,-5.376,37.0294,39.373,486.4988,-28.6034
2022-06-28,33.0173,2.7005,-0.9943,-11.9753,-0.3533,37.7196,48.1428,499.6367,-26.6754
2022-06-29,31.8699,-3.4751,-0.4497,-16.5602,-3.565,33.0286,43.6933,482.2736,-29.2235
2022-06-30,31.198,-2.1082,1.2029,-17.0735,-6.6822,31.0658,38.9406,472.1065,-30.7156
2022-07-01,31.6649,1.4963,1.3829,-17.1813,-3.9849,33.8439,38.6011,479.1706,-29.6789
2022-07-05,30.4084,-3.968,-5.4146,-20.2155,-8.5367,28.2087,33.3934,460.157,-32.4692
2022-07-06,29.8892,-1.7073,-9.4741,-22.6027,-10.2147,22.2317,35.527,452.3007,-33.6222
2022-07-07,30.9668,3.6053,-2.8337,-19.7226,-5.4957,22.403,42.7331,468.6076,-31.2291
2022-07-08,30.9537,-0.0423,-0.7831,-22.0834,-6.092,22.3719,43.4999,468.4095,-31.2581
2022-07-11,30.6571,-0.9584,-3.1827,-22.9974,-8.1938,18.5552,39.1664,463.9201,-31.917
2022-07-12,30.0594,-1.9496,-1.1478,-22.7918,-12.3945,14.6709,36.6601,454.8754,-33.2443
2022-07-13,30.0114,-0.1597,0.4087,-21.5856,-9.8245,14.8435,37.484,454.1491,-33.3509
2022-07-14,29.4442,-1.8898,-4.9169,-18.8311,-12.9726,8.9667,39.0271,445.5666,-34.6105
2022-07-15,29.9241,1.6299,-3.3263,-17.6648,-12.8544,10.533,43.2955,452.8288,-33.5447
2022-07-18,30.6091,2.289,-0.1565,-13.8786,-11.1499,13.6371,50.8511,463.1939,-32.0236
2022-07-19,31.5514,3.0787,4.9637,-5.9287,-9.7371,14.4482,61.1906,477.454,-29.9308
2022-07-20,31.8568,0.968,6.1492,0.4747,-8.1149,15.0921,60.5963,482.0756,-29.2526
2022-07-21,31.2984,-1.7529,6.2973,-6.1486,-10.0725,13.9012,52.4631,473.625,-30.4927
2022-07-22,31.041,-0.8224,3.7323,-3.039,-7.889,14.0105,52.9168,469.7298,-31.0644
2022-07-25,32.1797,3.6684,5.1312,4.3873,-2.1165,20.5775,59.1145,486.9611,-28.5356
2022-07-26,31.8874,-0.9084,1.0647,2.0952,0.3117,18.684,53.8637,482.5376,-29.1847
2022-07-27,32.6072,2.2575,2.3555,1.4249,2.4372,16.8291,58.8064,493.4308,-27.5861
2022-07-28,32.7904,0.562,4.7672,-0.6871,1.5267,17.6839,58.2532,496.2037,-27.1792
2022-07-29,34.2127,4.3374,10.2179,7.3511,2.8127,21.4655,63.5381,517.726,-24.0206
2022-08-01,33.5059,-2.0658,4.1214,7.3976,3.3416,19.4638,62.754,507.0309,-25.5902
2022-08-02,33.4274,-0.2344,4.8297,5.5663,1.479,18.6595,63.5981,505.8426,-25.7646
2022-08-03,32.4676,-2.8713,-0.4281,6.7719,-4.1221,11.2852,56.2237,491.3183,-27.8961
2022-08-04,31.2635,-3.7087,-4.6567,4.5979,-11.3595,6.8138,54.6162,473.0969,-30.5702
2022-08-05,31.883,1.9815,-6.8095,2.9585,-8.2221,9.9741,55.9123,482.4715,-29.1944
2022-08-08,32.0488,0.52,-4.349,3.5377,-10.4151,8.8452,55.2986,484.9803,-28.8263
2022-08-09,32.6116,1.7561,-2.4406,6.3754,-0.6202,9.3598,60.292,493.4969,-27.5764
2022-08-10,32.8472,0.7224,1.169,9.2743,-0.8022,12.5697,58.6546,497.062,-27.0532
2022-08-11,33.9771,3.44,8.6799,13.2141,1.2514,15.4781,62.8338,514.161,-24.5438
2022-08-12,34.2345,0.7576,7.3755,16.2691,1.5875,17.0842,64.2314,518.0563,-23.9722
2022-08-15,33.567,-1.9498,4.7373,12.1738,-3.6856,11.5566,62.9517,507.9552,-25.4546
2022-08-16,33.4885,-0.234,2.689,9.4071,-6.3795,13.9829,65.6201,506.7668,-25.629
2022-08-17,33.7677,0.8338,2.8025,7.0244,-6.6794,16.1497,68.7402,510.9921,-25.0089
2022-08-18,34.6752,2.6873,2.0544,8.8469,-1.6504,18.3145,76.9608,524.7242,-22.9936
2022-08-19,34.6664,-0.0252,1.2616,10.7611,-1.3128,18.4747,81.6299,524.5921,-23.013
2022-08-22,34.601,-0.1888,3.0803,11.4687,-1.9207,18.981,80.892,523.6019,-23.1583
2022-08-23,35.8487,3.6061,7.048,11.4018,-0.9991,25.2969,80.6444,542.4835,-20.3873
2022-08-24,36.2894,1.2292,7.4677,13.8049,-0.1628,25.5432,79.88,549.1515,-19.4088
2022-08-25,36.5686,0.7694,5.4605,12.1488,-1.4304,27.5081,79.8888,553.3766,-18.7887
2022-08-26,36.141,-1.1692,4.2537,10.2182,-3.6474,22.7791,80.5248,546.9068,-19.7382
2022-08-29,36.6864,1.5089,6.027,7.2303,-3.9501,21.6299,78.492,555.1592,-18.5271
2022-08-30,35.443,-3.3892,-1.1318,5.7813,-5.7901,16.3373,74.495,536.3437,-21.2884
2022-08-31,35.1202,-0.9109,-3.2219,5.064,-8.144,12.7008,74.0844,531.4582,-22.0054
2022-09-01,34.2563,-2.4596,-6.3231,5.5093,-10.1194,9.6281,72.3306,518.3863,-23.9237
2022-09-02,34.8846,1.8339,-3.4766,11.5825,-9.6674,8.5074,71.1486,527.8932,-22.5285
2022-09-06,34.5617,-0.9255,-5.7914,8.4018,-10.4033,5.9401,70.5412,523.0077,-23.2455
2022-09-07,34.1603,-1.1613,-3.6189,6.5886,-14.0117,3.0893,69.5721,516.9339,-24.1369
2022-09-08,34.3087,0.4342,-2.3106,5.204,-13.8254,6.8013,72.5216,519.1785,-23.8075
2022-09-09,35.1638,2.4924,2.649,7.0527,-9.681,6.2134,76.4517,532.1184,-21.9085
2022-09-12,35.8095,1.8362,2.6513,5.3929,-6.4362,9.0363,79.7669,541.8892,-20.4745
2022-09-13,34.9064,-2.5219,0.9972,1.9625,-3.7735,9.5656,70.3499,528.2233,-22.4801
2022-09-14,35.8924,2.8246,5.0702,6.9275,-1.2434,16.9429,77.7285,543.1436,-20.2905
2022-09-15,34.9675,-2.5768,1.9202,4.4164,-1.6159,14.4553,66.9132,529.1476,-22.3445
2022-09-16,34.2214,-2.1335,-2.6799,1.3437,2.032,8.2872,65.2258,517.8581,-24.0013
2022-09-19,34.2417,0.0593,-4.378,-1.25,7.9966,8.454,66.5641,518.1652,-23.9562
2022-09-20,34.0036,-0.6955,-2.5864,-1.9121,1.9631,3.5264,70.6157,514.5613,-24.4851
2022-09-21,33.5052,-1.4656,-6.6509,-3.1669,4.6584,2.7651,67.7245,507.0197,-25.5919
2022-09-22,33.3861,-0.3554,-4.5224,-6.8695,8.3008,0.6681,62.1293,505.2177,-25.8563
2022-09-23,31.0839,-6.8956,-9.1682,-14.3443,-0.4771,-6.5047,45.8401,470.3797,-30.969
2022-09-26,30.3209,-2.4546,-11.4503,-17.0847,-5.6866,-10.7569,41.1983,458.8338,-32.6634
2022-09-27,30.6605,1.12,-9.8314,-15.1642,-7.138,-7.466,37.8768,463.9727,-31.9093
2022-09-28,32.0189,4.4304,-4.436,-12.7226,0.4676,-3.1141,43.4952,484.5285,-28.8926
2022-09-29,32.0189,0.0,-4.0951,-9.6608,2.6312,-4.2269,43.4952,484.5285,-28.8926
2022-09-30,31.7631,-0.7989,2.185,-9.5587,0.3103,-3.687,44.535,480.6575,-29.4607
2022-10-03,33.5581,5.6512,10.6764,-2.0382,10.3581,0.9372,47.7396,507.8206,-25.4743
2022-10-04,35.0003,4.2975,14.1542,0.3317,17.1001,5.1386,51.6108,529.6444,-22.2715
2022-10-05,35.7236,2.0665,11.5702,3.3617,15.3608,9.0209,53.8441,540.5895,-20.6653
2022-10-06,36.3587,1.7778,13.5537,6.4353,17.4614,10.3056,58.2468,550.2002,-19.2549
2022-10-07,36.0764,-0.7763,13.5796,5.1524,17.6773,8.0351,55.8165,545.9287,-19.8817
2022-10-10,35.3355,-2.0538,5.2963,0.4883,17.5523,2.9823,48.0571,534.7166,-21.5272
2022-10-11,35.0532,-0.7988,0.1512,-2.1119,16.7998,5.3248,47.4216,530.4451,-22.154
2022-10-12,35.3355,0.8053,-1.0864,1.2293,20.0082,4.44,48.477,534.7166,-21.5272
2022-10-13,36.7776,4.0814,1.1523,2.4665,22.903,7.1046,54.674,556.5404,-18.3244
2022-10-14,35.406,-3.7295,-1.8582,1.2542,15.6717,2.7744,47.1046,535.7844,-21.3705
2022-10-17,35.8471,1.2456,1.4478,4.7504,13.6148,2.552,48.2095,542.4583,-20.391
2022-10-18,36.1602,0.8735,3.158,5.6028,13.5085,4.2974,49.3999,547.1968,-19.6956
2022-10-19,37.2275,2.9516,5.3545,9.4812,18.9438,6.9632,52.0865,563.3478,-17.3254
2022-10-20,37.2628,0.0948,1.3191,11.215,20.0439,10.5736,51.0074,563.8818,-17.247
2022-10-21,38.3389,2.8879,8.2835,14.8349,19.1401,16.6185,58.2911,580.1661,-14.8572
2022-10-24,38.5197,0.4717,7.4557,23.9217,20.7994,21.1759,57.5557,582.9025,-14.4556
2022-10-25,38.5594,0.103,6.635,27.1709,18.2543,21.1363,55.4381,583.5031,-14.3675
2022-10-26,39.0842,1.3611,4.9876,27.4741,19.194,21.0137,56.648,591.4451,-13.2019
2022-10-27,39.2254,0.3611,5.2669,22.5069,14.6515,17.8763,61.8666,593.5808,-12.8885
2022-10-28,39.3621,0.3485,2.6688,22.9339,17.478,21.4037,61.2795,595.6496,-12.5849
2022-10-31,39.6929,0.8403,3.0456,24.9653,18.7435,20.4998,63.7102,600.6551,-11.8503
2022-11-01,40.0766,0.9667,3.9346,19.4243,23.4356,18.3474,62.4935,606.4614,-10.9982
2022-11-02,39.1107,-2.4101,0.0677,11.7439,25.1002,10.8895,60.0834,591.8454,-13.1432
2022-11-03,39.834,1.8494,1.5516,11.5062,24.9381,14.6656,64.4067,602.791,-11.5369
2022-11-04,40.3191,1.2179,2.4314,10.8928,25.8055,12.7028,66.1775,610.1321,-10.4595
2022-11-07,41.0116,1.7174,3.3222,13.6797,25.7577,24.9777,66.8554,620.6103,-8.9218
2022-11-08,41.0512,0.0968,2.432,16.1757,24.9765,23.974,65.5112,621.2109,-8.8336
2022-11-09,39.0446,-4.8883,-0.1691,11.3865,14.9143,16.3523,56.7805,590.8444,-13.2901
2022-11-10,39.9134,2.2252,0.1993,12.9556,16.5881,18.4389,64.6197,603.9921,-11.3606
2022-11-11,41.0733,2.9061,1.8705,11.6801,22.3621,17.8524,68.7577,621.5446,-8.7847
2022-11-14,41.0601,-0.0322,0.1183,15.9691,22.6095,14.7877,69.1137,621.3443,-8.814
2022-11-15,41.4923,1.0527,1.0744,15.748,22.8757,14.6683,69.4803,627.8849,-7.8542
2022-11-16,40.6455,-2.0408,4.1003,12.404,17.2179,15.2834,65.7644,615.0708,-9.7347
2022-11-17,40.7337,0.217,2.0553,9.4183,17.5019,15.9593,68.7076,616.4056,-9.5388
2022-11-18,40.4118,-0.7904,-1.6107,8.4507,16.7936,14.5504,68.3744,611.5337,-10.2538
2022-11-21,39.8649,-1.3533,-2.9108,3.9802,11.203,10.092,72.8406,603.2581,-11.4683
2022-11-22,41.113,3.1309,-0.9141,6.7323,13.2921,13.1076,75.1445,622.1453,-8.6965
2022-11-23,40.6675,-1.0835,0.0542,5.4672,11.209,9.6182,68.0811,615.4044,-9.6858
2022-11-25,40.5176,-0.3687,-0.5305,3.6674,12.1097,8.0206,65.842,613.1355,-10.0187
2022-11-28,39.4062,-2.743,-2.4883,0.461,7.4137,3.1708,68.0546,596.3172,-12.4869
2022-11-29,40.0016,1.5109,0.3429,1.6247,12.8617,6.327,69.6172,605.3269,-11.1647
2022-11-30,40.2001,0.4961,-2.2206,1.2778,14.4644,5.1423,74.5493,608.3302,-10.7239
2022-12-01,40.0677,-0.3291,-1.4749,-0.022,16.9645,5.1284,75.843,606.3279,-11.0178
2022-12-02,39.8296,-0.5944,-1.6981,1.8381,14.1754,3.1376,69.8602,602.724,-11.5467
2022-12-05,38.6476,-2.9675,-1.925,-2.9783,11.822,0.1888,66.1348,584.8379,-14.1716
2022-12-06,37.6288,-2.6361,-5.9316,-6.6725,10.1536,-5.2808,59.385,569.421,-16.4341
2022-12-07,37.5406,-0.2344,-6.6155,-8.4633,9.4202,-5.7076,55.3742,568.0863,-16.63
2022-12-08,37.373,-0.4464,-6.7254,-8.96,6.2827,-4.0065,54.7076,565.5501,-17.0022
2022-12-09,36.4645,-2.4309,-8.4487,-6.6079,1.8293,-4.7246,52.1156,551.8019,-19.0198
2022-12-12,37.4216,2.6246,-3.1724,-6.2431,7.2055,3.1601,54.9625,566.2843,-16.8944
2022-12-13,38.1316,1.8975,1.3361,-7.162,6.2388,4.9179,62.4144,577.0293,-15.3175
2022-12-14,37.8979,-0.613,0.9516,-7.7014,8.3804,6.6291,62.0887,573.4922,-15.8366
2022-12-15,37.6685,-0.6052,0.7907,-9.2156,10.0729,12.3096,61.8966,570.0217,-16.3459
2022-12-16,37.2054,-1.2294,2.0319,-8.4636,8.6553,17.344,58.8978,563.014,-17.3744
2022-12-19,37.201,-0.012,-0.5894,-8.6727,9.4032,11.5509,62.1809,562.9466,-17.3843
2022-12-20,37.7624,1.5092,-0.9682,-6.5559,12.7062,17.9564,66.6937,571.4424,-16.1374
2022-12-21,38.4798,1.8997,1.5355,-3.4744,15.2569,24.8242,65.1559,582.2983,-14.5443
2022-12-22,37.5931,-2.3043,-0.2003,-8.5615,20.9406,20.3636,60.321,568.8802,-16.5135
2022-12-23,38.7917,3.1883,4.2635,-4.6126,27.937,20.6618,65.3421,587.0181,-13.8516
2022-12-27,39.2061,1.0682,5.3899,-3.2369,27.8715,18.744,63.5338,593.2887,-12.9314
2022-12-28,38.3283,-2.2389,1.4985,-2.7354,19.7052,20.2648,59.9866,580.0056,-14.8807
2022-12-29,38.7293,1.0463,0.6484,-3.1806,20.9576,24.1402,62.7053,586.0741,-13.9902
2022-12-30,38.9744,0.6328,3.6743,-3.0489,22.7033,23.084,64.7405,589.7826,-13.4459
2023-01-03,37.6065,-3.5098,-3.0554,-6.1428,12.0637,23.6714,58.5575,569.0825,-16.4838
2023-01-04,37.602,-0.0118,-4.0913,-5.5927,7.4334,25.8046,53.7731,569.0152,-16.4937
2023-01-05,38.2882,1.8248,-0.1046,-0.93,7.1791,23.6426,51.3423,579.3988,-14.9698
2023-01-06,39.0145,1.8969,0.7363,3.6824,7.3044,26.0413,54.2391,590.3893,-13.3569
2023-01-09,38.8764,-0.354,-0.2515,3.5581,7.7612,26.8105,50.3403,588.2992,-13.6636
2023-01-10,39.1526,0.7106,4.1114,4.7616,10.8025,30.251,49.3599,592.4795,-13.0501
2023-01-11,39.2729,0.3073,4.4437,7.7017,12.038,30.8601,50.2844,594.3002,-12.7829
2023-01-12,40.0215,1.906,4.5269,6.9477,13.2615,35.9231,48.1109,605.6278,-11.1205
2023-01-13,40.0794,0.1447,2.7296,5.1081,8.9776,33.9368,48.0443,606.5045,-10.9919
2023-01-17,40.1641,0.2112,3.3123,5.9797,13.4384,31.2162,49.1103,607.7855,-10.8039
2023-01-18,39.4289,-1.8305,0.7056,4.6732,9.9919,24.967,43.0225,596.6601,-12.4366
2023-01-19,39.919,1.2431,1.6451,7.2934,10.3948,25.3075,44.2191,604.077,-11.3481
2023-01-20,40.3156,0.9934,0.7348,8.3723,8.2951,28.8103,46.7165,610.078,-10.4674
2023-01-23,40.369,0.1326,0.7226,6.9027,8.3361,30.0508,48.2716,610.8873,-10.3487
2023-01-24,40.2131,-0.3863,0.122,4.5044,4.8885,24.9642,50.6787,608.5272,-10.695
2023-01-25,40.2175,0.0111,2.0002,6.9812,4.4076,26.1238,49.6887,608.5947,-10.6851
2023-01-26,41.4874,3.1575,3.929,6.9492,7.5935,27.2339,48.6462,627.8112,-7.865
2023-01-27,40.6497,-2.0191,0.8289,3.6823,4.0055,23.9683,45.8907,615.1352,-9.7253
2023-01-30,39.7185,-2.2909,-1.6115,3.6271,1.2571,16.0928,41.0128,601.0428,-11.7934
2023-01-31,40.0705,0.8863,-0.3546,3.463,1.7997,19.5922,42.8695,606.3696,-11.0117
2023-02-01,39.2818,-1.9682,-2.3266,0.7888,-1.0356,17.5138,39.4414,594.435,-12.7631
2023-02-02,38.3862,-2.2799,-7.475,2.0735,-4.2178,18.2293,31.5718,580.8823,-14.7521
2023-02-03,38.3016,-0.2205,-5.7766,1.8604,-2.0688,22.5121,30.8599,579.6012,-14.9401
2023-02-06,38.1278,-0.4537,-4.0049,-0.4189,-4.2833,19.5866,31.5143,576.9715,-15.326
2023-02-07,39.3665,3.2488,-1.7569,0.9023,-2.3628,22.833,33.6979,595.7161,-12.5751
2023-02-08,39.0145,-0.8942,-0.6806,0.3553,-4.8696,19.6338,30.8314,590.3893,-13.3569
2023-02-09,38.6803,-0.8565,0.7661,-1.2063,-5.7756,17.7584,32.5603,585.3324,-14.099
2023-02-10,40.1953,3.9166,4.9441,2.3485,2.9471,18.301,36.6117,608.2575,-10.7346
2023-02-13,40.0928,-0.255,5.1537,0.1781,0.4494,17.1121,37.1198,606.7067,-10.9622
2023-02-14,40.1061,0.0333,1.8789,0.0667,-2.3547,19.4808,33.2888,606.9091,-10.9325
2023-02-15,39.4244,-1.6998,1.0507,-1.8416,-3.9836,17.7253,34.1868,596.5927,-12.4465
2023-02-16,39.0368,-0.9833,0.9216,-0.9945,-5.918,15.6039,34.2735,590.7266,-13.3074
2023-02-17,37.6466,-3.5612,-6.3408,-5.6926,-7.3783,8.5693,28.4532,569.6894,-16.3947
2023-02-21,37.4594,-0.4971,-6.5682,-7.0845,-8.0383,8.0568,28.02,566.8573,-16.8103
2023-02-22,37.2099,-0.6661,-7.2214,-7.8256,-7.9231,7.54,27.9521,563.0814,-17.3645
2023-02-23,37.7713,1.5088,-4.193,-6.072,-5.2516,5.3631,32.0167,571.5773,-16.1177
2023-02-24,37.7223,-0.1297,-3.3672,-6.2043,-8.2472,3.9487,30.5005,570.8357,-16.2265
2023-02-27,37.8337,0.2953,0.4971,-8.8068,-6.9683,3.4596,31.9194,572.5213,-15.9791
2023-02-28,37.2901,-1.4368,-0.452,-8.2648,-7.9657,3.1794,26.6828,564.2952,-17.1863
2023-03-01,38.0253,1.9715,2.1914,-4.263,-3.5043,3.6496,26.0689,575.4206,-15.5536
2023-03-02,38.3595,0.8788,1.5571,-4.27,-4.1051,8.2286,25.9103,580.4775,-14.8115
2023-03-03,38.8808,1.3591,3.0711,-1.0209,-3.2817,10.708,24.7687,588.3666,-13.6537
2023-03-06,38.8986,0.0458,2.8148,1.3349,-2.9178,13.5517,24.4845,588.6364,-13.6141
2023-03-07,38.2214,-1.7411,2.4973,-0.2094,-4.0378,9.5652,18.8864,578.3875,-15.1182
2023-03-08,37.8293,-1.0259,-0.5156,-0.783,-2.1175,9.4542,15.9559,572.4539,-15.989
2023-03-09,37.2946,-1.4134,-2.7762,-5.2632,-0.8884,9.175,12.5477,564.3626,-17.1765
2023-03-10,36.8178,-1.2784,-5.306,-5.6304,-1.9255,7.3133,14.6121,557.1479,-18.2353
2023-03-13,36.0692,-2.0332,-7.2738,-6.7504,-3.4886,2.5749,8.9483,545.8201,-19.8977
2023-03-14,36.4257,0.9883,-4.6981,-9.3781,-0.1065,1.7209,10.9127,551.2144,-19.106
2023-03-15,34.4696,-5.37,-8.881,-14.0254,-7.8883,-1.2512,8.1947,521.614,-23.4501
2023-03-16,34.8439,1.0858,-6.5711,-13.1208,-8.622,-2.9211,13.5269,527.2779,-22.6189
2023-03-17,34.2958,-1.5729,-6.8498,-13.0086,-9.5045,-1.9207,12.257,518.9844,-23.836
2023-03-20,34.9824,2.002,-3.0131,-10.3859,-7.1309,2.2238,10.6953,529.3742,-22.3112
2023-03-21,36.1935,3.462,-0.6373,-3.8597,-2.7198,5.7001,14.6361,547.7013,-19.6216
2023-03-22,35.4237,-2.1271,2.7678,-5.4346,-4.7776,4.1763,7.8501,536.0512,-21.3313
2023-03-23,34.9329,-1.3854,0.2555,-6.1193,-7.4929,4.2612,7.1441,528.6249,-22.4212
2023-03-24,35.068,0.3866,2.2514,-7.1571,-8.8665,5.0376,5.7393,530.6687,-22.1212
2023-03-27,35.8154,2.1312,2.381,-5.0553,-4.7289,15.2215,7.7266,541.9784,-20.4615
2023-03-28,36.3691,1.5462,0.4851,-3.8711,-6.2451,19.9472,7.0447,550.3584,-19.2316
2023-03-29,36.8734,1.3865,4.0925,-1.1175,-5.9498,20.2634,11.2845,557.9891,-18.1118
2023-03-30,37.0355,0.4396,6.0188,-2.6031,-3.373,15.6675,12.0655,560.4419,-17.7518
2023-03-31,37.2921,0.6929,6.3423,-2.7826,-3.7109,16.4689,11.546,564.3253,-17.1819
2023-04-03,38.9804,4.5273,8.8372,0.2562,0.0155,22.7224,18.1976,589.8742,-13.4325
2023-04-04,38.2736,-1.8133,5.2365,-1.6069,1.774,14.0516,15.1206,579.1778,-15.0022
2023-04-05,38.8499,1.5057,5.3602,1.6444,3.3186,10.9987,16.7025,587.8985,-13.7224
2023-04-06,38.2601,-1.5182,3.3066,1.1389,-0.0734,7.1004,16.7618,578.9733,-15.0322
2023-04-10,38.5662,0.8002,3.4166,3.4098,-1.1489,6.0716,17.0029,583.6063,-14.3523
2023-04-11,38.9309,0.9456,-0.1271,5.7394,0.1403,7.9124,16.5833,589.1247,-13.5425
2023-04-12,38.9579,0.0694,1.788,8.0088,-0.4972,10.2516,13.5396,589.5335,-13.4825
2023-04-13,39.201,0.6241,0.9039,7.6192,-0.183,11.833,17.7879,593.2126,-12.9425
2023-04-14,39.2731,0.1838,2.6477,13.9354,-1.87,11.1435,16.0783,594.3028,-12.7826
2023-04-17,38.8094,-1.1808,0.6304,11.3806,-3.1688,5.5243,13.0214,587.2853,-13.8124
2023-04-18,38.9624,0.3944,0.081,13.6068,-2.9918,10.0446,13.0977,589.6017,-13.4725
2023-04-19,38.8274,-0.3467,-0.3351,10.991,-1.5255,8.3139,11.0781,587.5577,-13.7724
2023-04-20,38.4852,-0.8813,-1.8261,6.3317,-3.5918,6.4297,11.0034,582.3799,-14.5323
2023-04-21,38.2601,-0.5849,-2.5794,8.0071,-5.0985,2.7737,9.93,578.9733,-15.0322
2023-04-24,38.8454,1.5298,0.0928,11.1999,-3.7743,4.2471,15.2697,587.8304,-13.7324
2023-04-25,38.116,-1.8776,-2.1724,8.6918,-5.2149,-0.5814,15.9405,576.7932,-15.3522
2023-04-26,37.6072,-1.3348,-3.1424,5.0031,-6.4904,-2.3689,18.3054,569.0943,-16.482
2023-04-27,37.7423,0.3592,-1.9303,3.7757,-9.0271,-2.1191,18.5694,571.1383,-16.1821
2023-04-28,38.3276,1.5508,0.1765,3.9438,-5.7126,-1.9359,18.671,579.9953,-14.8823
2023-05-01,37.8954,-1.1277,-2.4455,2.3219,-4.59,-3.3906,13.8796,573.4548,-15.8421
2023-05-02,36.2476,-4.3483,-4.902,-2.8009,-9.5405,-7.9125,11.7976,548.519,-19.5016
2023-05-03,35.5632,-1.888,-5.4352,-8.7665,-9.4665,-10.404,7.963,538.1631,-21.0214
2023-05-04,35.167,-1.1141,-6.8233,-8.1167,-8.3863,-12.2504,3.8494,532.1676,-21.9013
2023-05-05,36.1215,2.7142,-5.7559,-7.0228,-5.6918,-7.6429,2.4144,546.6115,-19.7815
2023-05-08,36.1215,0.0,-4.681,-5.5895,-5.262,-9.3199,3.9789,546.6115,-19.7815
2023-05-09,36.135,0.0374,-0.3105,-6.304,-8.2087,-10.3775,1.0071,546.8157,-19.7516
2023-05-10,35.7253,-1.1338,0.4558,-8.234,-8.4306,-12.8896,8.8686,540.6159,-20.6614
2023-05-11,35.2976,-1.1972,0.3713,-9.3956,-8.7453,-14.0158,6.5981,534.1434,-21.6113
2023-05-12,35.3516,0.1531,-2.1314,-9.8197,-12.0502,-9.4582,5.3475,534.961,-21.4913
2023-05-15,35.5317,0.5094,-1.6328,-9.5265,-11.3763,-10.9779,5.4368,537.6863,-21.0914
2023-05-16,34.6583,-2.4582,-4.0867,-10.6961,-13.5836,-15.6185,-0.5544,524.4689,-23.0311
2023-05-17,35.3246,1.9226,-1.1216,-9.3367,-10.3991,-13.9684,-1.2464,534.5522,-21.5513
2023-05-18,35.5812,0.7265,0.8036,-8.3604,-8.852,-14.2461,-1.6675,538.4356,-20.9814
2023-05-19,35.8559,0.7719,1.4264,-6.832,-4.7566,-11.7839,1.6985,542.5915,-20.3715
2023-05-22,35.7073,-0.4144,0.4942,-6.6722,-4.6774,-12.3397,1.6503,540.3433,-20.7014
2023-05-23,36.09,1.0718,4.1309,-7.0932,-3.0097,-10.6943,2.3,546.1344,-19.8515
2023-05-24,36.2476,0.4366,2.6128,-4.902,-4.0342,-9.0739,0.1024,548.519,-19.5016
2023-05-25,35.6037,-1.7762,0.0633,-5.3274,-5.6162,-13.4003,-2.0491,538.7762,-20.9314
2023-05-26,35.4642,-0.392,-1.0924,-6.036,-6.263,-12.7949,-4.4073,536.6642,-21.2414
2023-05-30,35.0995,-1.0283,-1.7022,-8.4224,-5.8745,-13.3722,-6.4241,531.1457,-22.0512
2023-05-31,34.4827,-1.7573,-4.4536,-9.0056,-9.3165,-12.4943,-9.7196,521.8118,-23.421
2023-06-01,34.9104,1.2404,-3.689,-3.689,-8.9914,-12.7275,-7.2057,528.2842,-22.4712
2023-06-02,35.9729,3.0436,1.0369,1.152,-7.4789,-10.5152,-5.9136,544.363,-20.1115
2023-06-05,35.7343,-0.6633,0.7618,1.6131,-8.1348,-10.8152,-6.2415,540.7522,-20.6414
2023-06-06,36.0225,0.8063,2.6295,-0.2742,-5.7531,-9.5585,-6.7209,545.1124,-20.0015
2023-06-07,36.9769,2.6497,7.2333,2.3681,-2.2531,-4.3229,-4.1422,559.556,-17.8818
2023-06-08,36.8194,-0.4262,5.4681,1.8938,-1.2742,-2.1512,-7.3184,557.1715,-18.2318
2023-06-09,36.6168,-0.5503,1.7897,2.4953,-0.546,-2.461,-8.0281,554.1057,-18.6817
2023-06-12,36.2656,-0.9591,1.4867,2.7423,0.5444,-2.9632,-6.851,548.7914,-19.4616
2023-06-13,36.4367,0.4718,1.1499,3.0693,0.0301,-0.0764,-4.7974,551.3805,-19.0816
2023-06-14,36.063,-1.0256,-2.4717,1.4952,4.6225,-3.6305,-0.5851,545.7256,-19.9115
2023-06-15,36.4592,1.0986,-0.9782,5.1962,4.6357,-4.3859,0.3162,551.7212,-19.0317
2023-06-16,36.4051,-0.1482,-0.5779,3.0589,6.1503,-3.9388,2.4292,550.9035,-19.1517
2023-06-20,35.5903,-2.2382,-1.862,0.0256,1.7377,-5.5171,6.1134,538.5732,-20.9612
2023-06-21,35.8719,0.7912,-1.5499,0.0448,-0.8886,-3.5842,13.1382,542.8346,-20.3358
2023-06-22,35.3905,-1.3421,-1.8647,-0.8872,-0.0936,-4.8668,6.122,535.5492,-21.405
2023-06-23,35.1361,-0.7187,-3.6288,-2.643,0.5818,-6.9547,9.7529,531.7002,-21.9699
2023-06-26,35.7675,1.7968,-1.7516,-1.3245,1.9947,-7.0487,16.0257,541.2538,-20.5678
2023-06-27,35.8492,0.2286,0.7274,0.6895,0.0946,-4.6388,14.7802,542.491,-20.3862
2023-06-28,36.2126,1.0135,0.9496,2.1103,-0.4305,-6.6486,12.6394,547.9893,-19.5793
2023-06-29,36.6304,1.1539,3.5036,4.3617,-0.6589,-6.5695,10.9431,554.3126,-18.6513
2023-06-30,36.8666,0.6448,4.925,6.9134,-0.456,-3.8136,15.6784,557.8865,-18.1268
2023-07-03,36.9529,0.2341,3.3143,5.8507,-0.9096,-4.5867,18.4463,559.1924,-17.9352
2023-07-05,36.7485,-0.5531,2.5085,2.156,-5.7257,-5.7111,16.0546,556.0995,-18.3891
2023-07-06,35.9219,-2.2494,-0.8027,0.5249,-6.1444,-4.4795,18.1316,543.5906,-20.2249
2023-07-07,36.694,2.1495,0.1736,1.8643,-5.5492,-2.4148,22.7667,555.2748,-18.5101
2023-07-10,36.9801,0.7798,0.308,0.0087,-3.3453,-3.4163,19.4186,559.6047,-17.8747
2023-07-11,37.7932,2.1985,2.2738,2.6448,-2.0045,-3.1304,22.0956,571.9076,-16.0692
2023-07-12,38.1429,0.9254,3.7944,4.1678,-2.0242,-1.8867,24.418,577.1999,-15.2925
2023-07-13,37.9975,-0.381,5.7782,4.7758,-2.4652,-2.9501,26.4084,575.0006,-15.6153
2023-07-14,36.9938,-2.6417,0.8169,1.529,-5.6306,-5.8033,23.2659,559.8109,-17.8444
2023-07-17,36.9211,-0.1964,-0.1596,2.3795,-5.9888,-7.7468,25.3935,558.7113,-18.0058
2023-07-18,37.2935,1.0087,-1.322,2.2885,-3.9058,-6.9508,24.6271,564.3473,-17.1787
2023-07-19,37.5116,0.5846,-1.6552,3.0392,-3.7238,-6.6042,22.5505,567.6463,-16.6945
2023-07-20,37.9521,1.1745,-0.1195,6.636,-2.2542,-3.7453,20.2866,574.3132,-15.7161
2023-07-21,38.2882,0.8856,3.4991,6.7359,-0.5118,-4.0852,20.1885,579.3993,-14.9697
2023-07-24,38.9059,1.6133,5.3758,9.9333,1.6881,-3.4965,24.3065,588.7467,-13.5979
2023-07-25,39.1103,0.5253,4.8715,11.3108,0.682,-3.1181,25.9957,591.8395,-13.1441
2023-07-26,39.1239,0.0348,4.2983,9.3841,2.6443,-2.7084,21.5796,592.0456,-13.1138
2023-07-27,38.8741,-0.6385,2.4294,8.4378,3.3687,-3.3404,21.9108,588.2655,-13.6686
2023-07-28,38.9922,0.3038,1.8387,7.6759,3.3117,-6.0144,19.5816,590.0524,-13.4063
2023-07-31,39.7326,1.8987,2.1247,8.4687,3.6656,-2.2563,21.1711,601.2557,-11.7622
2023-08-01,39.5463,-0.4687,1.1148,7.2687,4.3565,-0.4335,15.5896,598.4376,-12.1757
2023-08-02,39.0286,-1.3093,-0.2438,5.617,7.6722,-2.6003,16.4825,590.6023,-13.3256
2023-08-03,39.4237,1.0125,1.4137,7.2797,10.8553,0.3612,17.9383,596.582,-12.4481
2023-08-04,39.4782,0.1382,1.2464,9.9001,12.2591,2.8447,21.5926,597.4066,-12.327
2023-08-07,39.5236,0.115,-0.5259,7.7113,9.4185,3.1906,26.421,598.0939,-12.2262
2023-08-08,39.7189,0.4941,0.4364,7.4061,9.9592,4.1732,24.5772,601.0494,-11.7924
2023-08-09,40.2185,1.2579,3.049,6.4175,11.3007,2.1644,25.4916,608.6097,-10.6829
2023-08-10,40.214,-0.0113,2.0046,5.4299,12.5644,3.0746,23.312,608.5411,-10.693
2023-08-11,40.8317,1.536,3.4285,7.4588,15.6784,5.562,24.3081,617.8885,-9.3212
2023-08-14,40.6591,-0.4227,2.8729,9.9079,15.0134,1.154,19.6661,615.2766,-9.7045
2023-08-15,39.8143,-2.0777,0.2401,7.8361,12.0529,-0.6946,16.2987,602.4928,-11.5806
2023-08-16,39.4691,-0.867,-1.8633,5.8336,13.8808,-1.5883,17.5831,597.2692,-12.3472
2023-08-17,39.9415,1.1968,-0.6777,6.4778,13.0698,1.3115,19.2693,604.4173,-11.2982
2023-08-18,40.3366,0.9893,-1.2125,6.2829,13.3649,3.3298,19.4533,610.3968,-10.4207
2023-08-21,40.0823,-0.6306,-1.4187,4.6856,11.7872,6.4699,15.5936,606.5478,-10.9855
2023-08-22,39.7734,-0.7705,-0.1027,2.2297,11.3874,6.1774,14.7319,601.8742,-11.6714
2023-08-23,39.6735,-0.2513,0.5178,1.44,9.9293,6.6208,14.66,600.3619,-11.8933
2023-08-24,39.401,-0.6869,-1.3532,0.7082,8.6997,4.3146,9.909,596.2383,-12.4985
2023-08-25,39.7825,0.9683,-1.3737,2.3367,11.7368,5.4614,9.6258,602.0115,-11.6512
2023-08-28,40.0505,0.6736,-0.0793,2.714,12.9322,5.8592,9.5216,606.0667,-11.0561
2023-08-29,40.1595,0.2722,0.9706,1.0745,14.4161,7.6947,11.1188,607.7162,-10.8141
2023-08-30,40.3593,0.4977,1.7287,2.0558,17.0423,6.1381,10.0118,610.7405,-10.3702
2023-08-31,40.3866,0.0675,2.5014,3.4796,15.6864,5.2845,13.948,611.1528,-10.3097
2023-09-01,41.2132,2.0468,3.5963,4.5392,14.5673,5.9988,17.3492,623.6618,-8.4739
2023-09-05,41.4312,0.529,3.4475,4.9471,15.9424,6.5107,20.9447,626.9609,-7.9898
2023-09-06,41.4494,0.0438,3.212,4.8725,15.0654,8.4456,18.8187,627.2358,-7.9494
2023-09-07,41.4085,-0.0986,2.5996,4.2539,11.9847,9.4616,19.8103,626.6172,-8.0402
2023-09-08,41.8082,0.9652,3.52,3.9526,13.5495,12.1027,22.3881,632.6656,-7.1526
2023-09-11,41.2586,-1.3145,0.1102,2.5977,12.6769,12.0617,20.2571,624.3491,-8.3731
2023-09-12,42.2306,2.3558,1.9294,3.426,16.4481,17.0821,20.0968,639.0575,-6.2145
2023-09-13,41.9127,-0.7528,1.1177,3.0831,15.0288,15.0635,17.0435,634.2463,-6.9206
2023-09-14,42.4032,1.1703,2.4021,6.5024,17.5809,23.0161,21.4769,641.6692,-5.8313
2023-09-15,41.79,-1.446,-0.0435,5.8803,14.6214,19.935,16.4316,632.3906,-7.1929
2023-09-18,42.1442,0.8474,2.1463,5.5148,15.7643,22.8842,20.5239,637.7496,-6.4065
2023-09-19,41.7507,-0.9337,-1.1364,3.5056,17.3091,19.3476,22.0016,631.7952,-7.2803
2023-09-20,41.3618,-0.9315,-1.3144,3.1922,15.304,14.2794,20.7935,625.9099,-8.144
2023-09-21,40.7944,-1.3717,-3.794,2.567,15.2694,15.1615,19.971,617.3244,-9.404
2023-09-22,40.863,0.1682,-2.2182,2.9984,16.2992,16.9758,21.9603,618.3629,-9.2516
2023-09-25,41.3755,1.2541,-1.8239,5.0113,15.6791,17.9865,23.9303,626.1176,-8.1135
2023-09-26,41.1376,-0.575,-1.4685,3.4062,14.7516,14.8602,32.3436,622.5172,-8.6419
2023-09-27,42.1625,2.4914,1.9358,5.2733,16.4305,15.9293,39.054,638.0266,-6.3658
2023-09-28,42.2082,0.1085,3.4657,5.1015,15.2272,14.468,37.663,638.7189,-6.2642
2023-09-29,41.3572,-2.0163,1.2093,2.4724,12.1806,11.6691,29.1649,625.8407,-8.1542
2023-10-02,40.5336,-1.9914,-2.0347,0.3641,9.69,8.6923,26.5927,613.3779,-9.9832
2023-10-03,40.5062,-0.0677,-1.5349,-1.7156,10.2253,3.9141,27.5258,612.9625,-10.0441
2023-10-04,39.2342,-3.1402,-6.9452,-5.3028,9.2209,2.5098,16.9142,593.7143,-12.8689
2023-10-05,38.9917,-0.6181,-7.6206,-5.9294,6.2617,0.3651,11.4039,590.0446,-13.4075
2023-10-06,39.2251,0.5985,-5.1554,-5.273,6.0706,2.5222,9.8016,593.5759,-12.8892
2023-10-09,40.5336,3.336,0.0,-3.0486,7.2512,5.1013,11.4827,613.3779,-9.9832
2023-10-10,40.5839,0.1242,0.192,-1.6353,6.3998,4.2461,12.4944,614.1394,-9.8714
2023-10-11,40.0623,-1.2852,2.1108,-5.1343,5.434,2.8349,13.3771,606.2463,-11.0298
2023-10-12,40.1081,0.1142,2.8632,-4.3055,8.4185,2.3139,14.4207,606.9388,-10.9281
2023-10-13,40.9912,2.2017,4.5025,-3.33,11.0236,4.3747,16.0057,620.3016,-8.9671
2023-10-16,41.2657,0.6697,1.8061,-1.2547,10.651,6.3292,12.2032,624.456,-8.3574
2023-10-17,41.6958,1.0422,2.7396,-1.0639,11.1545,7.0153,17.7646,630.9643,-7.4023
2023-10-18,42.0755,0.9108,5.0251,0.7781,10.8648,8.3657,17.3751,636.711,-6.5589
2023-10-19,42.0023,-0.174,4.7228,1.5487,9.7004,9.1389,16.1563,635.6032,-6.7215
2023-10-20,41.2977,-1.6775,0.7479,1.2338,6.1476,7.9395,10.9334,624.9407,-8.2863
2023-10-23,40.6297,-1.6176,-1.5412,-0.571,3.8849,4.5934,9.0356,614.8319,-9.7698
2023-10-24,40.0578,-1.4077,-3.9285,-3.1848,2.3869,5.0944,4.4834,606.1771,-11.0399
2023-10-25,39.9846,-0.1827,-4.9695,-2.8028,2.8565,6.3215,3.8028,605.0694,-11.2025
2023-10-26,39.6734,-0.7781,-5.5447,-5.9034,1.7471,5.1166,2.8891,600.3612,-11.8934
2023-10-27,38.7218,-2.3988,-6.2375,-8.2602,-2.544,1.0284,-0.9275,585.9597,-14.0069
2023-10-30,38.8499,0.3309,-4.3806,-6.0626,-1.7611,2.5187,-0.9573,587.8984,-13.7224
2023-10-31,38.978,0.3298,-2.6956,-3.8379,-0.1296,7.5327,-0.9758,589.837,-13.4379
2023-11-01,38.8865,-0.2348,-2.7463,-3.9987,-1.3627,9.3446,-2.0316,588.4522,-13.6412
2023-11-02,40.0623,3.0239,0.9803,2.1108,1.4797,13.9202,-0.0355,606.2463,-11.0298
2023-11-03,39.6597,-1.005,2.4223,1.7132,0.3443,9.7952,1.4037,600.1534,-11.9239
2023-11-06,39.2113,-1.1306,0.9304,-0.035,-1.278,8.5539,-1.5632,593.3681,-12.9197
2023-11-07,38.342,-2.217,-1.6316,-5.4069,-4.6658,6.1076,-4.9037,580.213,-14.8503
2023-11-08,37.8616,-1.253,-2.6356,-6.708,-5.8498,5.9797,-7.6807,572.9429,-15.9172
2023-11-09,37.7472,-0.3021,-5.7789,-5.7789,-7.5542,6.9398,-8.0486,571.212,-16.1713
2023-11-10,38.1636,1.103,-3.7725,-4.8483,-6.1377,7.9542,-2.2564,577.5127,-15.2466
2023-11-13,38.4381,0.7193,-1.972,-6.2284,-3.4566,8.1796,-3.6963,581.6669,-14.6369
2023-11-14,38.7812,0.8928,1.1456,-6.0206,-1.7428,11.896,-5.5804,586.8598,-13.8748
2023-11-15,38.708,-0.1888,2.2357,-7.1656,-3.0881,9.5781,-5.7283,585.752,-14.0374
2023-11-16,37.9531,-1.9504,0.5454,-9.7977,-5.9091,6.666,-8.5298,574.3277,-15.714
2023-11-17,38.7492,2.0977,1.5346,-7.7451,-3.3258,8.0694,-4.6654,586.3752,-13.946
2023-11-20,38.8041,0.1417,0.9523,-6.0381,-2.4371,8.6728,-4.7371,587.206,-13.824
2023-11-21,38.7172,-0.224,-0.1652,-4.7072,-2.4105,7.2795,-4.1933,585.8904,-14.0171
2023-11-22,38.6989,-0.0473,-0.0236,-3.3923,-1.782,6.7627,-2.9249,585.6135,-14.0578
2023-11-24,38.859,0.4138,2.387,-2.815,-2.3213,9.1431,-5.4824,588.0368,-13.7021
2023-11-27,38.7218,-0.3532,-0.0709,-2.3988,-3.3176,9.1856,-4.7846,585.9597,-14.0069
2023-11-28,38.7309,0.0236,-0.1887,0.0236,-3.5573,10.346,-4.4097,586.0981,-13.9866
2023-11-29,38.4426,-0.7442,-0.7091,-1.0482,-4.7491,11.4839,-2.4452,581.7361,-14.6268
2023-11-30,38.6989,0.6665,0.0,-0.716,-4.1789,10.852,-3.2566,585.6135,-14.0578
2023-12-01,38.9002,0.5202,0.106,0.0353,-5.6123,8.1374,-3.2335,588.6599,-13.6107
2023-12-04,38.7218,-0.4587,0.0,-3.3463,-6.5397,8.3601,-3.3593,585.9597,-14.0069
2023-12-05,38.0446,-1.7488,-1.772,-4.0724,-8.2143,5.6135,-4.4816,575.7126,-15.5108
2023-12-06,37.4772,-1.4913,-2.5113,-4.4224,-9.4939,1.353,-3.0283,567.127,-16.7708
2023-12-07,37.221,-0.6837,-3.8189,-2.9236,-10.972,1.0909,-1.0838,563.2497,-17.3398
2023-12-08,37.6237,1.0817,-3.2816,-0.6284,-8.8102,2.7498,0.2212,569.3427,-16.4456
2023-12-11,37.6694,0.1216,-2.7177,-0.2061,-10.8007,3.871,0.793,570.035,-16.344
2023-12-12,37.1524,-1.3725,-2.3452,-2.6496,-11.3576,1.9643,1.8864,562.2111,-17.4922
2023-12-13,37.6694,1.3916,0.5128,-1.9998,-11.1637,4.4545,0.6623,570.035,-16.344
2023-12-14,38.7767,2.9394,4.1795,-0.0118,-7.2107,6.3564,1.6916,586.7906,-13.885
2023-12-15,38.5708,-0.531,2.5173,-0.3546,-8.479,5.9487,1.7756,583.6749,-14.3423
2023-12-18,38.8858,0.8168,3.2292,2.4576,-6.8618,9.2595,3.2316,588.4423,-13.6426
2023-12-19,39.3524,1.1998,5.9215,1.5565,-4.8581,9.7024,5.7704,595.5024,-12.6065
2023-12-20,38.9874,-0.9273,3.4989,0.4724,-4.4295,10.1636,4.8021,589.98,-13.4169
2023-12-21,39.1399,0.391,0.9367,1.0918,-4.2169,11.3949,3.6477,592.2869,-13.0784
2023-12-22,39.2554,0.295,1.7749,1.438,-5.1242,9.7515,2.0155,594.0344,-12.8219
2023-12-26,39.5926,0.859,1.8175,1.8877,-3.7557,10.4419,5.3187,599.1373,-12.0731
2023-12-27,39.417,-0.4433,0.1643,1.7956,-6.5116,8.849,1.612,596.4811,-12.4629
2023-12-28,38.8165,-1.5235,-0.4384,0.221,-8.0357,5.9679,-0.9936,587.3936,-13.7965
2023-12-29,38.7287,-0.2261,-1.0504,0.7442,-6.3555,5.051,1.0448,586.0655,-13.9914
2024-01-02,39.1445,1.0735,-0.2824,1.1515,-3.4271,5.9308,1.072,592.3568,-13.0681
2024-01-03,39.782,1.6285,0.4784,2.2667,-1.7879,8.2546,2.0721,602.0033,-11.6525
2024-01-04,39.0844,-1.7534,-0.8438,0.9366,-0.3817,8.804,3.9301,591.4481,-13.2015
2024-01-05,39.1168,0.0827,0.7735,2.8182,0.3208,6.6026,4.0284,591.9374,-13.1297
2024-01-08,38.6641,-1.1573,-0.167,3.1668,-1.4302,4.5536,0.9817,585.0868,-14.135
2024-01-09,38.0451,-1.6009,-2.8086,2.214,-6.1394,0.6666,-2.4847,575.7199,-15.5097
2024-01-10,37.6709,-0.9835,-5.3065,0.1256,-7.1778,-1.2374,-3.1007,570.0579,-16.3406
2024-01-11,37.7679,0.2575,-3.3684,0.2615,-5.7271,-0.6043,-3.5366,571.5258,-16.1252
2024-01-12,38.1929,1.1252,-2.3618,2.8007,-4.7751,3.2414,-2.75,577.9568,-15.1814
2024-01-16,37.2829,-2.3827,-3.5723,-1.0261,-9.0465,0.9799,-6.8428,564.186,-17.2024
2024-01-17,36.9734,-0.8301,-2.8169,-4.6504,-10.4016,-0.8585,-7.7497,559.5025,-17.8897
2024-01-18,36.9133,-0.1624,-2.0111,-4.2971,-11.4698,-1.5948,-8.0936,558.5937,-18.0231
2024-01-19,37.0334,0.3254,-1.9447,-4.7636,-11.9834,-2.4206,-6.0753,560.4112,-17.7563
2024-01-22,37.172,0.3742,-2.673,-5.5405,-11.5001,-2.9153,-6.8813,562.5083,-17.4486
2024-01-23,37.2506,0.2112,-0.0867,-4.455,-9.8,-4.2548,-7.6025,563.6966,-17.2742
2024-01-24,37.7818,1.4261,2.1864,-3.4698,-7.0095,-3.3969,-6.409,571.7355,-16.0944
2024-01-25,38.6317,2.2497,4.6552,-1.5886,-3.5599,-1.258,-3.9324,584.5975,-14.2069
2024-01-26,38.9181,0.7414,5.0892,-1.7034,-2.6671,0.1132,-3.2309,588.9315,-13.5708
2024-01-29,38.8627,-0.1424,4.5483,-1.4063,-2.0435,-0.3321,-6.3265,588.0927,-13.6939
2024-01-30,39.2646,1.0341,5.4067,1.1544,1.4019,-1.1778,-3.4075,594.1743,-12.8014
2024-01-31,38.5301,-1.8706,1.9807,-0.5129,-0.8231,-2.5697,-2.992,583.0597,-14.4325
2024-02-01,38.5255,-0.012,-0.275,-1.5813,-1.1609,-1.2889,-3.8557,582.9898,-14.4428
2024-02-02,38.5809,0.1439,-0.8665,-3.019,-0.7857,-2.1378,-1.7843,583.8286,-14.3197
2024-02-05,38.4839,-0.2514,-0.9747,-1.5365,-3.9399,-2.5185,0.2545,582.3607,-14.5351
2024-02-06,38.6086,0.3241,-1.6706,-1.299,-2.6502,-2.315,0.8017,584.248,-14.2581
2024-02-07,38.6872,0.2034,0.4076,0.0597,-1.3367,-2.5976,1.4671,585.4364,-14.0837
2024-02-08,39.0844,1.0269,1.4508,2.7319,1.9364,-2.8198,-0.7165,591.4481,-13.2015
2024-02-09,38.4839,-1.5365,-0.2514,2.1582,1.6437,-4.3022,-1.3599,582.3607,-14.5351
2024-02-12,38.9089,1.1043,1.1043,3.021,3.0776,-4.7091,0.591,588.7918,-13.5913
2024-02-13,38.5163,-1.0092,-0.2393,0.8466,0.9242,-5.2703,-4.1771,582.8499,-14.4633
2024-02-14,38.4793,-0.0959,-0.5373,3.209,0.1073,-3.3531,-4.0243,582.2908,-14.5454
2024-02-15,39.551,2.7851,1.1937,6.9715,1.9849,0.2074,-1.3842,598.5082,-12.1654
2024-02-16,39.5279,-0.0584,2.7128,7.083,2.1181,-1.0355,0.2625,598.1587,-12.2167
2024-02-20,39.1676,-0.9115,0.6648,5.7627,3.2,-2.8982,0.3351,592.7063,-13.0168
2024-02-21,39.9021,1.8752,3.598,7.3443,2.9752,-0.4496,5.9912,603.8208,-11.3857
2024-02-22,39.9714,0.1737,3.8775,7.3041,3.008,0.4976,6.7058,604.8694,-11.2318
2024-02-23,39.7081,-0.6587,0.3971,5.0984,2.5593,0.0871,6.7137,600.885,-11.8166
2024-02-26,39.8466,0.349,0.8064,3.1448,2.9659,1.131,5.4944,602.9821,-11.5088
2024-02-27,39.6757,-0.4289,1.2973,1.9466,2.1017,-0.2684,5.1784,600.3956,-11.8884
2024-02-28,39.5972,-0.1979,-0.764,1.8899,2.2608,-1.1318,4.6611,599.2073,-12.0628
2024-02-29,39.7912,0.49,-0.4507,1.3412,2.7376,-0.917,6.7071,602.1432,-11.6319
2024-03-01,40.2531,1.1609,1.3727,4.4719,4.7096,-0.2631,5.8588,609.1334,-10.6061
2024-03-04,39.8235,-1.0672,-0.058,3.3693,2.9062,-1.3941,3.8167,602.6325,-11.5601
2024-03-05,40.1192,0.7424,1.1177,3.9871,3.1336,-2.6546,3.185,607.1063,-10.9036
2024-03-06,40.2439,0.3109,1.6332,4.5733,3.931,-2.8658,3.4584,608.9936,-10.6266
2024-03-07,40.5857,0.8494,1.9967,5.1208,6.6794,-2.0836,6.186,614.1665,-9.8674
2024-03-08,40.7289,0.3528,1.182,5.2776,8.6764,-1.6412,7.6652,616.3334,-9.5494
2024-03-11,41.1493,1.0321,3.3291,5.2831,10.5539,-1.576,10.3359,622.6946,-8.6159
2024-03-12,41.0846,-0.1572,2.4065,6.7579,9.1989,-0.4217,11.589,621.716,-8.7595
2024-03-13,41.7406,1.5966,3.719,7.2777,10.8076,-1.1603,15.7235,631.6422,-7.3028
2024-03-14,42.1702,1.0292,3.9039,9.4867,13.5059,0.6144,15.7704,638.143,-6.3487
2024-03-15,42.2949,0.2958,3.8449,9.916,12.2792,-0.2554,22.702,640.0305,-6.0717
2024-03-18,42.4411,0.3457,3.1394,7.3073,9.4502,1.558,21.8036,642.2432,-5.747
2024-03-19,42.9254,1.1411,4.4805,8.5952,11.29,1.8537,25.1621,649.5718,-4.6715
2024-03-20,42.8649,-0.141,2.6935,9.4397,10.2327,2.6687,22.5325,648.6557,-4.8059
2024-03-21,43.121,0.5975,2.2547,8.0671,9.5766,4.2533,19.14,652.5315,-4.2371
2024-03-22,43.0279,-0.216,1.733,7.6467,10.3634,5.4749,21.4664,651.1221,-4.444
2024-03-25,43.4283,0.9308,2.3261,9.3691,10.9568,6.2778,24.3192,657.1824,-3.5546
2024-03-26,43.0931,-0.772,0.3905,8.1473,9.7763,4.1512,22.8843,652.1087,-4.2992
2024-03-27,43.4935,0.9293,1.4666,9.6226,9.8528,5.727,21.4382,658.169,-3.4098
2024-03-28,43.9639,1.0814,1.9546,11.0277,11.5352,4.2725,20.8823,665.2861,-2.3653
2024-04-01,44.2898,0.7414,2.9329,11.3056,14.1005,4.9317,20.1132,670.2189,-1.6414
2024-04-02,44.9092,1.3984,3.4098,11.5669,15.9582,8.5885,21.2599,679.5911,-0.266
2024-04-03,45.2165,0.6844,4.9276,13.5422,15.5118,11.5531,21.2496,684.242,0.4166
2024-04-04,45.1886,-0.0618,3.8972,12.6358,13.5906,11.5597,15.9263,683.8191,0.3545
2024-04-05,45.6729,1.0717,3.8873,13.4902,16.8569,16.4109,19.3326,691.1479,1.43
2024-04-08,45.3841,-0.6322,2.4708,11.8229,16.0222,16.3944,16.8193,686.7787,0.7888
2024-04-09,45.3981,0.0308,1.0888,11.4641,17.4168,15.7376,18.6566,686.9903,0.8199
2024-04-10,45.5378,0.3077,0.7106,10.6649,19.6944,12.3458,18.0769,689.1043,1.1301
2024-04-11,45.5052,-0.0716,0.7008,10.7597,20.7967,12.1262,16.8871,688.6111,1.0577
2024-04-12,44.7648,-1.6271,-1.9882,7.2453,18.526,11.7378,14.9055,677.4066,-0.5866
2024-04-15,44.3457,-0.9362,-2.2881,5.159,16.1098,10.5654,13.1238,671.0645,-1.5173
2024-04-16,43.9592,-0.8716,-3.1696,3.935,17.9072,7.2407,11.9321,665.2157,-2.3757
2024-04-17,43.8335,-0.286,-3.7427,3.2807,18.5541,6.2225,12.9456,663.313,-2.6549
2024-04-18,43.6984,-0.3081,-3.9705,1.8008,18.3811,4.803,12.1553,661.2695,-2.9548
2024-04-19,44.2246,1.2042,-1.2067,3.1722,19.4181,5.1077,13.9007,669.2324,-1.7862
2024-04-22,44.5133,0.6528,0.378,3.2289,19.7496,5.9783,15.6636,673.6013,-1.145
2024-04-23,44.7602,0.5545,1.822,4.026,20.1597,8.3841,16.9892,677.3361,-0.5969
2024-04-24,44.7927,0.0728,2.1885,3.1417,18.5565,10.2463,15.3104,677.8294,-0.5245
2024-04-25,44.9976,0.4574,2.9732,4.4197,16.4784,12.3319,18.0544,680.93,-0.0695
2024-04-26,44.5832,-0.921,0.8108,2.5053,14.5563,11.501,18.5495,674.6584,-0.9899
2024-04-29,44.8859,0.6789,0.8369,2.0972,15.4986,13.1384,18.9272,679.2388,-0.3177
2024-04-30,43.5494,-2.9775,-2.705,-1.6717,10.9127,12.4675,13.6241,659.0145,-3.2857
2024-05-01,42.8556,-1.5932,-4.3248,-4.5728,11.2261,10.3107,13.0891,648.5148,-4.8266
2024-05-02,43.1024,0.5759,-4.2119,-4.6756,11.8801,10.5813,18.911,652.2496,-4.2785
2024-05-03,43.107,0.0108,-3.3111,-4.6064,11.7314,10.8535,21.2123,652.3199,-4.2682
2024-05-06,43.447,0.7886,-3.2057,-4.8736,12.8964,8.4484,23.5446,657.4642,-3.5132
2024-05-07,43.4051,-0.0964,-0.3315,-4.3607,12.4232,9.4437,20.164,656.8301,-3.6063
2024-05-08,43.3538,-0.118,1.1627,-4.503,12.0625,10.5646,20.0222,656.0549,-3.7201
2024-05-09,43.9359,1.3426,1.9339,-3.5177,12.4128,14.5895,21.5882,664.8634,-2.4274
2024-05-10,43.6938,-0.5511,1.3612,-3.9808,13.5377,15.404,22.3048,661.199,-2.9651
2024-05-13,43.5774,-0.2664,0.3001,-2.6526,11.9984,15.4453,23.457,659.4374,-3.2237
2024-05-14,43.6332,0.1282,0.5257,-1.6066,13.2852,14.3322,23.4264,660.2829,-3.0996
2024-05-15,43.731,0.2241,0.87,-0.5191,13.6482,13.7701,23.076,661.7628,-2.8824
2024-05-16,43.61,-0.2769,-0.7419,-0.5099,10.2626,12.4512,25.8284,659.9307,-3.1513
2024-05-17,44.22,1.3988,1.2043,1.1935,11.8703,14.2398,25.1817,669.1618,-1.7965
2024-05-20,43.9313,-0.6529,0.8121,-0.6634,12.1623,15.7515,23.4675,664.7928,-2.4377
2024-05-21,43.7171,-0.4876,0.1921,-1.7889,9.5609,12.8205,21.9244,661.5514,-2.9134
2024-05-22,42.8789,-1.9173,-1.9487,-4.2031,7.274,10.5008,20.0843,648.8673,-4.7749
2024-05-23,42.4877,-0.9123,-2.5734,-5.1461,7.0001,9.7386,17.727,642.9478,-5.6436
2024-05-24,42.5482,0.1425,-3.7805,-5.4434,6.78,9.9469,17.3823,643.864,-5.5091
2024-05-28,42.986,1.0288,-2.1518,-3.5826,8.3432,10.6203,20.7344,650.4879,-4.537
2024-05-29,42.2269,-1.7658,-3.4086,-5.9239,6.6412,9.0522,19.0692,639.0017,-6.2227
2024-05-30,42.348,0.2867,-1.2381,-2.7588,6.4255,9.339,20.6512,640.8338,-5.9538
2024-05-31,43.4004,2.4851,2.1482,1.2713,7.8187,12.8965,25.8614,656.7595,-3.6167
2024-06-03,42.2642,-2.618,-0.6676,-1.9447,6.1286,9.2129,21.0646,639.5654,-6.14
2024-06-04,41.859,-0.9586,-2.6216,-2.8951,4.3367,7.6062,16.3626,633.4348,-7.0397
2024-06-05,41.8544,-0.0111,-0.8822,-3.6656,4.0018,8.0901,17.1265,633.3642,-7.0501
2024-06-06,42.0732,0.5229,-0.6488,-3.0683,3.6651,10.5893,16.7972,636.6763,-6.564
2024-06-07,41.9056,-0.3984,-3.4442,-3.3405,2.889,11.8161,13.329,634.1395,-6.9363
2024-06-10,42.2222,0.7556,-0.0992,-3.9004,2.6075,13.4366,14.6741,638.9312,-6.2331
2024-06-11,42.1384,-0.1985,0.6675,-3.5596,2.5649,11.9998,15.0796,637.6627,-6.4192
2024-06-12,41.6867,-1.0719,-0.4005,-4.3386,-0.129,10.6647,14.9485,630.8273,-7.4224
2024-06-13,41.3049,-0.916,-1.8262,-5.3362,-2.0519,11.1769,13.3607,625.049,-8.2704
2024-06-14,40.9975,-0.7441,-2.1669,-6.2507,-3.0674,8.8351,13.6832,620.3981,-8.9529
2024-06-17,41.1046,0.2613,-2.647,-5.7448,-3.149,6.0036,12.7415,622.0189,-8.715
2024-06-18,41.2769,0.4192,-2.0444,-6.6554,-3.8403,7.0161,13.3822,624.6262,-8.3324
2024-06-20,42.036,1.8389,0.8378,-4.3142,-1.9337,8.1011,18.1107,636.1124,-6.6467
2024-06-21,41.7938,-0.576,1.1838,-4.3992,-3.0777,6.2041,16.5085,632.4482,-7.1845
2024-06-24,42.8477,2.5215,4.5128,-0.0727,-0.4188,9.9012,21.0711,648.3952,-4.8442
2024-06-25,42.9462,0.2301,4.4803,1.0793,-1.1101,9.725,22.2281,649.8869,-4.6252
2024-06-26,42.5238,-0.9837,3.0206,-0.0575,-1.3211,8.326,18.8895,643.4938,-5.5635
2024-06-27,42.6223,0.2318,1.3949,-0.8459,-2.003,7.6524,18.8933,644.9856,-5.3445
2024-06-28,42.7866,0.3854,2.3755,1.3255,-2.6777,8.5486,18.1541,647.4717,-4.9797
2024-07-01,42.8101,0.0549,-0.0876,1.0913,-3.341,10.2884,16.8703,647.827,-4.9276
2024-07-02,42.7772,-0.0768,-0.3935,-1.4358,-4.7472,10.4535,16.0325,647.3297,-5.0005
2024-07-03,42.965,0.4389,1.0376,1.6583,-4.9794,9.76,16.2696,650.171,-4.5836
2024-07-05,42.2938,-1.5623,-0.7709,1.0385,-6.4061,6.3139,15.0897,640.0133,-6.0743
2024-07-08,42.0356,-0.6104,-1.7553,0.433,-7.9638,7.5507,17.0194,636.1064,-6.6476
2024-07-09,41.6647,-0.8822,-2.6754,-0.9709,-8.1954,6.5138,13.5464,630.4948,-7.4712
2024-07-10,41.9464,0.676,-1.9423,0.0973,-7.6032,8.4893,13.4295,634.7567,-6.8457
2024-07-11,42.3829,1.0407,-1.3548,0.3806,-6.928,11.4019,12.1445,641.3628,-5.8762
2024-07-12,42.4909,0.2547,0.4661,0.8365,-6.6241,12.795,11.3993,642.9966,-5.6364
2024-07-15,43.134,1.5135,2.6131,3.4718,-3.6431,14.208,13.5179,652.7283,-4.2083
2024-07-16,43.3265,0.4462,3.9883,4.8943,-2.2984,13.4411,17.1182,655.6406,-3.7809
2024-07-17,43.7583,0.9968,4.3196,6.734,-0.457,17.3683,18.5184,662.1758,-2.8218
2024-07-18,43.8381,0.1824,3.4334,6.65,0.0106,18.5666,17.5488,663.3833,-2.6446
2024-07-19,43.3593,-1.0922,2.0437,5.0449,-0.776,17.4624,15.5892,656.1378,-3.7079
2024-07-22,43.0871,-0.6279,-0.1088,2.5004,-2.5723,16.3463,13.53,652.018,-4.3125
2024-07-23,42.4017,-1.5906,-2.1343,1.4545,-4.7438,14.0689,10.7435,641.647,-5.8345
2024-07-24,42.4064,0.0111,-3.0895,-1.0298,-5.2586,13.841,8.9973,641.7181,-5.8241
2024-07-25,43.1387,1.7268,-1.5955,0.4481,-3.6927,14.1786,10.3001,652.7993,-4.1978
2024-07-26,43.2748,0.3156,-0.1948,1.7662,-3.8287,12.0188,10.6096,654.8593,-3.8955
2024-07-29,42.904,-0.8569,-0.4249,0.6608,-3.7665,10.2416,10.3664,649.2476,-4.7191
2024-07-30,43.5705,1.5536,2.7566,1.8322,-2.9304,12.114,11.7417,659.3344,-3.2388
2024-07-31,43.7536,0.4202,3.1769,2.204,0.4689,11.4328,10.1203,662.1048,-2.8322
2024-08-01,42.5942,-2.6499,-1.2622,-0.428,-0.6099,10.5478,7.707,644.5594,-5.4071
2024-08-02,41.4958,-2.5788,-4.1111,-3.4196,-3.7274,7.7099,6.3215,627.9375,-7.8464
2024-08-05,40.5804,-2.2059,-5.4158,-4.0511,-5.8612,5.1826,2.934,614.086,-9.8792
2024-08-06,40.8292,0.6131,-6.2917,-2.8699,-6.0252,6.0942,3.4222,617.8508,-9.3267
2024-08-07,40.9935,0.4024,-6.3083,-1.6111,-5.5559,6.177,3.719,620.337,-8.9619
2024-08-08,41.876,2.1528,-1.6861,-0.1679,-3.4088,8.2426,5.4308,633.6913,-7.0021
2024-08-09,41.9699,0.2242,1.1425,-0.9746,-4.4748,7.3825,4.3546,635.112,-6.7936
2024-08-12,42.1764,0.4921,3.9329,-0.7402,-3.4727,9.5949,4.8799,638.2375,-6.3349
2024-08-13,41.768,-0.9683,2.2994,-3.1668,-4.152,7.3482,2.2931,632.0575,-7.2418
2024-08-14,42.0121,0.5844,2.4848,-3.0336,-3.7153,9.0763,3.3277,635.7513,-6.6997
2024-08-15,42.5144,1.1955,1.5245,-2.8427,-2.7821,10.4864,6.7817,643.3519,-5.5843
2024-08-16,42.4674,-0.1104,1.1855,-3.1267,-2.6199,7.3739,7.5966,642.6414,-5.6886
2024-08-19,42.7538,0.6743,1.3689,-1.3965,-3.3157,8.161,7.041,646.9745,-5.0527
2024-08-20,41.6272,-2.635,-0.3372,-3.3882,-5.2447,6.2797,3.1995,629.9264,-7.5546
2024-08-21,41.6976,0.1691,-0.7486,-1.6606,-4.6194,4.4999,4.0301,630.992,-7.3982
2024-08-22,41.8056,0.2589,-1.6672,-1.4169,-2.5031,4.5888,5.1093,632.6257,-7.1584
2024-08-23,42.4299,1.4934,-0.0884,-1.6431,-0.136,6.8546,6.9477,642.0732,-5.772
2024-08-26,42.8101,0.8961,0.1318,-1.0739,0.6155,7.4372,8.6524,647.827,-4.9276
2024-08-27,42.4111,-0.932,1.8832,-1.1488,-1.3373,6.8944,6.6074,641.7891,-5.8137
2024-08-28,42.1389,-0.6419,1.0582,-3.2859,-0.2085,6.4188,5.2144,637.6692,-6.4183
2024-08-29,42.6881,1.3033,2.1109,-2.4354,0.8031,7.2801,6.2963,645.98,-5.1986
2024-08-30,42.8477,0.3739,0.9846,0.5951,-1.2736,6.4455,6.1654,648.3952,-4.8442
2024-09-03,41.7821,-2.4868,-2.4013,0.6901,-1.1406,4.9181,3.4554,632.2706,-7.2105
2024-09-04,41.2047,-1.3819,-2.8445,1.5385,-1.5631,2.7058,-0.0206,623.5334,-8.4928
2024-09-05,40.8855,-0.7747,-2.9743,0.1379,-2.3148,1.5943,-1.3171,618.7031,-9.2017
2024-09-06,40.3739,-1.2514,-5.4211,-1.5115,-4.0391,-0.522,-2.5948,610.9605,-10.3379
2024-09-09,40.6649,0.7208,-5.0942,-2.8921,-2.9607,-0.1572,-1.7958,615.3646,-9.6916
2024-09-10,39.9655,-1.72,-4.3478,-4.7758,-5.345,-2.8769,-4.4075,604.7805,-11.2449
2024-09-11,39.5947,-0.9279,-3.9075,-6.1213,-6.0367,-3.6266,-4.033,599.1688,-12.0684
2024-09-12,39.9514,0.901,-2.2847,-4.3493,-4.1628,-4.2864,-5.397,604.5675,-11.2761
2024-09-13,40.1767,0.564,-0.4883,-4.3687,-2.7313,-4.7271,-4.1418,607.9771,-10.7758
2024-09-16,40.6367,1.145,-0.0692,-4.4165,-0.88,-3.9205,-4.1658,614.9384,-9.7541
2024-09-17,41.1859,1.3515,3.0538,-3.0176,0.1978,-2.9574,-1.4455,623.2493,-8.5345
2024-09-18,41.2658,0.1938,4.2205,-3.4805,-0.0271,-3.8664,-2.0843,624.4569,-8.3573
2024-09-19,41.7586,1.1944,4.5236,0.3158,-0.6598,-2.5808,0.019,631.9155,-7.2627
2024-09-20,41.6647,-0.2248,3.7037,-0.0788,-0.3089,-3.3771,0.7325,630.4948,-7.4712
2024-09-23,42.1792,1.2348,3.7957,0.8938,-1.5601,-1.9723,3.3946,638.2799,-6.3287
2024-09-24,42.0751,-0.2469,2.1588,-0.8362,-2.0285,-3.1161,2.9661,636.7042,-6.5599
2024-09-25,41.2516,-1.9572,-0.0344,-3.6406,-2.9917,-4.2733,-0.2995,624.2424,-8.3887
2024-09-26,40.4422,-1.9619,-3.1524,-4.6423,-5.1149,-7.0155,-1.6902,611.9952,-10.1861
2024-09-27,41.2658,2.0363,-0.9576,-2.0719,-3.5545,-6.1371,-2.1268,624.4571,-8.3572
2024-09-30,41.5545,0.6996,-1.4812,-2.6555,-2.9331,-6.176,-1.5489,628.8259,-7.7161
2024-10-01,42.501,2.2779,1.0124,-0.8089,-0.6457,-5.3622,2.7658,643.1501,-5.6139
2024-10-02,42.9365,1.0245,4.0844,2.7628,-0.0664,-5.0425,5.928,649.7392,-4.6469
2024-10-03,43.6937,1.7637,8.0398,6.0406,3.3101,-3.308,7.8693,661.1983,-2.9652
2024-10-04,44.1007,0.9315,6.8701,7.864,4.9129,-3.4421,12.4038,667.3577,-2.0613
2024-10-07,44.2569,0.3542,6.5034,9.6178,6.2215,-2.4837,13.5035,669.7212,-1.7145
2024-10-08,43.1021,-2.6093,1.4143,5.9934,2.7552,-5.0575,9.8842,652.2459,-4.2791
2024-10-09,43.3624,0.6039,0.992,8.4997,2.311,-4.7771,6.9789,656.1849,-3.701
2024-10-10,43.6559,0.6767,-0.0867,10.257,2.7417,-4.0641,7.5693,660.6254,-3.0493
2024-10-11,43.9256,0.618,-0.3971,9.9477,1.8353,-1.8746,9.6432,664.7078,-2.4502
2024-10-14,43.9067,-0.0431,-0.7914,9.2839,1.3392,-0.99,9.4709,664.4212,-2.4923
2024-10-15,42.4916,-3.223,-1.4165,4.5644,-2.8948,-3.3386,3.6604,643.0069,-5.6349
2024-10-16,42.6951,0.4789,-1.539,3.6642,-2.6074,-2.597,3.4639,646.0864,-5.183
2024-10-17,42.8986,0.4767,-1.7346,3.9569,-1.0625,-1.8303,2.8848,649.1661,-4.731
2024-10-18,42.7566,-0.331,-2.6614,2.3899,-0.7669,-3.3194,1.6187,647.0176,-5.0463
2024-10-21,42.6288,-0.2989,-2.9104,2.3139,0.5356,-4.2336,1.4916,645.0837,-5.3301
2024-10-22,42.7282,0.2332,0.5569,1.3016,0.7589,-4.5396,3.4639,646.5878,-5.1094
2024-10-23,42.5058,-0.5206,-0.4434,1.0236,-1.4672,-5.1057,4.6175,643.2217,-5.6034
2024-10-24,42.501,-0.0111,-0.9267,3.0289,-1.7881,-5.5483,6.0994,643.1501,-5.6139
2024-10-25,42.4868,-0.0334,-0.6309,5.0556,-0.9723,-4.7021,6.2581,642.9352,-5.6455
2024-10-28,42.2171,-0.635,-0.9659,2.3053,-3.1064,-5.9458,6.4114,638.8529,-6.2446
2024-10-29,41.5734,-1.5247,-2.7027,0.0456,-4.9829,-4.5374,7.3645,629.1125,-7.674
2024-10-30,41.6681,0.2277,-1.9708,-1.9599,-2.1743,-2.7709,7.2541,630.5449,-7.4638
2024-10-31,41.9284,0.6247,-1.3474,-2.3479,1.0425,-2.7237,7.5694,634.484,-6.8857
2024-11-01,41.6633,-0.6321,-1.9383,-4.6469,2.6686,-3.3491,7.1409,630.4732,-7.4743
2024-11-04,42.3922,1.7494,0.4148,-3.8742,3.8281,-2.4277,5.8155,641.5029,-5.8557
2024-11-05,42.6762,0.6699,2.6525,-3.5718,4.1047,-1.6793,7.6058,645.8,-5.225
2024-11-06,44.2806,3.7596,6.2699,2.7342,5.7422,2.1377,12.9281,670.0793,-1.6619
2024-11-07,44.0771,-0.4596,5.1247,1.6481,5.0208,0.3213,14.9577,666.9996,-2.1139
2024-11-08,44.3705,0.6657,6.4978,1.637,5.2022,1.5489,17.1914,671.4401,-1.4622
2024-11-11,44.6214,0.5653,5.2584,1.5839,6.8314,2.3958,18.2111,675.236,-0.9051
2024-11-12,44.3847,-0.5303,4.0035,1.0887,5.6474,1.7223,16.3013,671.6549,-1.4307
2024-11-13,44.7302,0.7784,1.0154,5.2684,5.212,2.2849,16.3696,676.8833,-0.6634
2024-11-14,44.9006,0.3809,1.8684,5.1657,5.7295,2.9595,15.7792,679.4616,-0.285
2024-11-15,44.8343,-0.1476,1.0453,4.5124,4.8664,1.3894,15.827,678.4589,-0.4321
2024-11-18,45.4307,1.3301,1.8137,6.2541,9.137,3.4131,19.7022,687.4829,0.8922
2024-11-19,45.142,-0.6355,1.7061,5.8954,8.2604,3.2594,16.4978,683.1141,0.251
2024-11-20,45.5963,1.0065,1.9363,6.7125,9.0676,6.3376,17.5038,689.9897,1.2601
2024-11-21,45.9655,0.8096,2.3717,8.1394,8.3328,8.1855,18.7212,695.5761,2.0799
2024-11-22,46.0365,0.1544,2.6813,8.3185,7.5365,8.1984,18.9608,696.6503,2.2376
2024-11-25,45.1278,-1.9739,-0.6667,6.2159,6.4056,4.9826,16.1321,682.8993,0.2195
2024-11-26,45.0662,-0.1363,-0.1678,6.7489,6.947,6.724,16.3848,681.9682,0.0829
2024-11-27,45.0189,-0.105,-1.2663,8.2878,5.4602,6.3071,16.2352,681.2521,-0.0222
2024-11-29,45.213,0.431,-1.6371,8.5075,5.5203,4.1764,17.6115,684.1885,0.4087
2024-12-02,44.735,-1.0573,-2.8272,6.6937,7.0673,5.8461,15.5975,676.9548,-0.6529
2024-12-03,44.7302,-0.0106,-0.8809,7.3611,8.5561,6.8592,14.9872,676.8833,-0.6634
2024-12-04,43.6511,-2.4125,-3.1401,2.9697,6.7643,4.2929,12.7302,660.5538,-3.0598
2024-12-05,43.8215,0.3903,-2.6598,2.6838,8.5393,4.1553,15.1846,663.1321,-2.6814
2024-12-06,43.0784,-1.6957,-4.721,-2.7148,5.9352,2.7988,14.9456,651.8877,-4.3316
2024-12-09,43.0075,-0.1648,-3.8616,-2.4267,7.6115,1.8597,15.5462,650.8135,-4.4893
2024-12-10,42.714,-0.6823,-4.5075,-3.7333,7.8783,1.366,13.5297,646.373,-5.1409
2024-12-11,42.785,0.1662,-1.9842,-4.1154,7.0926,2.6346,13.5803,647.4473,-4.9833
2024-12-12,42.4395,-0.8075,-3.1537,-4.3826,5.6321,2.747,14.2309,642.2189,-5.7506
2024-12-13,42.2265,-0.5018,-1.9776,-5.5973,3.9122,2.9978,12.0977,638.9962,-6.2235
2024-12-16,41.2989,-2.1968,-3.9727,-8.0215,0.2743,0.4726,6.5045,624.9585,-8.2836
2024-12-17,40.9913,-0.7449,-4.0332,-8.5717,-0.6652,-0.6921,6.2755,620.3031,-8.9668
2024-12-18,39.7797,-2.9558,-7.0243,-12.4388,-4.7391,-5.3676,2.2986,601.9684,-11.6576
2024-12-19,39.4342,-0.8685,-7.0815,-12.6442,-5.3537,-5.646,0.2079,596.7401,-12.4249
2024-12-20,39.8222,0.9841,-5.6938,-12.6635,-5.588,-7.0609,2.1412,602.6128,-11.563
2024-12-23,40.0561,0.5873,-3.0093,-12.8561,-4.7985,-6.7297,2.3409,606.1518,-11.0436
2024-12-24,40.395,0.8459,-1.4547,-12.2545,-2.0766,-5.0062,2.9031,611.2795,-10.2911
2024-12-26,40.3615,-0.0827,1.4628,-10.5616,-0.1996,-5.3043,1.9422,610.7739,-10.3653
2024-12-27,40.3568,-0.0118,2.3396,-10.4501,-2.2028,-5.679,2.3841,610.7017,-10.3759
2024-12-30,40.352,-0.0118,1.3303,-10.3666,-2.8937,-5.7419,3.9558,610.6296,-10.3865
2024-12-31,40.8818,1.3128,2.0613,-9.5796,-3.81,-4.4311,5.5592,618.6462,-9.21
2025-01-02,41.359,1.1674,2.3866,-7.5465,-3.6739,-3.7379,5.6573,625.8682,-8.1501
2025-01-03,41.7456,0.9347,3.4291,-6.6725,-4.4586,-1.2961,4.936,631.7181,-7.2916
2025-01-06,41.5547,-0.4573,2.9683,-4.8027,-5.7733,-1.144,6.3203,628.8292,-7.7156
2025-01-07,41.9699,0.9992,4.0094,-4.2253,-5.1676,0.7324,7.2939,635.1125,-6.7935
2025-01-08,42.0129,0.1024,2.7667,-2.4736,-2.5272,0.1584,8.6612,635.7625,-6.6981
2025-01-10,42.1847,0.4089,1.9963,-1.9132,-2.7161,-0.4678,10.8807,638.3624,-6.3165
2025-01-13,43.0724,2.1043,3.1782,0.8389,-1.3366,1.3684,14.3385,651.7956,-4.3451
2025-01-14,43.5353,1.0748,4.7663,1.7536,-0.8886,0.9304,15.2706,658.801,-3.3171
2025-01-15,44.1796,1.4799,5.265,4.1002,0.6215,1.9691,15.6749,668.5509,-1.8862
2025-01-16,44.4994,0.7238,5.9184,5.3824,4.7251,1.6935,19.356,673.3896,-1.1761
2025-01-17,44.843,0.7722,6.3016,8.5816,5.0308,2.2922,21.2845,678.5897,-0.413
2025-01-21,44.6139,-0.5109,3.5789,8.8376,3.9985,2.8935,20.8612,675.123,-0.9217
2025-01-22,43.8026,-1.8186,0.6139,10.113,2.4463,1.6606,18.2784,662.8454,-2.7235
2025-01-23,44.003,0.4576,-0.3997,11.586,3.2236,3.7765,18.3767,665.8787,-2.2784
2025-01-24,43.5783,-0.9653,-2.0699,9.4319,1.9894,2.7633,16.9869,659.451,-3.2217
2025-01-27,43.1249,-1.0404,-3.8314,7.6612,1.4565,-0.0321,14.142,652.59,-4.2286
2025-01-28,42.7144,-0.9518,-4.2576,5.742,0.502,-1.295,10.5682,646.379,-5.1401
2025-01-29,42.8099,0.2235,-2.2663,6.066,0.7603,-0.2194,9.9998,647.8234,-4.9281
2025-01-30,43.0294,0.5128,-2.2126,6.6225,1.9242,-1.242,10.7216,651.1457,-4.4405
2025-01-31,41.8267,-2.795,-4.0193,3.6546,0.6093,-4.404,6.5253,632.9459,-7.1114
2025-02-03,42.0892,0.6276,-2.4015,2.9535,1.0107,-1.1855,9.2372,636.918,-6.5285
2025-02-04,42.9721,2.0978,0.6034,3.9003,2.4894,3.5579,11.5421,650.279,-4.5677
2025-02-05,43.0628,0.211,0.5909,3.1554,3.3591,6.1173,11.6169,651.6512,-4.3663
2025-02-06,42.2706,-1.8398,-1.7635,1.7228,-0.2869,3.5302,9.8396,639.6624,-6.1258
2025-02-07,42.2658,-0.0113,1.0497,0.705,-0.9616,3.1037,9.4724,639.5902,-6.1364
2025-02-10,43.1965,2.2019,2.6307,2.8172,-2.4484,3.1533,11.6558,653.6734,-4.0696
2025-02-11,43.5448,0.8065,1.3327,3.2244,-1.2075,3.7526,11.4122,658.9455,-3.2958
2025-02-12,42.4949,-2.4112,-1.3189,-1.3407,-4.2272,0.7551,10.4224,643.0568,-5.6276
2025-02-13,42.8146,0.7525,1.2871,-1.6553,-4.049,2.5058,10.0382,647.8957,-4.9175
2025-02-14,42.9865,0.4013,1.705,-2.7007,-3.1503,2.3192,11.606,650.4955,-4.5359
2025-02-18,43.5735,1.3656,0.8728,-2.0806,-2.586,2.4912,13.2387,659.3788,-3.2323
2025-02-19,43.9171,0.7886,0.8549,-2.0647,-2.1904,3.4136,11.0392,664.5787,-2.4691
2025-02-20,44.318,0.9129,4.2902,-0.6632,-1.1517,3.6587,12.1183,670.6453,-1.5788
2025-02-21,43.3969,-2.0784,1.3599,-0.9261,-4.4767,4.2513,10.798,656.7067,-3.6244
2025-02-24,43.4064,0.022,0.977,-1.3557,-3.8446,4.0982,8.7825,656.851,-3.6032
2025-02-25,42.7812,-1.4403,-1.8182,-1.8289,-6.1739,2.3338,7.0297,647.3901,-4.9917
2025-02-26,42.5378,-0.5689,-3.1406,-1.3612,-7.457,0.2544,7.1265,643.7068,-5.5322
2025-02-27,42.7669,0.5385,-3.4999,0.1229,-7.1021,-0.1009,7.3288,647.1734,-5.0235
2025-02-28,43.4303,1.5512,0.077,1.4493,-3.7615,2.4031,9.4632,657.2122,-3.5502
2025-03-03,41.9126,-3.4945,-3.4415,-2.5954,-6.9977,-0.5369,5.8475,634.2458,-6.9207
2025-03-04,41.507,-0.9679,-2.9786,-0.7645,-7.8011,-2.7668,4.3119,628.107,-7.8216
2025-03-05,40.9008,-1.4603,-3.8483,-2.8235,-9.5374,-4.5436,1.6091,618.9349,-9.1676
2025-03-06,41.0249,0.3034,-4.0732,-4.5313,-8.2933,-1.8122,3.0168,620.8128,-8.8921
2025-03-07,41.7265,1.7101,-3.9231,-3.1032,-6.7152,1.2663,4.0064,631.4292,-7.334
2025-03-10,42.0367,0.7435,0.2961,-0.5532,-3.6984,2.8156,4.4549,636.1236,-6.6451
2025-03-11,41.7026,-0.7947,0.4714,-1.3324,-4.8352,3.2911,2.752,631.0681,-7.387
2025-03-12,41.8935,0.4578,2.4271,-3.0163,-2.7506,3.0214,2.8594,633.9569,-6.9631
2025-03-13,41.6072,-0.6835,1.4193,-4.4498,-3.2559,4.1078,1.1128,629.6237,-7.599
2025-03-14,42.8385,2.9594,2.665,0.8086,0.2914,8.1927,4.269,648.2568,-4.8645
2025-03-17,43.521,1.5931,3.5309,1.6498,1.7202,8.9348,4.2654,658.5844,-3.3488
2025-03-18,43.5926,0.1645,4.5319,1.41,2.7169,8.502,3.373,659.6676,-3.1899
2025-03-19,44.3037,1.6313,5.753,1.6758,4.919,9.0237,4.7495,670.4287,-1.6106
2025-03-20,44.466,0.3662,6.8708,1.2497,7.6686,7.9639,4.7709,672.8841,-1.2503
2025-03-21,44.1557,-0.6976,3.0749,-0.3661,7.7199,7.0033,2.8662,668.1898,-1.9392
2025-03-24,44.6588,1.1394,2.6145,2.9079,12.2655,6.9452,4.1852,675.8031,-0.8219
2025-03-25,44.8416,0.4093,2.8653,3.3064,13.7126,7.6248,3.9902,678.5689,-0.416
2025-03-26,45.1062,0.5899,1.8113,5.4344,13.2687,6.9393,4.8301,682.572,0.1715
2025-03-27,44.6685,-0.9704,0.4554,5.0088,11.5147,6.1637,2.8556,675.9486,-0.8005
2025-03-28,44.4568,-0.4738,0.6819,3.9514,10.0554,7.77,3.1647,672.7461,-1.2705
2025-03-31,44.9474,1.1035,0.6462,3.4932,11.362,11.1398,3.3428,680.17,-0.181
2025-04-01,45.212,0.5885,0.8259,7.8719,12.0307,9.5629,2.8389,684.1732,0.4065
2025-04-02,45.2745,0.1383,0.3732,9.0769,12.1989,8.9522,2.2232,685.1195,0.5453
2025-04-03,41.7201,-7.8509,-6.6006,2.0029,2.0505,-1.8376,-7.1012,631.3317,-7.3483
2025-04-04,37.8819,-9.1999,-14.7896,-7.6614,-8.4073,-11.7723,-16.2212,573.2498,-15.8722
2025-04-07,37.6366,-0.6475,-16.2654,-9.8018,-9.843,-13.8628,-16.7122,569.5378,-16.417
2025-04-08,36.766,-2.3131,-18.6808,-12.5384,-11.5239,-16.6318,-19.5015,556.3638,-18.3503
2025-04-09,39.6134,7.7446,-12.504,-5.0099,-5.6148,-10.4923,-12.7154,599.4522,-12.0268
2025-04-10,37.0257,-6.5323,-11.252,-11.6195,-11.8705,-14.0977,-18.4422,560.2942,-17.7735
2025-04-11,37.9444,2.4812,0.1651,-8.8033,-10.0517,-12.4948,-16.675,574.196,-15.7333
2025-04-14,38.0791,0.3549,1.1757,-11.1102,-11.5928,-12.7745,-16.3194,576.2341,-15.4342
2025-04-15,38.0213,-0.1516,3.4145,-12.6368,-12.6655,-13.4416,-15.0642,575.3607,-15.5624
2025-04-16,38.334,0.8222,-3.2297,-12.0631,-13.2315,-12.6922,-13.5565,580.0916,-14.8681
2025-04-17,39.1997,2.2585,5.8717,-11.5204,-11.9094,-7.7471,-10.827,593.1927,-12.9455
2025-04-21,38.1753,-2.6135,0.6084,-14.1472,-14.8691,-10.5863,-12.9084,577.6897,-15.2206
2025-04-22,39.1468,2.545,2.8041,-11.3437,-12.2542,-8.7457,-10.4159,592.3921,-13.063
2025-04-23,39.0747,-0.1843,2.7704,-12.504,-10.7936,-8.6114,-11.645,591.3004,-13.2232
2025-04-24,39.6999,1.6002,3.5634,-11.4663,-9.779,-6.8707,-10.8134,600.7623,-11.8346
2025-04-25,39.6278,-0.1817,1.092,-12.1455,-9.0652,-7.2561,-11.4663,599.6705,-11.9948
2025-04-28,39.9068,0.704,4.5357,-10.6601,-7.4623,-6.1145,-10.908,603.8921,-11.3753
2025-04-29,39.7913,-0.2892,1.6464,-10.4944,-6.8433,-6.3756,-11.5702,602.1453,-11.6316
2025-04-30,38.7188,-2.6955,-0.9109,-13.8577,-9.5565,-8.8688,-13.1539,585.9143,-14.0136
2025-05-01,38.8631,0.3727,-2.1081,-14.0425,-9.6826,-7.9447,-13.4181,588.0979,-13.6932
2025-05-02,39.4306,1.4604,-0.4976,-12.9077,-5.7287,-5.1543,-9.4578,596.6864,-12.4327
2025-05-05,38.7188,-1.8053,-2.977,-7.1939,-8.0079,-7.0781,-9.6529,585.9143,-14.0136
2025-05-06,38.7284,0.0248,-2.6714,2.2346,-9.8756,-7.6321,-10.1479,586.0598,-13.9923
2025-05-07,38.7428,0.0373,0.0621,2.9393,-10.0319,-7.0098,-10.1241,586.2782,-13.9602
2025-05-08,39.2526,1.316,1.0025,6.7635,-7.1396,-7.406,-9.6539,593.9934,-12.828
2025-05-09,39.647,1.0048,0.5489,0.085,-6.1959,-7.0979,-8.658,599.9617,-11.9521
2025-05-12,40.6811,2.6083,5.0683,9.8727,-5.8229,-8.1287,-6.1648,615.6104,-9.6555
2025-05-13,41.2535,1.4069,6.5201,8.721,-5.262,-6.406,-6.1053,624.2716,-8.3845
2025-05-14,41.0034,-0.6063,5.8349,7.6797,-3.5098,-7.5886,-6.1573,620.4869,-8.9399
2025-05-15,41.1766,0.4223,4.9014,8.2985,-3.826,-7.7201,-5.5093,623.1071,-8.5553
2025-05-16,41.114,-0.1519,3.7001,7.2522,-4.3558,-7.369,-5.7736,622.1609,-8.6942
2025-05-19,40.5801,-1.2986,-0.2483,3.5215,-6.8696,-9.278,-7.2052,614.0818,-9.8799
2025-05-20,40.205,-0.9245,-2.5417,5.3169,-8.4526,-10.4578,-7.8078,608.4047,-10.713
2025-05-21,39.4643,-1.8423,-3.7537,0.8109,-10.952,-11.9776,-10.7546,597.1959,-12.358
2025-05-22,39.3104,-0.39,-4.5322,0.6032,-9.4167,-13.4718,-10.5185,594.8669,-12.6998
2025-05-23,39.4354,0.3181,-4.0828,-0.6663,-9.1485,-12.6414,-9.794,596.7592,-12.4221
2025-05-27,39.7769,0.866,-1.9794,0.3763,-7.0225,-12.7629,-7.2342,601.9268,-11.6637
2025-05-28,39.2719,-1.2696,-2.3208,-1.5909,-7.6778,-14.5622,-7.5688,594.2846,-12.7852
2025-05-29,39.5653,0.7471,0.2559,-0.5681,-7.4862,-14.0567,-7.0107,598.7244,-12.1337
2025-05-30,39.2142,-0.8874,-0.2447,1.2795,-9.7078,-13.1042,-8.7745,593.4111,-12.9134
2025-06-02,39.7288,1.3124,0.744,2.2277,-5.2104,-11.8435,-5.9159,601.1991,-11.7705
2025-06-03,40.2002,1.1865,1.0641,1.9517,-3.1484,-10.7038,-5.0718,608.332,-10.7237
2025-06-04,39.4162,-1.9503,0.3674,1.8012,-3.6299,-12.8211,-9.1801,596.468,-12.4648
2025-06-05,39.3777,-0.0976,-0.4741,1.6766,-4.0152,-11.9755,-6.8296,595.8858,-12.5502
2025-06-06,40.1184,1.881,2.3059,3.5506,-3.8539,-10.3103,-4.1583,607.0945,-10.9053
2025-06-09,40.1954,0.1918,1.1743,2.4017,-4.3804,-7.9168,-3.9638,608.2591,-10.7344
2025-06-10,40.912,1.7829,1.7707,3.1906,-1.8959,-6.6394,-2.76,619.1039,-9.1428
2025-06-11,41.5036,1.4461,5.2959,2.0218,-0.9307,-3.6557,-0.9592,628.0565,-7.829
2025-06-12,41.6479,0.3477,5.7652,0.9561,0.0979,-3.1612,-1.3603,630.24,-7.5085
2025-06-13,42.3742,1.7438,5.6228,3.3431,-1.0839,-0.7956,0.5595,641.2304,-5.8956
2025-06-16,42.2491,-0.2951,5.1095,2.6048,-2.9224,-1.2525,1.3491,639.338,-6.1734
2025-06-17,42.6435,0.9335,4.2323,3.7202,-2.177,0.4808,3.2409,645.3064,-5.2975
2025-06-18,42.3646,-0.6542,2.0744,4.3973,-4.3769,0.3269,3.3344,641.0849,-5.917
2025-06-20,42.7975,1.0218,2.7601,6.4481,-3.7523,3.6286,4.1183,647.6355,-4.9557
2025-06-23,41.7152,-2.5288,-1.5552,5.7036,-5.5272,1.766,1.0617,631.2578,-7.3592
2025-06-24,41.1721,-1.3019,-2.5493,4.736,-7.8075,3.5004,-2.0551,623.0397,-8.5652
2025-06-25,40.9927,-0.4358,-3.8713,3.9489,-8.5834,3.9522,-1.9169,620.3247,-8.9637
2025-06-26,41.5794,1.4313,-1.8534,4.5315,-7.8188,4.4125,-2.9599,629.2033,-7.6607
2025-06-27,41.3612,-0.5248,-3.3559,5.3201,-7.404,3.2582,-3.6907,625.9013,-8.1453
2025-06-30,41.1236,-0.5744,-1.4181,3.9386,-7.4977,1.8038,-3.2926,622.3058,-8.6729
2025-07-01,41.4388,0.7664,0.6477,5.673,-7.8061,2.669,-2.7769,627.0754,-7.973
2025-07-02,42.1516,1.7201,2.8271,6.0983,-6.769,4.4474,-1.4842,637.8618,-6.39
2025-07-03,42.2001,0.115,1.4927,4.9748,-6.7906,4.5798,-1.425,638.5954,-6.2823
2025-07-07,41.7928,-0.9652,1.0434,6.0295,0.1743,2.2284,-2.3014,632.4319,-7.1869
2025-07-08,42.9177,2.6917,4.3627,8.9899,13.2936,3.7687,-0.1101,649.4552,-4.6886
2025-07-09,42.6995,-0.5084,3.0424,6.4337,13.4522,2.2851,0.9593,646.1532,-5.1732
2025-07-10,43.0244,0.7609,2.0706,7.0382,17.0223,3.5368,2.3523,651.0695,-4.4517
2025-07-11,43.2183,0.4508,2.413,5.6373,9.1004,2.9746,3.7288,654.0046,-4.021
2025-07-14,42.7431,-1.0995,2.274,2.9865,15.4418,1.7382,1.8994,646.8136,-5.0763
2025-07-15,42.1273,-1.4407,-1.8416,1.1511,11.0239,-0.1359,-0.6031,637.4948,-6.4439
2025-07-16,41.7637,-0.8632,-2.1917,-1.4408,9.6762,-3.0384,-1.7115,631.9916,-7.2515
2025-07-17,42.0207,0.6153,-2.3329,-0.5408,10.5186,-3.4791,-2.5811,635.8806,-6.6808
2025-07-18,41.6812,-0.8078,-3.5566,-2.2566,8.7318,-5.655,-3.7973,630.7442,-7.4346
2025-07-21,41.2497,-1.0354,-3.494,-2.6317,5.2295,-7.3027,-5.7329,624.2137,-8.3929
2025-07-22,41.4436,0.4702,-1.6229,-3.1633,8.5615,-7.5806,-5.4621,627.1488,-7.9622
2025-07-23,42.0934,1.5678,0.7895,0.9067,7.527,-5.6496,-2.9196,636.9812,-6.5192
2025-07-24,42.394,0.7142,0.8885,2.9678,8.4949,-3.2157,-1.6085,641.5305,-5.8516
2025-07-25,42.234,-0.3774,1.3262,3.0282,6.383,-4.0202,-0.3955,639.1091,-6.207
2025-07-28,42.7141,1.1366,3.55,2.7289,7.7881,-1.9831,0.7254,646.3734,-5.1409
2025-07-29,43.1311,0.9763,4.0716,4.279,8.0795,0.0144,-0.0177,652.6838,-4.2148
2025-07-30,42.5152,-1.4278,1.0022,3.384,6.8455,-0.4663,-1.7552,643.3649,-5.5824
2025-07-31,42.2873,-0.536,-0.2516,2.0477,9.2167,-1.2206,-1.4373,639.9163,-6.0885
2025-08-01,41.5018,-1.8576,-1.7336,-1.5415,6.7899,-3.5501,-4.748,628.0293,-7.833
2025-08-04,41.4097,-0.222,-3.0537,-1.8729,5.0192,-0.9971,-5.3571,626.6351,-8.0376
2025-08-05,41.463,0.1288,-3.8673,-0.789,7.0877,-1.4878,-2.6556,627.4423,-7.9191
2025-08-06,41.08,-0.9239,-3.3759,-4.282,6.072,-4.4033,-1.002,621.6455,-8.7699
2025-08-07,40.92,-0.3895,-3.2336,-4.1676,5.6195,-4.9761,0.8367,619.2241,-9.1252
2025-08-08,41.1818,0.6399,-0.7711,-4.2827,4.9147,-2.5757,0.8636,623.1864,-8.5437
2025-08-11,40.8521,-0.8007,-1.3466,-5.4752,3.0394,-3.3449,-0.345,618.1968,-9.276
2025-08-12,41.0509,0.4867,-0.994,-3.9591,0.9088,-4.967,-1.9704,621.2053,-8.8344
2025-08-13,41.5261,1.1576,1.0859,-1.4272,0.6607,-4.6361,-1.0574,628.3961,-7.7792
2025-08-14,41.4873,-0.0934,1.3864,-0.6618,1.1801,-2.3711,-1.6339,627.8091,-7.8653
2025-08-15,41.4873,0.0,0.7418,-1.2693,0.7546,-3.1003,-0.6721,627.8091,-7.8653
2025-08-18,41.24,-0.5961,0.9496,-1.0586,0.3064,-4.0628,-1.8379,624.067,-8.4145
2025-08-19,41.2545,0.0353,0.4961,0.0118,1.6619,-5.3219,-2.9633,624.2871,-8.3822
2025-08-20,41.5988,0.8345,0.1752,0.3744,3.4668,-5.2788,-2.0454,629.4968,-7.6176
2025-08-21,41.8849,0.6877,0.9584,-0.4953,6.1337,-5.4901,-2.0323,633.826,-6.9823
2025-08-22,42.7383,2.0375,3.0154,0.8121,8.7202,-1.5176,2.6692,646.7402,-5.087
2025-08-25,42.8498,0.261,3.9036,1.4581,8.6582,-1.2823,2.7633,648.428,-4.8394
2025-08-26,42.7819,-0.1584,3.7024,0.1589,7.5547,0.0016,2.3355,647.4007,-4.9901
2025-08-27,43.262,1.1221,3.9981,0.3035,10.1602,1.7023,1.9611,654.6649,-3.9241
2025-08-28,43.5917,0.7622,4.075,2.5319,10.1767,1.9286,1.8257,659.6546,-3.1918
2025-08-29,43.8293,0.545,2.5528,3.6464,11.7691,0.9187,3.3439,663.25,-2.6641
2025-09-02,43.8923,0.1438,2.433,5.76,10.4799,4.7234,4.1612,664.2039,-2.5241
2025-09-03,42.908,-2.2426,0.2947,3.6183,6.7359,3.3754,0.5152,649.3084,-4.7101
2025-09-04,43.1941,0.6667,-0.1569,4.1749,9.5847,5.6068,0.8085,653.6376,-4.0748
2025-09-05,42.3601,-1.9308,-2.8254,3.1162,7.5738,3.2545,1.3833,641.0169,-5.927
2025-09-08,42.2631,-0.2289,-3.5734,3.2824,5.3459,1.286,2.5686,639.5495,-6.1423
2025-09-09,42.4668,0.4819,-3.2479,3.1202,5.6509,1.023,3.8675,642.6312,-5.6901
2025-09-10,43.2086,1.747,0.7006,5.7685,5.6136,3.6113,7.0213,653.8578,-4.0425
2025-09-11,43.2183,0.0225,0.0561,5.2799,4.1315,3.1623,6.2792,654.0046,-4.021
2025-09-12,42.9613,-0.5946,1.4194,3.4563,3.1537,3.2546,7.4961,650.1156,-4.5917
2025-09-15,42.8159,-0.3386,1.3079,3.2024,1.0424,-0.0528,8.1355,647.9143,-4.9147
2025-09-16,43.5335,1.6761,2.512,4.9322,3.04,0.0288,8.9662,658.774,-3.321
2025-09-17,43.6353,0.2339,0.9875,5.8083,2.3258,0.0981,8.6085,660.3149,-3.0949
2025-09-18,43.4996,-0.3111,0.6507,5.4419,2.6791,-1.815,7.0449,658.2604,-3.3964
2025-09-19,42.9226,-1.3265,-0.0903,3.1822,0.2923,-3.471,4.2165,649.5285,-4.6778
2025-09-22,42.8732,-0.1151,0.1338,2.3595,2.7759,-2.9047,3.8953,648.7811,-4.7875
2025-09-23,43.6116,1.7224,0.1793,2.0434,5.9251,-2.345,4.4373,659.9555,-3.1476
2025-09-24,44.1789,1.3007,1.2456,3.1016,7.7726,-1.478,6.0342,668.5398,-1.8878
2025-09-25,44.575,0.8966,2.4722,4.1911,7.2045,-1.1776,5.68,674.5341,-1.0081
2025-09-26,44.9858,0.9216,4.8068,3.9845,8.7632,0.7104,6.9178,680.7502,-0.0959
2025-09-29,44.1593,-1.8371,2.9999,1.3021,7.3819,-0.6692,7.0488,668.2439,-1.9313
2025-09-30,43.6898,-1.0631,0.1794,-0.3182,5.4322,-2.7979,8.0302,661.1395,-2.9739
2025-10-01,43.6898,0.0,-1.1069,-0.4614,3.6493,-3.3666,5.8743,661.1395,-2.9739
2025-10-02,43.2497,-1.0074,-2.9731,0.7964,2.4873,-4.4722,4.0796,654.4794,-3.9513
2025-10-03,43.4796,0.5314,-3.3482,0.6609,4.0361,4.2174,2.3023,657.9575,-3.4408
2025-10-06,43.6947,0.4949,-1.0521,3.1507,1.8105,15.3447,1.766,661.2136,-2.963
2025-10-07,43.7632,0.1567,0.1679,3.5494,2.4911,16.2784,0.159,662.2496,-2.811
2025-10-08,43.5089,-0.5811,-0.4141,2.454,1.1262,18.3401,-1.342,658.4016,-3.3757
2025-10-09,42.9172,-1.36,-0.7689,-0.6746,-0.6968,8.3401,-3.0272,649.4471,-4.6898
2025-10-10,41.675,-2.8943,-4.1503,-3.5709,-2.4989,12.557,-3.3109,630.6504,-7.4483
2025-10-13,42.2423,1.3612,-3.324,-1.6737,0.2729,11.3269,-2.5831,639.2347,-6.1885
2025-10-14,42.2374,-0.0116,-3.4864,-1.351,1.1344,10.9203,-3.2491,639.1608,-6.1994
2025-10-15,42.213,-0.0579,-2.9785,-3.0334,0.4577,11.0244,-3.899,638.7908,-6.2537
2025-10-16,41.7044,-1.2048,-2.8259,-4.4252,0.0555,8.7922,-5.0159,631.0945,-7.3832
2025-10-17,42.0467,0.8208,0.8918,-3.34,1.9322,7.2627,-1.047,636.2748,-6.6229
2025-10-20,42.4917,1.0584,0.5904,-1.0037,2.5289,11.307,-0.4763,643.009,-5.6346
2025-10-21,42.3939,-0.2302,0.3705,-1.1178,0.7139,8.2946,-1.1765,641.5289,-5.8518
2025-10-22,42.9367,1.2804,1.7146,-1.5474,1.2802,9.8838,0.4213,649.7432,-4.6463
2025-10-23,43.5089,1.3326,4.3269,-1.5165,3.0186,9.5944,2.0645,658.4016,-3.3757
2025-10-24,43.0688,-1.0116,2.4308,-3.379,0.8305,8.6832,0.797,651.7413,-4.3531
2025-10-27,43.1715,0.2384,1.5997,-4.033,0.0937,8.1808,1.5661,653.2953,-4.1251
2025-10-28,42.7216,-1.0421,0.7729,-3.2558,0.4853,7.364,0.5189,646.4871,-5.1242
2025-10-29,43.0394,0.744,0.2392,-1.4887,1.7785,11.1591,1.3006,651.2973,-4.4183
2025-10-30,42.7851,-0.5908,-1.6635,-2.0707,3.0922,10.0921,1.3456,647.4491,-4.983
2025-10-31,43.0981,0.7315,0.0681,-0.3505,4.0774,9.3012,3.6675,652.1853,-4.288
2025-11-03,43.103,0.0113,-0.1586,-0.8661,3.9553,11.3233,3.4437,652.2593,-4.2771
2025-11-04,42.6384,-1.0778,-0.1946,-2.4175,3.7937,10.0961,1.6935,645.229,-5.3088
2025-11-05,42.7509,0.2638,-0.6704,-2.3131,4.4745,10.3454,2.6104,646.9311,-5.059
2025-11-06,43.1666,0.9723,0.8915,-0.7868,4.8196,9.9711,1.8267,653.2213,-4.1359
2025-11-07,43.7876,1.4388,1.5999,2.0283,7.1859,10.4437,2.6045,662.6197,-2.7566
2025-11-10,44.1838,0.9046,2.5074,6.0197,7.6317,8.6099,-0.2187,668.6139,-1.877
2025-11-11,44.7608,1.306,4.9776,5.962,7.7897,8.5018,1.5512,677.3462,-0.5954
2025-11-12,44.1349,-1.3984,3.2372,4.4923,6.3817,7.6371,-0.5311,667.8738,-1.9856
2025-11-13,44.2473,0.2548,2.5037,4.8193,6.6528,7.4576,-0.8382,669.5759,-1.7358
2025-11-14,45.0004,1.702,2.7697,7.9034,9.1185,9.4528,1.3872,680.9723,-0.0633
2025-11-17,44.1789,-1.8257,-0.0111,5.0709,7.0885,8.8682,-1.2326,668.5398,-1.8878
2025-11-18,44.531,0.797,-0.5135,4.7992,7.0487,10.7598,-0.8232,673.868,-1.1059
2025-11-19,43.9539,-1.2958,-0.41,3.6798,4.9398,11.3765,-1.9637,665.1357,-2.3874
2025-11-20,43.4551,-1.1348,-1.7905,1.2073,1.6772,10.5436,-4.3485,657.5874,-3.4952
2025-11-21,43.729,0.6302,-2.8255,0.5058,2.0517,10.8875,-3.1302,661.7316,-2.887
2025-11-24,43.6067,-0.2796,-1.2951,1.249,1.9278,9.6282,-4.3636,659.8815,-3.1585
2025-11-25,43.3328,-0.628,-2.6905,0.3738,0.1638,10.3406,-5.7274,655.7374,-3.7667
2025-11-26,43.6605,0.7561,-0.6676,2.1978,0.1578,10.3505,-5.1611,660.6955,-3.039
2025-11-28,44.2327,1.3105,1.7893,2.7724,0.9203,12.7977,-1.9835,669.3539,-1.7684
2025-12-01,44.6581,0.9619,2.1248,4.3776,1.7447,12.4074,-0.9056,675.7921,-0.8235
2025-12-02,44.0811,-1.2922,1.0878,2.2807,2.7339,9.6539,-2.0833,667.0598,-2.105
2025-12-03,44.9075,1.8749,3.6339,4.1865,3.9668,13.9317,-0.6756,679.5662,-0.2696
2025-12-04,45.0982,0.4247,3.293,5.769,6.464,14.5274,0.8121,682.4524,0.1539
2025-12-05,44.9124,-0.4121,1.5368,5.056,6.2686,11.9497,0.4073,679.6402,-0.2588
2025-12-08,44.4234,-1.0889,-0.5256,2.9115,4.6074,10.5187,1.7692,672.24,-1.3448
2025-12-09,44.6972,0.6165,1.3978,2.0773,3.4451,9.2521,1.9984,676.3841,-0.7366
2025-12-10,45.1667,1.0503,0.5772,2.2247,4.5082,8.8259,4.8476,683.4884,0.306
2025-12-11,44.9515,-0.4764,-0.3253,0.4261,4.6325,7.9323,4.5203,680.2323,-0.1719
2025-12-12,44.5114,-0.9791,-0.8929,0.8532,3.96,5.0437,4.2079,673.572,-1.1493
2025-12-15,44.1984,-0.7031,-0.5064,-0.1105,1.5274,4.6138,3.3035,668.8359,-1.8444
2025-12-16,42.8487,-3.0538,-4.1357,-4.7816,-1.8027,0.4811,0.9642,648.4111,-4.8418
2025-12-17,43.7974,2.2141,-3.0316,-0.8634,0.6847,3.3822,3.7201,662.7676,-2.7349
2025-12-18,43.1617,-1.4515,-3.9817,-3.0749,0.5571,0.8511,4.5105,653.1473,-4.1468
2025-12-19,43.1617,0.0,-3.0323,-1.8024,0.673,3.4676,5.2949,653.1473,-4.1468
2025-12-22,43.6085,1.0353,-1.3347,0.3531,-0.007,5.9177,9.6252,659.9091,-3.1544
2025-12-23,43.8946,0.656,2.4408,0.3787,-0.6435,7.079,11.3111,664.2378,-2.5192
2025-12-24,43.7663,-0.2921,-0.071,0.3661,-1.8141,5.2597,9.9043,662.2974,-2.8039
2025-12-26,43.5987,-0.3831,1.0124,0.6134,-3.0834,5.4096,8.844,659.7599,-3.1763
2025-12-29,44.0129,0.9502,1.9723,0.8073,-0.3314,7.026,8.9565,666.029,-2.2563
2025-12-30,44.3483,0.762,1.6965,0.2615,1.5072,7.0213,9.8777,671.1041,-1.5115
2025-12-31,44.1017,-0.5561,0.4719,-1.2459,0.9428,4.6265,9.2796,667.3724,-2.0591
2026-01-02,45.0289,2.1024,2.8848,2.1503,4.1138,6.7035,11.5903,681.4035,0.0
2026-01-05,46.2521,2.7163,6.086,2.994,6.3766,10.67,13.1362,699.9126,2.7163
2026-01-06,45.0191,-2.6658,2.286,-0.1756,3.0309,4.8963,8.8495,681.2543,-0.0219
2026-01-07,44.516,-1.1174,0.3781,-0.8826,1.7202,4.2542,6.6364,673.6417,-1.1391
2026-01-08,45.9167,3.1465,4.1154,3.3615,5.534,6.7225,10.497,694.8376,1.9715
2026-01-09,46.0351,0.2578,2.2344,2.9931,7.2649,6.5174,9.6859,696.6288,2.2344
2026-01-12,45.7095,-0.7071,-1.173,1.2019,9.6809,6.9401,8.7989,691.7029,1.5115
2026-01-13,46.3606,1.4243,2.9798,3.1346,9.7491,10.0487,9.8991,701.5545,2.9573
2026-01-14,47.4061,2.2553,6.4924,6.5034,12.2373,13.5105,10.0616,717.3769,5.2793
2026-01-15,46.9623,-0.9363,2.2771,6.2533,11.2508,11.76,7.8717,710.6599,4.2935
2026-01-16,47.0412,0.168,2.1856,9.7844,12.7967,12.8594,6.4772,711.854,4.4688
2026-01-20,46.9524,-0.1887,2.719,7.2036,11.6673,13.8249,5.5125,710.5106,4.2716
2026-01-21,48.0868,2.416,3.7234,11.4107,13.1674,16.0293,7.2336,727.6763,6.7908
2026-01-22,48.2446,0.3282,1.7686,11.7764,13.8007,14.6132,8.138,730.0646,7.1413
2026-01-23,48.5208,0.5725,3.3186,11.2644,13.0053,14.4519,10.7715,734.244,7.7547
2026-01-26,48.5504,0.061,3.2082,10.6068,11.5872,14.9556,10.3342,734.6918,7.8204
2026-01-27,48.9942,0.9143,4.3487,11.945,13.7581,14.7029,12.4282,741.4088,8.8061
2026-01-28,49.3691,0.7651,2.6667,13.2353,14.3558,14.4629,14.4794,747.081,9.6386
2026-01-29,49.8228,0.9191,3.2713,13.2004,16.6222,17.1881,16.6417,753.9472,10.6462
2026-01-30,50.3555,1.0691,3.7813,13.5454,16.9984,19.0793,17.6258,762.0076,11.8291
2026-02-02,49.3691,-1.9589,1.6863,11.9436,15.3884,18.9564,14.7333,747.081,9.6386
2026-02-03,50.967,3.2368,4.0266,13.1873,18.2581,23.08,21.8528,771.2622,13.1873
2026-02-04,52.1113,2.245,5.5544,12.6679,20.8993,25.6812,23.8114,788.5772,15.7284
2026-02-05,51.4997,-1.1736,3.3657,14.3953,20.7823,25.3645,19.8444,779.3227,14.3702
2026-02-06,52.5255,1.992,4.3095,17.9925,22.8641,28.3617,21.9742,794.8464,16.6484
2026-02-09,52.9102,0.7324,7.1728,15.2309,22.5722,28.4797,25.1704,800.6678,17.5027
2026-02-10,52.851,-0.1119,3.6965,14.8061,20.6985,29.3718,25.0445,799.7722,17.3713
2026-02-11,54.232,2.6129,4.0697,18.6448,22.7419,32.1092,25.5473,820.6696,20.4381
2026-02-12,53.2456,-1.8188,3.3902,14.8511,18.9558,28.2221,22.2776,805.7429,18.2475
2026-02-13,53.6106,0.6854,2.0657,13.0878,21.4699,29.2217,26.1577,811.2657,19.058
2026-02-17,53.0187,-1.104,0.2051,12.8964,19.8236,27.7952,23.8332,802.3097,17.7437
2026-02-18,54.0347,1.9163,2.2396,14.8668,20.076,31.0251,25.7017,817.6842,20.0
2026-02-19,54.4293,0.7302,0.3638,15.9244,23.2021,31.9353,24.9138,823.6549,20.8762
2026-02-20,54.1334,-0.5437,1.6673,12.5744,21.5634,30.132,23.2626,819.1769,20.2191
2026-02-23,54.3997,0.492,1.4719,12.7581,23.7653,29.879,22.7485,823.2071,20.8105
2026-02-24,54.3504,-0.0907,2.5116,12.0146,25.0725,27.1702,25.2402,822.4608,20.701
2026-02-25,54.1235,-0.4174,0.1643,11.4791,23.7704,26.3097,24.69,819.0276,20.1971
2026-02-26,54.301,0.3281,-0.2356,10.8315,24.5245,26.9252,26.9272,821.7145,20.5915
2026-02-27,55.1592,1.5804,1.895,11.7283,27.2919,27.5004,29.6709,834.7006,22.4972
2026-03-02,56.264,2.0029,3.427,12.9281,28.867,29.0704,31.5596,851.4186,24.9507
2026-03-03,55.751,-0.9117,2.5771,10.715,26.0404,27.2004,28.369,843.6566,23.8116
2026-03-04,55.4255,-0.5839,2.4057,12.2677,24.1108,26.2761,32.2407,838.7309,23.0887
2026-03-05,55.7116,0.5161,2.5976,9.3091,26.3844,29.8396,34.2223,843.0596,23.724
2026-03-06,55.8004,0.1593,1.1624,7.0793,24.2562,29.1852,36.4284,844.403,23.9211
2026-03-09,55.5538,-0.4419,-1.2623,7.872,23.1839,31.1465,35.4146,840.6713,23.3735
2026-03-10,54.8436,-1.2784,-1.6277,4.4131,22.1123,29.767,31.4358,829.9241,21.7963
2026-03-11,56.2048,2.482,1.4059,6.2267,26.5207,32.3501,33.704,850.523,24.8193
2026-03-12,56.7276,0.9301,1.8237,7.3348,26.9152,31.2876,36.0288,858.4341,25.9803
2026-03-13,56.915,0.3304,1.9975,4.9473,26.0109,31.6918,35.8563,861.2702,26.3965
2026-03-16,57.1123,0.3466,2.8054,7.2619,27.053,32.9387,37.2654,864.2555,26.8346
2026-03-17,57.714,1.0535,5.2338,7.6541,29.6611,34.7957,34.7245,873.3608,28.1709
2026-03-18,57.6351,-0.1367,2.5447,8.707,30.4007,32.3924,32.4305,872.1667,27.9956
2026-03-19,58.5524,1.5916,3.2168,8.3607,36.6492,34.1857,34.3174,886.0485,30.0329
2026-03-20,58.5031,-0.0842,2.7903,7.4846,33.5766,34.4912,32.0502,885.3022,29.9233
2026-03-23,59.203,1.1964,3.6608,9.3652,37.1657,37.9299,33.1424,895.8942,31.4778
2026-03-24,60.4044,2.0292,4.6616,11.0381,39.9491,40.8909,36.7985,914.0735,34.1457
2026-03-25,60.1363,-0.4438,4.3398,10.6456,37.9004,37.8907,34.6571,910.017,33.5504
2026-03-26,61.0795,1.5684,4.316,12.8521,39.1505,38.255,36.2117,924.29,35.645
2026-03-27,62.1121,1.6905,6.1689,14.3847,41.9174,39.3429,37.702,939.9152,37.9381
2026-03-30,61.5164,-0.9591,3.9074,11.5251,41.0969,36.7463,37.7177,930.9006,36.6152
2026-03-31,60.8214,-1.1298,0.6903,8.1,38.1897,37.7317,36.81,920.3837,35.0717
2026-04-01,58.5478,-3.7382,-2.6416,5.0164,32.018,34.0078,30.2583,885.9782,30.0225
2026-04-02,58.8258,0.4748,-3.6899,6.1348,33.3865,34.6441,30.1111,890.185,30.6399
2026-04-06,59.2527,0.7257,-4.6036,6.3561,31.588,37.0013,30.8743,896.6455,31.588
2026-04-07,59.7292,0.8043,-2.9051,7.041,29.1386,37.3732,43.1667,903.8571,32.6464
2026-04-08,57.6344,-3.5073,-5.24,3.7452,28.0221,31.9023,52.1424,872.1559,27.994
2026-04-09,56.9195,-1.2403,-2.7811,3.7852,27.863,30.0625,51.2346,861.3385,26.4065
2026-04-10,56.5323,-0.6803,-3.8987,0.5827,23.1193,29.9327,53.7625,855.4791,25.5466
2026-04-13,56.7011,0.2986,-4.3063,-0.0467,23.1694,32.1175,43.1362,858.0332,25.9214
2026-04-14,55.5494,-2.0312,-6.998,-2.3994,21.5269,33.2918,50.0292,840.6051,23.3638
2026-04-15,55.3607,-0.3396,-3.9449,-3.0668,19.4134,31.0552,45.8997,837.7504,22.9448
2026-04-16,56.1749,1.4706,-1.3082,-2.6668,18.497,32.9979,47.5217,850.0704,24.7529
2026-04-17,54.626,-2.7572,-3.372,-5.2208,16.319,29.4058,43.6721,826.6325,21.3132
2026-04-20,54.6757,0.0909,-3.5721,-6.6209,16.2294,31.103,42.6299,827.3837,21.4235
2026-04-21,55.47,1.4527,-0.143,-5.1846,18.1408,31.9246,41.506,839.4031,23.1874
2026-04-22,56.1352,1.1992,1.3989,-5.182,16.7373,32.1085,47.046,849.4694,24.6647
2026-04-23,56.572,0.7782,0.707,-6.3445,17.2609,33.4437,44.5124,856.08,25.6348
2026-04-24,56.4628,-0.193,3.3624,-6.1086,16.3683,31.5023,44.4997,854.4274,25.3923
2026-04-27,56.3635,-0.1758,3.087,-7.7211,16.0929,29.5448,41.9738,852.925,25.1718
2026-04-28,57.2968,1.6558,3.2934,-7.7526,16.946,33.0356,44.5873,867.0477,27.2444
2026-04-29,58.6073,2.2873,4.404,-4.7289,18.7127,35.7548,46.8606,886.8797,30.1548
2026-04-30,59.2229,1.0503,4.6859,-2.6281,18.867,38.6253,48.8336,896.1947,31.5219
2026-05-01,58.4286,-1.3412,3.4816,-0.2035,16.0323,35.756,50.9052,884.1753,29.758
2026-05-04,58.9648,0.9176,4.6151,0.2363,19.4366,37.816,51.7245,892.2884,30.9486
2026-05-05,59.0243,0.101,3.0151,-0.3854,15.8088,36.9534,49.6917,893.1898,31.0809
2026-05-06,56.5919,-4.1211,-3.4389,-5.2527,8.5982,31.2945,46.1614,856.3805,25.6789
2026-05-07,55.5494,-1.8421,-6.2029,-3.6176,7.8636,30.2801,43.4333,840.6051,23.3638
2026-05-08,55.3012,-0.4468,-5.3526,-2.8432,5.2844,29.3567,42.7392,836.849,22.8125
2026-05-11,56.7607,2.6391,-3.738,0.4039,7.2773,31.4921,44.6034,858.9346,26.0537
2026-05-12,57.1578,0.6997,-3.1623,0.8055,8.1488,30.5341,44.1666,864.9443,26.9357
2026-05-13,57.2174,0.1042,1.1053,3.0027,5.5048,29.4986,40.6483,865.8458,27.068
2026-05-14,57.6542,0.7635,3.7891,4.1428,8.2798,28.8051,39.7559,872.4565,28.0381
2026-05-15,59.0144,2.3592,6.7145,5.0548,10.0798,33.7138,43.9256,893.0396,31.0588
2026-05-18,60.1462,1.9179,5.9647,10.1054,13.4434,35.9319,46.0691,910.1672,33.5724
2026-05-19,60.8512,1.172,6.4617,11.2947,12.6149,35.2235,48.0058,920.8345,35.1379
2026-05-20,59.3718,-2.4311,3.7654,7.0342,9.0807,34.3896,46.3076,898.4483,31.8526
2026-05-21,58.7066,-1.1204,1.8254,4.5808,8.4481,31.8333,46.0183,888.3821,30.3753
2026-05-22,59.064,0.6088,0.0841,4.4051,8.5742,34.3772,49.6646,893.7908,31.1691
2026-05-26,57.4358,-2.7568,-4.5064,1.7232,5.6769,32.1727,46.1085,869.1511,27.5531
2026-05-27,56.5819,-1.4866,-7.0158,0.3875,4.5423,29.3924,43.48,856.2303,25.6569
2026-05-28,56.5422,-0.0702,-4.7659,-1.3169,4.1273,29.6641,42.1484,855.6293,25.5687
2026-05-29,55.887,-1.1589,-4.803,-4.6417,1.3194,28.9714,42.3078,845.7134,24.1134
2026-06-01,56.8897,1.7943,-3.6813,-3.9397,1.1122,30.3002,43.787,860.8878,26.3404
2026-06-02,57.545,1.1518,0.1902,-1.5123,3.2178,30.0962,46.7454,870.8038,27.7956
2026-06-03,58.2896,1.294,3.0181,-1.145,5.1675,30.5242,46.7188,882.0719,29.4493
2026-06-04,58.3293,0.0681,3.1607,-1.1775,4.6988,32.3229,45.0972,882.6729,29.5375
2026-06-05,57.2571,-1.8383,2.4516,1.1754,2.6106,27.5,45.2629,866.4467,27.1562
2026-06-08,57.9123,1.1444,1.7976,4.2538,4.2456,28.4138,47.0689,876.3627,28.6114
2026-06-09,56.9791,-1.6115,-0.9834,3.0341,3.8938,26.8671,42.0273,862.24,26.5388
2026-06-10,57.8329,1.4985,-0.7835,1.8891,2.8968,30.1858,43.8796,875.1608,28.435
2026-06-11,56.711,-1.9399,-2.7745,-0.7817,-0.0292,26.8781,38.617,858.1834,25.9435
2026-06-12,57.1379,0.7528,-0.2081,-0.1388,0.3917,26.5045,37.6698,864.6439,26.8916
2026-06-15,55.1523,-3.4752,-4.766,-4.3396,-3.4319,22.6927,32.425,834.5954,22.4818
2026-06-16,54.9636,-0.342,-3.5372,-6.8641,-4.7655,23.4821,29.7101,831.7408,22.0629
2026-06-17,54.2786,-1.2464,-6.1459,-9.7557,-5.8237,22.8065,28.4726,821.374,20.5415
2026-06-18,53.385,-1.6462,-5.8648,-12.2695,-8.8253,24.5895,25.1889,807.8523,18.5571
2026-06-22,54.06,1.2644,-5.3868,-8.9467,-7.5946,23.4319,27.6066,818.0668,20.0561
2026-06-23,54.46,0.7399,-1.2552,-7.2336,-8.0115,26.1767,27.2506,824.1198,20.9445
2026-06-24,53.57,-1.6342,-2.5355,-9.3018,-11.3144,24.1147,28.4185,810.6518,18.9679
2026-06-25,54.09,0.9707,-0.3474,-5.8253,-10.0543,24.0354,31.3754,818.5208,20.1228
2026-06-26,53.84,-0.4622,0.8523,-4.846,-11.8526,22.6575,31.3405,814.7376,19.5676
2026-06-29,53.58,-0.4829,-0.8879,-5.239,-13.7366,22.4228,28.8619,810.8032,18.9902
2026-06-30,53.11,-0.8772,-2.4789,-4.9689,-13.6652,21.8157,28.4054,803.6908,17.9464
2026-07-01,52.81,-0.5649,-1.4187,-7.1713,-13.172,19.9874,28.4177,799.1511,17.2801
2026-07-02,53.22,0.7764,-1.6084,-7.5159,-9.0999,20.0045,28.4304,805.3554,18.1907
2026-07-06,53.13,-0.1691,-1.3187,-8.8517,-9.6824,20.4715,26.0451,803.9935,17.9908
2026-07-07,54.64,2.8421,1.9783,-6.325,-7.7848,21.3442,29.4785,826.8437,21.3442
2026-07-08,55.6,1.757,4.6884,-2.8941,-6.9133,20.2108,33.0374,841.3709,23.4762
2026-07-09,54.82,-1.4029,3.8061,-5.3397,-4.8831,21.7706,27.7328,829.5675,21.7439
2026-07-10,55.08,0.4743,3.4949,-3.3329,-3.2318,23.7308,28.9945,833.502,22.3214
2026-07-13,56.74,3.0138,6.7947,-1.8898,0.3674,23.5716,31.8787,858.6221,26.0079
2026-07-14,56.95,0.3701,4.2277,0.4214,0.439,23.7101,31.7728,861.7999,26.4742
2026-07-15,56.5,-0.7902,1.6187,-1.1165,1.7113,23.6066,32.185,854.9902,25.4749
2026-07-16,57.02,0.9204,4.0131,3.3865,2.9972,22.9925,35.3516,862.8592,26.6297
2026-07-17,57.68,1.1575,4.7204,4.9422,2.6793,21.672,38.1105,872.8467,28.0954
2026-07-20,57.94,0.4508,2.1149,6.7457,6.0666,23.3756,37.8846,876.7811,28.6728
2026-07-21,58.5,0.9665,2.7217,9.5813,6.9945,24.3591,40.3509,885.2554,29.9165
2026-07-22,59.2,1.1966,4.7788,9.508,6.7244,26.0851,43.5163,895.8482,31.471
2026-07-23,59.38,0.3041,4.1389,9.0342,5.7804,23.4851,43.2789,898.5721,31.8708
2026-07-24,59.62,0.4042,3.3634,11.2936,5.3878,23.5786,41.6374,902.2038,32.4038
2026-07-27,58.36,-2.1134,0.7249,7.8943,3.3601,20.2784,37.6609,883.1368,29.6056
2026-07-28,57.57,-1.3537,-1.5897,6.9279,2.1405,18.5779,36.3119,871.1821,27.8511
2026-07-29,58.65,1.876,-0.9291,9.4625,2.3618,19.708,37.3085,887.5253,30.2496
2026-07-30,58.96,0.5286,-0.7073,11.0149,0.6017,19.427,36.6996,892.2164,30.938
2026-07-31,59.55,1.0007,-0.1174,12.7627,0.5523,19.5236,40.0674,901.1446,32.2483
2026-08-03,58.79,-1.2762,0.7368,10.466,0.6185,16.75,39.025,889.6438,30.5605
2026-08-04,58.52,-0.4593,1.6502,10.1449,-0.7543,18.5358,41.0059,885.558,29.9609
2026-08-05,57.31,-2.0677,-2.2847,4.8865,-2.9044,12.4452,38.3976,867.2476,27.2737
2026-08-06,58.16,1.4832,-1.3569,4.6043,2.7709,11.6074,40.2695,880.1103,29.1614
2026-08-07,57.5,-1.1348,-3.4425,4.8887,3.5115,11.6512,39.9709,870.1228,27.6957
2026-08-10,60.18,4.6609,2.3643,9.2593,8.8223,14.5728,47.0676,910.6781,33.6474
2026-08-11,60.93,1.2463,4.1182,7.3846,7.3455,15.1573,47.9537,922.0275,35.313
2026-08-12,61.03,0.1641,6.491,7.1642,6.7746,15.4755,49.3927,923.5408,35.5351
2026-08-13,61.06,0.0492,4.9862,8.0708,6.7159,12.5904,48.7423,923.9948,35.6017
2026-08-14,61.91,1.3921,7.6696,8.5759,7.3816,16.2725,49.0871,936.8574,37.4894
2026-08-17,62.58,1.0822,3.988,8.4951,6.0419,16.7307,50.8414,946.9963,38.9773
2026-08-18,63.68,1.7577,4.5134,9.9068,5.8753,20.1085,53.4929,963.6421,41.4202
2026-08-19,63.58,-0.157,4.1783,8.6838,4.4845,17.6651,54.1708,962.1289,41.1981
2026-08-20,63.75,0.2674,4.4055,7.6858,7.3742,17.1245,54.5285,964.7014,41.5756
2026-08-21,63.64,-0.1725,2.7944,7.1741,8.4034,17.5615,52.9852,963.0368,41.3313
2026-08-24,63.11,-0.8328,0.8469,5.8537,6.8501,16.0117,50.6749,955.0165,40.1543
2026-08-25,62.06,-1.6638,-2.544,6.34,8.0511,14.1851,45.2094,939.1274,37.8225
2026-08-26,62.43,0.5962,-1.8087,8.4419,10.3355,15.3473,45.6949,944.7264,38.6442
2026-08-27,62.29,-0.2243,-2.2902,6.2063,10.1654,14.7123,45.5988,942.6078,38.3333
2026-08-28,62.68,0.6261,-1.5085,6.3094,12.155,13.6347,44.8847,948.5095,39.1994
